Domain,Have_IP,Have_At,URL_Length,URL_Depth,Redirection,https_Domain,TinyURL,Prefix/Suffix,DNS_Record,Web_Traffic,Domain_Age,Domain_End,iFrame,Mouse_Over,Right_Click,Web_Forwards,Label
tobogo.net,0,0,1,2,0,0,0,0,1,0,1,1,1,1,1,1,0
graphicriver.net,0,0,1,1,0,0,0,0,0,1,0,1,1,0,1,0,0
motthegioi.vn,0,0,1,2,0,0,0,0,1,0,1,1,1,0,1,0,0
shop-pro.jp,0,0,1,6,0,0,0,1,0,1,0,0,1,0,1,0,0
nypost.com,0,0,1,4,0,0,1,0,0,1,0,1,0,0,1,0,0
medium.com,0,0,1,2,0,0,0,0,0,1,0,1,1,0,1,0,0
thenextweb.com,0,0,1,6,0,0,0,0,0,1,0,1,0,0,1,1,0
extratorrent.cc,0,0,1,3,0,0,0,0,1,0,1,1,1,1,1,1,0
sfglobe.com,0,0,1,4,0,0,0,0,0,0,0,1,1,1,1,1,0
metro.co.uk,0,0,1,4,0,0,0,0,1,1,1,1,1,0,1,0,0
kienthuc.net.vn,0,0,1,2,0,0,0,0,1,0,1,1,1,0,1,0,0
foursquare.com,0,0,1,3,0,0,0,0,0,1,0,1,1,0,1,0,0
xhamster.com,0,0,1,3,0,0,0,0,0,1,0,1,1,1,1,1,0
tobogo.net,0,0,1,2,0,0,0,0,1,0,1,1,1,1,1,1,0
allegro.pl,0,0,1,2,0,0,0,0,0,1,0,0,1,0,1,0,0
tune.pk,0,0,1,3,0,0,0,0,0,0,0,1,1,1,1,1,0
tobogo.net,0,0,1,2,0,0,0,0,1,0,1,1,1,1,1,1,0
allegro.pl,0,0,1,2,0,0,0,0,0,1,0,0,1,0,1,0,0
kenh14.vn,0,0,1,2,0,0,0,0,1,1,1,1,1,0,1,0,0
maybank2u.com.my,0,0,1,4,0,0,0,0,0,1,0,1,1,1,1,1,0
atwiki.jp,0,0,1,2,0,0,0,0,0,1,0,0,1,0,1,0,0
correios.com.br,0,0,1,3,0,0,0,0,0,1,0,1,0,0,1,0,0
spankbang.com,0,0,1,3,0,0,0,0,0,1,0,0,1,0,1,0,0
twitter.com,0,0,1,1,0,0,0,0,0,1,0,0,1,0,1,0,0
nguyentandung.org,0,0,1,1,0,0,0,0,0,0,0,0,1,1,1,1,0
torcache.net,0,0,1,2,0,0,0,0,0,0,0,1,0,0,1,0,0
plarium.com,0,0,1,5,0,0,0,0,0,1,0,1,1,0,1,0,0
mic.com,0,0,1,3,0,0,0,0,0,1,0,1,1,0,1,0,0
venturebeat.com,0,0,1,4,0,0,1,0,0,1,0,1,1,0,1,0,0
kakaku.com,0,0,1,1,0,0,0,0,0,1,0,1,1,0,1,0,0
olx.co.id,0,0,1,2,0,0,1,0,0,1,1,1,1,1,1,1,0
olx.co.id,0,0,1,2,0,0,1,0,0,1,1,1,1,1,1,1,0
paytm.com,0,0,1,8,0,0,0,0,0,1,0,1,1,0,1,0,0
sourceforge.net,0,0,1,2,0,0,0,0,0,1,0,1,1,0,1,0,0
serverfault.com,0,0,1,3,0,0,1,0,0,1,0,1,1,0,1,0,0
distractify.com,0,0,1,10,0,0,0,0,0,1,0,0,1,0,1,0,0
cookpad.com,0,0,1,1,0,0,0,0,0,1,0,1,1,0,1,0,0
plarium.com,0,0,1,5,0,0,0,0,0,1,0,1,1,0,1,0,0
twitter.com,0,0,1,1,0,0,0,0,0,1,0,0,1,0,1,0,0
babal.net,0,0,1,4,0,0,0,0,0,0,0,1,1,0,1,0,0
pikabu.ru,0,0,1,3,0,0,0,0,0,1,0,1,1,0,1,0,0
wordpress.org,0,0,1,7,0,0,0,0,0,1,0,1,1,0,1,0,0
emgn.com,0,0,1,3,0,0,0,0,1,0,1,1,1,1,1,1,0
extratorrent.cc,0,0,1,3,0,0,0,0,1,0,1,1,1,1,1,1,0
extratorrent.cc,0,0,1,3,0,0,0,0,1,0,1,1,1,1,1,1,0
babal.net,0,0,1,4,0,0,0,0,0,0,0,1,1,0,1,0,0
serverfault.com,0,0,1,3,0,0,1,0,0,1,0,1,1,0,1,0,0
getpocket.com,0,0,1,4,0,0,1,0,0,1,0,0,1,0,1,0,0
nguyentandung.org,0,0,1,1,0,0,0,0,0,0,0,0,1,0,1,0,0
kenh14.vn,0,0,1,2,0,0,0,0,1,1,1,1,1,0,1,0,0
censor.net.ua,0,0,1,3,0,0,0,0,0,0,0,1,1,0,1,0,0
filehippo.com,0,0,1,4,0,0,0,0,0,1,0,0,1,0,1,0,0
distractify.com,0,0,1,10,0,0,0,0,0,1,0,0,1,0,1,0,0
medium.com,0,0,1,2,0,0,0,0,0,1,0,1,1,0,1,0,0
akhbarelyom.com,0,0,1,5,0,0,0,0,0,1,0,1,1,0,1,0,0
allegro.pl,0,0,1,1,0,0,0,0,0,1,0,0,1,0,1,0,0
getpocket.com,0,0,1,1,1,0,1,0,0,1,0,0,1,0,1,0,0
mylust.com,0,0,1,3,0,0,1,0,0,1,0,0,0,0,1,0,0
variety.com,0,0,1,4,0,0,0,0,0,1,0,1,0,0,1,0,0
pornsharing.com,0,0,1,1,0,0,0,0,0,0,0,0,1,0,1,0,0
distractify.com,0,0,1,3,0,0,0,0,0,1,0,0,1,0,1,0,0
twitter.com,0,0,1,1,0,0,0,0,0,1,0,0,1,0,1,0,0
qz.com,0,0,1,2,0,0,0,0,0,1,0,1,1,0,1,0,0
mediaset.it,0,0,1,5,0,0,0,0,0,1,0,0,1,0,1,1,0
interpark.com,0,0,1,2,0,0,0,0,0,1,0,0,1,0,1,0,0
interpark.com,0,0,1,2,0,0,0,0,0,1,0,0,1,0,1,0,0
themeforest.net,0,0,1,4,0,0,0,0,0,1,0,1,1,0,1,0,0
themeforest.net,0,0,1,4,0,0,0,0,0,1,0,1,1,0,1,0,0
thenextweb.com,0,0,1,5,0,0,0,0,0,1,0,1,0,0,1,1,0
maybank2u.com.my,0,0,1,4,0,0,0,0,0,1,0,1,1,1,1,1,0
paytm.com,0,0,1,2,0,0,0,0,0,1,0,1,0,0,1,0,0
torcache.net,0,0,1,2,0,0,0,0,0,0,0,1,0,0,1,0,0
motthegioi.vn,0,0,1,3,0,0,0,0,1,0,1,1,1,0,1,0,0
fanpage.gr,0,0,1,2,0,0,0,0,1,0,1,1,1,0,1,1,0
kienthuc.net.vn,0,0,1,2,0,0,0,0,1,0,1,1,1,0,1,0,0
sourceforge.net,0,0,1,3,0,0,0,0,0,1,0,1,1,0,1,0,0
kienthuc.net.vn,0,0,1,2,0,0,0,0,1,0,1,1,1,0,1,0,0
nymag.com,0,0,1,4,0,0,0,0,0,1,0,0,0,0,1,0,0
ap.org,0,0,1,4,0,0,0,0,0,1,0,1,1,0,1,0,0
extratorrent.cc,0,0,1,3,0,0,0,0,1,0,1,1,1,1,1,1,0
steamcommunity.com,0,0,1,7,1,0,0,0,0,1,0,1,1,0,1,0,0
lastpass.com,0,0,1,9,0,0,0,0,0,1,0,1,1,0,1,0,0
plarium.com,0,0,1,5,0,0,0,0,0,1,0,1,1,0,1,0,0
twitter.com,0,0,1,1,0,0,0,0,0,1,0,0,1,0,1,0,0
lifehacker.com,0,0,1,2,0,0,0,0,0,1,0,1,1,0,1,0,0
themeforest.net,0,0,1,4,0,0,0,0,0,1,0,1,1,0,1,0,0
kenh14.vn,0,0,1,2,0,0,0,0,1,1,1,1,1,0,1,0,0
motthegioi.vn,0,0,1,2,0,0,0,0,1,0,1,1,1,0,1,0,0
tunein.com,0,0,1,5,0,0,0,0,0,1,0,1,0,0,1,1,0
nguyentandung.org,0,0,1,1,0,0,0,0,0,0,0,0,1,1,1,1,0
correios.com.br,0,0,1,5,0,0,0,0,0,1,0,1,1,1,1,1,0
nguyentandung.org,0,0,1,1,0,0,0,0,0,0,0,0,1,1,1,1,0
weathernews.jp,0,0,1,4,0,0,0,0,0,1,0,1,1,0,1,0,0
atwiki.jp,0,0,1,2,0,0,0,0,0,1,0,0,1,0,1,0,0
plarium.com,0,0,1,5,0,0,0,0,0,1,0,1,1,0,1,0,0
babal.net,0,0,1,4,0,0,0,0,0,0,0,1,1,0,1,0,0
motthegioi.vn,0,0,1,2,0,0,0,0,1,0,1,1,1,0,1,0,0
akhbarelyom.com,0,0,1,5,0,0,0,0,0,1,0,1,1,0,1,0,0
yourlust.com,0,0,1,2,0,0,1,0,0,1,0,1,1,1,1,1,0
chaturbate.com,0,0,1,3,0,0,0,0,0,1,0,1,1,1,1,1,0
medium.com,0,0,1,2,0,0,0,0,0,1,0,1,1,0,1,0,0
mic.com,0,0,1,3,0,0,0,0,0,1,0,1,1,0,1,0,0
thenextweb.com,0,0,1,6,0,0,0,0,0,1,0,1,0,0,1,1,0
distractify.com,0,0,1,10,0,0,0,0,0,1,0,0,1,0,1,0,0
jalopnik.com,0,0,1,2,0,0,0,0,0,1,0,1,0,0,1,1,0
torcache.net,0,0,1,2,0,0,0,0,0,0,0,1,0,0,1,0,0
qz.com,0,0,1,2,0,0,0,0,0,1,0,1,1,0,1,0,0
techcrunch.com,0,0,1,4,0,0,0,0,0,1,0,1,1,0,1,0,0
torrentdn.com,0,0,1,2,0,0,0,0,1,0,1,1,1,1,1,1,0
babal.net,0,0,1,3,0,0,0,0,0,0,0,1,1,0,1,0,0
akhbarelyom.com,0,0,1,5,0,0,0,0,0,1,0,1,1,0,1,0,0
paytm.com,0,0,1,2,0,0,0,0,0,1,0,1,0,0,1,0,0
slashdot.org,0,0,1,3,0,0,0,0,0,1,0,1,1,0,1,0,0
metro.co.uk,0,0,1,4,0,0,0,0,1,1,1,1,1,0,1,0,0
torcache.net,0,0,1,2,0,0,0,0,0,0,0,1,1,0,1,0,0
skyrock.com,0,0,1,2,0,0,0,0,0,1,0,1,1,0,1,0,0
censor.net.ua,0,0,1,14,0,0,0,0,0,0,0,1,1,0,1,0,0
thenextweb.com,0,0,1,6,0,0,0,0,0,1,0,1,0,0,1,1,0
arstechnica.com,0,0,1,4,0,0,0,0,0,1,0,1,1,0,1,0,0
putlocker.is,0,0,1,1,0,0,0,0,0,0,0,0,0,0,1,0,0
extratorrent.cc,0,0,1,3,0,0,0,0,1,0,1,1,1,1,1,1,0
searchengineland.com,0,0,1,1,0,0,0,0,0,1,0,1,1,0,1,0,0
mylust.com,0,0,1,3,0,0,1,0,0,1,0,0,0,0,1,0,0
depositphotos.com,0,0,1,1,0,0,0,0,0,1,0,1,1,1,1,1,0
aljazeera.net,0,0,1,4,0,0,0,0,0,1,0,1,1,0,1,0,0
ap.org,0,0,1,4,0,0,0,0,0,1,0,1,1,0,1,0,0
akhbarelyom.com,0,0,1,5,0,0,0,0,0,1,0,1,1,0,1,0,0
kakaku.com,0,0,1,6,0,0,0,0,0,1,0,1,0,0,1,0,0
buzzfil.net,0,0,1,3,0,0,0,0,0,0,0,0,1,1,1,1,0
squarespace.com,0,0,1,5,0,0,0,0,0,1,0,1,0,0,1,1,0
correios.com.br,0,0,1,4,0,0,0,0,0,1,0,1,0,0,1,0,0
twitter.com,0,0,1,1,0,0,0,0,0,1,0,0,1,0,1,0,0
jezebel.com,0,0,1,2,0,0,0,0,0,1,0,1,0,0,1,0,0
fanpage.gr,0,0,1,3,0,0,0,0,1,0,1,1,0,0,1,1,0
extratorrent.cc,0,0,1,3,0,0,0,0,1,0,1,1,1,1,1,1,0
pornsharing.com,0,0,1,1,0,0,0,0,0,0,0,0,1,0,1,0,0
qz.com,0,0,1,2,0,0,0,0,0,1,0,1,1,0,1,0,0
torcache.net,0,0,1,2,0,0,0,0,0,0,0,1,0,0,1,0,0
megogo.net,0,0,1,4,0,0,0,0,0,1,0,1,0,0,1,0,0
seasonvar.ru,0,0,1,1,0,0,0,0,0,1,0,1,1,0,1,0,0
olx.in,0,0,1,3,0,0,0,0,0,1,0,1,1,0,1,0,0
web.tv,0,0,1,8,0,0,0,0,0,0,0,1,1,0,1,0,0
moviepilot.com,0,0,1,5,0,0,1,0,0,0,0,1,1,1,1,1,0
grantland.com,0,0,1,2,0,0,0,0,0,1,0,1,1,0,1,0,0
nguyentandung.org,0,0,1,1,0,0,0,0,0,0,0,0,1,1,1,1,0
slashdot.org,0,0,1,3,0,0,0,0,0,1,0,1,1,0,1,0,0
fanpage.gr,0,0,1,3,0,0,0,0,1,0,1,1,0,0,1,1,0
digg.com,0,0,1,2,0,0,0,0,0,1,0,1,1,0,1,0,0
distractify.com,0,0,1,10,0,0,0,0,0,1,0,0,1,0,1,0,0
kakaku.com,0,0,1,6,0,0,0,0,0,1,0,1,0,0,1,0,0
thenextweb.com,0,0,1,6,0,0,0,0,0,1,0,1,0,0,1,1,0
nesn.com,0,0,1,3,0,0,0,0,0,1,0,1,0,0,1,0,0
gov.uk,0,0,1,3,0,0,0,0,1,0,1,1,1,0,1,0,0
sourceforge.net,0,0,1,3,0,0,0,0,0,1,0,1,1,0,1,0,0
babal.net,0,0,1,3,0,0,0,0,0,0,0,1,1,0,1,0,0
olx.co.id,0,0,1,7,0,0,1,0,0,1,1,1,1,1,1,1,0
myspace.com,0,0,1,5,0,0,0,0,0,1,0,1,0,0,1,0,0
twitter.com,0,0,1,1,0,0,0,0,0,1,0,0,1,0,1,0,0
olx.in,0,0,1,3,0,0,0,0,0,1,0,1,1,1,1,1,0
olx.ro,0,0,1,7,0,0,0,0,0,1,1,1,1,0,1,0,0
iconosquare.com,0,0,1,3,0,0,0,0,0,1,0,0,0,0,1,0,0
correios.com.br,0,0,1,4,0,0,0,0,0,1,0,1,0,0,1,0,0
otomoto.pl,0,0,1,3,0,0,0,0,0,1,0,1,1,0,1,0,0
squarespace.com,0,0,1,5,0,0,0,0,0,1,0,1,0,0,1,1,0
prezi.com,0,0,1,4,0,0,0,0,0,1,0,1,1,0,1,0,0
olx.in,0,0,1,3,0,0,0,0,0,1,0,1,1,1,1,1,0
distractify.com,0,0,1,10,0,0,0,0,0,1,0,0,1,0,1,0,0
thenextweb.com,0,0,1,6,0,0,0,0,0,1,0,1,0,0,1,1,0
kenh14.vn,0,0,1,2,0,0,0,0,1,1,1,1,0,0,1,0,0
distractify.com,0,0,1,10,0,0,0,0,0,1,0,0,1,0,1,0,0
twitter.com,0,0,1,1,0,0,0,0,0,1,0,0,1,0,1,0,0
mashable.com,0,0,1,6,0,0,0,0,0,1,0,1,0,0,1,0,0
xhamster.com,0,0,1,3,0,0,0,0,0,1,0,1,1,1,1,1,0
olx.ro,0,0,1,6,0,0,0,0,0,1,1,1,1,0,1,0,0
yourlust.com,0,0,1,2,0,0,1,0,0,1,0,1,1,1,1,1,0
atwiki.jp,0,0,1,2,0,0,0,0,0,1,0,0,1,0,1,0,0
distractify.com,0,0,1,10,0,0,0,0,0,1,0,0,1,0,1,0,0
torcache.net,0,0,1,2,0,0,0,0,0,0,0,1,0,0,1,0,0
bestblackhatforum.com,0,0,1,1,0,0,0,0,0,0,0,1,1,0,1,0,0
quizlet.com,0,0,1,1,0,0,1,0,0,1,0,1,1,0,1,0,0
deadspin.com,0,0,1,2,0,0,0,0,0,1,0,1,0,0,1,0,0
espn.go.com,0,0,1,6,0,0,0,0,0,1,0,0,1,0,1,0,0
xhamster.com,0,0,1,3,0,0,0,0,0,1,0,1,1,1,1,1,0
katproxy.com,0,0,1,1,0,0,0,0,0,0,0,0,0,0,1,0,0
cheezburger.com,0,0,1,2,0,0,0,0,0,1,0,0,1,0,1,0,0
interpark.com,0,0,1,2,0,0,0,0,0,1,0,0,1,0,1,0,0
depositphotos.com,0,0,1,2,0,0,0,0,0,1,0,1,1,1,1,1,0
elitedaily.com,0,0,1,3,0,0,0,0,0,1,0,1,1,0,1,1,0
venturebeat.com,0,0,1,4,0,0,1,0,0,1,0,1,1,0,1,0,0
atwiki.jp,0,0,1,2,0,0,0,0,0,1,0,0,1,0,1,0,0
olx.in,0,0,1,4,0,0,0,0,0,1,0,1,1,1,1,1,0
distractify.com,0,0,1,10,0,0,0,0,0,1,0,0,1,0,1,0,0
codecanyon.net,0,0,1,4,0,0,0,0,0,1,0,1,1,0,1,0,0
torcache.net,0,0,1,2,0,0,0,0,0,0,0,1,0,0,1,0,0
medium.com,0,1,1,2,0,0,0,0,0,1,0,1,1,0,1,0,0
nypost.com,0,0,1,4,0,0,1,0,0,1,0,1,0,0,1,0,0
screencast.com,0,0,1,1,0,0,1,0,0,1,0,1,1,0,1,1,0
twitter.com,0,0,1,1,0,0,0,0,0,1,0,0,1,0,1,0,0
correios.com.br,0,1,1,8,0,0,0,0,0,1,0,1,0,0,1,0,0
emgn.com,0,0,1,2,0,0,0,0,1,0,1,1,1,1,1,1,0
torcache.net,0,0,1,2,0,0,0,0,0,0,0,1,0,0,1,0,0
censor.net.ua,0,0,1,14,0,0,0,0,0,0,0,1,1,0,1,0,0
distractify.com,0,0,1,10,0,0,0,0,0,1,0,0,1,0,1,0,0
distractify.com,0,0,1,10,0,0,0,0,0,1,0,0,1,0,1,0,0
mic.com,0,0,1,3,0,0,0,0,0,1,0,1,1,0,1,0,0
udn.com,0,0,1,4,0,0,0,0,0,1,0,1,0,0,1,0,0
tobogo.net,0,0,1,2,0,0,0,0,1,0,1,1,1,1,1,1,0
hollywoodlife.com,0,0,1,4,0,0,0,0,0,1,0,1,1,0,1,0,0
olx.in,0,0,1,2,0,0,0,0,0,1,0,1,1,1,1,1,0
indianexpress.com,0,0,1,4,0,0,0,0,0,1,0,1,1,0,1,0,0
ringring.vn,0,0,1,1,0,0,0,0,1,0,1,1,1,0,1,0,0
dantri.com.vn,0,0,1,2,0,0,0,0,1,1,1,1,0,0,1,0,0
torcache.net,0,0,1,2,0,0,0,0,0,0,0,1,0,0,1,0,0
mylust.com,0,0,1,3,0,0,1,0,0,1,0,0,0,0,1,0,0
techcrunch.com,0,0,1,4,0,0,0,0,0,1,0,1,0,0,1,0,0
nguyentandung.org,0,0,1,1,0,0,0,0,0,0,0,0,1,0,1,0,0
buzzfil.net,0,0,1,4,0,0,0,0,0,0,0,0,1,1,1,1,0
babal.net,0,0,1,4,0,0,0,0,0,0,0,1,1,0,1,0,0
atwiki.jp,0,0,1,2,0,0,0,0,0,1,0,0,1,0,1,0,0
wikiwiki.jp,0,0,1,1,0,0,0,0,0,1,0,1,0,0,1,1,0
extratorrent.cc,0,0,1,3,0,0,0,0,1,0,1,1,1,1,1,1,0
thenextweb.com,0,0,1,7,0,0,0,0,0,1,0,1,0,0,1,1,0
pikabu.ru,0,0,1,3,0,0,0,0,0,1,0,1,1,0,1,0,0
otomoto.pl,0,0,1,3,0,0,0,0,0,1,0,1,1,0,1,0,0
elitedaily.com,0,0,1,4,0,0,0,0,0,1,0,1,1,0,1,1,0
fazenda.gov.br,0,0,1,3,0,0,0,0,1,1,1,1,1,1,1,1,0
nguyentandung.org,0,0,1,1,0,0,0,0,0,0,0,0,1,1,1,1,0
bdnews24.com,0,0,1,5,0,0,0,0,0,1,0,1,1,0,1,0,0
persianblog.ir,0,0,1,4,0,0,0,0,1,0,1,1,1,1,1,1,0
extratorrent.cc,0,0,1,3,0,0,0,0,1,0,1,1,1,1,1,1,0
motthegioi.vn,0,0,1,3,0,0,0,0,1,0,1,1,1,0,1,0,0
babal.net,0,0,1,4,0,0,0,0,0,0,0,1,1,0,1,0,0
twitter.com,0,0,1,1,0,0,0,0,0,1,0,0,1,0,1,0,0
olx.ro,0,0,1,7,0,0,0,0,0,1,1,1,1,0,1,0,0
extratorrent.cc,0,0,1,3,0,0,0,0,1,0,1,1,1,1,1,1,0
grantland.com,0,0,1,2,0,0,0,0,0,1,0,1,1,0,1,0,0
torcache.net,0,0,1,2,0,0,0,0,0,0,0,1,0,0,1,0,0
tinnhanh360.net,0,0,1,1,0,0,0,0,0,0,0,0,1,0,1,0,0
twitter.com,0,0,1,1,0,0,0,0,0,1,0,0,1,0,1,0,0
emgn.com,0,0,1,2,0,0,0,0,1,0,1,1,1,1,1,1,0
katproxy.com,0,0,1,1,0,0,0,0,0,0,0,0,1,0,1,0,0
distractify.com,0,0,1,10,0,0,0,0,0,1,0,0,1,0,1,0,0
pikabu.ru,0,0,1,3,0,0,0,0,0,1,0,1,1,0,1,0,0
1337x.to,0,0,1,3,0,0,0,0,0,1,0,1,1,1,1,1,0
kenh14.vn,0,0,1,2,0,0,0,0,1,1,1,1,1,0,1,0,0
persianblog.ir,0,0,1,3,0,0,0,0,1,0,1,1,1,1,1,1,0
aljazeera.net,0,0,1,6,0,0,0,0,0,1,0,1,1,0,1,1,0
thenextweb.com,0,0,1,6,0,0,0,0,0,1,0,1,0,0,1,1,0
metro.co.uk,0,0,1,4,0,0,0,0,1,1,1,1,1,0,1,0,0
udn.com,0,0,1,4,0,0,0,0,0,1,0,1,0,0,1,0,0
torcache.net,0,0,1,2,0,0,0,0,0,0,0,1,0,0,1,0,0
distractify.com,0,0,1,10,0,0,0,0,0,1,0,0,1,0,1,0,0
momoshop.com.tw,0,0,1,2,0,0,0,0,0,1,0,1,1,0,1,0,0
mylust.com,0,0,1,3,0,0,1,0,0,1,0,0,0,0,1,0,0
plarium.com,0,0,1,5,0,0,0,0,0,1,0,1,1,0,1,0,0
prezi.com,0,0,1,4,0,0,0,0,0,1,0,1,1,0,1,0,0
stackoverflow.com,0,0,1,3,0,0,0,0,0,1,0,0,1,0,1,0,0
depositphotos.com,0,0,1,1,0,0,0,0,0,1,0,1,1,1,1,1,0
smallseotools.com,0,0,1,2,0,0,0,0,0,1,0,1,1,0,1,0,0
torcache.net,0,0,1,2,0,0,0,0,0,0,0,1,0,0,1,0,0
xvideo-jp.com,0,0,1,3,0,0,0,1,0,1,0,1,0,0,1,0,0
babal.net,0,0,1,4,0,0,0,0,0,0,0,1,1,0,1,0,0
kakaku.com,0,0,1,6,0,0,0,0,0,1,0,1,0,0,1,0,0
twitter.com,0,0,1,1,0,0,0,0,0,1,0,0,1,0,1,0,0
nguyentandung.org,0,0,1,1,0,0,0,0,0,0,0,0,1,1,1,1,0
serverfault.com,0,0,1,3,0,0,1,0,0,1,0,1,1,0,1,0,0
serverfault.com,0,0,1,3,0,0,1,0,0,1,0,1,1,0,1,0,0
seesaawiki.jp,0,0,1,3,0,0,0,0,0,1,0,0,1,0,1,0,0
mashable.com,0,0,1,6,0,0,0,0,0,1,0,1,0,0,1,0,0
medium.com,0,0,1,2,0,0,0,0,0,1,0,1,1,0,1,0,0
otomoto.pl,0,0,1,5,0,0,0,0,0,1,0,1,1,0,1,0,0
medium.com,0,1,1,2,0,0,0,0,0,1,0,1,1,0,1,0,0
atwiki.jp,0,0,1,2,0,0,0,0,0,1,0,0,1,0,1,0,0
medium.com,0,1,1,2,0,0,0,0,0,1,0,1,1,0,1,0,0
olx.ua,0,0,1,4,0,0,0,0,0,1,0,0,1,0,1,0,0
techcrunch.com,0,0,1,4,0,0,0,0,0,1,0,1,1,0,1,0,0
haberler.com,0,0,1,2,0,0,0,0,0,1,0,1,1,0,1,1,0
variety.com,0,0,1,4,0,0,0,0,0,1,0,1,0,0,1,0,0
web.de,0,0,1,6,0,0,0,0,0,1,1,1,1,1,1,1,0
buzzfil.net,0,0,1,3,0,0,0,0,0,0,0,0,1,1,1,1,0
torcache.net,0,0,1,2,0,0,0,0,0,0,0,1,0,0,1,0,0
dantri.com.vn,0,0,1,2,0,0,0,0,1,1,1,1,0,0,1,0,0
sourceforge.net,0,0,1,3,0,0,0,0,0,1,0,1,1,0,1,0,0
grantland.com,0,0,1,2,0,0,0,0,0,1,0,1,0,0,1,0,0
worldoftanks.ru,0,0,1,5,0,0,0,0,0,0,0,1,0,0,1,0,0
kickass.to,0,0,1,1,0,0,0,0,0,0,0,1,1,1,1,1,0
olx.co.id,0,0,1,7,0,0,1,0,0,1,1,1,1,1,1,1,0
yourlust.com,0,0,1,2,0,0,1,0,0,1,0,1,1,1,1,1,0
tinnhanh360.net,0,0,1,1,0,0,0,0,0,0,0,0,1,0,1,0,0
slashdot.org,0,0,1,3,0,0,0,0,0,1,0,1,1,0,1,0,0
perezhilton.com,0,0,1,2,0,0,0,0,0,1,0,0,1,0,1,0,0
torcache.net,0,0,1,2,0,0,0,0,0,0,0,1,0,0,1,0,0
ecnavi.jp,0,0,1,1,1,0,0,0,0,1,0,0,0,0,1,0,0
askubuntu.com,0,0,1,3,0,0,0,0,0,1,0,0,1,0,1,0,0
twitter.com,0,0,1,1,0,0,0,0,0,1,0,0,1,0,1,0,0
emgn.com,0,0,1,2,0,0,0,0,1,0,1,1,1,1,1,1,0
emgn.com,0,0,1,2,0,0,0,0,1,0,1,1,1,1,1,1,0
correios.com.br,0,0,1,3,0,0,0,0,0,1,0,1,0,0,1,0,0
searchengineland.com,0,0,1,1,0,0,0,0,0,1,0,1,1,0,1,0,0
kotaku.com,0,0,1,1,0,0,0,0,0,1,0,0,1,0,1,0,0
hollywoodlife.com,0,0,1,4,0,0,0,0,0,1,0,1,1,0,1,0,0
babal.net,0,0,1,4,0,0,0,0,0,0,0,1,1,0,1,0,0
syosetu.com,0,0,1,3,0,0,0,0,0,1,0,1,1,0,1,0,0
telegraf.com.ua,0,0,1,3,0,0,0,0,0,1,0,1,0,0,1,0,0
correios.com.br,0,0,1,6,0,0,0,0,0,1,0,1,0,0,1,0,0
censor.net.ua,0,0,1,14,0,0,0,0,0,0,0,1,1,0,1,0,0
indianexpress.com,0,0,1,4,0,0,0,0,0,1,0,1,1,0,1,0,0
superuser.com,0,0,1,3,0,0,0,0,0,1,0,0,1,0,1,0,0
lifehacker.com,0,0,1,2,0,0,0,0,0,1,0,1,1,0,1,0,0
qz.com,0,0,1,2,0,0,0,0,0,1,0,1,1,0,1,0,0
katproxy.com,0,0,1,1,0,0,0,0,0,0,0,0,0,0,1,0,0
plarium.com,0,0,1,5,0,0,0,0,0,1,0,1,1,0,1,0,0
metro.co.uk,0,0,1,4,0,0,0,0,1,1,1,1,1,0,1,0,0
indianexpress.com,0,0,1,4,0,0,0,0,0,1,0,1,0,0,1,0,0
variety.com,0,0,1,8,0,0,0,0,0,1,0,1,0,0,1,0,0
extratorrent.cc,0,0,1,3,0,0,0,0,1,0,1,1,1,1,1,1,0
interpark.com,0,0,1,2,0,0,0,0,0,1,0,0,1,0,1,0,0
motthegioi.vn,0,0,1,2,0,0,0,0,1,0,1,1,1,0,1,0,0
tobogo.net,0,0,1,2,0,0,0,0,1,0,1,1,1,1,1,1,0
themeforest.net,0,0,1,4,0,0,0,0,0,1,0,1,1,0,1,0,0
distractify.com,0,0,1,10,0,0,0,0,0,1,0,0,1,0,1,0,0
atwiki.jp,0,0,1,2,0,0,0,0,0,1,0,0,1,0,1,0,0
venturebeat.com,0,0,1,4,0,0,1,0,0,1,0,1,1,0,1,0,0
sberbank.ru,0,0,1,9,0,0,0,0,0,1,0,1,1,0,1,0,0
gizmodo.com,0,0,1,1,0,0,0,0,0,1,0,1,1,0,1,0,0
momoshop.com.tw,0,0,1,2,0,0,0,0,0,1,0,1,1,0,1,0,0
babal.net,0,0,1,4,0,0,0,0,0,0,0,1,1,0,1,0,0
hdfcbank.com,0,0,1,5,0,0,0,0,0,1,0,1,1,1,1,1,0
xhamster.com,0,0,1,3,0,0,0,0,0,1,0,1,1,1,1,1,0
olx.pl,0,0,1,7,0,0,0,0,0,1,0,0,1,0,1,0,0
web.de,0,0,1,4,0,0,0,0,0,1,1,1,1,1,1,1,0
bleacherreport.com,0,0,1,2,0,0,1,0,0,1,0,1,1,0,1,0,0
otomoto.pl,0,0,1,7,0,0,0,0,0,1,0,1,1,0,1,0,0
tunein.com,0,0,1,5,0,0,0,0,0,1,0,1,0,0,1,1,0
torcache.net,0,0,1,2,0,0,0,0,0,0,0,1,1,0,1,0,0
sourceforge.net,0,0,1,3,0,0,0,0,0,1,0,1,1,0,1,0,0
web.de,0,0,1,2,0,0,0,0,0,1,1,1,1,1,1,1,0
thenextweb.com,0,0,1,7,0,0,0,0,0,1,0,1,0,0,1,1,0
censor.net.ua,0,0,1,3,0,0,0,0,0,0,0,1,1,0,1,0,0
olx.pl,0,0,1,7,0,0,0,0,0,1,0,0,1,0,1,0,0
extratorrent.cc,0,0,1,3,0,0,0,0,1,0,1,1,1,1,1,1,0
kenh14.vn,0,0,1,2,0,0,0,0,1,1,1,1,0,0,1,0,0
grantland.com,0,0,1,2,0,0,0,0,0,1,0,1,0,0,1,0,0
hdfcbank.com,0,0,1,5,0,0,0,0,0,1,0,1,1,1,1,1,0
allegro.pl,0,0,1,2,0,0,0,0,0,1,0,0,1,0,1,0,0
fazenda.gov.br,0,0,1,3,0,0,0,0,1,1,1,1,1,1,1,1,0
digg.com,0,0,1,2,0,0,0,0,0,1,0,1,1,0,1,0,0
extratorrent.cc,0,0,1,3,0,0,0,0,1,0,1,1,1,1,1,1,0
tobogo.net,0,0,1,2,0,0,0,0,1,0,1,1,1,1,1,1,0
kickass.to,0,0,1,1,0,0,0,0,0,0,0,1,1,1,1,1,0
babal.net,0,0,1,4,0,0,0,0,0,0,0,1,1,0,1,0,0
slashdot.org,0,0,1,3,0,0,0,0,0,1,0,1,1,0,1,0,0
censor.net.ua,0,0,1,3,0,0,0,0,0,0,0,1,1,0,1,0,0
caixa.gov.br,0,0,1,4,0,0,0,0,0,1,1,1,1,0,1,1,0
tune.pk,0,0,1,3,0,0,0,0,0,0,0,1,1,1,1,1,0
metro.co.uk,0,0,1,4,0,0,0,0,1,1,1,1,1,0,1,0,0
torrentdn.com,0,0,1,2,0,0,0,0,1,0,1,1,1,1,1,1,0
distractify.com,0,0,1,10,0,0,0,0,0,1,0,0,1,0,1,0,0
mic.com,0,0,1,3,0,0,0,0,0,1,0,1,1,0,1,0,0
otomoto.pl,0,0,1,2,0,0,0,0,0,1,0,1,1,0,1,0,0
thenextweb.com,0,0,1,6,0,0,0,0,0,1,0,1,0,0,1,1,0
buzzfil.net,0,0,1,4,0,0,0,0,0,0,0,0,1,1,1,1,0
mangafox.me,0,0,1,5,0,0,0,0,0,0,0,0,1,0,1,0,0
thenextweb.com,0,0,1,6,0,0,0,0,0,1,0,1,0,0,1,1,0
babal.net,0,0,1,4,0,0,0,0,0,0,0,1,1,0,1,0,0
thechive.com,0,0,1,4,0,0,0,0,0,1,0,0,1,0,1,0,0
web.de,0,0,1,3,0,0,0,0,0,1,1,1,1,1,1,1,0
babal.net,0,0,1,3,0,0,0,0,0,0,0,1,1,0,1,0,0
doodle.com,0,0,1,2,0,0,0,0,0,1,0,0,1,0,1,0,0
otomoto.pl,0,0,1,4,0,0,0,0,0,1,0,1,1,0,1,0,0
codecanyon.net,0,0,1,4,0,0,0,0,0,1,0,1,1,0,1,0,0
motthegioi.vn,0,0,1,2,0,0,0,0,1,0,1,1,1,0,1,0,0
jalopnik.com,0,0,1,2,0,0,0,0,0,1,0,1,0,0,1,0,0
sourceforge.net,0,0,1,2,0,0,0,0,0,1,0,1,1,0,1,0,0
mylust.com,0,0,1,3,0,0,1,0,0,1,0,0,1,1,1,1,0
udn.com,0,0,1,4,0,0,0,0,0,1,0,1,0,0,1,0,0
olx.in,0,0,1,3,0,0,0,0,0,1,0,1,1,1,1,1,0
indianexpress.com,0,0,1,4,0,0,0,0,0,1,0,1,1,0,1,0,0
wikimapia.org,0,0,1,3,0,0,0,0,0,1,0,0,1,0,1,0,0
tobogo.net,0,0,1,2,0,0,0,0,1,0,1,1,1,1,1,1,0
nesn.com,0,0,1,3,0,0,0,0,0,1,0,1,0,0,1,0,0
slashdot.org,0,0,1,3,0,0,0,0,0,1,0,1,1,0,1,0,0
tobogo.net,0,0,1,2,0,0,0,0,1,0,1,1,1,1,1,1,0
diply.com,0,0,1,4,0,0,0,0,0,0,0,1,1,0,1,0,0
sourceforge.net,0,0,1,3,0,0,0,0,0,1,0,1,1,0,1,0,0
thechive.com,0,0,1,4,0,0,0,0,0,1,0,0,1,0,1,0,0
themeforest.net,0,0,1,4,0,0,0,0,0,1,0,1,1,0,1,0,0
twitter.com,0,0,1,1,0,0,0,0,0,1,0,0,1,0,1,0,0
olx.co.id,0,0,1,2,0,0,1,0,0,1,1,1,1,1,1,1,0
nesn.com,0,0,1,3,0,0,0,0,0,1,0,1,0,0,1,0,0
bdnews24.com,0,0,1,5,0,0,0,0,0,1,0,1,1,0,1,0,0
depositphotos.com,0,0,1,1,0,0,0,0,0,1,0,1,1,1,1,1,0
twitter.com,0,0,1,1,0,0,0,0,0,1,0,0,1,0,1,0,0
nesn.com,0,0,1,3,0,0,0,0,0,1,0,1,0,0,1,0,0
dantri.com.vn,0,0,1,2,0,0,0,0,1,1,1,1,0,0,1,0,0
serverfault.com,0,0,1,3,0,0,1,0,0,1,0,1,1,0,1,0,0
twitter.com,0,0,1,1,0,0,0,0,0,1,0,0,1,0,1,0,0
gawker.com,0,0,1,2,0,0,0,0,0,1,0,1,1,0,1,0,0
evernote.com,0,0,1,3,0,0,0,0,0,1,0,1,1,0,1,0,0
arstechnica.com,0,0,1,4,0,0,0,0,0,1,0,1,1,0,1,0,0
medium.com,0,0,1,2,0,0,0,0,0,1,0,1,1,0,1,0,0
ecnavi.jp,0,0,1,1,1,0,0,0,0,1,0,0,0,0,1,0,0
motthegioi.vn,0,0,1,3,0,0,0,0,1,0,1,1,1,0,1,0,0
extratorrent.cc,0,0,1,3,0,0,0,0,1,0,1,1,1,1,1,1,0
babal.net,0,0,1,3,0,0,0,0,0,0,0,1,1,0,1,0,0
thenextweb.com,0,0,1,6,0,0,0,0,0,1,0,1,0,0,1,1,0
olx.in,0,0,1,2,0,0,0,0,0,1,0,1,1,1,1,1,0
nguyentandung.org,0,0,1,1,0,0,0,0,0,0,0,0,1,1,1,1,0
babal.net,0,0,1,4,0,0,0,0,0,0,0,1,1,0,1,0,0
cheezburger.com,0,0,1,2,0,0,0,0,0,1,0,0,1,0,1,0,0
tinnhanh360.net,0,0,1,1,0,0,0,0,0,0,0,0,1,0,1,0,0
gawker.com,0,0,1,2,0,0,0,0,0,1,0,1,1,0,1,0,0
correios.com.br,0,0,1,4,0,0,0,0,0,1,0,1,0,0,1,0,0
gtbank.com,0,0,1,5,0,0,0,0,0,1,0,1,1,0,1,0,0
tinnhanh360.net,0,0,1,1,0,0,0,0,0,0,0,0,1,0,1,0,0
sourceforge.net,0,0,1,3,0,0,0,0,0,1,0,1,1,0,1,0,0
io9.com,0,0,1,2,0,0,0,0,0,1,0,0,1,0,1,1,0
allrecipes.com,0,0,1,3,0,0,0,0,0,1,0,1,1,0,1,0,0
tobogo.net,0,0,1,2,0,0,0,0,1,0,1,1,1,1,1,1,0
olx.co.id,0,0,1,5,0,0,1,0,0,1,1,1,1,1,1,1,0
eksisozluk.com,0,0,1,1,0,0,0,0,0,1,0,1,1,0,1,0,0
rt.com,0,0,1,3,0,0,1,0,0,1,0,0,0,0,1,1,0
genius.com,0,0,1,3,0,0,0,0,0,1,0,1,1,0,1,0,0
icicibank.com,0,0,1,3,0,0,0,0,0,1,0,1,1,1,1,1,0
twitter.com,0,0,1,1,0,0,0,0,0,1,0,0,1,0,1,0,0
atwiki.jp,0,0,1,2,0,0,0,0,0,1,0,0,1,0,1,0,0
techcrunch.com,0,0,1,3,0,0,0,0,0,1,0,1,0,0,1,0,0
189.cn,0,0,1,3,0,0,0,0,0,1,0,1,1,1,1,1,0
getpocket.com,0,0,1,1,1,0,1,0,0,1,0,0,1,0,1,0,0
metro.co.uk,0,0,1,4,0,0,0,0,1,1,1,1,0,0,1,0,0
genius.com,0,0,1,3,0,0,0,0,0,1,0,1,1,0,1,0,0
tinnhanh360.net,0,0,1,1,0,0,0,0,0,0,0,0,1,0,1,0,0
iconosquare.com,0,0,1,3,0,0,0,0,0,1,0,0,0,0,1,0,0
kenh14.vn,0,0,1,2,0,0,0,0,1,1,1,1,1,0,1,0,0
maybank2u.com.my,0,0,1,4,0,0,0,0,0,1,0,1,1,1,1,1,0
indianexpress.com,0,0,1,4,0,0,0,0,0,1,0,1,1,0,1,0,0
motthegioi.vn,0,0,1,3,0,0,0,0,1,0,1,1,1,0,1,0,0
dantri.com.vn,0,0,1,2,0,0,0,0,1,1,1,1,0,0,1,0,0
motthegioi.vn,0,0,1,3,0,0,0,0,1,0,1,1,1,0,1,0,0
babal.net,0,0,1,4,0,0,0,0,0,0,0,1,1,0,1,0,0
sourceforge.net,0,0,1,3,0,0,0,0,0,1,0,1,1,0,1,0,0
metro.co.uk,0,0,1,4,0,0,0,0,1,1,1,1,1,0,1,0,0
uproxx.com,0,0,1,4,0,0,1,0,0,1,0,1,1,0,1,0,0
elitedaily.com,0,0,1,4,0,0,0,0,0,1,0,1,1,0,1,1,0
500px.com,0,0,1,3,0,0,1,0,0,1,0,1,1,0,1,0,0
elcomercio.pe,0,0,1,3,0,0,0,0,0,1,1,1,0,0,1,0,0
twitter.com,0,0,1,1,0,0,0,0,0,1,0,0,1,0,1,0,0
nih.gov,0,0,1,2,0,0,0,0,0,1,0,1,1,1,1,1,0
allegro.pl,0,0,1,1,0,0,0,0,0,1,0,0,1,0,1,0,0
nguyentandung.org,0,0,1,1,0,0,0,0,0,0,0,0,1,0,1,0,0
ap.org,0,0,1,4,0,0,0,0,0,1,0,1,1,0,1,0,0
moviepilot.com,0,0,1,5,0,0,1,0,0,0,0,1,1,1,1,1,0
olx.co.id,0,0,1,7,0,0,1,0,0,1,1,1,1,1,1,1,0
mic.com,0,0,1,3,0,0,0,0,0,1,0,1,1,0,1,0,0
evernote.com,0,0,1,3,0,0,0,0,0,1,0,1,1,0,1,0,0
mic.com,0,0,1,3,0,0,0,0,0,1,0,1,1,0,1,0,0
megogo.net,0,0,1,4,0,0,0,0,0,1,0,1,0,0,1,0,0
twitter.com,0,0,1,1,0,0,0,0,0,1,0,0,1,0,1,0,0
gov.uk,0,0,1,3,0,0,0,0,1,0,1,1,1,0,1,0,0
500px.com,0,0,1,3,0,0,1,0,0,1,0,1,1,0,1,0,0
twitter.com,0,0,1,1,0,0,0,0,0,1,0,0,1,0,1,0,0
ecnavi.jp,0,0,1,1,1,0,0,0,0,1,0,0,0,0,1,0,0
mentalfloss.com,0,0,1,1,0,0,0,0,0,1,0,1,1,0,1,0,0
sourceforge.net,0,0,1,3,0,0,0,0,0,1,0,1,1,0,1,0,0
kizi.com,0,0,1,2,0,0,0,0,0,0,0,1,1,0,1,0,0
extratorrent.cc,0,0,1,3,0,0,0,0,1,0,1,1,1,1,1,1,0
kenh14.vn,0,0,1,2,0,0,0,0,1,1,1,1,1,0,1,0,0
thenextweb.com,0,0,1,6,0,0,0,0,0,1,0,1,0,0,1,1,0
olx.in,0,0,1,3,0,0,0,0,0,1,0,1,1,1,1,1,0
depositphotos.com,0,0,1,1,0,0,0,0,0,1,0,1,1,1,1,1,0
jezebel.com,0,0,1,2,0,0,0,0,0,1,0,1,0,0,1,0,0
torcache.net,0,0,1,2,0,0,0,0,0,0,0,1,1,0,1,0,0
rocketnews24.com,0,0,1,2,0,0,0,0,0,1,0,1,0,0,1,0,0
mylust.com,0,0,1,3,0,0,1,0,0,1,0,0,0,0,1,0,0
interpark.com,0,0,1,2,0,0,0,0,0,1,0,0,1,0,1,0,0
correios.com.br,0,0,1,4,0,0,0,0,0,1,0,1,0,0,1,0,0
thenextweb.com,0,0,1,6,0,0,0,0,0,1,0,1,0,0,1,1,0
extratorrent.cc,0,0,1,3,0,0,0,0,1,0,1,1,1,1,1,1,0
extratorrent.cc,0,0,1,3,0,0,0,0,1,0,1,1,1,1,1,1,0
udn.com,0,0,1,4,0,0,0,0,0,1,0,1,0,0,1,0,0
mylust.com,0,0,1,3,0,0,1,0,0,1,0,0,0,0,1,0,0
nhs.uk,0,0,1,5,0,0,0,0,1,0,1,1,1,0,1,0,0
olx.ua,0,0,1,2,0,0,0,0,0,1,0,0,1,0,1,0,0
cheezburger.com,0,0,1,2,0,0,0,0,0,1,0,0,1,0,1,0,0
jalopnik.com,0,0,1,2,0,0,0,0,0,1,0,1,0,0,1,1,0
kakaku.com,0,0,1,6,0,0,0,0,0,1,0,1,0,0,1,0,0
nesn.com,0,0,1,3,0,0,0,0,0,1,0,1,0,0,1,0,0
superuser.com,0,0,1,3,0,0,0,0,0,1,0,0,1,0,1,0,0
babal.net,0,0,1,4,0,0,0,0,0,0,0,1,1,0,1,0,0
metro.co.uk,0,0,1,4,0,0,0,0,1,1,1,1,1,0,1,0,0
nguyentandung.org,0,0,1,1,0,0,0,0,0,0,0,0,1,1,1,1,0
correios.com.br,0,0,1,4,0,0,0,0,0,1,0,1,0,0,1,0,0
hubpages.com,0,0,1,5,0,0,0,0,0,1,0,1,1,0,1,0,0
esporte.uol.com.br,0,0,1,9,0,0,0,0,0,0,0,1,1,1,1,1,0
mashable.com,0,0,1,6,0,0,0,0,0,1,0,1,0,0,1,0,0
ap.org,0,0,1,4,0,0,0,0,0,1,0,1,1,0,1,0,0
correios.com.br,0,0,1,5,0,0,0,0,0,1,0,1,0,0,1,0,0
rocketnews24.com,0,0,1,4,0,0,0,0,0,1,0,1,0,0,1,0,0
twitter.com,0,0,1,1,0,0,0,0,0,1,0,0,1,0,1,0,0
persianblog.ir,0,0,1,3,0,0,0,0,1,0,1,1,1,1,1,1,0
ink361.com,0,0,1,6,0,0,0,0,0,0,0,0,1,0,1,0,0
ifttt.com,0,0,1,2,0,0,1,0,0,1,0,1,0,0,1,0,0
gov.uk,0,0,1,3,0,0,0,0,1,0,1,1,1,0,1,0,0
thenextweb.com,0,0,1,6,0,0,0,0,0,1,0,1,0,0,1,1,0
torcache.net,0,0,1,2,0,0,0,0,0,0,0,1,0,0,1,0,0
extratorrent.cc,0,0,1,3,0,0,0,0,1,0,1,1,1,1,1,1,0
extratorrent.cc,0,0,1,3,0,0,0,0,1,0,1,1,1,1,1,1,0
hollywoodlife.com,0,0,1,4,0,0,0,0,0,1,0,1,1,0,1,0,0
variety.com,0,0,1,4,0,0,0,0,0,1,0,1,0,0,1,0,0
gizmodo.com,0,0,1,2,0,0,0,0,0,1,0,1,0,0,1,1,0
olx.pl,0,0,1,7,0,0,0,0,0,1,0,0,1,0,1,0,0
techcrunch.com,0,0,1,4,0,0,0,0,0,1,0,1,0,0,1,0,0
sfglobe.com,0,0,1,4,0,0,0,0,0,0,0,1,1,1,1,1,0
motthegioi.vn,0,0,1,3,0,0,0,0,1,0,1,1,1,0,1,0,0
bdnews24.com,0,0,1,5,0,0,0,0,0,1,0,1,1,0,1,0,0
extratorrent.cc,0,0,1,3,0,0,0,0,1,0,1,1,1,1,1,1,0
elitedaily.com,0,0,1,3,0,0,0,0,0,1,0,1,1,0,1,1,0
tobogo.net,0,0,1,2,0,0,0,0,1,0,1,1,1,1,1,1,0
nypost.com,0,0,1,4,0,0,1,0,0,1,0,1,0,0,1,0,0
medium.com,0,1,1,2,0,0,0,0,0,1,0,1,1,0,1,0,0
ecnavi.jp,0,0,1,1,1,0,0,0,0,1,0,0,0,0,1,0,0
medium.com,0,1,1,2,0,0,0,0,0,1,0,1,1,0,1,0,0
extratorrent.cc,0,0,1,3,0,0,0,0,1,0,1,1,1,1,1,1,0
themeforest.net,0,0,1,4,0,0,0,0,0,1,0,1,1,0,1,0,0
gizmodo.com,0,0,1,2,0,0,0,0,0,1,0,1,1,0,1,1,0
indianexpress.com,0,0,1,4,0,0,0,0,0,1,0,1,1,0,1,0,0
olx.ro,0,0,1,5,0,0,0,0,0,1,1,1,1,0,1,0,0
interpark.com,0,0,1,2,0,0,0,0,0,1,0,0,1,0,1,0,0
emgn.com,0,0,1,2,0,0,0,0,1,0,1,1,1,1,1,1,0
twitter.com,0,0,1,1,0,0,0,0,0,1,0,0,1,0,1,0,0
kienthuc.net.vn,0,0,1,2,0,0,0,0,1,0,1,1,1,0,1,0,0
graphicriver.net,0,0,1,3,0,0,0,0,0,1,0,1,1,0,1,0,0
telegraf.com.ua,0,0,1,3,0,0,0,0,0,1,0,1,0,0,1,0,0
myspace.com,0,0,1,5,0,0,0,0,0,1,0,1,0,0,1,0,0
thenextweb.com,0,0,1,6,0,0,0,0,0,1,0,1,0,0,1,1,0
atwiki.jp,0,0,1,2,0,0,0,0,0,1,0,0,1,0,1,0,0
torcache.net,0,0,1,2,0,0,0,0,0,0,0,1,1,0,1,0,0
twitter.com,0,0,1,1,0,0,0,0,0,1,0,0,1,0,1,0,0
sourceforge.net,0,0,1,3,0,0,0,0,0,1,0,1,1,0,1,0,0
extratorrent.cc,0,0,1,3,0,0,0,0,1,0,1,1,1,1,1,1,0
olx.co.id,0,0,1,2,0,0,1,0,0,1,1,1,1,1,1,1,0
metro.co.uk,0,0,1,4,0,0,0,0,1,1,1,1,1,0,1,0,0
correios.com.br,0,0,1,4,0,0,0,0,0,1,0,1,0,0,1,0,0
censor.net.ua,0,0,1,3,0,0,0,0,0,0,0,1,1,0,1,0,0
mediaset.it,0,0,1,3,0,0,0,0,0,1,0,0,1,0,1,1,0
medium.com,0,1,1,2,0,0,0,0,0,1,0,1,1,0,1,0,0
kenh14.vn,0,0,1,2,0,0,0,0,1,1,1,1,0,0,1,0,0
grantland.com,0,0,1,2,0,0,0,0,0,1,0,1,1,0,1,0,0
distractify.com,0,0,1,10,0,0,0,0,0,1,0,0,1,0,1,0,0
hubpages.com,0,0,1,2,0,0,0,0,0,1,0,1,1,0,1,0,0
mic.com,0,0,1,3,0,0,0,0,0,1,0,1,1,0,1,0,0
sourceforge.net,0,0,1,3,0,0,0,0,0,1,0,1,1,0,1,0,0
babal.net,0,0,1,3,0,0,0,0,0,0,0,1,1,0,1,0,0
kenh14.vn,0,0,1,2,0,0,0,0,1,1,1,1,1,0,1,0,0
web.tv,0,0,1,8,0,0,0,0,0,0,0,1,1,0,1,0,0
patch.com,0,0,1,3,0,0,0,0,0,1,0,1,0,0,1,0,0
nymag.com,0,0,1,9,0,0,0,0,0,1,0,0,0,0,1,1,0
thenextweb.com,0,0,1,6,0,0,0,0,0,1,0,1,0,0,1,1,0
seekingalpha.com,0,0,1,2,0,0,0,0,0,1,0,1,1,0,1,0,0
askubuntu.com,0,0,1,3,0,0,0,0,0,1,0,0,1,0,1,0,0
tunein.com,0,0,1,5,0,0,0,0,0,1,0,1,0,0,1,1,0
twitter.com,0,0,1,1,0,0,0,0,0,1,0,0,1,0,1,0,0
olx.ua,0,0,1,3,0,0,0,0,0,1,0,0,1,0,1,0,0
plarium.com,0,0,1,5,0,0,0,0,0,1,0,1,1,0,1,0,0
interpark.com,0,0,1,2,0,0,0,0,0,1,0,0,1,0,1,0,0
thenextweb.com,0,0,1,6,0,0,0,0,0,1,0,1,0,0,1,1,0
fishki.net,0,0,1,1,0,0,0,0,0,1,0,1,1,0,1,0,0
searchengineland.com,0,0,1,1,0,0,0,0,0,1,0,1,1,0,1,0,0
jezebel.com,0,0,1,2,0,0,0,0,0,1,0,1,0,0,1,0,0
evernote.com,0,0,1,3,0,0,0,0,0,1,0,1,1,0,1,1,0
getpocket.com,0,0,1,1,1,0,1,0,0,1,0,0,1,0,1,0,0
oneplus.net,0,0,1,4,0,0,0,0,0,1,0,1,1,1,1,1,0
subscene.com,0,0,1,4,0,0,0,0,0,0,0,0,1,1,1,1,0
thenextweb.com,0,0,1,6,0,0,0,0,0,1,0,1,0,0,1,1,0
seekingalpha.com,0,0,1,2,0,0,0,0,0,1,0,1,1,0,1,0,0
searchengineland.com,0,0,1,1,0,0,0,0,0,1,0,1,1,0,1,0,0
slashdot.org,0,0,1,3,0,0,0,0,0,1,0,1,1,0,1,0,0
twitter.com,0,0,1,1,0,0,0,0,0,1,0,0,1,0,1,0,0
perezhilton.com,0,0,1,3,0,0,0,0,0,1,0,0,1,0,1,0,0
censor.net.ua,0,0,1,3,0,0,0,0,0,0,0,1,1,0,1,0,0
clien.net,0,0,1,3,0,0,0,0,0,1,0,1,1,0,1,0,0
jezebel.com,0,0,1,2,0,0,0,0,0,1,0,1,0,0,1,0,0
cheezburger.com,0,0,1,2,0,0,0,0,0,1,0,0,1,0,1,0,0
elitedaily.com,0,0,1,3,0,0,0,0,0,1,0,1,1,0,1,1,0
thechive.com,0,0,1,4,0,0,0,0,0,1,0,0,1,0,1,0,0
mylust.com,0,0,1,3,0,0,1,0,0,1,0,0,1,1,1,1,0
pornsharing.com,0,0,1,1,0,0,0,0,0,0,0,0,1,0,1,0,0
kienthuc.net.vn,0,0,1,2,0,0,0,0,1,0,1,1,1,0,1,0,0
seasonvar.ru,0,0,1,1,0,0,0,0,0,1,0,1,1,0,1,0,0
kenh14.vn,0,0,1,2,0,0,0,0,1,1,1,1,1,0,1,0,0
web.de,0,0,1,4,0,0,0,0,0,1,1,1,1,1,1,1,0
venturebeat.com,0,0,1,4,0,0,1,0,0,1,0,1,1,0,1,0,0
yourlust.com,0,0,1,2,0,0,1,0,0,1,0,1,1,1,1,1,0
steamcommunity.com,0,0,1,9,1,0,0,0,0,1,0,1,1,0,1,0,0
stackoverflow.com,0,0,1,3,0,0,0,0,0,1,0,0,1,0,1,0,0
extratorrent.cc,0,0,1,3,0,0,0,0,1,0,1,1,1,1,1,1,0
plarium.com,0,0,1,5,0,0,0,0,0,1,0,1,1,0,1,0,0
twitter.com,0,0,1,1,0,0,0,0,0,1,0,0,1,0,1,0,0
buzzfil.net,0,0,1,4,0,0,0,0,0,0,0,0,1,1,1,1,0
dribbble.com,0,0,1,2,0,0,0,0,0,1,0,0,1,0,1,0,0
sourceforge.net,0,0,1,3,0,0,0,0,0,1,0,1,1,0,1,0,0
allegro.pl,0,0,1,1,0,0,0,0,0,1,0,0,1,0,1,0,0
sfglobe.com,0,0,1,4,0,0,0,0,0,0,0,1,1,1,1,1,0
babal.net,0,0,1,4,0,0,0,0,0,0,0,1,1,0,1,0,0
syosetu.com,0,0,1,3,0,0,0,0,0,1,0,1,1,0,1,0,0
torcache.net,0,0,1,2,0,0,0,0,0,0,0,1,0,0,1,0,0
gizmodo.com,0,0,1,2,0,0,0,0,0,1,0,1,0,0,1,1,0
codecanyon.net,0,0,1,4,0,0,0,0,0,1,0,1,1,0,1,0,0
thenextweb.com,0,0,1,5,0,0,0,0,0,1,0,1,0,0,1,1,0
pornsharing.com,0,0,1,1,0,0,0,0,0,0,0,0,1,0,1,0,0
getpocket.com,0,0,1,1,1,0,1,0,0,1,0,0,1,0,1,0,0
qz.com,0,0,1,2,0,0,0,0,0,1,0,1,1,0,1,0,0
io9.com,0,0,1,2,0,0,0,0,0,1,0,0,1,0,1,0,0
steamcommunity.com,0,0,1,7,1,0,0,0,0,1,0,1,1,0,1,0,0
babal.net,0,0,1,4,0,0,0,0,0,0,0,1,1,0,1,0,0
kienthuc.net.vn,0,0,1,2,0,0,0,0,1,0,1,1,1,0,1,0,0
babal.net,0,0,1,4,0,0,0,0,0,0,0,1,1,0,1,0,0
graphicriver.net,0,0,1,1,0,0,0,0,0,1,0,1,1,0,1,0,0
kienthuc.net.vn,0,0,1,1,0,0,0,0,1,0,1,1,1,0,1,0,0
cookpad.com,0,0,1,1,0,0,0,0,0,1,0,1,1,0,1,0,0
slashdot.org,0,0,1,3,0,0,0,0,0,1,0,1,1,0,1,0,0
codecanyon.net,0,0,1,1,0,0,0,0,0,1,0,1,1,0,1,0,0
thenextweb.com,0,0,1,6,0,0,0,0,0,1,0,1,0,0,1,1,0
tinnhanh360.net,0,0,1,1,0,0,0,0,0,0,0,0,1,0,1,0,0
superuser.com,0,0,1,3,0,0,0,0,0,1,0,0,1,0,1,0,0
fanpage.gr,0,0,1,2,0,0,0,0,1,0,1,1,1,0,1,1,0
udn.com,0,0,1,4,0,0,0,0,0,1,0,1,0,0,1,0,0
medium.com,0,0,1,2,0,0,0,0,0,1,0,1,1,0,1,0,0
digg.com,0,0,1,2,0,0,0,0,0,1,0,1,1,0,1,0,0
tobogo.net,0,0,1,2,0,0,0,0,1,0,1,1,1,1,1,1,0
otomoto.pl,0,0,1,4,0,0,0,0,0,1,0,1,1,0,1,0,0
depositphotos.com,0,0,1,2,0,0,0,0,0,1,0,1,1,1,1,1,0
sourceforge.net,0,0,1,3,0,0,0,0,0,1,0,1,1,0,1,0,0
udn.com,0,0,1,4,0,0,0,0,0,1,0,1,0,0,1,0,0
fanpage.gr,0,0,1,3,0,0,0,0,1,0,1,1,1,0,1,1,0
amoory.com,0,0,1,1,0,0,0,0,0,0,0,1,1,0,1,0,0
thenextweb.com,0,0,1,6,0,0,0,0,0,1,0,1,0,0,1,1,0
khabaronline.ir,0,0,1,5,0,0,0,0,0,1,1,1,1,0,1,1,0
asana.com,0,0,1,7,1,0,0,0,0,1,0,0,1,0,1,0,0
ap.org,0,0,1,4,0,0,0,0,0,1,0,1,1,0,1,0,0
olx.ua,0,0,1,3,0,0,0,0,0,1,0,0,1,0,1,0,0
sfglobe.com,0,0,1,4,0,0,0,0,0,0,0,1,1,1,1,1,0
mylust.com,0,0,1,3,0,0,1,0,0,1,0,0,0,0,1,0,0
indianexpress.com,0,0,1,4,0,0,0,0,0,1,0,1,1,0,1,0,0
noticias.uol.com.br,0,0,1,5,0,0,0,0,0,0,0,1,1,1,1,1,0
web.de,0,0,1,3,0,0,0,0,0,1,1,1,1,1,1,1,0
ringring.vn,0,0,1,1,0,0,0,0,1,0,1,1,1,0,1,0,0
thenextweb.com,0,0,1,6,0,0,0,0,0,1,0,1,0,0,1,1,0
indianexpress.com,0,0,1,4,0,0,0,0,0,1,0,1,1,0,1,0,0
olx.ro,0,0,1,5,0,0,0,0,0,1,1,1,1,0,1,0,0
grantland.com,0,0,1,2,0,0,0,0,0,1,0,1,0,0,1,0,0
distractify.com,0,0,1,10,0,0,0,0,0,1,0,0,1,0,1,0,0
fanpage.gr,0,0,1,5,0,0,0,0,1,0,1,1,1,0,1,1,0
pitchfork.com,0,0,1,2,0,0,0,0,0,1,0,0,0,0,1,0,0
elcomercio.pe,0,0,1,3,0,0,0,0,0,1,1,1,0,0,1,0,0
thenextweb.com,0,0,1,7,0,0,0,0,0,1,0,1,0,0,1,1,0
olx.ua,0,0,1,4,0,0,0,0,0,1,0,0,1,0,1,0,0
pikabu.ru,0,0,1,3,0,0,0,0,0,1,0,1,1,0,1,0,0
motthegioi.vn,0,0,1,2,0,0,0,0,1,0,1,1,1,0,1,0,0
mylust.com,0,0,1,3,0,0,1,0,0,1,0,0,1,1,1,1,0
mic.com,0,0,1,3,0,0,0,0,0,1,0,1,1,0,1,0,0
io9.com,0,0,1,3,0,0,0,0,0,1,0,0,1,0,1,0,0
olx.ro,0,0,1,7,0,0,0,0,0,1,1,1,1,0,1,0,0
hollywoodlife.com,0,0,1,4,0,0,0,0,0,1,0,1,1,0,1,0,0
duckduckgo.com,0,0,1,1,0,0,0,0,0,1,0,1,1,0,1,0,0
torcache.net,0,0,1,2,0,0,0,0,0,0,0,1,0,0,1,0,0
lifehacker.com,0,0,1,1,0,0,0,0,0,1,0,1,1,0,1,0,0
thenextweb.com,0,0,1,6,0,0,0,0,0,1,0,1,0,0,1,1,0
iconosquare.com,0,0,1,3,0,0,0,0,0,1,0,0,0,0,1,0,0
askubuntu.com,0,0,1,3,0,0,0,0,0,1,0,0,1,0,1,0,0
espn.go.com,0,0,1,6,0,0,0,0,0,1,0,0,1,0,1,0,0
plarium.com,0,0,1,5,0,0,0,0,0,1,0,1,1,0,1,0,0
mirtesen.ru,0,0,1,1,0,0,0,0,0,1,0,0,1,0,1,0,0
distractify.com,0,0,1,2,0,0,0,0,0,1,0,0,1,0,1,0,0
1337x.to,0,0,1,3,0,0,0,0,0,1,0,1,1,1,1,1,0
tunein.com,0,0,1,5,0,0,0,0,0,1,0,1,0,0,1,1,0
grantland.com,0,0,1,1,0,0,0,0,0,1,0,1,1,0,1,0,0
fazenda.gov.br,0,0,1,6,0,0,0,0,1,1,1,1,1,1,1,1,0
torcache.net,0,0,1,2,0,0,0,0,0,0,0,1,0,0,1,0,0
olx.in,0,0,1,3,0,0,0,0,0,1,0,1,1,0,1,0,0
pikabu.ru,0,0,1,3,0,0,0,0,0,1,1,1,1,0,1,0,0
katproxy.com,0,0,1,1,0,0,0,0,0,0,0,0,0,0,1,0,0
askubuntu.com,0,0,1,3,0,0,0,0,0,1,0,0,1,0,1,0,0
interpark.com,0,0,1,2,0,0,0,0,0,1,0,0,1,0,1,0,0
katproxy.com,0,0,1,1,0,0,0,0,0,0,0,0,0,0,1,0,0
tobogo.net,0,0,1,2,0,0,0,0,1,0,1,1,1,1,1,1,0
skyrock.com,0,0,1,2,0,0,0,0,0,1,0,1,1,0,1,0,0
tobogo.net,0,0,1,2,0,0,0,0,1,0,1,1,1,1,1,1,0
babal.net,0,0,1,3,0,0,0,0,0,0,0,1,1,0,1,0,0
tunein.com,0,0,1,5,0,0,0,0,0,1,0,1,0,0,1,0,0
mylust.com,0,0,1,3,0,0,1,0,0,1,0,0,0,0,1,0,0
olx.ro,0,0,1,5,0,0,0,0,0,1,1,1,1,0,1,0,0
likemag.com,0,0,1,2,0,0,0,0,0,0,0,0,1,0,1,0,0
olx.in,0,0,1,3,0,0,0,0,0,1,0,1,1,1,1,1,0
icicibank.com,0,0,1,5,0,0,0,0,0,1,0,1,1,1,1,1,0
nymag.com,0,0,1,9,0,0,0,0,0,1,0,0,0,0,1,1,0
bestblackhatforum.com,0,0,1,1,0,0,0,0,0,0,0,1,1,0,1,0,0
correios.com.br,0,0,1,3,0,0,0,0,0,1,0,1,0,0,1,0,0
irecommend.ru,0,0,1,2,0,0,0,0,0,1,1,1,1,1,1,1,0
abc.go.com,0,0,1,5,0,0,0,0,0,1,0,0,1,0,1,0,0
gizmodo.com,0,0,1,2,0,0,0,0,0,1,0,1,0,0,1,1,0
bdnews24.com,0,0,1,5,0,0,0,0,0,1,0,1,1,0,1,0,0
unity3d.com,0,0,1,5,0,0,0,0,0,1,0,1,1,0,1,0,0
likemag.com,0,0,1,2,0,0,0,0,0,0,0,0,1,0,1,0,0
medium.com,0,0,1,2,0,0,0,0,0,1,0,1,1,0,1,0,0
censor.net.ua,0,0,1,3,0,0,0,0,0,0,0,1,1,0,1,0,0
getpocket.com,0,0,1,1,0,0,1,0,0,1,0,0,1,0,1,0,0
pornsharing.com,0,0,1,1,0,0,0,0,0,0,0,0,1,0,1,0,0
mylust.com,0,0,1,3,0,0,1,0,0,1,0,0,0,0,1,0,0
web.de,0,0,1,6,0,0,0,0,0,1,1,1,1,1,1,1,0
500px.com,0,0,1,3,0,0,1,0,0,1,0,1,1,0,1,0,0
iconosquare.com,0,0,1,3,0,0,0,0,0,1,0,0,0,0,1,0,0
thenextweb.com,0,0,1,6,0,0,0,0,0,1,0,1,0,0,1,1,0
mashable.com,0,0,1,6,0,0,0,0,0,1,0,1,0,0,1,0,0
jezebel.com,0,0,1,2,0,0,0,0,0,1,0,1,0,0,1,0,0
web.de,0,0,1,4,0,0,0,0,0,1,1,1,1,1,1,1,0
serverfault.com,0,0,1,3,0,0,1,0,0,1,0,1,1,0,1,0,0
atwiki.jp,0,0,1,2,0,0,0,0,0,1,0,0,1,0,1,0,0
variety.com,0,0,1,4,0,0,0,0,0,1,0,1,0,0,1,0,0
motthegioi.vn,0,0,1,2,0,0,0,0,1,0,1,1,1,0,1,0,0
olx.ua,0,0,1,3,0,0,0,0,0,1,0,0,1,0,1,0,0
metro.co.uk,0,0,1,4,0,0,0,0,1,1,1,1,0,0,1,0,0
torcache.net,0,0,1,2,0,0,0,0,0,0,0,1,0,0,1,0,0
searchengines.guru,0,0,1,1,0,0,0,0,1,1,1,1,1,0,1,0,0
rt.com,0,0,1,3,0,0,1,0,0,1,0,0,0,0,1,1,0
icicibank.com,0,0,1,3,0,0,0,0,0,1,0,1,1,1,1,1,0
tobogo.net,0,0,1,2,0,0,0,0,1,0,1,1,1,1,1,1,0
mylust.com,0,0,1,3,0,0,1,0,0,1,0,0,0,0,1,0,0
thenextweb.com,0,0,1,7,0,0,0,0,0,1,0,1,0,0,1,1,0
web.de,0,0,1,4,0,0,0,0,0,1,1,1,1,1,1,1,0
correios.com.br,0,0,1,3,0,0,0,0,0,1,0,1,0,0,1,0,0
depositphotos.com,0,0,1,1,0,0,0,0,0,1,0,1,1,1,1,1,0
extratorrent.cc,0,0,1,3,0,0,0,0,1,0,1,1,1,1,1,1,0
jezebel.com,0,0,1,2,0,0,0,0,0,1,0,1,0,0,1,0,0
torcache.net,0,0,1,2,0,0,0,0,0,0,0,1,1,0,1,0,0
gtbank.com,0,0,1,5,0,0,0,0,0,1,0,1,0,0,1,0,0
perezhilton.com,0,0,1,1,0,0,0,0,0,1,0,0,1,0,1,0,0
torcache.net,0,0,1,2,0,0,0,0,0,0,0,1,1,0,1,0,0
stackoverflow.com,0,0,1,3,0,0,0,0,0,1,0,0,1,0,1,0,0
extratorrent.cc,0,0,1,3,0,0,0,0,1,0,1,1,1,1,1,1,0
seekingalpha.com,0,0,1,3,0,0,0,0,0,1,0,1,0,0,1,0,0
allegro.pl,0,0,1,1,0,0,0,0,0,1,0,0,1,0,1,0,0
xhamster.com,0,0,1,3,0,0,0,0,0,1,0,1,1,1,1,1,0
kenh14.vn,0,0,1,2,0,0,0,0,1,1,1,1,1,0,1,0,0
xhamster.com,0,0,1,3,0,0,0,0,0,1,0,1,1,1,1,1,0
maybank2u.com.my,0,0,1,4,0,0,0,0,0,1,0,1,1,1,1,1,0
digg.com,0,0,1,2,0,0,0,0,0,1,0,1,1,0,1,0,0
themeforest.net,0,0,1,4,0,0,0,0,0,1,0,1,1,0,1,0,0
censor.net.ua,0,0,1,3,0,0,0,0,0,0,0,1,1,0,1,0,0
nguyentandung.org,0,0,1,1,0,0,0,0,0,0,0,0,1,0,1,0,0
web.de,0,0,1,6,0,0,0,0,0,1,1,1,1,1,1,1,0
plarium.com,0,0,1,5,0,0,0,0,0,1,0,1,1,0,1,0,0
perezhilton.com,0,0,1,1,0,0,0,0,0,1,0,0,1,0,1,0,0
persianblog.ir,0,0,1,3,0,0,0,0,1,0,1,1,1,1,1,1,0
ecnavi.jp,0,0,1,3,0,0,0,0,0,1,0,0,1,0,1,0,0
torcache.net,0,0,1,2,0,0,0,0,0,0,0,1,0,0,1,0,0
udn.com,0,0,1,4,0,0,0,0,0,1,0,1,0,0,1,0,0
lastpass.com,0,0,1,1,0,0,0,0,0,1,0,1,1,0,1,0,0
udn.com,0,0,1,4,0,0,0,0,0,1,0,1,0,0,1,0,0
buzzfil.net,0,0,1,4,0,0,0,0,0,0,0,0,1,1,1,1,0
fanpage.gr,0,0,1,3,0,0,0,0,1,0,1,1,1,0,1,1,0
diply.com,0,0,1,3,0,0,0,0,0,0,0,1,1,0,1,0,0
torcache.net,0,0,1,2,0,0,0,0,0,0,0,1,0,0,1,0,0
kenh14.vn,0,0,1,2,0,0,0,0,1,1,1,1,1,0,1,0,0
atwiki.jp,0,0,1,2,0,0,0,0,0,1,0,0,1,0,1,0,0
udn.com,0,0,1,4,0,0,0,0,0,1,0,1,0,0,1,0,0
plarium.com,0,0,1,5,0,0,0,0,0,1,0,1,1,0,1,0,0
jezebel.com,0,0,1,1,0,0,0,0,0,1,0,1,0,0,1,0,0
babal.net,0,0,1,4,0,0,0,0,0,0,0,1,1,0,1,0,0
bdnews24.com,0,0,1,5,0,0,0,0,0,1,0,1,1,0,1,0,0
torcache.net,0,0,1,2,0,0,0,0,0,0,0,1,1,0,1,0,0
telegraf.com.ua,0,0,1,3,0,0,0,0,0,1,0,1,0,0,1,0,0
elitedaily.com,0,0,1,3,0,0,0,0,0,1,0,1,1,0,1,1,0
mylust.com,0,0,1,3,0,0,1,0,0,1,0,0,0,0,1,0,0
kenh14.vn,0,0,1,2,0,0,0,0,1,1,1,1,1,0,1,0,0
distractify.com,0,0,1,2,0,0,0,0,0,1,0,0,1,0,1,0,0
hubpages.com,0,0,1,1,0,0,0,0,0,1,0,1,1,0,1,0,0
momoshop.com.tw,0,0,1,2,0,0,0,0,0,1,0,1,1,0,1,0,0
extratorrent.cc,0,0,1,3,0,0,0,0,1,0,1,1,1,1,1,1,0
motthegioi.vn,0,0,1,2,0,0,0,0,1,0,1,1,1,0,1,0,0
variety.com,0,0,1,4,0,0,0,0,0,1,0,1,0,0,1,0,0
indianexpress.com,0,0,1,4,0,0,0,0,0,1,0,1,1,0,1,0,0
yourlust.com,0,0,1,2,0,0,1,0,0,1,0,1,1,1,1,1,0
sourceforge.net,0,0,1,3,0,0,0,0,0,1,0,1,1,0,1,0,0
censor.net.ua,0,0,1,3,0,0,0,0,0,0,0,1,1,0,1,0,0
kakaku.com,0,0,1,6,0,0,0,0,0,1,0,1,0,0,1,0,0
udn.com,0,0,1,4,0,0,0,0,0,1,0,1,0,0,1,0,0
censor.net.ua,0,0,1,3,0,0,0,0,0,0,0,1,1,0,1,0,0
diply.com,0,0,1,3,0,0,0,0,0,0,0,1,1,0,1,0,0
atwiki.jp,0,0,1,2,0,0,0,0,0,1,0,0,1,0,1,0,0
slickdeals.net,0,0,1,2,0,0,0,0,0,1,0,1,1,0,1,0,0
graphicriver.net,0,0,1,1,0,0,0,0,0,1,0,1,1,0,1,0,0
otomoto.pl,0,0,1,2,0,0,0,0,0,1,0,1,1,0,1,0,0
twitter.com,0,0,1,1,0,0,0,0,0,1,0,0,1,0,1,0,0
elitedaily.com,0,0,1,3,0,0,0,0,0,1,0,1,1,0,1,1,0
tinnhanh360.net,0,0,1,1,0,0,0,0,0,0,0,0,1,0,1,0,0
mic.com,0,0,1,3,0,0,0,0,0,1,0,1,1,0,1,0,0
olx.ro,0,0,1,5,0,0,0,0,0,1,1,1,1,0,1,0,0
emgn.com,0,0,1,2,0,0,0,0,1,0,1,1,1,1,1,1,0
mashable.com,0,0,1,6,0,0,0,0,0,1,0,1,0,0,1,0,0
extratorrent.cc,0,0,1,3,0,0,0,0,1,0,1,1,1,1,1,1,0
themeforest.net,0,0,1,3,0,0,0,0,0,1,0,1,1,0,1,0,0
seekingalpha.com,0,0,1,2,0,0,0,0,0,1,0,1,1,0,1,0,0
xvideo-jp.com,0,0,1,5,0,0,0,1,0,1,0,1,0,0,1,0,0
extratorrent.cc,0,0,1,3,0,0,0,0,1,0,1,1,1,1,1,1,0
babal.net,0,0,1,4,0,0,0,0,0,0,0,1,1,0,1,0,0
motthegioi.vn,0,0,1,2,0,0,0,0,1,0,1,1,1,0,1,0,0
b9dm.com,0,0,1,17,0,0,0,0,0,0,0,0,1,1,1,1,0
twitter.com,0,0,1,1,0,0,0,0,0,1,0,0,1,0,1,0,0
espn.go.com,0,0,1,7,0,0,0,0,0,1,0,0,1,0,1,0,0
espn.go.com,0,0,1,6,0,0,0,0,0,1,0,0,1,0,1,0,0
torcache.net,0,0,1,2,0,0,0,0,0,0,0,1,0,0,1,0,0
thenextweb.com,0,0,1,5,0,0,0,0,0,1,0,1,0,0,1,1,0
plarium.com,0,0,1,5,0,0,0,0,0,1,0,1,1,0,1,0,0
metro.co.uk,0,0,1,4,0,0,0,0,1,1,1,1,1,0,1,0,0
distractify.com,0,0,1,10,0,0,0,0,0,1,0,0,1,0,1,0,0
correios.com.br,0,0,1,4,0,0,0,0,0,1,0,1,0,0,1,0,0
censor.net.ua,0,0,1,3,0,0,0,0,0,0,0,1,1,0,1,0,0
interpark.com,0,0,1,2,0,0,0,0,0,1,0,0,1,0,1,0,0
ap.org,0,0,1,4,0,0,0,0,0,1,0,1,1,0,1,0,0
tobogo.net,0,0,1,2,0,0,0,0,1,0,1,1,1,1,1,1,0
xvideo-jp.com,0,0,1,3,0,0,0,1,0,1,0,1,0,0,1,0,0
mic.com,0,0,1,3,0,0,0,0,0,1,0,1,1,0,1,0,0
thechive.com,0,0,1,4,0,0,0,0,0,1,0,0,1,0,1,1,0
kotaku.com,0,0,1,1,0,0,0,0,0,1,0,0,1,0,1,0,0
interpark.com,0,0,1,2,0,0,0,0,0,1,0,0,1,0,1,0,0
kickass.to,0,0,1,1,0,0,0,0,0,0,0,1,1,1,1,1,0
nguyentandung.org,0,0,1,1,0,0,0,0,0,0,0,0,1,1,1,1,0
seekingalpha.com,0,0,1,2,0,0,0,0,0,1,0,1,1,0,1,0,0
atwiki.jp,0,0,1,2,0,0,0,0,0,1,0,0,1,0,1,0,0
xhamster.com,0,0,1,3,0,0,0,0,0,1,0,1,1,1,1,1,0
telegraf.com.ua,0,0,1,3,0,0,0,0,0,1,0,1,0,0,1,0,0
tunein.com,0,0,1,5,0,0,0,0,0,1,0,1,0,0,1,1,0
babal.net,0,0,1,4,0,0,0,0,0,0,0,1,1,0,1,0,0
ap.org,0,0,1,4,0,0,0,0,0,1,0,1,1,0,1,0,0
correios.com.br,0,0,1,4,0,0,0,0,0,1,0,1,0,0,1,0,0
olx.pl,0,0,1,7,0,0,0,0,0,1,0,0,1,0,1,0,0
steamcommunity.com,0,0,1,9,1,0,0,0,0,1,0,1,1,0,1,0,0
metro.co.uk,0,0,1,4,0,0,0,0,1,1,1,1,1,0,1,0,0
extratorrent.cc,0,0,1,3,0,0,0,0,1,0,1,1,1,1,1,1,0
hubpages.com,0,0,1,5,0,0,0,0,0,1,0,1,1,0,1,0,0
yourlust.com,0,0,1,2,0,0,1,0,0,1,0,1,1,1,1,1,0
lastpass.com,0,0,1,1,0,0,0,0,0,1,0,1,1,0,1,0,0
thenextweb.com,0,0,1,6,0,0,0,0,0,1,0,1,0,0,1,1,0
thenextweb.com,0,0,1,6,0,0,0,0,0,1,0,1,0,0,1,1,0
ringring.vn,0,0,1,1,0,0,0,0,1,0,1,1,1,0,1,0,0
cookpad.com,0,0,1,1,0,0,0,0,0,1,0,1,1,0,1,0,0
metro.co.uk,0,0,1,4,0,0,0,0,1,1,1,1,1,0,1,0,0
extratorrent.cc,0,0,1,3,0,0,0,0,1,0,1,1,1,1,1,1,0
twitter.com,0,0,1,1,0,0,0,0,0,1,0,0,1,0,1,0,0
distractify.com,0,0,1,10,0,0,0,0,0,1,0,0,1,0,1,0,0
olx.pl,0,0,1,7,0,0,0,0,0,1,0,0,1,0,1,0,0
persianblog.ir,0,0,1,4,0,0,0,0,1,0,1,1,1,1,1,1,0
pikabu.ru,0,0,1,3,0,0,0,0,0,1,0,1,1,0,1,0,0
askubuntu.com,0,0,1,3,0,0,0,0,0,1,0,0,1,0,1,0,0
metro.co.uk,0,0,1,4,0,0,0,0,1,1,1,1,1,0,1,0,0
plarium.com,0,0,1,5,0,0,0,0,0,1,0,1,1,0,1,0,0
serverfault.com,0,0,1,3,0,0,1,0,0,1,0,1,1,0,1,0,0
seekingalpha.com,0,0,1,2,0,0,0,0,0,1,0,1,1,0,1,0,0
xvideo-jp.com,0,0,1,4,0,0,0,1,0,1,0,1,0,0,1,1,0
tunein.com,0,0,1,5,0,0,0,0,0,1,0,1,0,0,1,1,0
kenh14.vn,0,0,1,2,0,0,0,0,1,1,1,1,1,0,1,0,0
kakaku.com,0,0,1,6,0,0,0,0,0,1,0,1,0,0,1,0,0
thenextweb.com,0,0,1,6,0,0,0,0,0,1,0,1,0,0,1,1,0
askubuntu.com,0,0,1,3,0,0,0,0,0,1,0,0,1,0,1,0,0
tinnhanh360.net,0,0,1,1,0,0,0,0,0,0,0,0,1,0,1,0,0
searchengineland.com,0,0,1,1,0,0,0,0,0,1,0,1,1,0,1,0,0
css-tricks.com,0,0,1,1,0,0,0,1,0,1,0,1,0,0,1,0,0
twitter.com,0,0,1,1,0,0,1,0,0,1,0,0,1,0,1,0,0
metro.co.uk,0,0,1,4,0,0,0,0,1,1,1,1,1,0,1,0,0
techcrunch.com,0,0,1,3,0,0,0,0,0,1,0,1,0,0,1,0,0
buzzfil.net,0,0,1,4,0,0,0,0,0,0,0,0,1,1,1,1,0
io9.com,0,0,1,2,0,0,0,0,0,1,0,0,1,0,1,1,0
nesn.com,0,0,1,3,0,0,0,0,0,1,0,1,0,0,1,0,0
elitedaily.com,0,0,1,4,0,0,0,0,0,1,0,1,1,0,1,1,0
medium.com,0,0,1,2,0,0,0,0,0,1,0,1,1,0,1,0,0
olx.in,0,0,1,3,0,0,0,0,0,1,0,1,1,0,1,0,0
allegro.pl,0,0,1,1,0,0,0,0,0,1,0,0,1,0,1,0,0
moviepilot.com,0,0,1,5,0,0,1,0,0,0,0,1,1,1,1,1,0
torcache.net,0,0,1,2,0,0,0,0,0,0,0,1,0,0,1,0,0
mylust.com,0,0,1,3,0,0,1,0,0,1,0,0,1,1,1,1,0
maybank2u.com.my,0,0,1,4,0,0,0,0,0,1,0,1,1,1,1,1,0
genius.com,0,0,1,3,0,0,0,0,0,1,0,1,1,0,1,0,0
telegraf.com.ua,0,0,1,3,0,0,0,0,0,1,0,1,0,0,1,0,0
mylust.com,0,0,1,3,0,0,1,0,0,1,0,0,1,1,1,1,0
medium.com,0,1,1,2,0,0,0,0,0,1,0,1,1,0,1,0,0
fanpage.gr,0,0,1,3,0,0,0,0,1,0,1,1,1,0,1,1,0
pikabu.ru,0,0,1,3,0,0,0,0,0,1,0,1,1,0,1,0,0
europa.eu,0,0,1,6,0,0,0,0,0,1,1,1,1,0,1,0,0
500px.com,0,0,1,3,0,0,1,0,0,1,0,1,1,0,1,0,0
putlocker.is,0,0,1,1,0,0,0,0,0,0,0,0,0,0,1,0,0
myspace.com,0,0,1,4,0,0,0,0,0,1,0,1,1,1,1,1,0
indianexpress.com,0,0,1,4,0,0,0,0,0,1,0,1,1,0,1,0,0
torcache.net,0,0,1,2,0,0,0,0,0,0,0,1,0,0,1,0,0
kakaku.com,0,0,1,6,0,0,0,0,0,1,0,1,0,0,1,0,0
fishki.net,0,0,1,2,0,0,0,0,0,1,0,1,1,0,1,0,0
censor.net.ua,0,0,1,3,0,0,0,0,0,0,0,1,1,0,1,0,0
interpark.com,0,0,1,2,0,0,0,0,0,1,0,0,1,0,1,0,0
emgn.com,0,0,1,2,0,0,0,0,1,0,1,1,1,1,1,1,0
tune.pk,0,0,1,3,0,0,0,0,0,0,0,1,1,1,1,1,0
ringring.vn,0,0,1,3,0,0,0,0,1,0,1,1,1,0,1,0,0
udn.com,0,0,1,4,0,0,0,0,0,1,0,1,0,0,1,0,0
fishki.net,0,0,1,1,0,0,0,0,0,1,0,1,1,0,1,0,0
onedio.com,0,0,1,2,0,0,0,0,0,1,0,1,0,0,1,0,0
techcrunch.com,0,0,1,4,0,0,0,0,0,1,0,1,1,0,1,0,0
thenextweb.com,0,0,1,6,0,0,0,0,0,1,0,1,0,0,1,1,0
nesn.com,0,0,1,3,0,0,0,0,0,1,0,1,0,0,1,0,0
motthegioi.vn,0,0,1,2,0,0,0,0,1,0,1,1,1,0,1,0,0
distractify.com,0,0,1,10,0,0,0,0,0,1,0,0,1,0,1,0,0
metro.co.uk,0,0,1,4,0,0,0,0,1,1,1,1,0,0,1,0,0
hollywoodlife.com,0,0,1,4,0,0,0,0,0,1,0,1,1,0,1,0,0
squarespace.com,0,0,1,5,0,0,0,0,0,1,0,1,0,0,1,1,0
variety.com,0,0,1,4,0,0,0,0,0,1,0,1,0,0,1,0,0
torcache.net,0,0,1,2,0,0,0,0,0,0,0,1,0,0,1,0,0
codecanyon.net,0,0,1,1,0,0,0,0,0,1,0,1,1,0,1,0,0
sourceforge.net,0,0,1,2,0,0,0,0,0,1,0,1,1,0,1,0,0
mashable.com,0,0,1,6,0,0,0,0,0,1,0,1,0,0,1,0,0
kienthuc.net.vn,0,0,1,2,0,0,0,0,1,0,1,1,1,0,1,0,0
thenextweb.com,0,0,1,6,0,0,0,0,0,1,0,1,0,0,1,1,0
fanpage.gr,0,0,1,3,0,0,0,0,1,0,1,1,1,0,1,1,0
otomoto.pl,0,0,1,6,0,0,0,0,0,1,0,1,1,0,1,0,0
cox.com,0,0,1,3,0,0,1,0,0,1,0,0,0,0,1,0,0
tunein.com,0,0,1,5,0,0,0,0,0,1,0,1,0,0,1,1,0
abcnews.go.com,0,0,1,3,0,0,0,0,0,1,0,0,1,0,1,0,0
otomoto.pl,0,0,1,3,0,0,0,0,0,1,0,1,1,0,1,0,0
kakaku.com,0,0,1,6,0,0,0,0,0,1,0,1,0,0,1,0,0
uproxx.com,0,0,1,4,0,0,1,0,0,1,0,1,1,0,1,0,0
olx.in,0,0,1,3,0,0,0,0,0,1,0,1,1,1,1,1,0
bleacherreport.com,0,0,1,2,0,0,1,0,0,1,0,1,1,0,1,0,0
seekingalpha.com,0,0,1,2,0,0,0,0,0,1,0,1,1,0,1,0,0
babal.net,0,0,1,4,0,0,0,0,0,0,0,1,1,0,1,0,0
anandtech.com,0,0,1,2,0,0,0,0,0,1,0,1,1,0,1,1,0
web.de,0,0,1,5,0,0,0,0,0,1,1,1,1,1,1,1,0
sourceforge.net,0,0,1,2,0,0,0,0,0,1,0,1,1,0,1,0,0
espn.go.com,0,0,1,7,0,0,0,0,0,1,0,0,1,0,1,0,0
tsite.jp,0,0,1,2,0,0,0,0,0,1,0,0,0,0,1,0,0
twitter.com,0,0,1,1,0,0,0,0,0,1,0,0,1,0,1,0,0
screenrant.com,0,0,1,1,0,0,1,0,0,1,0,0,1,1,1,1,0
abc.go.com,0,0,1,5,0,0,0,0,0,1,0,0,1,0,1,0,0
uproxx.com,0,0,1,4,0,0,1,0,0,1,0,1,1,0,1,0,0
babal.net,0,0,1,4,0,0,0,0,0,0,0,1,1,0,1,0,0
atwiki.jp,0,0,1,2,0,0,0,0,0,1,0,0,1,0,1,0,0
allegro.pl,0,0,1,1,0,0,0,0,0,1,0,0,1,0,1,0,0
torcache.net,0,0,1,2,0,0,0,0,0,0,0,1,0,0,1,0,0
nymag.com,0,0,1,5,0,0,0,0,0,1,0,0,0,0,1,0,0
gtbank.com,0,0,1,6,0,0,0,0,0,1,0,1,1,0,1,1,0
sourceforge.net,0,0,1,3,0,0,0,0,0,1,0,1,1,0,1,0,0
pornsharing.com,0,0,1,1,0,0,0,0,0,0,0,0,1,0,1,0,0
persianblog.ir,0,0,1,4,0,0,0,0,1,0,1,1,1,1,1,1,0
udn.com,0,0,1,4,0,0,0,0,0,1,0,1,0,0,1,0,0
motthegioi.vn,0,0,1,2,0,0,0,0,1,0,1,1,1,0,1,0,0
stackoverflow.com,0,0,1,3,0,0,0,0,0,1,0,0,1,0,1,0,0
500px.com,0,0,1,3,0,0,1,0,0,1,0,1,1,0,1,0,0
mylust.com,0,0,1,3,0,0,1,0,0,1,0,0,1,1,1,1,0
mic.com,0,0,1,3,0,0,0,0,0,1,0,1,1,0,1,0,0
foursquare.com,0,0,1,3,0,0,0,0,0,1,0,1,1,0,1,0,0
censor.net.ua,0,0,1,3,0,0,0,0,0,0,0,1,1,0,1,0,0
grantland.com,0,0,1,2,0,0,0,0,0,1,0,1,1,0,1,0,0
buzzfil.net,0,0,1,4,0,0,0,0,0,0,0,0,1,1,1,1,0
gov.uk,0,0,1,3,0,0,0,0,1,0,1,1,1,0,1,0,0
distractify.com,0,0,1,10,0,0,0,0,0,1,0,0,1,0,1,0,0
comicbook.com,0,0,1,3,0,0,0,0,0,1,0,1,1,0,1,0,0
kakaku.com,0,0,1,6,0,0,0,0,0,1,0,1,0,0,1,0,0
askubuntu.com,0,0,1,3,0,0,0,0,0,1,0,0,1,0,1,0,0
torcache.net,0,0,1,2,0,0,0,0,0,0,0,1,0,0,1,0,0
tobogo.net,0,0,1,2,0,0,0,0,1,0,1,1,1,1,1,1,0
xhamster.com,0,0,1,3,0,0,0,0,0,1,0,1,1,1,1,1,0
plarium.com,0,0,1,5,0,0,0,0,0,1,0,1,1,0,1,0,0
medium.com,0,0,1,2,0,0,0,0,0,1,0,1,1,0,1,0,0
motthegioi.vn,0,0,1,2,0,0,0,0,1,0,1,1,1,0,1,0,0
depositphotos.com,0,0,1,1,0,0,0,0,0,1,0,1,1,1,1,1,0
sberbank.ru,0,0,1,8,0,0,0,0,0,1,0,1,1,0,1,0,0
moviepilot.com,0,0,1,5,0,0,1,0,0,0,0,1,1,1,1,1,0
seekingalpha.com,0,0,1,2,0,0,0,0,0,1,0,1,1,0,1,0,0
torcache.net,0,0,1,2,0,0,0,0,0,0,0,1,1,0,1,0,0
metro.co.uk,0,0,1,4,0,0,0,0,1,1,1,1,1,0,1,0,0
stackexchange.com,0,0,1,2,0,0,0,0,0,1,0,1,1,0,1,0,0
twitter.com,0,0,1,1,0,0,0,0,0,1,0,0,1,0,1,0,0
sberbank.ru,0,0,1,8,0,0,0,0,0,1,0,1,1,0,1,0,0
fanpage.gr,0,0,1,3,0,0,0,0,1,0,1,1,0,0,1,1,0
otomoto.pl,0,0,1,2,0,0,0,0,0,1,0,1,1,0,1,0,0
deadspin.com,0,0,1,1,0,0,0,0,0,1,0,1,0,0,1,0,0
mirtesen.ru,0,0,1,1,0,0,0,0,0,1,0,0,1,0,1,0,0
seekingalpha.com,0,0,1,3,0,0,0,0,0,1,0,1,1,0,1,0,0
themeforest.net,0,0,1,4,0,0,0,0,0,1,0,1,1,0,1,0,0
babal.net,0,0,1,4,0,0,0,0,0,0,0,1,1,0,1,0,0
moviepilot.com,0,0,1,5,0,0,1,0,0,0,0,1,1,1,1,1,0
babal.net,0,0,1,4,0,0,0,0,0,0,0,1,1,0,1,0,0
extratorrent.cc,0,0,1,3,0,0,0,0,1,0,1,1,1,1,1,1,0
clien.net,0,0,1,3,0,0,0,0,0,1,0,1,1,0,1,0,0
extratorrent.cc,0,0,1,3,0,0,0,0,1,0,1,1,1,1,1,1,0
yourlust.com,0,0,1,2,0,0,1,0,0,1,0,1,1,1,1,1,0
abc.go.com,0,0,1,9,0,0,0,0,0,1,0,0,1,0,1,0,0
sfglobe.com,0,0,1,4,0,0,0,0,0,0,0,1,1,1,1,1,0
venturebeat.com,0,0,1,4,0,0,1,0,0,1,0,1,1,0,1,0,0
correios.com.br,0,1,1,8,0,0,0,0,0,1,0,1,0,0,1,0,0
thenextweb.com,0,0,1,6,0,0,0,0,0,1,0,1,0,0,1,1,0
ifttt.com,0,0,1,2,0,0,1,0,0,1,0,1,0,0,1,0,0
rocketnews24.com,0,0,1,2,0,0,0,0,0,1,0,1,0,0,1,0,0
thenextweb.com,0,0,1,5,0,0,0,0,0,1,0,1,0,0,1,1,0
avxhome.se,0,0,1,3,0,0,0,0,1,0,1,1,1,1,1,1,0
sourceforge.net,0,0,1,3,0,0,0,0,0,1,0,1,1,0,1,0,0
teespring.com,0,0,1,1,0,0,0,0,0,1,0,0,1,0,1,0,0
ecnavi.jp,0,0,1,1,1,0,0,0,0,1,0,0,0,0,1,0,0
comicbook.com,0,0,1,4,0,0,0,0,0,1,0,1,0,0,1,0,0
mic.com,0,0,1,3,0,0,0,0,0,1,0,1,1,0,1,0,0
bestblackhatforum.com,0,0,1,1,0,0,0,0,0,0,0,1,1,0,1,0,0
hollywoodlife.com,0,0,1,4,0,0,0,0,0,1,0,1,1,0,1,0,0
twitter.com,0,0,1,1,0,0,0,0,0,1,0,0,1,0,1,0,0
interpark.com,0,0,1,2,0,0,0,0,0,1,0,0,1,0,1,0,0
twitter.com,0,0,1,1,0,0,0,0,0,1,0,0,1,0,1,0,0
torcache.net,0,0,1,2,0,0,0,0,0,0,0,1,1,0,1,0,0
otomoto.pl,0,0,1,2,0,0,0,0,0,1,0,1,1,0,1,0,0
interpark.com,0,0,1,2,0,0,0,0,0,1,0,0,1,0,1,0,0
techcrunch.com,0,0,1,4,0,0,0,0,0,1,0,1,1,0,1,0,0
emgn.com,0,0,1,2,0,0,0,0,1,0,1,1,1,1,1,1,0
techcrunch.com,0,0,1,4,0,0,0,0,0,1,0,1,1,0,1,0,0
clien.net,0,0,1,3,0,0,0,0,0,1,0,1,1,0,1,0,0
olx.ro,0,0,1,7,0,0,0,0,0,1,1,1,1,0,1,0,0
putlocker.is,0,0,1,1,0,0,0,0,0,0,0,0,1,0,1,0,0
marvel.com,0,0,1,4,0,0,0,0,0,1,0,0,1,0,1,0,0
medium.com,0,0,1,2,0,0,0,0,0,1,0,1,1,0,1,0,0
genius.com,0,0,1,3,0,0,0,0,0,1,0,1,1,0,1,0,0
qz.com,0,0,1,2,0,0,0,0,0,1,0,1,1,0,1,0,0
nguyentandung.org,0,0,1,1,0,0,0,0,0,0,0,0,1,0,1,0,0
emgn.com,0,0,1,2,0,0,0,0,1,0,1,1,1,1,1,1,0
medium.com,0,0,1,2,0,0,0,0,0,1,0,1,1,0,1,0,0
thenextweb.com,0,0,1,5,0,0,0,0,0,1,0,1,0,0,1,1,0
hollywoodlife.com,0,0,1,2,0,0,0,0,0,1,0,1,1,0,1,0,0
deadspin.com,0,0,1,1,0,0,0,0,0,1,0,1,0,0,1,0,0
momoshop.com.tw,0,0,1,2,0,0,0,0,0,1,0,1,1,0,1,0,0
espn.go.com,0,0,1,8,0,0,0,0,0,1,0,0,1,0,1,0,0
depositphotos.com,0,0,1,1,0,0,0,0,0,1,0,1,1,1,1,1,0
digg.com,0,0,1,2,0,0,0,0,0,1,0,1,1,0,1,0,0
rt.com,0,0,1,3,0,0,1,0,0,1,0,0,0,0,1,1,0
syosetu.com,0,0,1,3,0,0,0,0,0,1,0,1,1,0,1,0,0
fishki.net,0,0,1,1,0,0,0,0,0,1,0,1,1,0,1,0,0
diply.com,0,0,1,2,0,0,0,0,0,0,0,1,1,0,1,0,0
olx.in,0,0,1,2,0,0,0,0,0,1,0,1,1,1,1,1,0
torcache.net,0,0,1,2,0,0,0,0,0,0,0,1,1,0,1,0,0
espn.go.com,0,0,1,7,0,0,0,0,0,1,0,0,1,0,1,0,0
extratorrent.cc,0,0,1,3,0,0,0,0,1,0,1,1,1,1,1,1,0
eksisozluk.com,0,0,1,0,0,0,0,0,0,1,0,1,1,0,1,0,0
hubpages.com,0,0,1,2,0,0,0,0,0,1,0,1,1,0,1,0,0
seekingalpha.com,0,0,1,3,0,0,0,0,0,1,0,1,0,0,1,0,0
bdnews24.com,0,0,1,5,0,0,0,0,0,1,0,1,1,0,1,0,0
twitter.com,0,0,1,1,0,0,0,0,0,1,0,0,1,0,1,0,0
momoshop.com.tw,0,0,1,2,0,0,0,0,0,1,0,1,1,0,1,0,0
qz.com,0,0,1,2,0,0,0,0,0,1,0,1,1,0,1,0,0
yourlust.com,0,0,1,2,0,0,1,0,0,1,0,1,1,1,1,1,0
jezebel.com,0,0,1,1,0,0,0,0,0,1,0,1,0,0,1,0,0
kenh14.vn,0,0,1,2,0,0,0,0,1,1,1,1,1,0,1,0,0
mediaset.it,0,0,1,3,0,0,0,0,0,1,0,0,1,0,1,1,0
torcache.net,0,0,1,2,0,0,0,0,0,0,0,1,0,0,1,0,0
mic.com,0,0,1,3,0,0,0,0,0,1,0,1,1,0,1,0,0
olx.ro,0,0,1,4,0,0,0,0,0,1,1,1,1,0,1,0,0
akhbarelyom.com,0,0,1,5,0,0,0,0,0,1,0,1,1,0,1,0,0
otomoto.pl,0,0,1,3,0,0,0,0,0,1,0,1,1,0,1,0,0
askubuntu.com,0,0,1,3,0,0,0,0,0,1,0,0,1,0,1,0,0
mashable.com,0,0,1,5,0,0,0,0,0,1,0,1,0,0,1,0,0
thenextweb.com,0,0,1,7,0,0,0,0,0,1,0,1,0,0,1,1,0
nesn.com,0,0,1,3,0,0,0,0,0,1,0,1,0,0,1,0,0
stackoverflow.com,0,0,1,3,0,0,0,0,0,1,0,0,1,0,1,0,0
extratorrent.cc,0,0,1,3,0,0,0,0,1,0,1,1,1,1,1,1,0
allrecipes.com,0,0,1,4,0,0,0,0,0,1,0,1,1,0,1,0,0
mirtesen.ru,0,0,1,1,0,0,0,0,0,1,0,0,1,0,1,0,0
buzzfil.net,0,0,1,4,0,0,0,0,0,0,0,0,1,1,1,1,0
distractify.com,0,0,1,10,0,0,0,0,0,1,0,0,1,0,1,0,0
lifehacker.com,0,0,1,3,0,0,0,0,0,1,0,1,1,0,1,0,0
techcrunch.com,0,0,1,3,0,0,0,0,0,1,0,1,0,0,1,0,0
ck101.com,0,0,1,1,0,0,0,0,0,0,0,0,1,1,1,1,0
qz.com,0,0,1,2,0,0,0,0,0,1,0,1,1,0,1,0,0
fanpage.gr,0,0,1,3,0,0,0,0,1,0,1,1,1,0,1,1,0
bigcinema.tv,0,0,1,3,0,0,0,0,1,0,1,1,1,1,1,1,0
qz.com,0,0,1,2,0,0,0,0,0,1,0,1,1,0,1,0,0
bigcinema.tv,0,0,1,2,0,0,0,0,1,0,1,1,1,1,1,1,0
extratorrent.cc,0,0,1,3,0,0,0,0,1,0,1,1,1,1,1,1,0
twitter.com,0,0,1,1,0,0,0,0,0,1,0,0,1,0,1,0,0
torrentdn.com,0,0,1,2,0,0,0,0,1,0,1,1,1,1,1,1,0
tunein.com,0,0,1,5,0,0,0,0,0,1,0,1,0,0,1,1,0
mic.com,0,0,1,3,0,0,0,0,0,1,0,1,1,0,1,0,0
cheezburger.com,0,0,1,2,0,0,0,0,0,1,0,0,1,0,1,0,0
extratorrent.cc,0,0,1,3,0,0,0,0,1,0,1,1,1,1,1,1,0
getpocket.com,0,0,1,4,0,0,1,0,0,1,0,0,1,0,1,0,0
xvideo-jp.com,0,0,1,4,0,0,0,1,0,1,0,1,0,0,1,1,0
twitter.com,0,0,1,1,0,0,0,0,0,1,0,0,1,0,1,0,0
oneplus.net,0,0,1,4,0,0,0,0,0,1,0,1,1,1,1,1,0
extratorrent.cc,0,0,1,3,0,0,0,0,1,0,1,1,1,1,1,1,0
kenh14.vn,0,0,1,2,0,0,0,0,1,1,1,1,1,0,1,0,0
kenh14.vn,0,0,1,2,0,0,0,0,1,1,1,1,1,0,1,0,0
ap.org,0,0,1,4,0,0,0,0,0,1,0,1,1,0,1,0,0
otomoto.pl,0,0,1,2,0,0,0,0,0,1,0,1,1,0,1,0,0
plarium.com,0,0,1,5,0,0,0,0,0,1,0,1,1,0,1,0,0
gawker.com,0,0,1,2,0,0,0,0,0,1,0,1,1,0,1,0,0
uproxx.com,0,0,1,4,0,0,1,0,0,1,0,1,1,0,1,0,0
torcache.net,0,0,1,2,0,0,0,0,0,0,0,1,0,0,1,0,0
olx.co.id,0,0,1,2,0,0,1,0,0,1,1,1,1,1,1,1,0
yourlust.com,0,0,1,2,0,0,1,0,0,1,0,1,1,1,1,1,0
emgn.com,0,0,1,2,0,0,0,0,1,0,1,1,1,1,1,1,0
xhamster.com,0,0,1,3,0,0,0,0,0,1,0,1,1,1,1,1,0
medium.com,0,1,1,2,0,0,0,0,0,1,0,1,1,0,1,0,0
distractify.com,0,0,1,2,0,0,0,0,0,1,0,0,1,0,1,0,0
udn.com,0,0,1,4,0,0,0,0,0,1,0,1,0,0,1,0,0
myanimelist.net,0,0,1,1,0,0,0,0,0,1,0,1,0,0,1,0,0
torcache.net,0,0,1,2,0,0,0,0,0,0,0,1,0,0,1,0,0
thenextweb.com,0,0,1,6,0,0,0,0,0,1,0,1,0,0,1,1,0
tobogo.net,0,0,1,2,0,0,0,0,1,0,1,1,1,1,1,1,0
nguyentandung.org,0,0,1,1,0,0,0,0,0,0,0,0,1,1,1,1,0
tobogo.net,0,0,1,2,0,0,0,0,1,0,1,1,1,1,1,1,0
pikabu.ru,0,0,1,3,0,0,0,0,0,1,0,1,1,0,1,0,0
olx.ro,0,0,1,4,0,0,0,0,0,1,1,1,1,0,1,0,0
motthegioi.vn,0,0,1,3,0,0,0,0,1,0,1,1,1,0,1,0,0
kenh14.vn,0,0,1,2,0,0,0,0,1,1,1,1,1,0,1,0,0
indianexpress.com,0,0,1,4,0,0,0,0,0,1,0,1,1,0,1,0,0
motthegioi.vn,0,0,1,2,0,0,0,0,1,0,1,1,1,0,1,0,0
shareba.com,0,0,1,1,0,0,0,0,0,0,0,0,1,0,1,0,0
graphicriver.net,0,0,1,1,0,0,0,0,0,1,0,1,1,0,1,0,0
cox.com,0,0,1,3,0,0,1,0,0,1,0,0,0,0,1,0,0
emgn.com,0,0,1,2,0,0,0,0,1,0,1,1,1,1,1,1,0
nguyentandung.org,0,0,1,1,0,0,0,0,0,0,0,0,1,0,1,0,0
motthegioi.vn,0,0,1,2,0,0,0,0,1,0,1,1,1,0,1,0,0
kakaku.com,0,0,1,6,0,0,0,0,0,1,0,1,1,0,1,0,0
medium.com,0,1,1,2,0,0,0,0,0,1,0,1,1,0,1,0,0
hubpages.com,0,0,1,2,0,0,0,0,0,1,0,1,1,0,1,0,0
correios.com.br,0,0,1,4,0,0,0,0,0,1,0,1,0,0,1,0,0
tobogo.net,0,0,1,2,0,0,0,0,1,0,1,1,1,1,1,1,0
pornsharing.com,0,0,1,1,0,0,0,0,0,0,0,0,1,0,1,0,0
2gis.ru,0,0,1,7,0,0,0,0,0,1,0,0,1,0,1,0,0
espn.go.com,0,0,1,7,0,0,0,0,0,1,0,0,1,0,1,0,0
sourceforge.net,0,0,1,3,0,0,0,0,0,1,0,1,1,0,1,0,0
tune.pk,0,0,1,3,0,0,0,0,0,0,0,1,1,1,1,1,0
marvel.com,0,0,1,4,0,0,0,0,0,1,0,0,1,0,1,0,0
motthegioi.vn,0,0,1,2,0,0,0,0,1,0,1,1,1,0,1,0,0
medium.com,0,1,1,2,0,0,0,0,0,1,0,1,1,0,1,0,0
kotaku.com,0,0,1,2,0,0,0,0,0,1,0,0,1,0,1,0,0
auto.ru,0,0,1,4,0,0,0,0,0,1,0,0,1,0,1,0,0
myspace.com,0,0,1,3,0,0,0,0,0,1,0,1,1,0,1,0,0
stackoverflow.com,0,0,1,3,0,0,0,0,0,1,0,0,1,0,1,0,0
babal.net,0,0,1,4,0,0,0,0,0,0,0,1,1,0,1,0,0
tinnhanh360.net,0,0,1,1,0,0,0,0,0,0,0,0,1,0,1,0,0
babal.net,0,0,1,4,0,0,0,0,0,0,0,1,1,0,1,0,0
putlocker.is,0,0,1,1,0,0,0,0,0,0,0,0,1,0,1,0,0
extratorrent.cc,0,0,1,3,0,0,0,0,1,0,1,1,1,1,1,1,0
pikabu.ru,0,0,1,3,0,0,0,0,0,1,0,1,1,0,1,0,0
olx.ua,0,0,1,3,0,0,0,0,0,1,0,0,1,0,1,0,0
censor.net.ua,0,0,1,3,0,0,0,0,0,0,0,1,1,0,1,0,0
evernote.com,0,0,1,3,0,0,0,0,0,1,0,1,1,0,1,0,0
babal.net,0,0,1,4,0,0,0,0,0,0,0,1,1,0,1,0,0
indianexpress.com,0,0,1,4,0,0,0,0,0,1,0,1,1,0,1,0,0
nymag.com,0,0,1,5,0,0,0,0,0,1,0,0,0,0,1,0,0
syosetu.com,0,0,1,3,0,0,0,0,0,1,0,1,1,0,1,0,0
deadspin.com,0,0,1,3,0,0,0,0,0,1,0,1,0,0,1,0,0
digg.com,0,0,1,2,0,0,0,0,0,1,0,1,1,0,1,0,0
espn.go.com,0,0,1,7,0,0,0,0,0,1,0,0,1,0,1,0,0
housing.com,0,0,1,4,0,0,0,0,0,1,0,1,1,0,1,0,0
searchengineland.com,0,0,1,1,0,0,0,0,0,1,0,1,1,0,1,0,0
olx.pl,0,0,1,7,0,0,0,0,0,1,0,0,1,0,1,0,0
aljazeera.net,0,0,1,6,0,0,0,0,0,1,0,1,1,0,1,0,0
mic.com,0,0,1,3,0,0,0,0,0,1,0,1,1,0,1,0,0
codecanyon.net,0,0,1,4,0,0,0,0,0,1,0,1,1,0,1,0,0
correios.com.br,0,0,1,4,0,0,0,0,0,1,0,1,0,0,1,0,0
hdfcbank.com,0,0,1,5,0,0,0,0,0,1,0,1,1,1,1,1,0
kakaku.com,0,0,1,6,0,0,0,0,0,1,0,1,0,0,1,0,0
espn.go.com,0,0,1,8,0,0,0,0,0,1,0,0,1,0,1,0,0
worldoftanks.ru,0,0,1,5,0,0,0,0,0,0,0,1,0,0,1,0,0
motthegioi.vn,0,0,1,2,0,0,0,0,1,0,1,1,1,0,1,0,0
distractify.com,0,0,1,10,0,0,0,0,0,1,0,0,1,0,1,0,0
tunein.com,0,0,1,5,0,0,0,0,0,1,0,1,0,0,1,1,0
bgr.com,0,0,1,4,0,0,0,0,0,1,0,1,0,0,1,0,0
babal.net,0,0,1,4,0,0,0,0,0,0,0,1,1,0,1,0,0
bleacherreport.com,0,0,1,2,0,0,1,0,0,1,0,1,0,0,1,0,0
emgn.com,0,0,1,2,0,0,0,0,1,0,1,1,1,1,1,1,0
emgn.com,0,0,1,2,0,0,0,0,1,0,1,1,1,1,1,1,0
babal.net,0,0,1,3,0,0,0,0,0,0,0,1,1,0,1,0,0
pornsharing.com,0,0,1,1,0,0,0,0,0,0,0,0,1,0,1,0,0
torcache.net,0,0,1,2,0,0,0,0,0,0,0,1,0,0,1,0,0
grantland.com,0,0,1,2,0,0,0,0,0,1,0,1,0,0,1,0,0
techcrunch.com,0,0,1,4,0,0,0,0,0,1,0,1,1,0,1,0,0
distractify.com,0,0,1,10,0,0,0,0,0,1,0,0,1,0,1,0,0
torcache.net,0,0,1,2,0,0,0,0,0,0,0,1,0,0,1,0,0
distractify.com,0,0,1,10,0,0,0,0,0,1,0,0,1,0,1,0,0
bestblackhatforum.com,0,0,1,1,0,0,0,0,0,0,0,1,1,0,1,0,0
tobogo.net,0,0,1,2,0,0,0,0,1,0,1,1,1,1,1,1,0
babal.net,0,0,1,4,0,0,0,0,0,0,0,1,1,0,1,0,0
katproxy.com,0,0,1,1,0,0,0,0,0,0,0,0,0,0,1,0,0
correios.com.br,0,0,1,6,0,0,0,0,0,1,0,1,0,0,1,0,0
twitter.com,0,0,1,1,0,0,0,0,0,1,0,0,1,0,1,0,0
pornsharing.com,0,0,1,1,0,0,0,0,0,0,0,0,1,0,1,0,0
tobogo.net,0,0,1,2,0,0,0,0,1,0,1,1,1,1,1,1,0
shop-pro.jp,0,0,1,2,0,0,0,1,0,1,0,0,1,0,1,1,0
medium.com,0,1,1,2,0,0,0,0,0,1,0,1,1,0,1,0,0
pitchfork.com,0,0,1,2,0,0,0,0,0,1,0,0,0,0,1,0,0
katproxy.com,0,0,1,1,0,0,0,0,0,0,0,0,1,0,1,0,0
tobogo.net,0,0,1,2,0,0,0,0,1,0,1,1,1,1,1,1,0
babal.net,0,0,1,3,0,0,0,0,0,0,0,1,1,0,1,0,0
twitter.com,0,0,1,1,0,0,0,0,0,1,0,0,1,0,1,0,0
buzzfil.net,0,0,1,4,0,0,0,0,0,0,0,0,1,1,1,1,0
thenextweb.com,0,0,1,7,0,0,0,0,0,1,0,1,0,0,1,1,0
kienthuc.net.vn,0,0,1,2,0,0,0,0,1,0,1,1,1,0,1,0,0
web.de,0,0,1,5,0,0,0,0,0,1,1,1,1,1,1,1,0
tobogo.net,0,0,1,2,0,0,0,0,1,0,1,1,1,1,1,1,0
plarium.com,0,0,1,5,0,0,0,0,0,1,0,1,1,0,1,0,0
bestblackhatforum.com,0,0,1,1,0,0,0,0,0,0,0,1,1,0,1,0,0
thenextweb.com,0,0,1,6,0,0,0,0,0,1,0,1,0,0,1,1,0
mic.com,0,0,1,3,0,0,0,0,0,1,0,1,1,0,1,0,0
getpocket.com,0,0,1,1,1,0,1,0,0,1,0,0,1,0,1,0,0
indianexpress.com,0,0,1,4,0,0,0,0,0,1,0,1,1,0,1,0,0
putlocker.is,0,0,1,1,0,0,0,0,0,0,0,0,1,0,1,0,0
web.de,0,0,1,4,0,0,0,0,0,1,1,1,1,1,1,1,0
maybank2u.com.my,0,0,1,4,0,0,0,0,0,1,0,1,1,1,1,1,0
tobogo.net,0,0,1,2,0,0,0,0,1,0,1,1,1,1,1,1,0
mylust.com,0,0,1,3,0,0,1,0,0,1,0,0,0,0,1,0,0
babal.net,0,0,1,4,0,0,0,0,0,0,0,1,1,0,1,0,0
twitter.com,0,0,1,1,0,0,0,0,0,1,0,0,1,0,1,0,0
nguyentandung.org,0,0,1,1,0,0,0,0,0,0,0,0,1,1,1,1,0
variety.com,0,0,1,4,0,0,0,0,0,1,0,1,0,0,1,0,0
kienthuc.net.vn,0,0,1,2,0,0,0,0,1,0,1,1,1,0,1,0,0
elcomercio.pe,0,0,1,3,0,0,0,0,0,1,1,1,0,0,1,0,0
torrentdn.com,0,0,1,2,0,0,0,0,1,0,1,1,1,1,1,1,0
indianexpress.com,0,0,1,5,0,0,0,0,0,1,0,1,1,0,1,0,0
persianblog.ir,0,0,1,3,0,0,0,0,1,0,1,1,1,1,1,1,0
interpark.com,0,0,1,2,0,0,0,0,0,1,0,0,1,0,1,0,0
qz.com,0,0,1,2,0,0,0,0,0,1,0,1,1,0,1,0,0
xhamster.com,0,0,1,3,0,0,0,0,0,1,0,1,1,1,1,1,0
distractify.com,0,0,1,2,0,0,0,0,0,1,0,0,1,0,1,0,0
tunein.com,0,0,1,5,0,0,0,0,0,1,0,1,0,0,1,1,0
tinnhanh360.net,0,0,1,1,0,0,0,0,0,0,0,0,1,0,1,0,0
tinnhanh360.net,0,0,1,1,0,0,0,0,0,0,0,0,1,0,1,0,0
web.de,0,0,1,5,0,0,0,0,0,1,1,1,1,1,1,1,0
codecanyon.net,0,0,1,4,0,0,0,0,0,1,0,1,1,0,1,0,0
hdfcbank.com,0,0,1,4,0,0,0,0,0,1,0,1,1,0,1,0,0
tunein.com,0,0,1,5,0,0,0,0,0,1,0,1,0,0,1,0,0
auto.ru,0,0,1,4,0,0,0,0,0,1,0,0,1,0,1,0,0
interpark.com,0,0,1,2,0,0,0,0,0,1,0,0,1,0,1,0,0
grantland.com,0,0,1,2,0,0,0,0,0,1,0,1,1,0,1,0,0
qz.com,0,0,1,2,0,0,0,0,0,1,0,1,1,0,1,0,0
olx.pl,0,0,1,7,0,0,0,0,0,1,0,0,1,0,1,0,0
grantland.com,0,0,1,2,0,0,0,0,0,1,0,1,1,0,1,0,0
thenextweb.com,0,0,1,6,0,0,0,0,0,1,0,1,0,0,1,1,0
tinnhanh360.net,0,0,1,1,0,0,0,0,0,0,0,0,1,0,1,0,0
clien.net,0,0,1,3,0,0,0,0,0,1,0,1,1,0,1,0,0
tobogo.net,0,0,1,2,0,0,0,0,1,0,1,1,1,1,1,1,0
tunein.com,0,0,1,5,0,0,0,0,0,1,0,1,0,0,1,1,0
plarium.com,0,0,1,5,0,0,0,0,0,1,0,1,1,0,1,0,0
themeforest.net,0,0,1,4,0,0,0,0,0,1,0,1,1,0,1,0,0
slashdot.org,0,0,1,3,0,0,0,0,0,1,0,1,1,0,1,0,0
bdnews24.com,0,0,1,5,0,0,0,0,0,1,0,1,1,0,1,0,0
medium.com,0,0,1,2,0,0,0,0,0,1,0,1,1,0,1,0,0
allegro.pl,0,0,1,2,0,0,0,0,0,1,0,0,1,0,1,0,0
torcache.net,0,0,1,2,0,0,0,0,0,0,0,1,0,0,1,0,0
depositphotos.com,0,0,1,1,0,0,0,0,0,1,0,1,1,1,1,1,0
allegro.pl,0,0,1,2,0,0,0,0,0,1,0,0,1,0,1,0,0
torcache.net,0,0,1,2,0,0,0,0,0,0,0,1,0,0,1,0,0
extratorrent.cc,0,0,1,3,0,0,0,0,1,0,1,1,1,1,1,1,0
tobogo.net,0,0,1,2,0,0,0,0,1,0,1,1,1,1,1,1,0
aljazeera.net,0,0,1,6,0,0,0,0,0,1,0,1,1,0,1,1,0
katproxy.com,0,0,1,2,0,0,0,0,0,0,0,0,1,0,1,0,0
ifttt.com,0,0,1,2,0,0,1,0,0,1,0,1,0,0,1,0,0
xhamster.com,0,0,1,3,0,0,0,0,0,1,0,1,1,1,1,1,0
themeforest.net,0,0,1,4,0,0,0,0,0,1,0,1,1,0,1,0,0
techcrunch.com,0,0,1,4,0,0,0,0,0,1,0,1,1,0,1,0,0
qz.com,0,0,1,2,0,0,0,0,0,1,0,1,1,0,1,0,0
babal.net,0,0,1,4,0,0,0,0,0,0,0,1,1,0,1,0,0
web.de,0,0,1,5,0,0,0,0,0,1,1,1,1,1,1,1,0
1337x.to,0,0,1,3,0,0,0,0,0,1,0,1,1,1,1,1,0
aljazeera.net,0,0,1,4,0,0,0,0,0,1,0,1,1,0,1,0,0
babal.net,0,0,1,3,0,0,0,0,0,0,0,1,1,0,1,0,0
distractify.com,0,0,1,10,0,0,0,0,0,1,0,0,1,0,1,0,0
medium.com,0,1,1,2,0,0,0,0,0,1,0,1,1,0,1,0,0
hubpages.com,0,0,1,2,0,0,0,0,0,1,0,1,1,0,1,0,0
hubpages.com,0,0,1,4,0,0,0,0,0,1,0,1,1,0,1,0,0
perezhilton.com,0,0,1,1,0,0,0,0,0,1,0,0,1,0,1,0,0
elitedaily.com,0,0,1,4,0,0,0,0,0,1,0,1,1,0,1,1,0
bestblackhatforum.com,0,0,1,1,0,0,0,0,0,0,0,1,1,0,1,0,0
sourceforge.net,0,0,1,3,0,0,0,0,0,1,0,1,1,0,1,0,0
kickass.to,0,0,1,1,0,0,0,0,0,0,0,1,1,1,1,1,0
myspace.com,0,0,1,4,0,0,0,0,0,1,0,1,1,0,1,0,0
babal.net,0,0,1,4,0,0,0,0,0,0,0,1,1,0,1,0,0
katproxy.com,0,0,1,1,0,0,0,0,0,0,0,0,0,0,1,0,0
otomoto.pl,0,0,1,2,0,0,0,0,0,1,0,1,1,0,1,0,0
extratorrent.cc,0,0,1,3,0,0,0,0,1,0,1,1,1,1,1,1,0
maybank2u.com.my,0,0,1,4,0,0,0,0,0,1,0,1,1,1,1,1,0
techcrunch.com,0,0,1,4,0,0,0,0,0,1,0,1,1,0,1,0,0
pornsharing.com,0,0,1,1,0,0,0,0,0,0,0,0,1,0,1,0,0
fanpage.gr,0,0,1,3,0,0,0,0,1,0,1,1,1,0,1,1,0
motthegioi.vn,0,0,1,2,0,0,0,0,1,0,1,1,1,0,1,0,0
patch.com,0,0,1,3,0,0,0,0,0,1,0,1,0,0,1,0,0
xhamster.com,0,0,1,3,0,0,0,0,0,1,0,1,1,1,1,1,0
nguyentandung.org,0,0,1,1,0,0,0,0,0,0,0,0,1,1,1,1,0
atwiki.jp,0,0,1,2,0,0,0,0,0,1,0,0,1,0,1,0,0
mashable.com,0,0,1,6,0,0,0,0,0,1,0,1,0,0,1,0,0
metro.co.uk,0,0,1,4,0,0,0,0,1,1,1,1,1,0,1,0,0
katproxy.com,0,0,1,1,0,0,0,0,0,0,0,0,1,0,1,0,0
auto.ru,0,0,1,4,0,0,0,0,0,1,0,0,1,0,1,0,0
olx.ua,0,0,1,3,0,0,0,0,0,1,0,0,1,0,1,0,0
ecnavi.jp,0,0,1,1,1,0,0,0,0,1,0,0,0,0,1,0,0
olx.ro,0,0,1,5,0,0,0,0,0,1,1,1,1,0,1,0,0
interpark.com,0,0,1,2,0,0,0,0,0,1,0,0,1,0,1,0,0
depositphotos.com,0,0,1,1,0,0,0,0,0,1,0,1,1,1,1,1,0
olx.co.id,0,0,1,7,0,0,1,0,0,1,1,1,1,1,1,1,0
extratorrent.cc,0,0,1,3,0,0,0,0,1,0,1,1,1,1,1,1,0
bongda88.info,0,0,1,1,0,0,0,0,1,0,1,1,1,0,1,0,0
torcache.net,0,0,1,2,0,0,0,0,0,0,0,1,0,0,1,0,0
allrecipes.com,0,0,1,3,0,0,0,0,0,1,0,1,1,0,1,0,0
mic.com,0,0,1,3,0,0,0,0,0,1,0,1,1,0,1,0,0
pornsharing.com,0,0,1,1,0,0,0,0,0,0,0,0,1,0,1,0,0
bigcinema.tv,0,0,1,3,0,0,0,0,1,0,1,1,1,1,1,1,0
torcache.net,0,0,1,2,0,0,0,0,0,0,0,1,0,0,1,0,0
tunein.com,0,0,1,5,0,0,0,0,0,1,0,1,0,0,1,1,0
pikabu.ru,0,0,1,3,0,0,0,0,0,1,0,1,1,0,1,0,0
plarium.com,0,0,1,5,0,0,0,0,0,1,0,1,1,0,1,0,0
comicbook.com,0,0,1,4,0,0,0,0,0,1,0,1,0,0,1,0,0
medium.com,0,1,1,2,0,0,0,0,0,1,0,1,1,0,1,0,0
worldoftanks.ru,0,0,1,3,1,0,0,0,0,0,0,1,0,0,1,0,0
taboola.com,0,0,1,2,0,0,0,0,0,1,0,1,0,0,1,0,0
zozo.jp,0,0,1,2,0,0,0,0,0,1,0,0,1,0,1,0,0
tobogo.net,0,0,1,2,0,0,0,0,1,0,1,1,1,1,1,1,0
mylust.com,0,0,1,3,0,0,1,0,0,1,0,0,0,0,1,0,0
otomoto.pl,0,0,1,4,0,0,0,0,0,1,0,1,1,0,1,0,0
babal.net,0,0,1,4,0,0,0,0,0,0,0,1,1,0,1,0,0
khabaronline.ir,0,0,1,5,0,0,0,0,0,1,1,1,1,0,1,1,0
xvideo-jp.com,0,0,1,3,0,0,0,1,0,1,0,1,0,0,1,0,0
tobogo.net,0,0,1,2,0,0,0,0,1,0,1,1,1,1,1,1,0
olx.pl,0,0,1,7,0,0,0,0,0,1,0,0,1,0,1,0,0
buzzfil.net,0,0,1,4,0,0,0,0,0,0,0,0,1,1,1,1,0
buzzfil.net,0,0,1,4,0,0,0,0,0,0,0,0,1,1,1,1,0
distractify.com,0,0,1,10,0,0,0,0,0,1,0,0,1,0,1,0,0
kotaku.com,0,0,1,2,0,0,0,0,0,1,0,0,1,0,1,0,0
motthegioi.vn,0,0,1,2,0,0,0,0,1,0,1,1,1,0,1,0,0
motthegioi.vn,0,0,1,2,0,0,0,0,1,0,1,1,1,0,1,0,0
ameblo.jp,0,0,1,3,0,0,0,0,0,1,0,1,1,0,1,0,0
mylust.com,0,0,1,3,0,0,1,0,0,1,0,0,0,0,1,0,0
torcache.net,0,0,1,2,0,0,0,0,0,0,0,1,0,0,1,0,0
thechive.com,0,0,1,4,0,0,0,0,0,1,0,0,1,0,1,1,0
indianexpress.com,0,0,1,3,0,0,0,0,0,1,0,1,1,0,1,0,0
olx.co.id,0,0,1,2,0,0,1,0,0,1,1,1,1,1,1,1,0
udn.com,0,0,1,4,0,0,0,0,0,1,0,1,0,0,1,0,0
ink361.com,0,0,1,6,0,0,0,0,0,0,0,0,1,0,1,0,0
thenextweb.com,0,0,1,7,0,0,0,0,0,1,0,1,0,0,1,1,0
ap.org,0,0,1,4,0,0,0,0,0,1,0,1,1,0,1,0,0
cheezburger.com,0,0,1,2,0,0,0,0,0,1,0,0,1,0,1,0,0
interpark.com,0,0,1,2,0,0,0,0,0,1,0,0,1,0,1,0,0
extratorrent.cc,0,0,1,3,0,0,0,0,1,0,1,1,1,1,1,1,0
allegro.pl,0,0,1,3,0,0,0,0,0,1,0,0,1,0,1,0,0
tunein.com,0,0,1,5,0,0,0,0,0,1,0,1,0,0,1,1,0
distractify.com,0,0,1,10,0,0,0,0,0,1,0,0,1,0,1,0,0
kakaku.com,0,0,1,6,0,0,0,0,0,1,0,1,0,0,1,0,0
torrentdn.com,0,0,1,2,0,0,0,0,1,0,1,1,1,1,1,1,0
allegro.pl,0,0,1,2,0,0,0,0,0,1,0,0,1,0,1,0,0
kenh14.vn,0,0,1,2,0,0,0,0,1,1,1,1,0,0,1,0,0
motthegioi.vn,0,0,1,2,0,0,0,0,1,0,1,1,1,0,1,0,0
momoshop.com.tw,0,0,1,2,0,0,0,0,0,1,0,1,1,0,1,0,0
ck101.com,0,0,1,1,0,0,0,0,0,0,0,0,1,1,1,1,0
motthegioi.vn,0,0,1,2,0,0,0,0,1,0,1,1,1,0,1,0,0
atwiki.jp,0,0,1,2,0,0,0,0,0,1,0,0,1,0,1,0,0
onedio.com,0,0,1,2,0,0,0,0,0,1,0,1,0,0,1,0,0
nguyentandung.org,0,0,1,1,0,0,0,0,0,0,0,0,1,1,1,1,0
seekingalpha.com,0,0,1,2,0,0,0,0,0,1,0,1,1,0,1,0,0
extratorrent.cc,0,0,1,3,0,0,0,0,1,0,1,1,1,1,1,1,0
motthegioi.vn,0,0,1,2,0,0,0,0,1,0,1,1,1,0,1,0,0
interpark.com,0,0,1,2,0,0,0,0,0,1,0,0,1,0,1,0,0
giphy.com,0,0,1,2,0,0,0,0,0,1,0,1,1,1,1,1,0
serverfault.com,0,0,1,3,0,0,1,0,0,1,0,1,1,0,1,0,0
udn.com,0,0,1,4,0,0,0,0,0,1,0,1,0,0,1,0,0
tinnhanh360.net,0,0,1,1,0,0,0,0,0,0,0,0,1,0,1,0,0
olx.co.id,0,0,1,2,0,0,1,0,0,1,1,1,1,1,1,1,0
hootsuite.com,0,0,1,3,0,0,0,0,0,1,0,1,0,0,1,0,0
skyrock.com,0,0,1,2,0,0,0,0,0,1,0,1,1,0,1,0,0
olx.co.id,0,0,1,7,0,0,1,0,0,1,1,1,1,1,1,1,0
akhbarelyom.com,0,0,1,5,0,0,0,0,0,1,0,1,1,0,1,0,0
motthegioi.vn,0,0,1,2,0,0,0,0,1,0,1,1,1,0,1,0,0
cheezburger.com,0,0,1,2,0,0,0,0,0,1,0,0,1,0,1,0,0
nesn.com,0,0,1,3,0,0,0,0,0,1,0,1,0,0,1,0,0
skyrock.com,0,0,1,2,0,0,0,0,0,1,0,1,1,0,1,0,0
twitter.com,0,0,1,1,0,0,0,0,0,1,0,0,1,0,1,0,0
plarium.com,0,0,1,5,0,0,0,0,0,1,0,1,1,0,1,0,0
twitter.com,0,0,1,1,0,0,0,0,0,1,0,0,1,0,1,0,0
torcache.net,0,0,1,2,0,0,0,0,0,0,0,1,0,0,1,0,0
metro.co.uk,0,0,1,4,0,0,0,0,1,1,1,1,1,0,1,0,0
codecanyon.net,0,0,1,4,0,0,0,0,0,1,0,1,1,0,1,0,0
kenh14.vn,0,0,1,2,0,0,0,0,1,1,1,1,1,0,1,0,0
elcomercio.pe,0,0,1,3,0,0,0,0,0,1,1,1,0,0,1,0,0
serverfault.com,0,0,1,3,0,0,1,0,0,1,0,1,1,0,1,0,0
distractify.com,0,0,1,10,0,0,0,0,0,1,0,0,1,0,1,0,0
ecnavi.jp,0,0,1,1,1,0,0,0,0,1,0,0,0,0,1,0,0
olx.ro,0,0,1,7,0,0,0,0,0,1,1,1,1,0,1,0,0
torcache.net,0,0,1,2,0,0,0,0,0,0,0,1,0,0,1,0,0
allrecipes.com,0,0,1,4,0,0,0,0,0,1,0,1,1,0,1,0,0
censor.net.ua,0,0,1,3,0,0,0,0,0,0,0,1,1,0,1,0,0
cox.com,0,0,1,2,0,0,1,0,0,1,0,0,1,0,1,1,0
interpark.com,0,0,1,2,0,0,0,0,0,1,0,0,1,0,1,0,0
babal.net,0,0,1,4,0,0,0,0,0,0,0,1,1,0,1,0,0
ringring.vn,0,0,1,1,0,0,0,0,1,0,1,1,1,0,1,0,0
pitchfork.com,0,0,1,3,0,0,0,0,0,1,0,0,0,0,1,0,0
slashdot.org,0,0,1,6,0,0,0,0,0,1,0,1,1,0,1,0,0
variety.com,0,0,1,4,0,0,0,0,0,1,0,1,0,0,1,0,0
venturebeat.com,0,0,1,4,0,0,1,0,0,1,0,1,1,0,1,0,0
searchengineland.com,0,0,1,1,0,0,0,0,0,1,0,1,1,0,1,0,0
olx.ro,0,0,1,4,0,0,0,0,0,1,1,1,1,0,1,0,0
emgn.com,0,0,1,2,0,0,0,0,1,0,1,1,1,1,1,1,0
torrentdn.com,0,0,1,2,0,0,0,0,1,0,1,1,1,1,1,1,0
elitedaily.com,0,0,1,3,0,0,0,0,0,1,0,1,1,0,1,1,0
distractify.com,0,0,1,10,0,0,0,0,0,1,0,0,1,0,1,0,0
torrentdn.com,0,0,1,2,0,0,0,0,1,0,1,1,1,1,1,1,0
katproxy.com,0,0,1,1,0,0,0,0,0,0,0,0,0,0,1,0,0
diply.com,0,0,1,3,0,0,0,0,0,0,0,1,1,0,1,0,0
akhbarelyom.com,0,0,1,5,0,0,0,0,0,1,0,1,1,0,1,0,0
web.de,0,0,1,4,0,0,0,0,0,1,1,1,1,1,1,1,0
thenextweb.com,0,0,1,7,0,0,0,0,0,1,0,1,0,0,1,1,0
lifehacker.com,0,0,1,2,0,0,0,0,0,1,0,1,1,0,1,0,0
themeforest.net,0,0,1,4,0,0,0,0,0,1,0,1,1,0,1,0,0
caixa.gov.br,0,0,1,4,0,0,0,0,0,1,1,1,1,0,1,1,0
plarium.com,0,0,1,5,0,0,0,0,0,1,0,1,1,0,1,0,0
olx.co.id,0,0,1,2,0,0,1,0,0,1,1,1,1,1,1,1,0
distractify.com,0,0,1,10,0,0,0,0,0,1,0,0,1,0,1,0,0
abc.go.com,0,0,1,11,1,0,0,0,0,1,0,0,1,0,1,0,0
ecnavi.jp,0,0,1,1,1,0,0,0,0,1,0,0,0,0,1,0,0
censor.net.ua,0,0,1,3,0,0,0,0,0,0,0,1,1,0,1,0,0
rt.com,0,0,1,3,0,0,1,0,0,1,0,0,0,0,1,1,0
babal.net,0,0,1,3,0,0,0,0,0,0,0,1,1,0,1,0,0
plarium.com,0,0,1,5,0,0,0,0,0,1,0,1,1,0,1,0,0
elevenia.co.id,0,0,1,1,0,0,0,0,1,0,1,1,1,1,1,1,0
avxhome.se,0,0,1,3,0,0,0,0,1,0,1,1,1,1,1,1,0
hubpages.com,0,0,1,1,0,0,0,0,0,1,0,1,1,0,1,0,0
babal.net,0,0,1,4,0,0,0,0,0,0,0,1,1,0,1,0,0
privatbank.ua,0,0,1,3,0,0,0,0,0,1,0,1,0,0,1,0,0
extratorrent.cc,0,0,1,3,0,0,0,0,1,0,1,1,1,1,1,1,0
babal.net,0,0,1,3,0,0,0,0,0,0,0,1,1,0,1,0,0
arstechnica.com,0,0,1,4,0,0,0,0,0,1,0,1,1,0,1,0,0
interpark.com,0,0,1,2,0,0,0,0,0,1,0,0,1,0,1,0,0
jezebel.com,0,0,1,2,0,0,0,0,0,1,0,1,0,0,1,0,0
torcache.net,0,0,1,2,0,0,0,0,0,0,0,1,0,0,1,0,0
twitter.com,0,0,1,1,0,0,0,0,0,1,0,0,1,0,1,0,0
twitter.com,0,0,1,1,0,0,0,0,0,1,0,0,1,0,1,0,0
indianexpress.com,0,0,1,3,0,0,0,0,0,1,0,1,1,0,1,0,0
tobogo.net,0,0,1,2,0,0,0,0,1,0,1,1,1,1,1,1,0
fishki.net,0,0,1,2,0,0,0,0,0,1,0,1,0,0,1,0,0
hollywoodlife.com,0,0,1,4,0,0,0,0,0,1,0,1,1,0,1,0,0
extratorrent.cc,0,0,1,3,0,0,0,0,1,0,1,1,1,1,1,1,0
babal.net,0,0,1,4,0,0,0,0,0,0,0,1,1,0,1,0,0
bestblackhatforum.com,0,0,1,1,0,0,0,0,0,0,0,1,1,0,1,0,0
stackoverflow.com,0,0,1,3,0,0,0,0,0,1,0,0,1,0,1,0,0
oneplus.net,0,0,1,4,0,0,0,0,0,1,0,1,1,1,1,1,0
tinnhanh360.net,0,0,1,1,0,0,0,0,0,0,0,0,1,0,1,0,0
udn.com,0,0,1,4,0,0,0,0,0,1,0,1,0,0,1,0,0
correios.com.br,0,0,1,5,0,0,0,0,0,1,0,1,0,0,1,0,0
askubuntu.com,0,0,1,3,0,0,0,0,0,1,0,0,1,0,1,0,0
motthegioi.vn,0,0,1,3,0,0,0,0,1,0,1,1,1,0,1,0,0
atwiki.jp,0,0,1,2,0,0,0,0,0,1,0,0,1,0,1,0,0
nypost.com,0,0,1,4,0,0,1,0,0,1,0,1,0,0,1,0,0
babal.net,0,0,1,4,0,0,0,0,0,0,0,1,1,0,1,0,0
digg.com,0,0,1,2,0,0,0,0,0,1,0,1,1,0,1,0,0
sberbank.ru,0,0,1,7,0,0,0,0,0,1,0,1,1,0,1,0,0
irecommend.ru,0,0,1,2,0,0,0,0,0,1,0,1,1,0,1,0,0
distractify.com,0,0,1,10,0,0,0,0,0,1,0,0,1,0,1,0,0
allegro.pl,0,0,1,3,0,0,0,0,0,1,0,0,1,0,1,0,0
perezhilton.com,0,0,1,1,0,0,0,0,0,1,0,0,1,0,1,0,0
nesn.com,0,0,1,3,0,0,0,0,0,1,0,1,0,0,1,0,0
torcache.net,0,0,1,2,0,0,0,0,0,0,0,1,1,0,1,0,0
kickass.to,0,0,1,3,0,0,0,0,0,0,0,1,1,1,1,1,0
onedio.com,0,0,1,2,0,0,0,0,0,1,0,1,0,0,1,0,0
depositphotos.com,0,0,1,1,0,0,0,0,0,1,0,1,1,1,1,1,0
torrentdn.com,0,0,1,2,0,0,0,0,1,0,1,1,1,1,1,1,0
smallseotools.com,0,0,1,2,0,0,0,0,0,1,0,1,1,0,1,0,0
distractify.com,0,0,1,10,0,0,0,0,0,1,0,0,1,0,1,0,0
thenextweb.com,0,0,1,5,0,0,0,0,0,1,0,1,0,0,1,1,0
cox.com,0,0,1,4,0,0,1,0,0,1,0,0,1,0,1,1,0
perezhilton.com,0,0,1,2,0,0,0,0,0,1,0,0,1,0,1,0,0
persianblog.ir,0,0,1,4,0,0,0,0,1,0,1,1,1,1,1,1,0
twitter.com,0,0,1,1,0,0,0,0,0,1,0,0,1,0,1,0,0
themeforest.net,0,0,1,4,0,0,0,0,0,1,0,1,1,0,1,0,0
olx.co.id,0,0,1,7,0,0,1,0,0,1,1,1,1,1,1,1,0
hubpages.com,0,0,1,2,0,0,0,0,0,1,0,1,1,0,1,0,0
stackoverflow.com,0,0,1,3,0,0,0,0,0,1,0,0,1,0,1,0,0
smallseotools.com,0,0,1,2,0,0,0,0,1,1,1,1,1,0,1,0,0
grantland.com,0,0,1,2,0,0,0,0,0,1,0,1,1,0,1,0,0
wikiwiki.jp,0,0,1,1,0,0,0,0,0,1,0,1,0,0,1,1,0
olx.ua,0,0,1,2,0,0,0,0,0,1,0,0,1,0,1,0,0
censor.net.ua,0,0,1,3,0,0,0,0,0,0,0,1,1,0,1,0,0
cheezburger.com,0,0,1,2,0,0,0,0,0,1,0,0,1,0,1,0,0
themeforest.net,0,0,1,4,0,0,0,0,0,1,0,1,1,0,1,0,0
olx.ua,0,0,1,3,0,0,0,0,0,1,0,0,1,0,1,0,0
tobogo.net,0,0,1,2,0,0,0,0,1,0,1,1,1,1,1,1,0
indianexpress.com,0,0,1,4,0,0,0,0,0,1,0,1,1,0,1,0,0
tinnhanh360.net,0,0,1,1,0,0,0,0,0,0,0,0,1,0,1,0,0
depositphotos.com,0,0,1,1,0,0,0,0,0,1,0,1,1,1,1,1,0
correios.com.br,0,0,1,4,0,0,0,0,0,1,0,1,0,0,1,0,0
pornsharing.com,0,0,1,1,0,0,0,0,0,0,0,0,1,0,1,0,0
babal.net,0,0,1,3,0,0,0,0,0,0,0,1,1,0,1,0,0
sfglobe.com,0,0,1,4,0,0,0,0,0,0,0,1,1,1,1,1,0
nypost.com,0,0,1,4,0,0,1,0,0,1,0,1,0,0,1,0,0
aljazeera.net,0,0,1,6,0,0,0,0,0,1,0,1,1,0,1,1,0
nguyentandung.org,0,0,1,1,0,0,0,0,0,0,0,0,1,1,1,1,0
olx.ua,0,0,1,3,0,0,0,0,0,1,0,0,1,0,1,0,0
nypost.com,0,0,1,4,0,0,1,0,0,1,0,1,0,0,1,0,0
themeforest.net,0,0,1,4,0,0,0,0,0,1,0,1,1,0,1,0,0
hubpages.com,0,0,1,2,0,0,0,0,0,1,0,1,1,0,1,0,0
udn.com,0,0,1,4,0,0,0,0,0,1,0,1,0,0,1,0,0
buzzfil.net,0,0,1,3,0,0,0,0,0,0,0,0,1,1,1,1,0
abc.go.com,0,0,1,5,0,0,0,0,0,1,0,0,1,0,1,0,0
atwiki.jp,0,0,1,2,0,0,0,0,0,1,0,0,1,0,1,0,0
kakaku.com,0,0,1,6,0,0,0,0,0,1,0,1,0,0,1,0,0
akhbarelyom.com,0,0,1,5,0,0,0,0,0,1,0,1,1,0,1,0,0
udn.com,0,0,1,4,0,0,0,0,0,1,0,1,0,0,1,0,0
myegy.to,0,0,1,3,0,0,0,0,0,0,0,0,0,0,1,0,0
torcache.net,0,0,1,2,0,0,0,0,0,0,0,1,1,0,1,0,0
pornsharing.com,0,0,1,1,0,0,0,0,0,0,0,0,1,0,1,0,0
syosetu.com,0,0,1,3,0,0,0,0,0,1,0,1,1,0,1,0,0
codecanyon.net,0,0,1,4,0,0,0,0,0,1,0,1,1,0,1,0,0
jalopnik.com,0,0,1,1,0,0,0,0,0,1,0,1,0,0,1,0,0
mic.com,0,0,1,3,0,0,0,0,0,1,0,1,1,0,1,0,0
codecanyon.net,0,0,1,4,0,0,0,0,0,1,0,1,1,0,1,0,0
distractify.com,0,0,1,10,0,0,0,0,0,1,0,0,1,0,1,0,0
web.de,0,0,1,4,0,0,0,0,0,1,1,1,1,1,1,1,0
xossip.com,0,0,1,1,0,0,0,0,0,0,0,0,1,0,1,0,0
distractify.com,0,0,1,10,0,0,0,0,0,1,0,0,1,0,1,0,0
qz.com,0,0,1,2,0,0,0,0,0,1,0,1,1,0,1,0,0
tunein.com,0,0,1,5,0,0,0,0,0,1,0,1,0,0,1,1,0
myspace.com,0,0,1,5,0,0,0,0,0,1,0,1,1,0,1,0,0
twitter.com,0,0,1,1,0,0,0,0,0,1,0,0,1,0,1,0,0
extratorrent.cc,0,0,1,3,0,0,0,0,1,0,1,1,1,1,1,1,0
otomoto.pl,0,0,1,2,0,0,0,0,0,1,0,1,1,0,1,0,0
torcache.net,0,0,1,2,0,0,0,0,0,0,0,1,0,0,1,0,0
allrecipes.com,0,0,1,3,0,0,0,0,0,1,0,1,1,0,1,0,0
torcache.net,0,0,1,2,0,0,0,0,0,0,0,1,0,0,1,0,0
extratorrent.cc,0,0,1,3,0,0,0,0,1,0,1,1,1,1,1,1,0
elitedaily.com,0,0,1,4,0,0,0,0,0,1,0,1,1,0,1,1,0
stackexchange.com,0,0,1,2,0,0,0,0,0,1,0,1,1,0,1,0,0
thenextweb.com,0,0,1,6,0,0,0,0,0,1,0,1,0,0,1,1,0
thechive.com,0,0,1,4,0,0,0,0,0,1,0,0,1,0,1,1,0
sourceforge.net,0,0,1,3,0,0,0,0,0,1,0,1,1,0,1,0,0
mediaset.it,0,0,1,5,0,0,0,0,0,1,0,0,1,0,1,1,0
motthegioi.vn,0,0,1,2,0,0,0,0,1,0,1,1,1,0,1,0,0
torcache.net,0,0,1,2,0,0,0,0,0,0,0,1,0,0,1,0,0
plarium.com,0,0,1,5,0,0,0,0,0,1,0,1,1,0,1,0,0
torcache.net,0,0,1,2,0,0,0,0,0,0,0,1,0,0,1,0,0
mic.com,0,0,1,3,0,0,0,0,0,1,0,1,1,0,1,0,0
torrentdn.com,0,0,1,2,0,0,0,0,1,0,1,1,1,1,1,1,0
correios.com.br,0,0,1,3,0,0,0,0,0,1,0,1,0,0,1,0,0
tunein.com,0,0,1,5,0,0,0,0,0,1,0,1,0,0,1,1,0
thenextweb.com,0,0,1,6,0,0,0,0,0,1,0,1,0,0,1,1,0
fc2.com,0,0,1,3,0,0,0,0,0,1,0,1,1,0,1,0,0
kakaku.com,0,0,1,6,0,0,0,0,0,1,0,1,0,0,1,0,0
variety.com,0,0,1,4,0,0,0,0,0,1,0,1,0,0,1,0,0
codecanyon.net,0,0,1,4,0,0,0,0,0,1,0,1,1,0,1,0,0
sberbank.ru,0,0,1,7,0,0,0,0,0,1,0,1,1,0,1,0,0
askubuntu.com,0,0,1,3,0,0,0,0,0,1,0,0,1,0,1,0,0
gawker.com,0,0,1,2,0,0,0,0,0,1,0,1,1,0,1,0,0
otomoto.pl,0,0,1,3,0,0,0,0,0,1,0,1,1,0,1,0,0
superuser.com,0,0,1,3,0,0,0,0,0,1,0,0,1,0,1,0,0
katproxy.com,0,0,1,3,0,0,0,0,0,0,0,0,0,0,1,0,0
correios.com.br,0,0,1,4,0,0,0,0,0,1,0,1,0,0,1,0,0
kenh14.vn,0,0,1,2,0,0,0,0,1,1,1,1,1,0,1,0,0
uproxx.com,0,0,1,4,0,0,1,0,0,1,0,1,1,0,1,0,0
torcache.net,0,0,1,2,0,0,0,0,0,0,0,1,0,0,1,0,0
udn.com,0,0,1,4,0,0,0,0,0,1,0,1,0,0,1,0,0
elitedaily.com,0,0,1,4,0,0,0,0,0,1,0,1,1,0,1,1,0
babal.net,0,0,1,4,0,0,0,0,0,0,0,1,1,0,1,0,0
patch.com,0,0,1,3,0,0,0,0,0,1,0,1,0,0,1,0,0
themeforest.net,0,0,1,1,0,0,0,0,0,1,0,1,1,0,1,0,0
oneplus.net,0,0,1,4,0,0,0,0,0,1,0,1,1,1,1,1,0
seesaawiki.jp,0,0,1,3,0,0,0,0,0,1,0,0,1,0,1,0,0
anysex.com,0,0,1,3,0,0,1,0,0,1,0,1,1,1,1,1,0
pikabu.ru,0,0,1,2,0,0,0,0,0,1,0,1,1,0,1,0,0
extratorrent.cc,0,0,1,3,0,0,0,0,1,0,1,1,1,1,1,1,0
kenh14.vn,0,0,1,2,0,0,0,0,1,1,1,1,1,0,1,0,0
distractify.com,0,0,1,10,0,0,0,0,0,1,0,0,1,0,1,0,0
medium.com,0,0,1,2,0,0,0,0,0,1,0,1,1,0,1,0,0
digg.com,0,0,1,2,0,0,0,0,0,1,0,1,1,0,1,0,0
sourceforge.net,0,0,1,3,0,0,0,0,0,1,0,1,1,0,1,0,0
kienthuc.net.vn,0,0,1,2,0,0,0,0,1,0,1,1,1,0,1,0,0
torcache.net,0,0,1,2,0,0,0,0,0,0,0,1,1,0,1,0,0
techcrunch.com,0,0,1,3,0,0,0,0,0,1,0,1,0,0,1,0,0
codecanyon.net,0,0,1,4,0,0,0,0,0,1,0,1,1,0,1,0,0
megafilmeshd.net,0,0,1,2,0,0,0,0,0,0,0,0,1,1,1,1,0
torrentdn.com,0,0,1,2,0,0,0,0,1,0,1,1,1,1,1,1,0
askubuntu.com,0,0,1,3,0,0,0,0,0,1,0,0,1,0,1,0,0
allrecipes.com,0,0,1,3,0,0,0,0,0,1,0,1,1,0,1,0,0
ap.org,0,0,1,4,0,0,0,0,0,1,0,1,1,0,1,0,0
olx.in,0,0,1,2,0,0,0,0,0,1,0,1,1,1,1,1,0
stackoverflow.com,0,0,1,3,0,0,0,0,0,1,0,0,1,0,1,0,0
olx.ua,0,0,1,3,0,0,0,0,0,1,0,0,1,0,1,0,0
nypost.com,0,0,1,4,0,0,1,0,0,1,0,1,0,0,1,0,0
findagrave.com,0,0,1,2,0,0,0,0,0,1,0,1,1,0,1,0,0
censor.net.ua,0,0,1,3,0,0,0,0,0,0,0,1,1,0,1,0,0
gov.uk,0,0,1,3,0,0,0,0,1,0,1,1,1,0,1,0,0
sourceforge.net,0,0,1,3,0,0,0,0,0,1,0,1,1,0,1,0,0
distractify.com,0,0,1,10,0,0,0,0,0,1,0,0,1,0,1,0,0
babal.net,0,0,1,4,0,0,0,0,0,0,0,1,1,0,1,0,0
mediaset.it,0,0,1,3,0,0,0,0,0,1,0,0,1,0,1,1,0
akhbarelyom.com,0,0,1,5,0,0,0,0,0,1,0,1,1,0,1,0,0
techcrunch.com,0,0,1,4,0,0,0,0,0,1,0,1,1,0,1,0,0
emgn.com,0,0,1,2,0,0,0,0,1,0,1,1,1,1,1,1,0
syosetu.com,0,0,1,3,0,0,0,0,0,1,0,1,1,0,1,0,0
bigcinema.tv,0,0,1,2,0,0,0,0,1,0,1,1,1,1,1,1,0
hollywoodlife.com,0,0,1,4,0,0,0,0,0,1,0,1,1,0,1,0,0
censor.net.ua,0,0,1,3,0,0,0,0,0,0,0,1,1,0,1,0,0
hollywoodlife.com,0,0,1,4,0,0,0,0,0,1,0,1,1,0,1,0,0
mic.com,0,0,1,3,0,0,0,0,0,1,0,1,1,0,1,0,0
searchengineland.com,0,0,1,1,0,0,0,0,0,1,0,1,1,0,1,0,0
bestblackhatforum.com,0,0,1,1,0,0,0,0,0,0,0,1,1,0,1,0,0
motthegioi.vn,0,0,1,2,0,0,0,0,1,0,1,1,1,0,1,0,0
tinnhanh360.net,0,0,1,1,0,0,0,0,0,0,0,0,1,0,1,0,0
slashdot.org,0,0,1,3,0,0,0,0,0,1,0,1,1,0,1,0,0
olx.ua,0,0,1,2,0,0,0,0,0,1,0,0,1,0,1,0,0
icicibank.com,0,0,1,3,0,0,0,0,0,1,0,1,1,1,1,1,0
syosetu.com,0,0,1,3,0,0,0,0,0,1,0,1,1,0,1,0,0
torcache.net,0,0,1,2,0,0,0,0,0,0,0,1,0,0,1,0,0
seekingalpha.com,0,0,1,2,0,0,0,0,0,1,0,1,1,0,1,0,0
torcache.net,0,0,1,2,0,0,0,0,0,0,0,1,0,0,1,0,0
twitter.com,0,0,1,1,0,0,0,0,0,1,0,0,1,0,1,0,0
thenextweb.com,0,0,1,7,0,0,0,0,0,1,0,1,0,0,1,1,0
censor.net.ua,0,0,1,3,0,0,0,0,0,0,0,1,1,0,1,0,0
kenh14.vn,0,0,1,2,0,0,0,0,1,1,1,1,1,0,1,0,0
mic.com,0,0,1,3,0,0,0,0,0,1,0,1,1,0,1,0,0
motthegioi.vn,0,0,1,3,0,0,0,0,1,0,1,1,1,0,1,0,0
teespring.com,0,0,1,2,0,0,0,0,0,1,0,0,1,0,1,0,0
censor.net.ua,0,0,1,3,0,0,0,0,0,0,0,1,1,0,1,0,0
jezebel.com,0,0,1,2,0,0,0,0,0,1,0,1,0,0,1,0,0
popupads.ir,0,0,1,1,0,0,0,0,1,0,1,1,1,1,1,1,0
kickass.to,0,0,1,1,0,0,0,0,0,0,0,1,1,1,1,1,0
indianexpress.com,0,0,1,3,0,0,0,0,0,1,0,1,1,0,1,0,0
couchtuner.eu.com,0,0,1,3,0,0,0,0,1,1,1,1,1,1,1,1,0
venturebeat.com,0,0,1,4,0,0,1,0,0,1,0,1,1,0,1,0,0
nypost.com,0,0,1,4,0,0,1,0,0,1,0,1,0,0,1,0,0
twitter.com,0,0,1,1,0,0,0,0,0,1,0,0,1,0,1,0,0
ero-advertising.com,0,0,1,2,0,0,0,1,0,0,0,0,1,0,1,0,0
elitedaily.com,0,0,1,3,0,0,0,0,0,1,0,1,1,0,1,1,0
correios.com.br,0,0,1,4,0,0,0,0,0,1,0,1,0,0,1,0,0
mediaset.it,0,0,1,3,0,0,0,0,0,1,0,0,1,0,1,1,0
bdnews24.com,0,0,1,5,0,0,0,0,0,1,0,1,1,0,1,0,0
soundcloud.com,0,0,1,2,0,0,0,0,0,1,0,1,1,0,1,0,0
auto.ru,0,0,1,4,0,0,0,0,0,1,0,0,1,0,1,0,0
torcache.net,0,0,1,2,0,0,0,0,0,0,0,1,0,0,1,0,0
thenextweb.com,0,0,1,6,0,0,0,0,0,1,0,1,0,0,1,1,0
perezhilton.com,0,0,1,1,0,0,0,0,0,1,0,0,1,0,1,0,0
hdfcbank.com,0,0,1,4,0,0,0,0,0,1,0,1,1,1,1,1,0
web.de,0,0,1,4,0,0,0,0,0,1,1,1,1,1,1,1,0
momoshop.com.tw,0,0,1,2,0,0,0,0,0,1,0,1,1,0,1,0,0
plarium.com,0,0,1,5,0,0,0,0,0,1,0,1,1,0,1,0,0
tinnhanh360.net,0,0,1,1,0,0,0,0,0,0,0,0,1,0,1,0,0
lifehacker.com,0,0,1,2,0,0,0,0,0,1,0,1,1,0,1,0,0
superuser.com,0,0,1,3,0,0,0,0,0,1,0,0,1,0,1,0,0
wikiwiki.jp,0,0,1,1,0,0,0,0,0,1,0,1,0,0,1,1,0
lifehacker.com,0,0,1,2,0,0,0,0,0,1,0,1,1,0,1,0,0
aljazeera.net,0,0,1,4,0,0,0,0,0,1,0,1,1,0,1,0,0
tunein.com,0,0,1,5,0,0,0,0,0,1,0,1,0,0,1,0,0
correios.com.br,0,0,1,3,0,0,0,0,1,1,1,1,0,0,1,0,0
olx.co.id,0,0,1,7,0,0,1,0,0,1,1,1,1,1,1,1,0
syosetu.com,0,0,1,3,0,0,0,0,0,1,0,1,1,0,1,0,0
mixi.jp,0,0,1,1,1,0,0,0,0,1,0,0,1,0,1,0,0
auto.ru,0,0,1,4,0,0,0,0,0,1,0,0,1,0,1,0,0
tunein.com,0,0,1,5,0,0,0,0,0,1,0,1,0,0,1,1,0
xhamster.com,0,0,1,3,0,0,0,0,0,1,0,1,1,1,1,1,0
xhamster.com,0,0,1,3,0,0,0,0,0,1,0,1,1,1,1,1,0
mic.com,0,0,1,3,0,0,0,0,0,1,0,1,1,0,1,0,0
nesn.com,0,0,1,3,0,0,0,0,0,1,0,1,0,0,1,0,0
extratorrent.cc,0,0,1,3,0,0,0,0,1,0,1,1,1,1,1,1,0
kickass.to,0,0,1,1,0,0,0,0,0,0,0,1,1,1,1,1,0
censor.net.ua,0,0,1,3,0,0,0,0,0,0,0,1,1,0,1,0,0
nguyentandung.org,0,0,1,1,0,0,0,0,0,0,0,0,1,1,1,1,0
olx.ro,0,0,1,7,0,0,0,0,0,1,1,1,1,0,1,0,0
pikabu.ru,0,0,1,3,0,0,0,0,0,1,0,1,1,0,1,0,0
mic.com,0,0,1,3,0,0,0,0,0,1,0,1,1,0,1,0,0
ck101.com,0,0,1,1,0,0,0,0,0,0,0,0,1,1,1,1,0
pornsharing.com,0,0,1,1,0,0,0,0,0,0,0,0,1,0,1,0,0
babal.net,0,0,1,4,0,0,0,0,0,0,0,1,1,0,1,0,0
metro.co.uk,0,0,1,4,0,0,0,0,1,1,1,1,1,0,1,0,0
avxhome.se,0,0,1,5,0,0,0,0,1,0,1,1,1,1,1,1,0
superuser.com,0,0,1,3,0,0,0,0,0,1,0,0,1,0,1,0,0
rocketnews24.com,0,0,1,4,0,0,0,0,0,1,0,1,0,0,1,0,0
metro.co.uk,0,0,1,4,0,0,0,0,1,1,1,1,1,0,1,0,0
indianexpress.com,0,0,1,4,0,0,0,0,0,1,0,1,1,0,1,0,0
tunein.com,0,0,1,5,0,0,0,0,0,1,0,1,0,0,1,1,0
skyrock.com,0,0,1,2,0,0,0,0,0,1,0,1,1,0,1,0,0
elitedaily.com,0,0,1,4,0,0,0,0,0,1,0,1,1,0,1,1,0
steamcommunity.com,0,0,1,4,1,0,0,0,0,1,0,1,1,0,1,0,0
tinnhanh360.net,0,0,1,1,0,0,0,0,0,0,0,0,1,0,1,0,0
bdnews24.com,0,0,1,5,0,0,0,0,0,1,0,1,1,0,1,0,0
myspace.com,0,0,1,5,0,0,0,0,0,1,0,1,1,0,1,0,0
censor.net.ua,0,0,1,3,0,0,0,0,0,0,0,1,1,0,1,0,0
web.de,0,0,1,5,0,0,0,0,0,1,1,1,1,1,1,1,0
moviepilot.com,0,0,1,5,0,0,1,0,0,0,0,1,1,1,1,1,0
babal.net,0,0,1,4,0,0,0,0,0,0,0,1,1,0,1,0,0
jezebel.com,0,0,1,2,0,0,0,0,0,1,0,1,0,0,1,0,0
distractify.com,0,0,1,10,0,0,0,0,0,1,0,0,1,0,1,0,0
udn.com,0,0,1,4,0,0,0,0,0,1,0,1,0,0,1,0,0
interpark.com,0,0,1,2,0,0,0,0,0,1,0,0,1,0,1,0,0
superuser.com,0,0,1,3,0,0,0,0,0,1,0,0,1,0,1,0,0
atwiki.jp,0,0,1,2,0,0,0,0,0,1,0,0,1,0,1,0,0
cheezburger.com,0,0,1,2,0,0,0,0,0,1,0,0,1,0,1,0,0
aljazeera.net,0,0,1,6,0,0,0,0,0,1,0,1,1,0,1,1,0
censor.net.ua,0,0,1,3,0,0,0,0,0,0,0,1,1,0,1,0,0
extratorrent.cc,0,0,1,3,0,0,0,0,1,0,1,1,1,1,1,1,0
thenextweb.com,0,0,1,7,0,0,0,0,0,1,0,1,0,0,1,1,0
distractify.com,0,0,1,10,0,0,0,0,0,1,0,0,1,0,1,0,0
aljazeera.net,0,0,1,4,0,0,0,0,0,1,0,1,1,0,1,0,0
nguyentandung.org,0,0,1,1,0,0,0,0,0,0,0,0,1,1,1,1,0
1337x.to,0,0,1,3,0,0,0,0,0,1,0,1,1,1,1,1,0
twitter.com,0,0,1,1,0,0,0,0,0,1,0,0,1,0,1,0,0
sourceforge.net,0,0,1,3,0,0,0,0,0,1,0,1,1,0,1,0,0
prezi.com,0,0,1,4,0,0,0,0,0,1,0,1,1,0,1,0,0
elcomercio.pe,0,0,1,3,0,0,0,0,0,1,1,1,0,0,1,0,0
tinnhanh360.net,0,0,1,1,0,0,0,0,0,0,0,0,1,0,1,0,0
xvideo-jp.com,0,0,1,3,0,0,0,1,0,1,0,1,0,0,1,1,0
otomoto.pl,0,0,1,6,0,0,0,0,0,1,0,1,1,0,1,0,0
thenextweb.com,0,0,1,6,0,0,0,0,0,1,0,1,0,0,1,1,0
katproxy.com,0,0,1,3,0,0,0,0,0,0,0,0,0,0,1,0,0
twitter.com,0,0,1,1,0,0,0,0,0,1,0,0,1,0,1,0,0
tinnhanh360.net,0,0,1,1,0,0,0,0,0,0,0,0,1,0,1,0,0
rocketnews24.com,0,0,1,2,0,0,0,0,0,1,0,1,0,0,1,0,0
plarium.com,0,0,1,5,0,0,0,0,0,1,0,1,1,0,1,0,0
motthegioi.vn,0,0,1,2,0,0,0,0,1,0,1,1,1,0,1,0,0
olx.ro,0,0,1,7,0,0,0,0,0,1,1,1,1,0,1,0,0
olx.ro,0,0,1,5,0,0,0,0,0,1,1,1,1,0,1,0,0
askubuntu.com,0,0,1,3,0,0,0,0,0,1,0,0,1,0,1,0,0
distractify.com,0,0,1,10,0,0,0,0,0,1,0,0,1,0,1,0,0
tinnhanh360.net,0,0,1,1,0,0,0,0,0,0,0,0,1,0,1,0,0
patch.com,0,0,1,3,0,0,0,0,0,1,0,1,0,0,1,0,0
serverfault.com,0,0,1,3,0,0,1,0,0,1,0,1,1,0,1,0,0
cox.com,0,0,1,4,0,0,1,0,0,1,0,0,1,0,1,0,0
thenextweb.com,0,0,1,6,0,0,0,0,0,1,0,1,0,0,1,1,0
superuser.com,0,0,1,3,0,0,0,0,0,1,0,0,1,0,1,0,0
fazenda.gov.br,0,0,1,3,0,0,0,0,1,1,1,1,1,1,1,1,0
extratorrent.cc,0,0,1,3,0,0,0,0,1,0,1,1,1,1,1,1,0
9gag.tv,0,0,1,3,0,0,0,0,0,0,0,1,1,1,1,1,0
distractify.com,0,0,1,10,0,0,0,0,0,1,0,0,1,0,1,0,0
techcrunch.com,0,0,1,4,0,0,0,0,0,1,0,1,1,0,1,0,0
correios.com.br,0,0,1,5,0,0,0,0,0,1,0,1,0,0,1,0,0
emgn.com,0,0,1,2,0,0,0,0,1,0,1,1,1,1,1,1,0
buzzfil.net,0,0,1,4,0,0,0,0,0,0,0,0,1,1,1,1,0
wikiwiki.jp,0,0,1,1,0,0,0,0,0,1,0,1,0,0,1,1,0
haraj.com.sa,0,0,1,4,1,0,0,0,0,1,1,1,1,0,1,0,0
torcache.net,0,0,1,2,0,0,0,0,0,0,0,1,0,0,1,0,0
caixa.gov.br,0,0,1,5,0,0,0,0,0,1,1,1,1,0,1,1,0
fazenda.gov.br,0,0,1,6,0,0,0,0,1,1,1,1,1,1,1,1,0
udn.com,0,0,1,4,0,0,0,0,0,1,0,1,0,0,1,0,0
maybank2u.com.my,0,0,1,4,0,0,0,0,0,1,0,1,1,1,1,1,0
thenextweb.com,0,0,1,6,0,0,0,0,0,1,0,1,0,0,1,1,0
elcomercio.pe,0,0,1,3,0,0,0,0,0,1,1,1,0,0,1,0,0
torcache.net,0,0,1,2,0,0,0,0,0,0,0,1,0,0,1,0,0
abc.go.com,0,0,1,5,0,0,0,0,0,1,0,0,1,0,1,0,0
torcache.net,0,0,1,2,0,0,0,0,0,0,0,1,0,0,1,0,0
plarium.com,0,0,1,5,0,0,0,0,0,1,0,1,1,0,1,0,0
udn.com,0,0,1,4,0,0,0,0,0,1,0,1,0,0,1,0,0
oneplus.net,0,0,1,2,0,0,0,0,0,1,0,1,1,1,1,1,0
mylust.com,0,0,1,3,0,0,1,0,0,1,0,0,0,0,1,0,0
twitter.com,0,0,1,1,0,0,0,0,0,1,0,0,1,0,1,0,0
grantland.com,0,0,1,2,0,0,0,0,0,1,0,1,1,0,1,0,0
pikabu.ru,0,0,1,2,0,0,0,0,0,1,0,1,1,0,1,0,0
fishki.net,0,0,1,2,0,0,0,0,0,1,0,1,1,0,1,0,0
gizmodo.com,0,0,1,1,0,0,0,0,0,1,0,1,0,0,1,0,0
indianexpress.com,0,0,1,4,0,0,0,0,0,1,0,1,1,0,1,0,0
ifttt.com,0,0,1,2,0,0,1,0,0,1,0,1,0,0,1,0,0
nypost.com,0,0,1,4,0,0,1,0,0,1,0,1,0,0,1,0,0
extratorrent.cc,0,0,1,3,0,0,0,0,1,0,1,1,1,1,1,1,0
nypost.com,0,0,1,4,0,0,1,0,0,1,0,1,0,0,1,0,0
thenextweb.com,0,0,1,6,0,0,0,0,0,1,0,1,0,0,1,1,0
nypost.com,0,0,1,4,0,0,1,0,0,1,0,1,0,0,1,0,0
kotaku.com,0,0,1,2,0,0,0,0,0,1,0,0,1,0,1,0,0
fishki.net,0,0,1,2,0,0,0,0,0,1,0,1,0,0,1,0,0
kenh14.vn,0,0,1,2,0,0,0,0,1,1,1,1,1,0,1,0,0
extratorrent.cc,0,0,1,3,0,0,0,0,1,0,1,1,1,1,1,1,0
seekingalpha.com,0,0,1,3,0,0,0,0,0,1,0,1,0,0,1,0,0
eksisozluk.com,0,0,1,0,0,0,0,0,0,1,0,1,1,0,1,0,0
iconosquare.com,0,0,1,3,0,0,0,0,0,1,0,0,0,0,1,0,0
allegro.pl,0,0,1,2,0,0,0,0,0,1,0,0,1,0,1,0,0
torrentdn.com,0,0,1,2,0,0,0,0,1,0,1,1,1,1,1,1,0
onedio.com,0,0,1,2,0,0,0,0,0,1,0,1,0,0,1,0,0
squarespace.com,0,0,1,5,0,0,0,0,0,1,0,1,0,0,1,0,0
olx.in,0,0,1,3,0,0,0,0,0,1,0,1,1,0,1,0,0
extratorrent.cc,0,0,1,3,0,0,0,0,1,0,1,1,1,1,1,1,0
olx.co.id,0,0,1,2,0,0,1,0,0,1,1,1,1,1,1,1,0
mashable.com,0,0,1,6,0,0,0,0,0,1,0,1,0,0,1,0,0
teespring.com,0,0,1,2,0,0,0,0,0,1,0,0,1,0,1,0,0
indianexpress.com,0,0,1,4,0,0,0,0,0,1,0,1,1,0,1,0,0
ap.org,0,0,1,4,0,0,0,0,0,1,0,1,1,0,1,0,0
500px.com,0,0,1,3,0,0,1,0,0,1,0,1,1,0,1,0,0
moviepilot.com,0,0,1,5,0,0,1,0,0,0,0,1,1,1,1,1,0
emgn.com,0,0,1,2,0,0,0,0,1,0,1,1,1,1,1,1,0
thechive.com,0,0,1,4,0,0,0,0,0,1,0,0,1,0,1,1,0
thechive.com,0,0,1,4,0,0,0,0,0,1,0,0,1,0,1,0,0
kakaku.com,0,0,1,6,0,0,0,0,0,1,0,1,0,0,1,0,0
ap.org,0,0,1,4,0,0,0,0,0,1,0,1,1,0,1,0,0
momoshop.com.tw,0,0,1,2,0,0,0,0,0,1,0,1,1,0,1,0,0
thenextweb.com,0,0,1,7,0,0,0,0,0,1,0,1,0,0,1,1,0
extratorrent.cc,0,0,1,3,0,0,0,0,1,0,1,1,1,1,1,1,0
kickass.to,0,0,1,1,0,0,0,0,0,0,0,1,1,1,1,1,0
allegro.pl,0,0,1,2,0,0,0,0,0,1,0,0,1,0,1,0,0
mashable.com,0,0,1,6,0,0,0,0,0,1,0,1,0,0,1,0,0
tobogo.net,0,0,1,2,0,0,0,0,1,0,1,1,1,1,1,1,0
olx.ua,0,0,1,3,0,0,0,0,0,1,0,0,1,0,1,0,0
torcache.net,0,0,1,2,0,0,0,0,0,0,0,1,0,0,1,0,0
extratorrent.cc,0,0,1,3,0,0,0,0,1,0,1,1,1,1,1,1,0
kakaku.com,0,0,1,6,0,0,0,0,0,1,0,1,0,0,1,0,0
mylust.com,0,0,1,3,0,0,1,0,0,1,0,0,0,0,1,0,0
wmaraci.com,0,0,1,3,0,0,0,0,0,0,0,1,1,0,1,0,0
otomoto.pl,0,0,1,2,0,0,0,0,0,1,0,1,1,0,1,0,0
icicibank.com,0,0,1,3,0,0,0,0,0,1,0,1,1,1,1,1,0
superuser.com,0,0,1,3,0,0,0,0,0,1,0,0,1,0,1,0,0
plarium.com,0,0,1,5,0,0,0,0,0,1,0,1,1,0,1,0,0
akhbarelyom.com,0,0,1,5,0,0,0,0,0,1,0,1,1,0,1,0,0
mic.com,0,0,1,3,0,0,0,0,0,1,0,1,1,0,1,0,0
otomoto.pl,0,0,1,2,0,0,0,0,0,1,0,1,1,0,1,0,0
udn.com,0,0,1,4,0,0,0,0,0,1,0,1,0,0,1,0,0
babal.net,0,0,1,4,0,0,0,0,0,0,0,1,1,0,1,0,0
slashdot.org,0,0,1,6,0,0,0,0,0,1,0,1,1,0,1,0,0
nesn.com,0,0,1,3,0,0,0,0,0,1,0,1,0,0,1,0,0
slashdot.org,0,0,1,6,0,0,0,0,0,1,0,1,1,0,1,0,0
akhbarelyom.com,0,0,1,5,0,0,0,0,0,1,0,1,1,0,1,0,0
babal.net,0,0,1,4,0,0,0,0,0,0,0,1,1,0,1,0,0
thenextweb.com,0,0,1,6,0,0,0,0,0,1,0,1,0,0,1,1,0
nesn.com,0,0,1,3,0,0,0,0,0,1,0,1,0,0,1,0,0
depositphotos.com,0,0,1,1,0,0,0,0,0,1,0,1,1,1,1,1,0
buzzfil.net,0,0,1,4,0,0,0,0,0,0,0,0,1,1,1,1,0
bdnews24.com,0,0,1,5,0,0,0,0,0,1,0,1,1,0,1,0,0
haberler.com,0,0,1,1,0,0,0,0,0,1,0,1,1,0,1,1,0
extratorrent.cc,0,0,1,3,0,0,0,0,1,0,1,1,1,1,1,1,0
motthegioi.vn,0,0,1,2,0,0,0,0,1,0,1,1,1,0,1,0,0
distractify.com,0,0,1,10,0,0,0,0,0,1,0,0,1,0,1,0,0
9gag.tv,0,0,1,3,0,0,0,0,0,0,0,1,1,1,1,1,0
1337x.to,0,0,1,3,0,0,0,0,0,1,0,1,1,1,1,1,0
hubpages.com,0,0,1,2,0,0,0,0,0,1,0,1,1,0,1,0,0
babal.net,0,0,1,4,0,0,0,0,0,0,0,1,1,0,1,0,0
olx.in,0,0,1,3,0,0,0,0,0,1,0,1,1,0,1,0,0
irecommend.ru,0,0,1,2,0,0,0,0,0,1,0,1,1,0,1,0,0
nypost.com,0,0,1,4,0,0,1,0,0,1,0,1,0,0,1,0,0
web.de,0,0,1,4,0,0,0,0,0,1,1,1,1,1,1,1,0
thenextweb.com,0,0,1,6,0,0,0,0,0,1,0,1,0,0,1,1,0
babal.net,0,0,1,4,0,0,0,0,0,0,0,1,1,0,1,0,0
olx.ua,0,0,1,3,0,0,0,0,0,1,0,0,1,0,1,0,0
smallseotools.com,0,0,1,2,0,0,0,0,0,1,0,1,1,0,1,0,0
hollywoodlife.com,0,0,1,4,0,0,0,0,0,1,0,1,1,0,1,0,0
gov.uk,0,0,1,3,0,0,0,0,1,0,1,1,1,0,1,0,0
thechive.com,0,0,1,4,0,0,0,0,0,1,0,0,1,0,1,0,0
cheezburger.com,0,0,1,2,0,0,0,0,0,1,0,0,1,0,1,0,0
kickass.to,0,0,1,1,0,0,0,0,0,0,0,1,1,1,1,1,0
serverfault.com,0,0,1,3,0,0,1,0,0,1,0,1,1,0,1,0,0
dribbble.com,0,0,1,4,0,0,0,0,0,1,0,0,1,0,1,0,0
wikiwiki.jp,0,0,1,1,0,0,0,0,0,1,0,1,0,0,1,1,0
twitter.com,0,0,1,1,0,0,0,0,0,1,0,0,1,0,1,0,0
plarium.com,0,0,1,5,0,0,0,0,0,1,0,1,1,0,1,0,0
nymag.com,0,0,1,5,0,0,0,0,0,1,0,0,0,0,1,0,0
pornsharing.com,0,0,1,1,0,0,0,0,0,0,0,0,1,0,1,0,0
rocketnews24.com,0,0,1,2,0,0,0,0,0,1,0,1,0,0,1,0,0
tobogo.net,0,0,1,2,0,0,0,0,1,0,1,1,1,1,1,1,0
eksisozluk.com,0,0,1,0,0,0,0,0,0,1,0,1,1,0,1,0,0
worldoftanks.ru,0,0,1,5,0,0,0,0,0,0,0,1,0,0,1,0,0
onedio.com,0,0,1,2,0,0,0,0,0,1,0,1,0,0,1,0,0
correios.com.br,0,0,1,5,0,0,0,0,0,1,0,1,0,0,1,0,0
web.de,0,0,1,5,0,0,0,0,0,1,1,1,1,1,1,1,0
torcache.net,0,0,1,2,0,0,0,0,0,0,0,1,0,0,1,0,0
tunein.com,0,0,1,5,0,0,0,0,0,1,0,1,0,0,1,1,0
tobogo.net,0,0,1,2,0,0,0,0,1,0,1,1,1,1,1,1,0
jezebel.com,0,0,1,1,0,0,0,0,0,1,0,1,0,0,1,0,0
babal.net,0,0,1,4,0,0,0,0,0,0,0,1,1,0,1,0,0
torcache.net,0,0,1,2,0,0,0,0,0,0,0,1,0,0,1,0,0
twitter.com,0,0,1,1,0,0,0,0,0,1,0,0,1,0,1,0,0
abc.go.com,0,0,1,5,0,0,0,0,0,1,0,0,1,0,1,0,0
sourceforge.net,0,0,1,3,0,0,0,0,0,1,0,1,1,0,1,0,0
elwatannews.com,0,0,1,2,0,0,0,0,0,1,0,1,1,0,1,0,0
tobogo.net,0,0,1,2,0,0,0,0,1,0,1,1,1,1,1,1,0
pikabu.ru,0,0,1,3,0,0,0,0,0,1,0,1,1,0,1,0,0
torcache.net,0,0,1,2,0,0,0,0,0,0,0,1,0,0,1,0,0
icicibank.com,0,0,1,3,0,0,0,0,0,1,0,1,1,1,1,1,0
jalopnik.com,0,0,1,2,0,0,0,0,0,1,0,1,0,0,1,0,0
bestblackhatforum.com,0,0,1,1,0,0,0,0,0,0,0,1,1,0,1,0,0
themeforest.net,0,0,1,4,0,0,0,0,0,1,0,1,1,0,1,0,0
genius.com,0,0,1,3,0,0,0,0,0,1,0,1,1,0,1,0,0
distractify.com,0,0,1,10,0,0,0,0,0,1,0,0,1,0,1,0,0
extratorrent.cc,0,0,1,3,0,0,0,0,1,0,1,1,1,1,1,1,0
thenextweb.com,0,0,1,6,0,0,0,0,0,1,0,1,0,0,1,1,0
thechive.com,0,0,1,4,0,0,0,0,0,1,0,0,1,0,1,1,0
askubuntu.com,0,0,1,3,0,0,0,0,0,1,0,0,1,0,1,0,0
digg.com,0,0,1,2,0,0,0,0,0,1,0,1,1,1,1,1,0
twitter.com,0,0,1,1,0,0,0,0,0,1,0,0,1,0,1,0,0
torcache.net,0,0,1,2,0,0,0,0,0,0,0,1,0,0,1,0,0
thenextweb.com,0,0,1,5,0,0,0,0,0,1,0,1,0,0,1,1,0
diply.com,0,0,1,4,0,0,0,0,0,0,0,1,1,0,1,0,0
torcache.net,0,0,1,2,0,0,0,0,0,0,0,1,1,0,1,0,0
seekingalpha.com,0,0,1,3,0,0,0,0,0,1,0,1,0,0,1,0,0
olx.ro,0,0,1,6,0,0,0,0,0,1,1,1,1,0,1,0,0
olx.ua,0,0,1,4,0,0,0,0,0,1,0,0,1,0,1,0,0
thenextweb.com,0,0,1,6,0,0,0,0,0,1,0,1,0,0,1,1,0
metro.co.uk,0,0,1,4,0,0,0,0,1,1,1,1,0,0,1,0,0
torcache.net,0,0,1,2,0,0,0,0,0,0,0,1,0,0,1,0,0
nypost.com,0,0,1,4,0,0,1,0,0,1,0,1,0,0,1,0,0
twitter.com,0,0,1,1,0,0,0,0,0,1,0,0,1,0,1,0,0
plarium.com,0,0,1,5,0,0,0,0,0,1,0,1,1,0,1,0,0
bongda88.info,0,0,1,1,0,0,0,0,1,0,1,1,1,0,1,0,0
ringring.vn,0,0,1,1,0,0,0,0,1,0,1,1,1,0,1,0,0
tunein.com,0,0,1,5,0,0,0,0,0,1,0,1,0,0,1,1,0
olx.pl,0,0,1,7,0,0,0,0,0,1,0,0,1,0,1,0,0
serverfault.com,0,0,1,3,0,0,1,0,0,1,0,1,1,0,1,0,0
ap.org,0,0,1,4,0,0,0,0,0,1,0,1,1,0,1,0,0
interpark.com,0,0,1,2,0,0,0,0,0,1,0,0,1,0,1,0,0
aljazeera.net,0,0,1,6,0,0,0,0,0,1,0,1,1,0,1,1,0
onedio.com,0,0,1,2,0,0,0,0,0,1,0,1,0,0,1,0,0
tune.pk,0,0,1,3,0,0,0,0,0,0,0,1,1,1,1,1,0
emgn.com,0,0,1,2,0,0,0,0,1,0,1,1,1,1,1,1,0
extratorrent.cc,0,0,1,3,0,0,0,0,1,0,1,1,1,1,1,1,0
sberbank.ru,0,0,1,6,0,0,0,0,0,1,0,1,1,0,1,0,0
mic.com,0,0,1,3,0,0,0,0,0,1,0,1,1,0,1,0,0
seekingalpha.com,0,0,1,2,0,0,0,0,0,1,0,1,1,0,1,0,0
thenextweb.com,0,0,1,6,0,0,0,0,0,1,0,1,0,0,1,1,0
graphicriver.net,0,0,1,4,0,0,0,0,0,1,0,1,1,0,1,0,0
katproxy.com,0,0,1,1,0,0,0,0,0,0,0,0,0,0,1,0,0
depositphotos.com,0,0,1,1,0,0,0,0,0,1,0,1,1,1,1,1,0
kienthuc.net.vn,0,0,1,2,0,0,0,0,1,0,1,1,1,0,1,0,0
olx.ua,0,0,1,2,0,0,0,0,0,1,0,0,1,0,1,0,0
xvideo-jp.com,0,0,1,3,0,0,0,1,0,1,0,1,0,0,1,0,0
torcache.net,0,0,1,2,0,0,0,0,0,0,0,1,0,0,1,0,0
olx.in,0,0,1,2,0,0,0,0,0,1,0,1,1,1,1,1,0
momoshop.com.tw,0,0,1,2,0,0,0,0,0,1,0,1,1,0,1,0,0
motthegioi.vn,0,0,1,2,0,0,0,0,1,0,1,1,1,0,1,0,0
extratorrent.cc,0,0,1,3,0,0,0,0,1,0,1,1,1,1,1,1,0
olx.ua,0,0,1,4,0,0,0,0,0,1,0,0,1,0,1,0,0
elitedaily.com,0,0,1,4,0,0,0,0,0,1,0,1,0,0,1,1,0
elitedaily.com,0,0,1,3,0,0,0,0,0,1,0,1,1,0,1,1,0
eksisozluk.com,0,0,1,1,0,0,0,0,0,1,0,1,1,0,1,0,0
akhbarelyom.com,0,0,1,5,0,0,0,0,0,1,0,1,1,0,1,0,0
otomoto.pl,0,0,1,2,0,0,0,0,0,1,0,1,1,0,1,0,0
icicibank.com,0,0,1,3,0,0,0,0,0,1,0,1,1,1,1,1,0
olx.ua,0,0,1,3,0,0,0,0,0,1,0,0,1,0,1,0,0
extratorrent.cc,0,0,1,3,0,0,0,0,1,0,1,1,1,1,1,1,0
torcache.net,0,0,1,2,0,0,0,0,0,0,0,1,0,0,1,0,0
twitter.com,0,0,1,1,0,0,0,0,0,1,0,0,1,0,1,0,0
yourlust.com,0,0,1,2,0,0,1,0,0,1,0,1,1,1,1,1,0
metro.co.uk,0,0,1,4,0,0,0,0,1,1,1,1,1,0,1,0,0
perezhilton.com,0,0,1,1,0,0,0,0,0,1,0,0,1,0,1,0,0
olx.co.id,0,0,1,7,0,0,1,0,0,1,1,1,1,1,1,1,0
extratorrent.cc,0,0,1,1,0,0,0,0,1,0,1,1,1,1,1,1,0
coccoc.com,0,0,1,3,0,0,0,0,0,1,0,1,1,0,1,0,0
motthegioi.vn,0,0,1,3,0,0,0,0,1,0,1,1,1,0,1,0,0
depositphotos.com,0,0,1,1,0,0,0,0,0,1,0,1,1,1,1,1,0
persianblog.ir,0,0,1,4,0,0,0,0,1,0,1,1,1,1,1,1,0
techcrunch.com,0,0,1,4,0,0,0,0,0,1,0,1,1,0,1,0,0
techcrunch.com,0,0,1,4,0,0,0,0,0,1,0,1,1,0,1,0,0
bdnews24.com,0,0,1,5,0,0,0,0,0,1,0,1,1,0,1,0,0
ringring.vn,0,0,1,1,0,0,0,0,1,0,1,1,1,0,1,0,0
censor.net.ua,0,0,1,3,0,0,0,0,0,0,0,1,1,0,1,0,0
medium.com,0,1,1,2,0,0,0,0,0,1,0,1,1,0,1,0,0
pornsharing.com,0,0,1,1,0,0,0,0,0,0,0,0,1,0,1,0,0
twitter.com,0,0,1,1,0,0,0,0,0,1,0,0,1,0,1,0,0
fetlife.com,0,0,1,1,0,0,0,0,0,1,0,1,0,0,1,0,0
extratorrent.cc,0,0,1,3,0,0,0,0,1,0,1,1,1,1,1,1,0
allegro.pl,0,0,1,2,0,0,0,0,0,1,0,0,1,0,1,0,0
diply.com,0,0,1,3,0,0,0,0,0,0,0,1,1,0,1,0,0
correios.com.br,0,1,1,8,0,0,0,0,0,1,0,1,0,0,1,0,0
aljazeera.net,0,0,1,6,0,0,0,0,0,1,0,1,1,0,1,1,0
distractify.com,0,0,1,10,0,0,0,0,0,1,0,0,1,0,1,0,0
metro.co.uk,0,0,1,4,0,0,0,0,1,1,1,1,1,0,1,0,0
kienthuc.net.vn,0,0,1,2,0,0,0,0,1,0,1,1,1,0,1,0,0
torcache.net,0,0,1,2,0,0,0,0,0,0,0,1,0,0,1,0,0
mic.com,0,0,1,3,0,0,0,0,0,1,0,1,1,0,1,0,0
emgn.com,0,0,1,2,0,0,0,0,1,0,1,1,1,1,1,1,0
thenextweb.com,0,0,1,6,0,0,0,0,0,1,0,1,0,0,1,1,0
atwiki.jp,0,0,1,2,0,0,0,0,0,1,0,0,1,0,1,0,0
fortune.com,0,0,1,5,0,0,0,0,0,1,0,1,1,0,1,0,0
udn.com,0,0,1,4,0,0,0,0,0,1,0,1,0,0,1,0,0
nesn.com,0,0,1,3,0,0,0,0,0,1,0,1,0,0,1,0,0
depositphotos.com,0,0,1,1,0,0,0,0,0,1,0,1,1,1,1,1,0
ecnavi.jp,0,0,1,1,1,0,0,0,0,1,0,0,0,0,1,0,0
torcache.net,0,0,1,2,0,0,0,0,0,0,0,1,0,0,1,0,0
tobogo.net,0,0,1,2,0,0,0,0,1,0,1,1,1,1,1,1,0
atwiki.jp,0,0,1,2,0,0,0,0,0,1,0,0,1,0,1,0,0
bestblackhatforum.com,0,0,1,1,0,0,0,0,0,0,0,1,1,0,1,0,0
distractify.com,0,0,1,10,0,0,0,0,0,1,0,0,1,0,1,0,0
bestblackhatforum.com,0,0,1,1,0,0,0,0,0,0,0,1,1,0,1,0,0
interpark.com,0,0,1,2,0,0,0,0,0,1,0,0,1,0,1,0,0
bdnews24.com,0,0,1,5,0,0,0,0,0,1,0,1,1,0,1,0,0
elitedaily.com,0,0,1,3,0,0,0,0,0,1,0,1,1,0,1,1,0
atwiki.jp,0,0,1,2,0,0,0,0,0,1,0,0,1,0,1,0,0
bongda88.info,0,0,1,6,0,0,0,0,1,0,1,1,1,0,1,0,0
motthegioi.vn,0,0,1,2,0,0,0,0,1,0,1,1,1,0,1,0,0
olx.co.id,0,0,1,7,0,0,1,0,0,1,1,1,1,1,1,1,0
kakaku.com,0,0,1,6,0,0,0,0,0,1,0,1,0,0,1,0,0
distractify.com,0,0,1,10,0,0,0,0,0,1,0,0,1,0,1,0,0
olx.ro,0,0,1,6,0,0,0,0,0,1,1,1,1,0,1,0,0
xhamster.com,0,0,1,3,0,0,0,0,0,1,0,1,1,1,1,1,0
extratorrent.cc,0,0,1,3,0,0,0,0,1,0,1,1,1,1,1,1,0
superuser.com,0,0,1,3,0,0,0,0,0,1,0,0,1,0,1,0,0
grantland.com,0,0,1,2,0,0,0,0,0,1,0,1,1,0,1,0,0
allegro.pl,0,0,1,2,0,0,0,0,0,1,0,0,1,0,1,0,0
spankbang.com,0,0,1,3,0,0,0,0,0,1,0,0,1,0,1,0,0
mylust.com,0,0,1,3,0,0,1,0,0,1,0,0,0,0,1,0,0
techcrunch.com,0,0,1,4,0,0,0,0,0,1,0,1,1,0,1,0,0
askubuntu.com,0,0,1,3,0,0,0,0,0,1,0,0,1,0,1,0,0
extratorrent.cc,0,0,1,3,0,0,0,0,1,0,1,1,1,1,1,1,0
distractify.com,0,0,1,10,0,0,0,0,0,1,0,0,1,0,1,0,0
extratorrent.cc,0,0,1,3,0,0,0,0,1,0,1,1,1,1,1,1,0
emgn.com,0,0,1,2,0,0,0,0,1,0,1,1,1,1,1,1,0
censor.net.ua,0,0,1,3,0,0,0,0,0,0,0,1,1,0,1,0,0
web.de,0,0,1,5,0,0,0,0,0,1,1,1,1,1,1,1,0
patch.com,0,0,1,5,0,0,0,0,0,1,0,1,1,0,1,0,0
pornsharing.com,0,0,1,1,0,0,0,0,0,0,0,0,1,0,1,0,0
espn.go.com,0,0,1,7,0,0,0,0,0,1,0,0,1,0,1,0,0
1337x.to,0,0,1,3,0,0,0,0,0,1,0,1,1,1,1,1,0
searchengineland.com,0,0,1,1,0,0,0,0,0,1,0,1,1,0,1,0,0
emgn.com,0,0,1,2,0,0,0,0,1,0,1,1,1,1,1,1,0
medium.com,0,1,1,2,0,0,0,0,0,1,0,1,1,0,1,0,0
bigcinema.tv,0,0,1,2,0,0,0,0,1,0,1,1,1,1,1,1,0
venturebeat.com,0,0,1,4,0,0,1,0,0,1,0,1,1,0,1,0,0
tunein.com,0,0,1,5,0,0,0,0,0,1,0,1,0,0,1,0,0
nguyentandung.org,0,0,1,1,0,0,0,0,0,0,0,0,1,1,1,1,0
babal.net,0,0,1,4,0,0,0,0,0,0,0,1,1,0,1,0,0
xhamster.com,0,0,1,3,0,0,0,0,0,1,0,1,1,1,1,1,0
serverfault.com,0,0,1,3,0,0,1,0,0,1,0,1,1,0,1,0,0
olx.co.id,0,0,1,7,0,0,1,0,0,1,1,1,1,1,1,1,0
torrentdn.com,0,0,1,2,0,0,0,0,1,0,1,1,1,1,1,1,0
mediaset.it,0,0,1,3,0,0,0,0,0,1,0,0,1,0,1,1,0
torcache.net,0,0,1,2,0,0,0,0,0,0,0,1,1,0,1,0,0
motherless.com,0,0,1,1,0,0,0,0,0,0,0,1,1,1,1,1,0
interpark.com,0,0,1,2,0,0,0,0,0,1,0,0,1,0,1,0,0
distractify.com,0,0,1,10,0,0,0,0,0,1,0,0,1,0,1,0,0
noticias.uol.com.br,0,0,1,7,0,0,0,0,0,0,0,1,1,1,1,1,0
thenextweb.com,0,0,1,6,0,0,0,0,0,1,0,1,0,0,1,1,0
jezebel.com,0,0,1,1,0,0,0,0,0,1,0,1,0,0,1,0,0
ap.org,0,0,1,4,0,0,0,0,0,1,0,1,1,0,1,0,0
rocketnews24.com,0,0,1,2,0,0,0,0,0,1,0,1,0,0,1,0,0
hubpages.com,0,0,1,2,0,0,0,0,0,1,0,1,1,0,1,0,0
hollywoodlife.com,0,0,1,4,0,0,0,0,0,1,0,1,1,0,1,0,0
olx.pl,0,0,1,7,0,0,0,0,0,1,0,0,1,0,1,0,0
jezebel.com,0,0,1,2,0,0,0,0,0,1,0,1,0,0,1,0,0
seesaawiki.jp,0,0,1,4,0,0,0,0,0,1,0,0,1,0,1,0,0
seesaawiki.jp,0,0,1,3,0,0,0,0,0,1,0,0,1,0,1,0,0
motthegioi.vn,0,0,1,2,0,0,0,0,1,0,1,1,1,0,1,0,0
ck101.com,0,0,1,1,0,0,0,0,0,0,0,0,1,1,1,1,0
plarium.com,0,0,1,5,0,0,0,0,0,1,0,1,1,0,1,0,0
twitter.com,0,0,1,1,0,0,0,0,0,1,0,0,1,0,1,0,0
thenextweb.com,0,0,1,7,0,0,0,0,0,1,0,1,0,0,1,1,0
bestblackhatforum.com,0,0,1,1,0,0,0,0,0,0,0,1,1,0,1,0,0
censor.net.ua,0,0,1,3,0,0,0,0,0,0,0,1,1,0,1,0,0
sourceforge.net,0,0,1,3,0,0,0,0,0,1,0,1,1,0,1,0,0
thenextweb.com,0,0,1,6,0,0,0,0,0,1,0,1,0,0,1,1,0
stackoverflow.com,0,0,1,3,0,0,0,0,0,1,0,0,1,0,1,0,0
babal.net,0,0,1,4,0,0,0,0,0,0,0,1,1,0,1,0,0
babal.net,0,0,1,4,0,0,0,0,0,0,0,1,1,0,1,0,0
syosetu.com,0,0,1,3,0,0,0,0,0,1,0,1,1,0,1,0,0
watch-series-tv.to,0,0,1,2,0,0,0,1,0,0,0,1,1,0,1,0,0
censor.net.ua,0,0,1,3,0,0,0,0,0,0,0,1,1,0,1,0,0
abcnews.go.com,0,0,1,3,0,0,0,0,0,1,0,0,1,0,1,0,0
thenextweb.com,0,0,1,7,0,0,0,0,0,1,0,1,0,0,1,1,0
mashable.com,0,0,1,6,0,0,0,0,0,1,0,1,0,0,1,0,0
uproxx.com,0,0,1,4,0,0,1,0,0,1,0,1,1,0,1,0,0
motthegioi.vn,0,0,1,2,0,0,0,0,1,0,1,1,1,0,1,0,0
depositphotos.com,0,0,1,1,0,0,0,0,0,1,0,1,1,1,1,1,0
yourlust.com,0,0,1,2,0,0,1,0,0,1,0,1,1,1,1,1,0
akhbarelyom.com,0,0,1,5,0,0,0,0,0,1,0,1,1,0,1,0,0
olx.co.id,0,0,1,7,0,0,1,0,0,1,1,1,1,1,1,1,0
tobogo.net,0,0,1,2,0,0,0,0,1,0,1,1,1,1,1,1,0
otomoto.pl,0,0,1,4,0,0,0,0,0,1,0,1,1,0,1,0,0
bongda88.info,0,0,1,1,0,0,0,0,1,0,1,1,1,0,1,0,0
themeforest.net,0,0,1,4,0,0,0,0,0,1,0,1,1,0,1,0,0
distractify.com,0,0,1,10,0,0,0,0,0,1,0,0,1,0,1,0,0
grantland.com,0,0,1,2,0,0,0,0,0,1,0,1,0,0,1,0,0
correios.com.br,0,0,1,4,0,0,0,0,0,1,0,1,0,0,1,0,0
css-tricks.com,0,0,1,3,0,0,0,1,0,1,0,1,0,0,1,0,0
extratorrent.cc,0,0,1,3,0,0,0,0,1,0,1,1,1,1,1,1,0
torcache.net,0,0,1,2,0,0,0,0,0,0,0,1,0,0,1,0,0
otomoto.pl,0,0,1,2,0,0,0,0,0,1,0,1,1,0,1,0,0
extratorrent.cc,0,0,1,3,0,0,0,0,1,0,1,1,1,1,1,1,0
medium.com,0,0,1,2,0,0,0,0,0,1,0,1,1,0,1,0,0
extratorrent.cc,0,0,1,3,0,0,0,0,1,0,1,1,1,1,1,1,0
distractify.com,0,0,1,10,0,0,0,0,0,1,0,0,1,0,1,0,0
motthegioi.vn,0,0,1,2,0,0,0,0,1,0,1,1,1,0,1,0,0
grantland.com,0,0,1,2,0,0,0,0,0,1,0,1,1,0,1,0,0
torcache.net,0,0,1,2,0,0,0,0,0,0,0,1,0,0,1,0,0
codecanyon.net,0,0,1,1,0,0,0,0,0,1,0,1,1,0,1,0,0
sourceforge.net,0,0,1,3,0,0,0,0,0,1,0,1,1,0,1,0,0
interpark.com,0,0,1,2,0,0,0,0,0,1,0,0,1,0,1,0,0
squarespace.com,0,0,1,5,0,0,0,0,0,1,0,1,0,0,1,1,0
hollywoodlife.com,0,0,1,4,0,0,0,0,0,1,0,1,1,0,1,0,0
kakaku.com,0,0,1,6,0,0,0,0,0,1,0,1,0,0,1,0,0
wordpress.org,0,0,1,3,0,0,0,0,0,1,0,1,0,0,1,0,0
mirtesen.ru,0,0,1,1,0,0,0,0,0,1,0,0,1,0,1,0,0
extratorrent.cc,0,0,1,3,0,0,0,0,1,0,1,1,1,1,1,1,0
jezebel.com,0,0,1,2,0,0,0,0,0,1,0,1,0,0,1,0,0
mashable.com,0,0,1,6,0,0,0,0,0,1,0,1,0,0,1,0,0
jalopnik.com,0,0,1,2,0,0,0,0,0,1,0,1,0,0,1,0,0
thenextweb.com,0,0,1,6,0,0,0,0,0,1,0,1,0,0,1,1,0
techcrunch.com,0,0,1,4,0,0,0,0,0,1,0,1,1,0,1,0,0
kakaku.com,0,0,1,6,0,0,0,0,0,1,0,1,0,0,1,0,0
udn.com,0,0,1,4,0,0,0,0,0,1,0,1,0,0,1,0,0
variety.com,0,0,1,4,0,0,0,0,0,1,0,1,0,0,1,0,0
correios.com.br,0,0,1,3,0,0,0,0,0,1,0,1,0,0,1,0,0
digg.com,0,0,1,2,0,0,0,0,0,1,0,1,1,0,1,0,0
otomoto.pl,0,0,1,2,0,0,0,0,0,1,0,1,1,0,1,0,0
torcache.net,0,0,1,2,0,0,0,0,0,0,0,1,0,0,1,0,0
thenextweb.com,0,0,1,5,0,0,0,0,0,1,0,1,0,0,1,1,0
ringring.vn,0,0,1,1,0,0,0,0,1,0,1,1,1,1,1,1,0
olx.ro,0,0,1,7,0,0,0,0,0,1,1,1,1,0,1,0,0
quizlet.com,0,0,1,1,0,0,1,0,0,1,0,1,1,0,1,0,0
1337x.to,0,0,1,3,0,0,0,0,0,1,0,1,1,1,1,1,0
olx.ro,0,0,1,7,0,0,0,0,0,1,1,1,1,0,1,0,0
variety.com,0,0,1,4,0,0,0,0,0,1,0,1,0,0,1,0,0
wpengine.com,0,0,1,4,0,0,0,0,0,1,0,0,1,0,1,0,0
tympanus.net,0,0,1,5,0,0,0,0,0,1,0,1,1,0,1,0,0
nesn.com,0,0,1,3,0,0,0,0,0,1,0,1,0,0,1,0,0
mashable.com,0,0,1,6,0,0,0,0,0,1,0,1,0,0,1,0,0
extratorrent.cc,0,0,1,3,0,0,0,0,1,0,1,1,1,1,1,1,0
allegro.pl,0,0,1,2,0,0,0,0,0,1,0,0,1,0,1,0,0
zozo.jp,0,0,1,2,0,0,0,0,0,1,0,0,1,0,1,0,0
wikiwiki.jp,0,0,1,1,0,0,0,0,0,1,0,1,0,0,1,1,0
pornsharing.com,0,0,1,1,0,0,0,0,0,0,0,0,1,0,1,0,0
kenh14.vn,0,0,1,2,0,0,0,0,1,1,1,1,0,0,1,0,0
torcache.net,0,0,1,2,0,0,0,0,0,0,0,1,1,0,1,0,0
bongda88.info,0,0,1,1,0,0,0,0,1,0,1,1,1,0,1,0,0
zozo.jp,0,0,1,2,0,0,0,0,0,1,0,0,1,0,1,0,0
correios.com.br,0,0,1,3,0,0,0,0,1,1,1,1,0,0,1,0,0
nesn.com,0,0,1,3,0,0,0,0,0,1,0,1,0,0,1,0,0
katproxy.com,0,0,1,1,0,0,0,0,0,0,0,0,0,0,1,0,0
extratorrent.cc,0,0,1,3,0,0,0,0,1,0,1,1,1,1,1,1,0
nypost.com,0,0,1,4,0,0,1,0,0,1,0,1,0,0,1,0,0
buzzfil.net,0,0,1,4,0,0,0,0,0,0,0,0,1,1,1,1,0
searchengineland.com,0,0,1,1,0,0,0,0,0,1,0,1,1,0,1,0,0
haberler.com,0,0,1,1,0,0,0,0,0,1,0,1,1,0,1,0,0
plarium.com,0,0,1,5,0,0,0,0,0,1,0,1,1,0,1,0,0
userscloud.com,0,0,1,4,0,0,0,0,0,0,0,0,1,1,1,1,0
torcache.net,0,0,1,2,0,0,0,0,0,0,0,1,1,0,1,0,0
ap.org,0,0,1,4,0,0,0,0,0,1,0,1,1,0,1,0,0
kickass.to,0,0,1,1,0,0,0,0,0,0,0,1,1,1,1,1,0
thenextweb.com,0,0,1,6,0,0,0,0,0,1,0,1,0,0,1,1,0
akhbarelyom.com,0,0,1,5,0,0,0,0,0,1,0,1,1,0,1,0,0
torcache.net,0,0,1,2,0,0,0,0,0,0,0,1,0,0,1,0,0
extratorrent.cc,0,0,1,3,0,0,0,0,1,0,1,1,1,1,1,1,0
torrentdn.com,0,0,1,2,0,0,0,0,1,0,1,1,1,1,1,1,0
mylust.com,0,0,1,3,0,0,1,0,0,1,0,0,1,1,1,1,0
rozetka.com.ua,0,0,1,6,0,0,0,0,0,1,0,1,1,0,1,0,0
olx.ua,0,0,1,3,0,0,0,0,0,1,0,0,1,0,1,0,0
mic.com,0,0,1,3,0,0,0,0,0,1,0,1,1,0,1,0,0
codecanyon.net,0,0,1,4,0,0,0,0,0,1,0,1,1,0,1,0,0
nesn.com,0,0,1,3,0,0,0,0,0,1,0,1,0,0,1,0,0
distractify.com,0,0,1,10,0,0,0,0,0,1,0,0,1,0,1,0,0
tebyan.net,0,0,1,1,0,0,0,0,0,1,0,1,1,0,1,0,0
tune.pk,0,0,1,3,0,0,0,0,0,0,0,1,1,1,1,1,0
cox.com,0,0,1,2,0,0,1,0,0,1,0,0,0,0,1,0,0
nguyentandung.org,0,0,1,1,0,0,0,0,0,0,0,0,1,1,1,1,0
pikabu.ru,0,0,1,2,0,0,0,0,0,1,0,1,1,0,1,0,0
sfglobe.com,0,0,1,4,0,0,0,0,0,0,0,1,1,1,1,1,0
thenextweb.com,0,0,1,5,0,0,0,0,0,1,0,1,0,0,1,1,0
tobogo.net,0,0,1,2,0,0,0,0,1,0,1,1,1,1,1,1,0
mylust.com,0,0,1,3,0,0,1,0,0,1,0,0,0,0,1,0,0
web.tv,0,0,1,8,0,0,0,0,0,0,0,1,1,0,1,0,0
yourlust.com,0,0,1,2,0,0,1,0,0,1,0,1,1,1,1,1,0
indianexpress.com,0,0,1,5,0,0,0,0,0,1,0,1,1,0,1,0,0
1337x.to,0,0,1,3,0,0,0,0,0,1,0,1,1,1,1,1,0
mic.com,0,0,1,3,0,0,0,0,0,1,0,1,1,0,1,0,0
nypost.com,0,0,1,4,0,0,1,0,0,1,0,1,0,0,1,0,0
sourceforge.net,0,0,1,3,0,0,0,0,0,1,0,1,1,0,1,0,0
nguyentandung.org,0,0,1,1,0,0,0,0,0,0,0,0,1,1,1,1,0
depositphotos.com,0,0,1,2,0,0,0,0,0,1,0,1,1,1,1,1,0
babal.net,0,0,1,4,0,0,0,0,0,0,0,1,1,0,1,0,0
web.de,0,0,1,3,0,0,0,0,0,1,1,1,1,1,1,1,0
metro.co.uk,0,0,1,4,0,0,0,0,1,1,1,1,1,0,1,0,0
emgn.com,0,0,1,2,0,0,0,0,1,0,1,1,1,1,1,1,0
emgn.com,0,0,1,2,0,0,0,0,1,0,1,1,1,1,1,1,0
atwiki.jp,0,0,1,2,0,0,0,0,0,1,0,0,1,0,1,0,0
thenextweb.com,0,0,1,5,0,0,0,0,0,1,0,1,0,0,1,1,0
correios.com.br,0,0,1,4,0,0,0,0,0,1,0,1,0,0,1,0,0
olx.pl,0,0,1,7,0,0,0,0,0,1,0,0,1,0,1,0,0
babal.net,0,0,1,4,0,0,0,0,0,0,0,1,1,0,1,0,0
variety.com,0,0,1,4,0,0,0,0,0,1,0,1,0,0,1,0,0
otomoto.pl,0,0,1,2,0,0,0,0,0,1,0,1,1,0,1,0,0
torcache.net,0,0,1,2,0,0,0,0,0,0,0,1,1,0,1,0,0
allrecipes.com,0,0,1,3,0,0,0,0,0,1,0,1,1,0,1,0,0
mylust.com,0,0,1,3,0,0,1,0,0,1,0,0,0,0,1,0,0
indianexpress.com,0,0,1,3,0,0,0,0,0,1,0,1,0,0,1,0,0
deadspin.com,0,0,1,2,0,0,0,0,0,1,0,1,0,0,1,1,0
torcache.net,0,0,1,2,0,0,0,0,0,0,0,1,1,0,1,0,0
ringring.vn,0,0,1,1,0,0,0,0,1,0,1,1,1,0,1,0,0
perezhilton.com,0,0,1,1,0,0,0,0,0,1,0,0,1,0,1,0,0
nypost.com,0,0,1,4,0,0,1,0,0,1,0,1,0,0,1,0,0
akhbarelyom.com,0,0,1,5,0,0,0,0,0,1,0,1,1,0,1,0,0
distractify.com,0,0,1,10,0,0,0,0,0,1,0,0,1,0,1,0,0
persianblog.ir,0,0,1,4,0,0,0,0,1,0,1,1,1,1,1,1,0
kickass.to,0,0,1,1,0,0,0,0,0,0,0,1,1,1,1,1,0
smallseotools.com,0,0,1,2,0,0,0,0,0,1,0,1,1,0,1,0,0
askubuntu.com,0,0,1,3,0,0,0,0,0,1,0,0,1,0,1,0,0
otomoto.pl,0,0,1,2,0,0,0,0,0,1,0,1,1,0,1,0,0
twitter.com,0,0,1,1,0,0,0,0,0,1,0,0,1,0,1,0,0
9gag.tv,0,0,1,3,0,0,0,0,0,0,0,1,1,1,1,1,0
venturebeat.com,0,0,1,4,0,0,1,0,0,1,0,1,1,0,1,0,0
kenh14.vn,0,0,1,2,0,0,0,0,1,1,1,1,1,0,1,0,0
pornsharing.com,0,0,1,1,0,0,0,0,0,0,0,0,1,0,1,0,0
telegraf.com.ua,0,0,1,3,0,0,0,0,0,1,0,1,0,0,1,0,0
serverfault.com,0,0,1,3,0,0,1,0,0,1,0,1,1,0,1,0,0
onedio.com,0,0,1,2,0,0,0,0,0,1,0,1,0,0,1,0,0
babal.net,0,0,1,4,0,0,0,0,0,0,0,1,1,0,1,0,0
cox.com,0,0,1,4,0,0,1,0,0,1,0,0,0,0,1,0,0
allrecipes.com,0,0,1,3,0,0,0,0,0,1,0,1,1,0,1,0,0
elevenia.co.id,0,0,1,1,0,0,0,0,1,0,1,1,1,1,1,1,0
deadspin.com,0,0,1,2,0,0,0,0,0,1,0,1,0,0,1,0,0
olx.in,0,0,1,3,0,0,0,0,0,1,0,1,1,0,1,0,0
stackoverflow.com,0,0,1,3,0,0,0,0,0,1,0,0,1,0,1,0,0
extratorrent.cc,0,0,1,3,0,0,0,0,1,0,1,1,1,1,1,1,0
bdnews24.com,0,0,1,5,0,0,0,0,0,1,0,1,1,0,1,0,0
skyrock.com,0,0,1,2,0,0,0,0,0,1,0,1,1,0,1,0,0
lifehacker.com,0,0,1,2,0,0,0,0,0,1,0,1,1,0,1,0,0
askubuntu.com,0,0,1,3,0,0,0,0,0,1,0,0,1,0,1,0,0
kenh14.vn,0,0,1,2,0,0,0,0,1,1,1,1,0,0,1,0,0
ahrefs.com,0,0,1,8,0,0,0,0,0,1,0,1,1,0,1,0,0
pikabu.ru,0,0,1,3,0,0,0,0,0,1,0,1,1,0,1,0,0
comicbook.com,0,0,1,4,0,0,0,0,0,1,0,1,0,0,1,0,0
elcomercio.pe,0,0,1,3,0,0,0,0,0,1,1,1,0,0,1,0,0
sourceforge.net,0,0,1,3,0,0,0,0,0,1,0,1,1,0,1,0,0
torcache.net,0,0,1,2,0,0,0,0,0,0,0,1,1,0,1,0,0
distractify.com,0,0,1,2,0,0,0,0,0,1,0,0,1,0,1,1,0
nypost.com,0,0,1,4,0,0,1,0,0,1,0,1,0,0,1,0,0
cookpad.com,0,0,1,1,0,0,0,0,0,1,0,1,1,0,1,0,0
searchengineland.com,0,0,1,1,0,0,0,0,0,1,0,1,1,0,1,0,0
torrentdn.com,0,0,1,2,0,0,0,0,1,0,1,1,1,1,1,1,0
superuser.com,0,0,1,3,0,0,0,0,0,1,0,0,1,0,1,0,0
cox.com,0,0,1,3,0,0,1,0,0,1,0,0,1,0,1,0,0
correios.com.br,0,0,1,5,0,0,0,0,0,1,0,1,0,0,1,0,0
ringring.vn,0,0,1,1,0,0,0,0,1,0,1,1,1,0,1,0,0
gawker.com,0,0,1,1,0,0,0,0,0,1,0,1,1,0,1,0,0
hollywoodlife.com,0,0,1,4,0,0,0,0,0,1,0,1,1,0,1,0,0
tunein.com,0,0,1,5,0,0,0,0,0,1,0,1,0,0,1,0,0
tobogo.net,0,0,1,2,0,0,0,0,1,0,1,1,1,1,1,1,0
extratorrent.cc,0,0,1,3,0,0,0,0,1,0,1,1,1,1,1,1,0
thenextweb.com,0,0,1,5,0,0,0,0,0,1,0,1,0,0,1,1,0
thenextweb.com,0,0,1,6,0,0,0,0,0,1,0,1,0,0,1,1,0
kenh14.vn,0,0,1,2,0,0,0,0,1,1,1,1,0,0,1,0,0
extratorrent.cc,0,0,1,3,0,0,0,0,1,0,1,1,1,1,1,1,0
extratorrent.cc,0,0,1,3,0,0,0,0,1,0,1,1,1,1,1,1,0
maybank2u.com.my,0,0,1,4,0,0,0,0,0,1,0,1,1,1,1,1,0
qz.com,0,0,1,2,0,0,0,0,0,1,0,1,1,0,1,0,0
tobogo.net,0,0,1,2,0,0,0,0,1,0,1,1,1,1,1,1,0
variety.com,0,0,1,4,0,0,0,0,0,1,0,1,0,0,1,0,0
steamcommunity.com,0,0,1,5,0,0,0,0,0,1,0,1,1,0,1,0,0
codecanyon.net,0,0,1,3,0,0,0,0,0,1,0,1,1,0,1,0,0
allrecipes.com,0,0,1,3,0,0,0,0,0,1,0,1,1,0,1,0,0
torcache.net,0,0,1,2,0,0,0,0,0,0,0,1,1,0,1,0,0
motthegioi.vn,0,0,1,2,0,0,0,0,1,0,1,1,1,0,1,0,0
olx.pl,0,0,1,7,0,0,0,0,0,1,0,0,1,0,1,0,0
tobogo.net,0,0,1,2,0,0,0,0,1,0,1,1,1,1,1,1,0
bdnews24.com,0,0,1,5,0,0,0,0,0,1,0,1,1,0,1,0,0
otomoto.pl,0,0,1,2,0,0,0,0,0,1,0,1,1,0,1,0,0
babal.net,0,0,1,4,0,0,0,0,0,0,0,1,1,0,1,0,0
codecanyon.net,0,0,1,4,0,0,0,0,0,1,0,1,1,0,1,0,0
moviepilot.com,0,0,1,5,0,0,1,0,0,0,0,1,1,1,1,1,0
interpark.com,0,0,1,2,0,0,0,0,0,1,0,0,1,0,1,0,0
thechive.com,0,0,1,4,0,0,0,0,0,1,0,0,1,0,1,0,0
persianblog.ir,0,0,1,4,0,0,0,0,1,0,1,1,1,1,1,1,0
depositphotos.com,0,0,1,1,0,0,0,0,0,1,0,1,1,1,1,1,0
distractify.com,0,0,1,10,0,0,0,0,0,1,0,0,1,0,1,0,0
twitter.com,0,0,1,1,0,0,0,0,0,1,0,0,1,0,1,0,0
nguyentandung.org,0,0,1,1,0,0,0,0,0,0,0,0,1,1,1,1,0
emgn.com,0,0,1,2,0,0,0,0,1,0,1,1,1,1,1,1,0
techcrunch.com,0,0,1,4,0,0,0,0,0,1,0,1,1,0,1,0,0
torcache.net,0,0,1,2,0,0,0,0,0,0,0,1,1,0,1,0,0
smallseotools.com,0,0,1,2,0,0,0,0,0,1,0,1,1,0,1,0,0
techcrunch.com,0,0,1,4,0,0,0,0,0,1,0,1,1,0,1,0,0
squarespace.com,0,0,1,5,0,0,0,0,0,1,0,1,0,0,1,1,0
extratorrent.cc,0,0,1,3,0,0,0,0,1,0,1,1,1,1,1,1,0
atwiki.jp,0,0,1,2,0,0,0,0,0,1,0,0,1,0,1,0,0
motthegioi.vn,0,0,1,2,0,0,0,0,1,0,1,1,1,0,1,0,0
kickass.to,0,0,1,1,0,0,0,0,0,0,0,1,1,1,1,1,0
torcache.net,0,0,1,2,0,0,0,0,0,0,0,1,1,0,1,0,0
searchengineland.com,0,0,1,1,0,0,0,0,0,1,0,1,1,0,1,0,0
bleacherreport.com,0,0,1,2,0,0,1,0,0,1,0,1,1,0,1,0,0
thenextweb.com,0,0,1,6,0,0,0,0,0,1,0,1,0,0,1,1,0
distractify.com,0,0,1,10,0,0,0,0,0,1,0,0,1,0,1,0,0
teespring.com,0,0,1,2,0,0,0,0,0,1,0,0,1,0,1,0,0
sourceforge.net,0,0,1,3,0,0,0,0,0,1,0,1,1,0,1,0,0
tunein.com,0,0,1,5,0,0,0,0,0,1,0,1,0,0,1,0,0
extratorrent.cc,0,0,1,3,0,0,0,0,1,0,1,1,1,1,1,1,0
mixi.jp,0,0,1,4,0,0,0,0,0,1,0,0,1,0,1,0,0
twitter.com,0,0,1,1,0,0,0,0,0,1,0,0,1,0,1,0,0
pitchfork.com,0,0,1,2,0,0,0,0,0,1,0,0,0,0,1,0,0
kenh14.vn,0,0,1,2,0,0,0,0,1,1,1,1,1,0,1,0,0
olx.co.id,0,0,1,7,0,0,1,0,0,1,1,1,1,1,1,1,0
codecanyon.net,0,0,1,4,0,0,0,0,0,1,0,1,1,0,1,0,0
pikabu.ru,0,0,1,3,0,0,0,0,0,1,0,1,1,0,1,0,0
ap.org,0,0,1,4,0,0,0,0,0,1,0,1,1,0,1,0,0
sprint.com,0,0,1,5,0,0,1,0,0,1,0,1,1,1,1,1,0
mic.com,0,0,1,3,0,0,0,0,0,1,0,1,1,0,1,0,0
nypost.com,0,0,1,4,0,0,1,0,0,1,0,1,0,0,1,0,0
hdfcbank.com,0,0,1,5,0,0,0,0,0,1,0,1,1,1,1,1,0
depositphotos.com,0,0,1,1,0,0,0,0,0,1,0,1,1,1,1,1,0
kienthuc.net.vn,0,0,1,2,0,0,0,0,1,0,1,1,1,0,1,0,0
babal.net,0,0,1,4,0,0,0,0,0,0,0,1,1,0,1,0,0
500px.com,0,0,1,2,0,0,1,0,0,1,0,1,1,0,1,0,0
depositphotos.com,0,0,1,1,0,0,0,0,0,1,0,1,1,1,1,1,0
arstechnica.com,0,0,1,4,0,0,0,0,0,1,0,1,1,0,1,0,0
stackoverflow.com,0,0,1,3,0,0,0,0,0,1,0,0,1,0,1,0,0
torcache.net,0,0,1,2,0,0,0,0,0,0,0,1,0,0,1,0,0
twitter.com,0,0,1,1,0,0,0,0,0,1,0,0,1,0,1,0,0
jezebel.com,0,0,1,2,0,0,0,0,0,1,0,1,0,0,1,0,0
olx.ro,0,0,1,7,0,0,0,0,0,1,1,1,1,0,1,0,0
motherless.com,0,0,1,2,1,0,0,0,0,0,0,1,1,1,1,1,0
twitter.com,0,0,1,1,0,0,0,0,0,1,0,0,1,0,1,0,0
serverfault.com,0,0,1,3,0,0,1,0,0,1,0,1,1,0,1,0,0
irecommend.ru,0,0,1,2,0,0,0,0,0,1,0,1,1,0,1,0,0
babal.net,0,0,1,4,0,0,0,0,0,0,0,1,1,0,1,0,0
torcache.net,0,0,1,2,0,0,0,0,0,0,0,1,1,0,1,0,0
xhamster.com,0,0,1,3,0,0,0,0,0,1,0,1,1,1,1,1,0
livetv.sx,0,0,1,3,0,0,0,0,0,1,1,1,1,1,1,1,0
twitter.com,0,0,1,1,0,0,0,0,0,1,0,0,1,0,1,0,0
babal.net,0,0,1,4,0,0,0,0,0,0,0,1,1,0,1,0,0
eksisozluk.com,0,0,1,0,0,0,0,0,0,1,0,1,1,0,1,0,0
torrentdn.com,0,0,1,2,0,0,0,0,1,0,1,1,1,1,1,1,0
torcache.net,0,0,1,2,0,0,0,0,0,0,0,1,0,0,1,0,0
gizmodo.com,0,0,1,1,0,0,0,0,0,1,0,1,0,0,1,0,0
ck101.com,0,0,1,1,0,0,0,0,0,0,0,0,1,1,1,1,0
thenextweb.com,0,0,1,5,0,0,0,0,0,1,0,1,0,0,1,1,0
depositphotos.com,0,0,1,1,0,0,0,0,0,1,0,1,1,1,1,1,0
superuser.com,0,0,1,3,0,0,0,0,0,1,0,0,1,0,1,0,0
interpark.com,0,0,1,2,0,0,0,0,0,1,0,0,1,0,1,0,0
superuser.com,0,0,1,3,0,0,0,0,0,1,0,0,1,0,1,0,0
kickass.to,0,0,1,1,0,0,0,0,0,0,0,1,1,1,1,1,0
xvideo-jp.com,0,0,1,3,0,0,0,1,0,1,0,1,0,0,1,0,0
1337x.to,0,0,1,3,0,0,0,0,0,1,0,1,1,1,1,1,0
codecanyon.net,0,0,1,4,0,0,0,0,0,1,0,1,1,0,1,0,0
indianexpress.com,0,0,1,4,0,0,0,0,0,1,0,1,1,0,1,0,0
mashable.com,0,0,1,6,0,0,0,0,0,1,0,1,0,0,1,0,0
marvel.com,0,0,1,5,0,0,0,0,0,1,0,0,1,0,1,0,0
torrentdn.com,0,0,1,2,0,0,0,0,1,0,1,1,1,1,1,1,0
askubuntu.com,0,0,1,3,0,0,0,0,0,1,0,0,1,0,1,0,0
sourceforge.net,0,0,1,3,0,0,0,0,0,1,0,1,1,0,1,0,0
torcache.net,0,0,1,2,0,0,0,0,0,0,0,1,0,0,1,0,0
clien.net,0,0,1,3,0,0,0,0,0,1,0,1,1,0,1,0,0
interpark.com,0,0,1,2,0,0,0,0,0,1,0,0,1,0,1,0,0
serverfault.com,0,0,1,3,0,0,1,0,0,1,0,1,1,0,1,0,0
ringring.vn,0,0,1,1,0,0,0,0,1,0,1,1,1,0,1,0,0
gov.uk,0,0,1,3,0,0,0,0,1,0,1,1,1,0,1,0,0
torcache.net,0,0,1,2,0,0,0,0,0,0,0,1,1,0,1,0,0
otomoto.pl,0,0,1,2,0,0,0,0,0,1,0,1,1,0,1,0,0
ringring.vn,0,0,1,1,0,0,0,0,1,0,1,1,1,1,1,1,0
eksisozluk.com,0,0,1,0,0,0,0,0,0,1,0,1,1,0,1,0,0
maybank2u.com.my,0,0,1,4,0,0,0,0,0,1,0,1,1,1,1,1,0
thenextweb.com,0,0,1,6,0,0,0,0,0,1,0,1,0,0,1,1,0
plarium.com,0,0,1,5,0,0,0,0,0,1,0,1,1,0,1,0,0
telegraf.com.ua,0,0,1,3,0,0,0,0,0,1,0,1,0,0,1,0,0
mylust.com,0,0,1,3,0,0,1,0,0,1,0,0,0,0,1,0,0
olx.in,0,0,1,2,0,0,0,0,0,1,0,1,1,0,1,0,0
abc.go.com,0,0,1,5,0,0,0,0,0,1,0,0,1,0,1,0,0
themeforest.net,0,0,1,4,0,0,0,0,0,1,0,1,1,0,1,0,0
slashdot.org,0,0,1,3,0,0,0,0,0,1,0,1,1,0,1,0,0
tunein.com,0,0,1,5,0,0,0,0,0,1,0,1,0,0,1,1,0
hollywoodlife.com,0,0,1,4,0,0,0,0,0,1,0,1,1,0,1,0,0
tinnhanh360.net,0,0,1,1,0,0,0,0,0,0,0,0,1,0,1,0,0
interpark.com,0,0,1,2,0,0,0,0,0,1,0,0,1,0,1,0,0
metro.co.uk,0,0,1,4,0,0,0,0,1,1,1,1,1,0,1,0,0
seesaawiki.jp,0,0,1,4,0,0,0,0,0,1,0,0,1,1,1,1,0
sourceforge.net,0,0,1,3,0,0,0,0,0,1,0,1,1,0,1,0,0
torcache.net,0,0,1,2,0,0,0,0,0,0,0,1,0,0,1,0,0
deadspin.com,0,0,1,3,0,0,0,0,0,1,0,1,0,0,1,0,0
cookpad.com,0,0,1,1,0,0,0,0,0,1,0,1,1,0,1,0,0
allegro.pl,0,0,1,2,0,0,0,0,0,1,0,0,1,0,1,0,0
500px.com,0,0,1,3,0,0,1,0,0,1,0,1,1,0,1,0,0
torcache.net,0,0,1,2,0,0,0,0,0,0,0,1,0,0,1,0,0
thenextweb.com,0,0,1,5,0,0,0,0,0,1,0,1,0,0,1,1,0
interpark.com,0,0,1,2,0,0,0,0,0,1,0,0,1,0,1,0,0
tunein.com,0,0,1,5,0,0,0,0,0,1,0,1,0,0,1,1,0
distractify.com,0,0,1,10,0,0,0,0,0,1,0,0,1,0,1,0,0
interpark.com,0,0,1,2,0,0,0,0,0,1,0,0,1,0,1,0,0
codecanyon.net,0,0,1,4,0,0,0,0,0,1,0,1,1,0,1,0,0
olx.ua,0,0,1,2,0,0,0,0,0,1,0,0,1,0,1,0,0
torcache.net,0,0,1,2,0,0,0,0,0,0,0,1,1,0,1,0,0
serverfault.com,0,0,1,3,0,0,1,0,0,1,0,1,1,0,1,0,0
olx.pl,0,0,1,7,0,0,0,0,0,1,0,0,1,0,1,0,0
mirtesen.ru,0,0,1,1,0,0,0,0,0,1,0,0,1,0,1,0,0
kenh14.vn,0,0,1,2,0,0,0,0,1,1,1,1,1,0,1,0,0
moviepilot.com,0,0,1,5,0,0,1,0,0,0,0,1,1,1,1,1,0
motthegioi.vn,0,0,1,2,0,0,0,0,1,0,1,1,1,0,1,0,0
grantland.com,0,0,1,2,0,0,0,0,0,1,0,1,0,0,1,0,0
plarium.com,0,0,1,5,0,0,0,0,0,1,0,1,1,0,1,0,0
jezebel.com,0,0,1,2,0,0,0,0,0,1,0,1,0,0,1,0,0
udn.com,0,0,1,4,0,0,0,0,0,1,0,1,0,0,1,0,0
motthegioi.vn,0,0,1,3,0,0,0,0,1,0,1,1,1,0,1,0,0
sfglobe.com,0,0,1,4,0,0,0,0,0,0,0,1,1,1,1,1,0
perezhilton.com,0,0,1,1,0,0,0,0,0,1,0,0,1,0,1,0,0
caixa.gov.br,0,0,1,4,0,0,0,0,0,1,1,1,1,0,1,1,0
medium.com,0,0,1,2,0,0,0,0,0,1,0,1,1,0,1,0,0
pikabu.ru,0,0,1,3,0,0,0,0,0,1,0,1,1,0,1,0,0
skyrock.com,0,0,1,2,0,0,0,0,0,1,0,1,1,0,1,0,0
otomoto.pl,0,0,1,2,0,0,0,0,0,1,0,1,1,0,1,0,0
twitter.com,0,0,1,1,0,0,0,0,0,1,0,0,1,0,1,0,0
kickass.to,0,0,1,1,0,0,0,0,0,0,0,1,1,1,1,1,0
mic.com,0,0,1,3,0,0,0,0,0,1,0,1,1,0,1,0,0
sfglobe.com,0,0,1,4,0,0,0,0,0,0,0,1,1,1,1,1,0
bdnews24.com,0,0,1,5,0,0,0,0,0,1,0,1,1,0,1,0,0
slashdot.org,0,0,1,3,0,0,0,0,0,1,0,1,1,0,1,0,0
twitter.com,0,0,1,1,0,0,0,0,0,1,0,0,1,0,1,0,0
serverfault.com,0,0,1,3,0,0,1,0,0,1,0,1,1,0,1,0,0
clien.net,0,0,1,3,0,0,0,0,0,1,0,1,1,0,1,0,0
extratorrent.cc,0,0,1,3,0,0,0,0,1,0,1,1,1,1,1,1,0
abc.go.com,0,0,1,5,0,0,0,0,0,1,0,0,1,0,1,0,0
themeforest.net,0,0,1,4,0,0,0,0,0,1,0,1,1,0,1,0,0
ap.org,0,0,1,4,0,0,0,0,0,1,0,1,1,0,1,0,0
motthegioi.vn,0,0,1,2,0,0,0,0,1,0,1,1,1,0,1,0,0
grantland.com,0,0,1,2,0,0,0,0,0,1,0,1,1,0,1,0,0
smallseotools.com,0,0,1,2,0,0,0,0,0,1,0,1,1,0,1,0,0
thenextweb.com,0,0,1,6,0,0,0,0,0,1,0,1,0,0,1,1,0
prezi.com,0,0,1,4,0,0,0,0,0,1,0,1,1,0,1,0,0
distractify.com,0,0,1,10,0,0,0,0,0,1,0,0,1,0,1,0,0
twitter.com,0,0,1,1,0,0,0,0,0,1,0,0,1,0,1,0,0
1337x.to,0,0,1,3,0,0,0,0,0,1,0,1,1,1,1,1,0
extratorrent.cc,0,0,1,3,0,0,0,0,1,0,1,1,1,1,1,1,0
ecnavi.jp,0,0,1,1,1,0,0,0,0,1,0,0,0,0,1,0,0
elitedaily.com,0,0,1,4,0,0,0,0,0,1,0,1,1,0,1,1,0
motthegioi.vn,0,0,1,2,0,0,0,0,1,0,1,1,1,0,1,0,0
ap.org,0,0,1,4,0,0,0,0,0,1,0,1,1,0,1,0,0
kenh14.vn,0,0,1,2,0,0,0,0,1,1,1,1,1,0,1,0,0
udn.com,0,0,1,4,0,0,0,0,0,1,0,1,0,0,1,0,0
kienthuc.net.vn,0,0,1,2,0,0,0,0,1,0,1,1,1,0,1,0,0
kakaku.com,0,0,1,6,0,0,0,0,0,1,0,1,0,0,1,0,0
superuser.com,0,0,1,3,0,0,0,0,0,1,0,0,1,0,1,0,0
eksisozluk.com,0,0,1,0,0,0,0,0,0,1,0,1,1,0,1,0,0
esporte.uol.com.br,0,0,1,6,0,0,0,0,0,0,0,1,1,1,1,1,0
smallseotools.com,0,0,1,2,0,0,0,0,0,1,0,1,1,0,1,0,0
perezhilton.com,0,0,1,2,0,0,0,0,0,1,0,0,1,0,1,0,0
hollywoodlife.com,0,0,1,4,0,0,0,0,0,1,0,1,1,0,1,0,0
codecanyon.net,0,0,1,4,0,0,0,0,0,1,0,1,1,0,1,0,0
censor.net.ua,0,0,1,14,0,0,0,0,0,0,0,1,1,0,1,0,0
twitter.com,0,0,1,1,0,0,0,0,0,1,0,0,1,0,1,0,0
babal.net,0,0,1,4,0,0,0,0,0,0,0,1,1,0,1,0,0
kienthuc.net.vn,0,0,1,2,0,0,0,0,1,0,1,1,1,0,1,0,0
avxhome.se,0,0,1,2,0,0,0,0,1,0,1,1,1,1,1,1,0
extratorrent.cc,0,0,1,1,0,0,0,0,1,0,1,1,1,1,1,1,0
atwiki.jp,0,0,1,2,0,0,0,0,0,1,0,0,1,0,1,0,0
nymag.com,0,0,1,5,0,0,0,0,0,1,0,0,0,0,1,0,0
torcache.net,0,0,1,2,0,0,0,0,0,0,0,1,0,0,1,0,0
icicibank.com,0,0,1,3,0,0,0,0,0,1,0,1,1,1,1,1,0
chaturbate.com,0,0,1,3,0,0,0,0,0,1,0,1,1,1,1,1,0
kakaku.com,0,0,1,6,0,0,0,0,0,1,0,1,1,0,1,0,0
thenextweb.com,0,0,1,6,0,0,0,0,0,1,0,1,0,0,1,1,0
elevenia.co.id,0,0,1,1,0,0,0,0,1,0,1,1,1,1,1,1,0
kienthuc.net.vn,0,0,1,2,0,0,0,0,1,0,1,1,1,0,1,0,0
tinnhanh360.net,0,0,1,1,0,0,0,0,0,0,0,0,1,0,1,0,0
allegro.pl,0,0,1,2,0,0,0,0,0,1,0,0,1,0,1,0,0
mic.com,0,0,1,3,0,0,0,0,0,1,0,1,1,0,1,0,0
thenextweb.com,0,0,1,6,0,0,0,0,0,1,0,1,0,0,1,1,0
buzzfil.net,0,0,1,4,0,0,0,0,0,0,0,0,1,1,1,1,0
sourceforge.net,0,0,1,6,0,0,0,0,0,1,0,1,1,0,1,0,0
torcache.net,0,0,1,2,0,0,0,0,0,0,0,1,0,0,1,0,0
getpocket.com,0,0,1,1,0,0,1,0,0,1,0,0,1,0,1,0,0
onedio.com,0,0,1,3,0,0,0,0,0,1,0,1,0,0,1,0,0
twitter.com,0,0,1,1,0,0,0,0,0,1,0,0,1,0,1,0,0
torcache.net,0,0,1,2,0,0,0,0,0,0,0,1,0,0,1,0,0
nguyentandung.org,0,0,1,1,0,0,0,0,0,0,0,0,1,0,1,0,0
zozo.jp,0,0,1,2,0,0,0,0,0,1,0,0,1,0,1,0,0
emgn.com,0,0,1,2,0,0,0,0,1,0,1,1,1,1,1,1,0
emgn.com,0,0,1,2,0,0,0,0,1,0,1,1,1,1,1,1,0
interpark.com,0,0,1,2,0,0,0,0,0,1,0,0,1,0,1,0,0
udn.com,0,0,1,4,0,0,0,0,0,1,0,1,0,0,1,0,0
bdnews24.com,0,0,1,5,0,0,0,0,0,1,0,1,1,0,1,0,0
depositphotos.com,0,0,1,1,0,0,0,0,0,1,0,1,1,1,1,1,0
techcrunch.com,0,0,1,4,0,0,0,0,0,1,0,1,1,0,1,0,0
askubuntu.com,0,0,1,3,0,0,0,0,0,1,0,0,1,0,1,0,0
kienthuc.net.vn,0,0,1,2,0,0,0,0,1,0,1,1,1,0,1,0,0
pikabu.ru,0,0,1,3,0,0,0,0,0,1,0,1,1,0,1,0,0
plarium.com,0,0,1,5,0,0,0,0,0,1,0,1,1,0,1,0,0
kienthuc.net.vn,0,0,1,2,0,0,0,0,1,0,1,1,1,0,1,0,0
yourlust.com,0,0,1,2,0,0,1,0,0,1,0,1,1,1,1,1,0
thenextweb.com,0,0,1,7,0,0,0,0,0,1,0,1,0,0,1,1,0
metro.co.uk,0,0,1,4,0,0,0,0,1,1,1,1,1,0,1,0,0
steamcommunity.com,0,0,1,9,1,0,0,0,0,1,0,1,1,0,1,0,0
ecnavi.jp,0,0,1,1,1,0,0,0,0,1,0,0,0,0,1,0,0
thenextweb.com,0,0,1,6,0,0,0,0,0,1,0,1,0,0,1,1,0
bdnews24.com,0,0,1,5,0,0,0,0,0,1,0,1,1,0,1,0,0
censor.net.ua,0,0,1,3,0,0,0,0,0,0,0,1,1,0,1,0,0
diply.com,0,0,1,3,0,0,0,0,0,0,0,1,1,0,1,0,0
ap.org,0,0,1,4,0,0,0,0,0,1,0,1,1,0,1,0,0
thenextweb.com,0,0,1,5,0,0,0,0,0,1,0,1,0,0,1,1,0
nguyentandung.org,0,0,1,1,0,0,0,0,0,0,0,0,1,1,1,1,0
motthegioi.vn,0,0,1,2,0,0,0,0,1,0,1,1,1,0,1,0,0
medium.com,0,1,1,2,0,0,0,0,0,1,0,1,1,0,1,0,0
babal.net,0,0,1,4,0,0,0,0,0,0,0,1,1,0,1,0,0
kenh14.vn,0,0,1,2,0,0,0,0,1,1,1,1,1,0,1,0,0
babal.net,0,0,1,4,0,0,0,0,0,0,0,1,1,0,1,0,0
indianexpress.com,0,0,1,3,0,0,0,0,0,1,0,1,1,0,1,0,0
mashable.com,0,0,1,6,0,0,0,0,0,1,0,1,0,0,1,0,0
mylust.com,0,0,1,3,0,0,1,0,0,1,0,0,1,1,1,1,0
emgn.com,0,0,1,2,0,0,0,0,1,0,1,1,1,1,1,1,0
nymag.com,0,0,1,9,0,0,0,0,0,1,0,0,0,0,1,1,0
olx.ua,0,0,1,3,0,0,0,0,0,1,0,0,1,0,1,0,0
bluegape.com,0,0,1,4,0,0,0,0,0,0,0,1,1,0,1,0,0
nypost.com,0,0,1,4,0,0,1,0,0,1,0,1,0,0,1,0,0
steamcommunity.com,0,0,1,5,0,0,0,0,0,1,0,1,1,0,1,0,0
askubuntu.com,0,0,1,3,0,0,0,0,0,1,0,0,1,0,1,0,0
vnexpress.net,0,0,1,3,0,0,0,0,0,1,0,1,1,0,1,1,0
nypost.com,0,0,1,4,0,0,1,0,0,1,0,1,0,0,1,0,0
torcache.net,0,0,1,2,0,0,0,0,0,0,0,1,0,0,1,0,0
screenrant.com,0,0,1,1,0,0,1,0,0,1,0,0,1,1,1,1,0
persianblog.ir,0,0,1,3,0,0,0,0,1,0,1,1,1,1,1,1,0
torcache.net,0,0,1,2,0,0,0,0,0,0,0,1,1,0,1,0,0
techcrunch.com,0,0,1,4,0,0,0,0,0,1,0,1,1,0,1,0,0
mashable.com,0,0,1,6,0,0,0,0,0,1,0,1,0,0,1,0,0
web.de,0,0,1,5,0,0,0,0,0,1,1,1,1,1,1,1,0
io9.com,0,0,1,3,0,0,0,0,0,1,0,0,1,0,1,0,0
mirtesen.ru,0,0,1,1,0,0,0,0,0,1,0,0,1,0,1,0,0
twitter.com,0,0,1,1,0,0,0,0,0,1,0,0,1,0,1,0,0
hdfcbank.com,0,0,1,4,0,0,0,0,0,1,0,1,1,1,1,1,0
xhamster.com,0,0,1,3,0,0,0,0,0,1,0,1,1,1,1,1,0
tinnhanh360.net,0,0,1,1,0,0,0,0,0,0,0,0,1,0,1,0,0
serverfault.com,0,0,1,3,0,0,1,0,0,1,0,1,1,0,1,0,0
emgn.com,0,0,1,2,0,0,0,0,1,0,1,1,1,1,1,1,0
kenh14.vn,0,0,1,2,0,0,0,0,1,1,1,1,1,0,1,0,0
auto.ru,0,0,1,4,0,0,0,0,0,1,0,0,1,0,1,0,0
ecnavi.jp,0,0,1,1,1,0,0,0,0,1,0,0,0,0,1,0,0
deadspin.com,0,0,1,2,0,0,0,0,0,1,0,1,0,0,1,0,0
xvideo-jp.com,0,0,1,3,0,0,0,1,0,1,0,1,0,0,1,0,0
atwiki.jp,0,0,1,2,0,0,0,0,0,1,0,0,1,0,1,0,0
motthegioi.vn,0,0,1,2,0,0,0,0,1,0,1,1,1,0,1,0,0
seekingalpha.com,0,0,1,2,0,0,0,0,0,1,0,1,1,0,1,0,0
tinnhanh360.net,0,0,1,1,0,0,0,0,0,0,0,0,1,0,1,0,0
telegraf.com.ua,0,0,1,3,0,0,0,0,0,1,0,1,0,0,1,0,0
seekingalpha.com,0,0,1,2,0,0,0,0,0,1,0,1,1,0,1,0,0
hollywoodlife.com,0,0,1,4,0,0,0,0,0,1,0,1,1,0,1,0,0
ap.org,0,0,1,4,0,0,0,0,0,1,0,1,1,0,1,0,0
xvideo-jp.com,0,0,1,1,0,0,0,1,0,1,0,1,0,0,1,0,0
bdnews24.com,0,0,1,5,0,0,0,0,0,1,0,1,1,0,1,0,0
distractify.com,0,0,1,10,0,0,0,0,0,1,0,0,1,0,1,0,0
syosetu.com,0,0,1,3,0,0,0,0,0,1,0,1,1,0,1,0,0
medium.com,0,0,1,2,0,0,0,0,0,1,0,1,1,0,1,0,0
nypost.com,0,0,1,4,0,0,1,0,0,1,0,1,0,0,1,0,0
cheezburger.com,0,0,1,2,0,0,0,0,0,1,0,0,1,0,1,0,0
allegro.pl,0,0,1,2,0,0,0,0,0,1,0,0,1,0,1,0,0
superuser.com,0,0,1,3,0,0,0,0,0,1,0,0,1,0,1,0,0
grantland.com,0,0,1,2,0,0,0,0,0,1,0,1,1,0,1,0,0
olx.co.id,0,0,1,2,0,0,1,0,0,1,1,1,1,1,1,1,0
grantland.com,0,0,1,2,0,0,0,0,0,1,0,1,1,0,1,0,0
myegy.to,0,0,1,3,0,0,0,0,0,0,0,0,0,0,1,0,0
torcache.net,0,0,1,2,0,0,0,0,0,0,0,1,0,0,1,0,0
torcache.net,0,0,1,2,0,0,0,0,0,0,0,1,0,0,1,0,0
squarespace.com,0,0,1,5,0,0,0,0,0,1,0,1,0,0,1,1,0
motthegioi.vn,0,0,1,2,0,0,0,0,1,0,1,1,1,0,1,0,0
distractify.com,0,0,1,10,0,0,0,0,0,1,0,0,1,0,1,0,0
distractify.com,0,0,1,10,0,0,0,0,0,1,0,0,1,0,1,0,0
irecommend.ru,0,0,1,2,0,0,0,0,0,1,0,1,1,0,1,0,0
maybank2u.com.my,0,0,1,4,0,0,0,0,0,1,0,1,1,1,1,1,0
stackoverflow.com,0,0,1,3,0,0,0,0,0,1,0,0,1,0,1,0,0
comicbook.com,0,0,1,4,0,0,0,0,0,1,0,1,0,0,1,0,0
stackoverflow.com,0,0,1,3,0,0,0,0,0,1,0,0,1,0,1,0,0
serverfault.com,0,0,1,3,0,0,1,0,0,1,0,1,1,0,1,0,0
metro.co.uk,0,0,1,4,0,0,0,0,1,1,1,1,1,0,1,0,0
tobogo.net,0,0,1,2,0,0,0,0,1,0,1,1,1,1,1,1,0
torcache.net,0,0,1,2,0,0,0,0,0,0,0,1,1,0,1,0,0
web.de,0,0,1,3,0,0,0,0,0,1,1,1,1,1,1,1,0
distractify.com,0,0,1,10,0,0,0,0,0,1,0,0,1,0,1,0,0
udn.com,0,0,1,4,0,0,0,0,0,1,0,1,0,0,1,0,0
babal.net,0,0,1,4,0,0,0,0,0,0,0,1,1,0,1,0,0
bdnews24.com,0,0,1,5,0,0,0,0,0,1,0,1,1,0,1,0,0
nypost.com,0,0,1,4,0,0,1,0,0,1,0,1,0,0,1,0,0
mic.com,0,0,1,3,0,0,0,0,0,1,0,1,1,0,1,0,0
himado.in,0,0,1,0,0,0,0,0,1,0,1,1,1,1,1,1,0
stackoverflow.com,0,0,1,3,0,0,0,0,0,1,0,0,1,0,1,0,0
distractify.com,0,0,1,10,0,0,0,0,0,1,0,0,1,0,1,0,0
hollywoodlife.com,0,0,1,4,0,0,0,0,0,1,0,1,1,0,1,0,0
techcrunch.com,0,0,1,3,0,0,0,0,0,1,0,1,0,0,1,0,0
bigcinema.tv,0,0,1,2,0,0,0,0,1,0,1,1,1,1,1,1,0
kenh14.vn,0,0,1,2,0,0,0,0,1,1,1,1,1,0,1,0,0
medium.com,0,0,1,2,0,0,0,0,0,1,0,1,1,0,1,0,0
mic.com,0,0,1,3,0,0,0,0,0,1,0,1,1,0,1,0,0
codecanyon.net,0,0,1,4,0,0,0,0,0,1,0,1,1,0,1,0,0
variety.com,0,0,1,4,0,0,0,0,0,1,0,1,0,0,1,0,0
megogo.net,0,0,1,4,0,0,0,0,0,1,0,1,0,0,1,0,0
tunein.com,0,0,1,5,0,0,0,0,0,1,0,1,0,0,1,1,0
motthegioi.vn,0,0,1,2,0,0,0,0,1,0,1,1,1,0,1,0,0
distractify.com,0,0,1,2,0,0,0,0,0,1,0,0,1,0,1,0,0
udn.com,0,0,1,4,0,0,0,0,0,1,0,1,0,0,1,0,0
bdnews24.com,0,0,1,5,0,0,0,0,0,1,0,1,1,0,1,0,0
distractify.com,0,0,1,2,0,0,0,0,0,1,0,0,1,0,1,0,0
extratorrent.cc,0,0,1,3,0,0,0,0,1,0,1,1,1,1,1,1,0
plarium.com,0,0,1,5,0,0,0,0,0,1,0,1,1,0,1,0,0
metro.co.uk,0,0,1,4,0,0,0,0,1,1,1,1,1,0,1,0,0
allrecipes.com,0,0,1,3,0,0,0,0,0,1,0,1,1,0,1,0,0
babal.net,0,0,1,4,0,0,0,0,0,0,0,1,1,0,1,0,0
mashable.com,0,0,1,6,0,0,0,0,0,1,0,1,0,0,1,0,0
torcache.net,0,0,1,2,0,0,0,0,0,0,0,1,0,0,1,0,0
codepen.io,0,0,1,3,0,0,0,0,0,1,0,1,1,0,1,0,0
distractify.com,0,0,1,10,0,0,0,0,0,1,0,0,1,0,1,0,0
hdfcbank.com,0,0,1,5,0,0,0,0,0,1,0,1,1,1,1,1,0
censor.net.ua,0,0,1,3,0,0,0,0,0,0,0,1,1,0,1,0,0
depositphotos.com,0,0,1,1,0,0,0,0,0,1,0,1,1,1,1,1,0
bongda88.info,0,0,1,1,0,0,0,0,1,0,1,1,1,0,1,0,0
ecnavi.jp,0,0,1,1,1,0,0,0,0,1,0,0,0,0,1,0,0
medium.com,0,0,1,2,0,0,0,0,0,1,0,1,1,0,1,0,0
mylust.com,0,0,1,3,0,0,1,0,0,1,0,0,0,0,1,0,0
udn.com,0,0,1,4,0,0,0,0,0,1,0,1,0,0,1,0,0
interpark.com,0,0,1,2,0,0,0,0,0,1,0,0,1,0,1,0,0
tobogo.net,0,0,1,2,0,0,0,0,1,0,1,1,1,1,1,1,0
babal.net,0,0,1,4,0,0,0,0,0,0,0,1,1,0,1,0,0
depositphotos.com,0,0,1,1,0,0,0,0,0,1,0,1,1,1,1,1,0
olx.ua,0,0,1,3,0,0,0,0,0,1,0,0,1,0,1,0,0
bdnews24.com,0,0,1,5,0,0,0,0,0,1,0,1,1,0,1,0,0
olx.ua,0,0,1,4,0,0,0,0,0,1,0,0,1,0,1,0,0
themeforest.net,0,0,1,3,0,0,0,0,0,1,0,1,1,0,1,0,0
lifehacker.com,0,0,1,2,0,0,0,0,0,1,0,1,1,0,1,0,0
olx.ro,0,0,1,7,0,0,0,0,0,1,1,1,1,0,1,0,0
paytm.com,0,0,1,6,0,0,0,0,0,1,0,1,0,0,1,0,0
extratorrent.cc,0,0,1,3,0,0,0,0,1,0,1,1,1,1,1,1,0
motthegioi.vn,0,0,1,2,0,0,0,0,1,0,1,1,1,0,1,0,0
qz.com,0,0,1,2,0,0,0,0,0,1,0,1,1,0,1,0,0
abcnews.go.com,0,0,1,3,0,0,0,0,0,1,0,0,1,0,1,0,0
emgn.com,0,0,1,2,0,0,0,0,1,0,1,1,1,1,1,1,0
abc.go.com,0,0,1,5,0,0,0,0,0,1,0,0,1,0,1,0,0
hollywoodlife.com,0,0,1,4,0,0,0,0,0,1,0,1,1,0,1,0,0
babal.net,0,0,1,4,0,0,0,0,0,0,0,1,1,0,1,0,0
nypost.com,0,0,1,4,0,0,1,0,0,1,0,1,0,0,1,0,0
themeforest.net,0,0,1,4,0,0,0,0,0,1,0,1,1,0,1,0,0
allrecipes.com,0,0,1,3,0,0,0,0,0,1,0,1,1,0,1,0,0
ringring.vn,0,0,1,1,0,0,0,0,1,0,1,1,1,0,1,0,0
seekingalpha.com,0,0,1,2,0,0,0,0,0,1,0,1,1,0,1,0,0
mentalfloss.com,0,0,1,3,0,0,0,0,0,1,0,1,1,0,1,0,0
olx.pl,0,0,1,3,0,0,0,0,0,1,0,0,1,0,1,0,0
allrecipes.com,0,0,1,4,0,0,0,0,0,1,0,1,1,0,1,0,0
web.de,0,0,1,3,0,0,0,0,0,1,1,1,1,1,1,1,0
fishki.net,0,0,1,2,0,0,0,0,0,1,0,1,0,0,1,0,0
olx.ua,0,0,1,2,0,0,0,0,0,1,0,0,1,0,1,0,0
kickass.to,0,0,1,1,0,0,0,0,0,0,0,1,1,1,1,1,0
getpocket.com,0,0,1,1,1,0,1,0,0,1,0,0,1,0,1,0,0
paytm.com,0,0,1,2,0,0,0,0,0,1,0,1,0,0,1,0,0
nypost.com,0,0,1,4,0,0,1,0,0,1,0,1,0,0,1,0,0
nypost.com,0,0,1,4,0,0,1,0,0,1,0,1,0,0,1,0,0
pikabu.ru,0,0,1,3,0,0,0,0,0,1,0,1,1,0,1,0,0
hubpages.com,0,0,1,2,0,0,0,0,0,1,0,1,1,0,1,0,0
correios.com.br,0,0,1,5,0,0,0,0,0,1,0,1,0,0,1,0,0
ap.org,0,0,1,4,0,0,0,0,0,1,0,1,1,0,1,0,0
hubpages.com,0,0,1,2,0,0,0,0,0,1,0,1,1,0,1,0,0
distractify.com,0,0,1,10,0,0,0,0,0,1,0,0,1,0,1,0,0
yourlust.com,0,0,1,2,0,0,1,0,0,1,0,1,1,1,1,1,0
khabaronline.ir,0,0,1,5,0,0,0,0,0,1,1,1,1,0,1,1,0
perezhilton.com,0,0,1,1,0,0,0,0,0,1,0,0,1,0,1,0,0
kakaku.com,0,0,1,6,0,0,0,0,0,1,0,1,0,0,1,0,0
twitter.com,0,0,1,1,0,0,0,0,0,1,0,0,1,0,1,0,0
codecanyon.net,0,0,1,4,0,0,0,0,0,1,0,1,1,0,1,0,0
correios.com.br,0,0,1,4,0,0,0,0,0,1,0,1,0,0,1,0,0
hubpages.com,0,0,1,2,0,0,0,0,0,1,0,1,1,0,1,0,0
plarium.com,0,0,1,5,0,0,0,0,0,1,0,1,1,0,1,0,0
web.tv,0,0,1,8,0,0,0,0,0,0,0,1,1,0,1,0,0
twitter.com,0,0,1,1,0,0,0,0,0,1,0,0,1,0,1,0,0
kakaku.com,0,0,1,6,0,0,0,0,0,1,0,1,1,0,1,0,0
atwiki.jp,0,0,1,2,0,0,0,0,0,1,0,0,1,0,1,0,0
telegraf.com.ua,0,0,1,3,0,0,0,0,0,1,0,1,0,0,1,0,0
nesn.com,0,0,1,3,0,0,0,0,0,1,0,1,0,0,1,1,0
grantland.com,0,0,1,2,0,0,0,0,0,1,0,1,1,0,1,0,0
mentalfloss.com,0,0,1,4,0,0,0,0,0,1,0,1,1,0,1,0,0
akhbarelyom.com,0,0,1,5,0,0,0,0,0,1,0,1,1,0,1,0,0
kakaku.com,0,0,1,6,0,0,0,0,0,1,0,1,0,0,1,0,0
distractify.com,0,0,1,10,0,0,0,0,0,1,0,0,1,0,1,0,0
io9.com,0,0,1,2,0,0,0,0,0,1,0,0,1,0,1,0,0
babal.net,0,0,1,4,0,0,0,0,0,0,0,1,1,0,1,0,0
ap.org,0,0,1,4,0,0,0,0,0,1,0,1,1,0,1,0,0
mylust.com,0,0,1,3,0,0,1,0,0,1,0,0,0,0,1,0,0
wordpress.org,0,0,1,6,0,0,0,0,0,1,0,1,0,0,1,0,0
thenextweb.com,0,0,1,6,0,0,0,0,0,1,0,1,0,0,1,1,0
lifehacker.com,0,0,1,2,0,0,0,0,0,1,0,1,1,0,1,0,0
ifttt.com,0,0,1,2,0,0,1,0,0,1,0,1,0,0,1,0,0
europa.eu,0,0,1,6,0,0,0,0,0,1,1,1,1,0,1,0,0
pitchfork.com,0,0,1,2,0,0,0,0,0,1,0,0,0,0,1,0,0
seasonvar.ru,0,0,1,1,0,0,0,0,0,1,0,1,1,0,1,0,0
depositphotos.com,0,0,1,1,0,0,0,0,0,1,0,1,1,1,1,1,0
khabaronline.ir,0,0,1,5,0,0,0,0,0,1,1,1,1,0,1,1,0
twitter.com,0,0,1,1,0,0,0,0,0,1,0,0,1,0,1,0,0
torcache.net,0,0,1,2,0,0,0,0,0,0,0,1,0,0,1,0,0
buzzfil.net,0,0,1,4,0,0,0,0,0,0,0,0,1,1,1,1,0
ecnavi.jp,0,0,1,1,1,0,0,0,0,1,0,0,0,0,1,0,0
skyrock.com,0,0,1,2,0,0,0,0,0,1,0,1,1,0,1,0,0
mic.com,0,0,1,3,0,0,0,0,0,1,0,1,1,0,1,0,0
jezebel.com,0,0,1,2,0,0,0,0,0,1,0,1,0,0,1,0,0
plarium.com,0,0,1,5,0,0,0,0,0,1,0,1,1,0,1,0,0
hollywoodlife.com,0,0,1,4,0,0,0,0,0,1,0,1,1,0,1,0,0
myegy.to,0,0,1,3,0,0,0,0,0,0,0,0,0,0,1,0,0
extratorrent.cc,0,0,1,3,0,0,0,0,1,0,1,1,1,1,1,1,0
kenh14.vn,0,0,1,2,0,0,0,0,1,1,1,1,1,0,1,0,0
buzzfil.net,0,0,1,3,0,0,0,0,0,0,0,0,1,1,1,1,0
twitter.com,0,0,1,1,0,0,0,0,0,1,0,0,1,0,1,0,0
seekingalpha.com,0,0,1,2,0,0,0,0,0,1,0,1,1,0,1,0,0
medium.com,0,1,1,2,0,0,0,0,0,1,0,1,1,0,1,0,0
thenextweb.com,0,0,1,6,0,0,0,0,0,1,0,1,0,0,1,1,0
bdnews24.com,0,0,1,5,0,0,0,0,0,1,0,1,1,0,1,0,0
yourlust.com,0,0,1,2,0,0,1,0,0,1,0,1,1,1,1,1,0
kenh14.vn,0,0,1,2,0,0,0,0,1,1,1,1,1,0,1,0,0
ap.org,0,0,1,4,0,0,0,0,0,1,0,1,1,0,1,0,0
sourceforge.net,0,0,1,3,0,0,0,0,0,1,0,1,1,0,1,0,0
tobogo.net,0,0,1,2,0,0,0,0,1,0,1,1,1,1,1,1,0
correios.com.br,0,0,1,5,0,0,0,0,0,1,0,1,0,0,1,0,0
tobogo.net,0,0,1,2,0,0,0,0,1,0,1,1,1,1,1,1,0
qz.com,0,0,1,2,0,0,0,0,0,1,0,1,1,0,1,0,0
torcache.net,0,0,1,2,0,0,0,0,0,0,0,1,0,0,1,0,0
interpark.com,0,0,1,2,0,0,0,0,0,1,0,0,1,0,1,0,0
thechive.com,0,0,1,4,0,0,0,0,0,1,0,0,1,0,1,1,0
olx.ro,0,0,1,7,0,0,0,0,0,1,1,1,1,0,1,0,0
gov.uk,0,0,1,3,0,0,0,0,1,0,1,1,1,0,1,0,0
cheezburger.com,0,0,1,2,0,0,0,0,0,1,0,0,1,0,1,0,0
twitter.com,0,0,1,1,1,0,0,0,0,1,0,0,1,0,1,0,0
emgn.com,0,0,1,2,0,0,0,0,1,0,1,1,1,1,1,1,0
lifehacker.com,0,0,1,2,0,0,0,0,0,1,0,1,1,0,1,0,0
bestblackhatforum.com,0,0,1,1,0,0,0,0,0,0,0,1,1,0,1,0,0
sourceforge.net,0,0,1,3,0,0,0,0,0,1,0,1,1,0,1,0,0
distractify.com,0,0,1,10,0,0,0,0,0,1,0,0,1,0,1,0,0
europa.eu,0,0,1,6,0,0,0,0,0,1,1,1,1,0,1,0,0
aljazeera.net,0,0,1,6,0,0,0,0,0,1,0,1,1,0,1,0,0
torcache.net,0,0,1,2,0,0,0,0,0,0,0,1,0,0,1,0,0
getpocket.com,0,0,1,1,1,0,1,0,0,1,0,0,1,0,1,0,0
kotaku.com,0,0,1,2,0,0,0,0,0,1,0,0,1,0,1,0,0
paytm.com,0,0,1,5,0,0,0,0,0,1,0,1,1,0,1,0,0
medium.com,0,1,1,2,0,0,0,0,0,1,0,1,1,0,1,0,0
thenextweb.com,0,0,1,7,0,0,0,0,0,1,0,1,0,0,1,1,0
otomoto.pl,0,0,1,7,0,0,0,0,0,1,0,1,1,0,1,0,0
kienthuc.net.vn,0,0,1,2,0,0,0,0,1,0,1,1,1,0,1,0,0
indianexpress.com,0,0,1,4,0,0,0,0,0,1,0,1,1,0,1,0,0
stackoverflow.com,0,0,1,3,0,0,0,0,0,1,0,0,1,0,1,0,0
web.de,0,0,1,5,0,0,0,0,0,1,1,1,1,1,1,1,0
mic.com,0,0,1,3,0,0,0,0,0,1,0,1,1,0,1,0,0
momoshop.com.tw,0,0,1,2,0,0,0,0,0,1,0,1,1,0,1,0,0
sfglobe.com,0,0,1,4,0,0,0,0,0,0,0,1,1,1,1,1,0
kienthuc.net.vn,0,0,1,2,0,0,0,0,1,0,1,1,1,0,1,0,0
mirtesen.ru,0,0,1,1,0,0,0,0,0,1,0,0,1,0,1,0,0
udn.com,0,0,1,4,0,0,0,0,0,1,0,1,0,0,1,0,0
auto.ru,0,0,1,4,0,0,0,0,0,1,0,0,1,0,1,0,0
tobogo.net,0,0,1,2,0,0,0,0,1,0,1,1,1,1,1,1,0
kenh14.vn,0,0,1,2,0,0,0,0,1,1,1,1,1,0,1,0,0
mylust.com,0,0,1,3,0,0,1,0,0,1,0,0,0,0,1,0,0
tinnhanh360.net,0,0,1,1,0,0,0,0,0,0,0,0,1,0,1,0,0
ero-advertising.com,0,0,1,2,0,0,0,1,0,0,0,0,1,0,1,0,0
tinnhanh360.net,0,0,1,1,0,0,0,0,0,0,0,0,1,0,1,0,0
genius.com,0,0,1,3,0,0,0,0,0,1,0,1,1,0,1,0,0
torcache.net,0,0,1,2,0,0,0,0,0,0,0,1,0,0,1,0,0
web.de,0,0,1,5,0,0,0,0,0,1,1,1,1,1,1,1,0
distractify.com,0,0,1,10,0,0,0,0,0,1,0,0,1,0,1,0,0
esporte.uol.com.br,0,0,1,5,0,0,0,0,0,0,0,1,1,1,1,1,0
tune.pk,0,0,1,3,0,0,0,0,0,0,0,1,1,1,1,1,0
espn.go.com,0,0,1,7,0,0,0,0,0,1,0,0,1,0,1,0,0
torcache.net,0,0,1,2,0,0,0,0,0,0,0,1,0,0,1,0,0
digg.com,0,0,1,2,0,0,0,0,0,1,0,1,1,0,1,0,0
ap.org,0,0,1,4,0,0,0,0,0,1,0,1,1,0,1,0,0
deadspin.com,0,0,1,2,0,0,0,0,0,1,0,1,0,0,1,0,0
mashable.com,0,0,1,6,0,0,0,0,0,1,0,1,0,0,1,0,0
tobogo.net,0,0,1,2,0,0,0,0,1,0,1,1,1,1,1,1,0
kenh14.vn,0,0,1,2,0,0,0,0,1,1,1,1,1,0,1,0,0
katproxy.com,0,0,1,3,0,0,0,0,0,0,0,0,0,0,1,0,0
allegro.pl,0,0,1,2,0,0,0,0,0,1,0,0,1,0,1,0,0
elitedaily.com,0,0,1,3,0,0,0,0,0,1,0,1,1,0,1,1,0
cheezburger.com,0,0,1,2,0,0,0,0,0,1,0,0,1,0,1,0,0
stackoverflow.com,0,0,1,4,0,0,0,0,0,1,0,0,1,0,1,0,0
quizlet.com,0,0,1,1,0,0,1,0,0,1,0,1,1,0,1,0,0
elitedaily.com,0,0,1,3,0,0,0,0,0,1,0,1,1,0,1,1,0
twitter.com,0,0,1,1,0,0,0,0,0,1,0,0,1,0,1,0,0
katproxy.com,0,0,1,1,0,0,0,0,0,0,0,0,0,0,1,0,0
emgn.com,0,0,1,2,0,0,0,0,1,0,1,1,1,1,1,1,0
yourlust.com,0,0,1,2,0,0,1,0,0,1,0,1,1,1,1,1,0
torcache.net,0,0,1,2,0,0,0,0,0,0,0,1,0,0,1,0,0
atwiki.jp,0,0,1,2,0,0,0,0,0,1,0,0,1,0,1,0,0
tobogo.net,0,0,1,2,0,0,0,0,1,0,1,1,1,1,1,1,0
venturebeat.com,0,0,1,4,0,0,1,0,0,1,0,1,1,0,1,0,0
allrecipes.com,0,0,1,3,0,0,0,0,0,1,0,1,1,0,1,0,0
abc.go.com,0,0,1,5,0,0,0,0,0,1,0,0,1,0,1,0,0
indianexpress.com,0,0,1,4,0,0,0,0,0,1,0,1,1,0,1,0,0
mediaset.it,0,0,1,3,0,0,0,0,0,1,0,0,1,0,1,1,0
tune.pk,0,0,1,3,0,0,0,0,0,0,0,1,1,1,1,1,0
mylust.com,0,0,1,3,0,0,1,0,0,1,0,0,0,0,1,0,0
yourlust.com,0,0,1,2,0,0,1,0,0,1,0,1,1,1,1,1,0
uproxx.com,0,0,1,4,0,0,1,0,0,1,0,1,1,0,1,0,0
olx.co.id,0,0,1,7,0,0,1,0,0,1,1,1,1,1,1,1,0
mic.com,0,0,1,3,0,0,0,0,0,1,0,1,1,0,1,0,0
akhbarelyom.com,0,0,1,5,0,0,0,0,0,1,0,1,1,0,1,0,0
babal.net,0,0,1,3,0,0,0,0,0,0,0,1,1,0,1,0,0
motthegioi.vn,0,0,1,2,0,0,0,0,1,0,1,1,1,0,1,0,0
distractify.com,0,0,1,10,0,0,0,0,0,1,0,0,1,0,1,0,0
twitter.com,0,0,1,1,0,0,0,0,0,1,0,0,1,0,1,0,0
abc.go.com,0,0,1,5,0,0,0,0,0,1,0,0,1,0,1,0,0
bdnews24.com,0,0,1,5,0,0,0,0,0,1,0,1,1,0,1,0,0
telegraf.com.ua,0,0,1,3,0,0,0,0,0,1,0,1,0,0,1,0,0
emgn.com,0,0,1,2,0,0,0,0,1,0,1,1,1,1,1,1,0
emgn.com,0,0,1,2,0,0,0,0,1,0,1,1,1,1,1,1,0
emgn.com,0,0,1,2,0,0,0,0,1,0,1,1,1,1,1,1,0
depositphotos.com,0,0,1,1,0,0,0,0,0,1,0,1,1,1,1,1,0
thenextweb.com,0,0,1,6,0,0,0,0,0,1,0,1,0,0,1,1,0
bdnews24.com,0,0,1,5,0,0,0,0,0,1,0,1,1,0,1,0,0
1337x.to,0,0,1,3,0,0,0,0,0,1,0,1,1,1,1,1,0
variety.com,0,0,1,4,0,0,0,0,0,1,0,1,0,0,1,0,0
khabaronline.ir,0,0,1,5,0,0,0,0,0,1,1,1,1,0,1,1,0
maybank2u.com.my,0,0,1,4,0,0,0,0,0,1,0,1,1,1,1,1,0
motthegioi.vn,0,0,1,2,0,0,0,0,1,0,1,1,1,0,1,0,0
torcache.net,0,0,1,2,0,0,0,0,0,0,0,1,0,0,1,0,0
sberbank.ru,0,0,1,7,0,0,0,0,0,1,0,1,1,0,1,0,0
sfglobe.com,0,0,1,4,0,0,0,0,0,0,0,1,1,1,1,1,0
themeforest.net,0,0,1,4,0,0,0,0,0,1,0,1,1,0,1,0,0
hubpages.com,0,0,1,2,0,0,0,0,0,1,0,1,1,0,1,0,0
1337x.to,0,0,1,3,0,0,0,0,0,1,0,1,1,1,1,1,0
uproxx.com,0,0,1,4,0,0,1,0,0,1,0,1,1,0,1,0,0
kakaku.com,0,0,1,2,0,0,0,0,0,1,0,1,1,0,1,0,0
mixi.jp,0,0,1,1,1,0,0,0,0,1,0,0,1,0,1,0,0
doodle.com,0,0,1,2,0,0,0,0,0,1,0,0,1,0,1,0,0
elcomercio.pe,0,0,1,3,0,0,0,0,0,1,1,1,0,0,1,0,0
olx.co.id,0,0,1,7,0,0,1,0,0,1,1,1,1,1,1,1,0
caixa.gov.br,0,0,1,5,0,0,0,0,0,1,1,1,0,0,1,1,0
nguyentandung.org,0,0,1,1,0,0,0,0,0,0,0,0,1,1,1,1,0
uproxx.com,0,0,1,4,0,0,1,0,0,1,0,1,1,0,1,0,0
torrentdn.com,0,0,1,2,0,0,0,0,1,0,1,1,1,1,1,1,0
torcache.net,0,0,1,2,0,0,0,0,0,0,0,1,0,0,1,0,0
torcache.net,0,0,1,2,0,0,0,0,0,0,0,1,0,0,1,0,0
censor.net.ua,0,0,1,14,0,0,0,0,0,0,0,1,1,0,1,0,0
twitter.com,0,0,1,1,0,0,0,0,0,1,0,0,1,0,1,0,0
xhamster.com,0,0,1,3,0,0,0,0,0,1,0,1,1,1,1,1,0
fazenda.gov.br,0,0,1,5,0,0,0,0,1,1,1,1,1,1,1,1,0
mylust.com,0,0,1,3,0,0,1,0,0,1,0,0,0,0,1,0,0
torcache.net,0,0,1,2,0,0,0,0,0,0,0,1,0,0,1,0,0
tunein.com,0,0,1,5,0,0,0,0,0,1,0,1,0,0,1,1,0
motthegioi.vn,0,0,1,3,0,0,0,0,1,0,1,1,1,0,1,0,0
cheezburger.com,0,0,1,2,0,0,0,0,0,1,0,0,1,0,1,0,0
plarium.com,0,0,1,5,0,0,0,0,0,1,0,1,1,0,1,0,0
extratorrent.cc,0,0,1,3,0,0,0,0,1,0,1,1,1,1,1,1,0
techcrunch.com,0,0,1,3,0,0,0,0,0,1,0,1,0,0,1,0,0
bdnews24.com,0,0,1,5,0,0,0,0,0,1,0,1,1,0,1,0,0
mic.com,0,0,1,3,0,0,0,0,0,1,0,1,1,0,1,0,0
torcache.net,0,0,1,2,0,0,0,0,0,0,0,1,1,0,1,0,0
kickass.to,0,0,1,1,0,0,0,0,0,0,0,1,1,1,1,1,0
grantland.com,0,0,1,2,0,0,0,0,0,1,0,1,0,0,1,0,0
graphicriver.net,0,0,1,4,0,0,0,0,0,1,0,1,1,0,1,0,0
nypost.com,0,0,1,4,0,0,1,0,0,1,0,1,0,0,1,0,0
twitter.com,0,0,1,1,0,0,0,0,0,1,0,0,1,0,1,0,0
variety.com,0,0,1,4,0,0,0,0,0,1,0,1,0,0,1,0,0
xvideo-jp.com,0,0,1,3,0,0,0,1,0,1,0,1,0,0,1,0,0
bongda88.info,0,0,1,1,0,0,0,0,1,0,1,1,1,0,1,0,0
nguyentandung.org,0,0,1,1,0,0,0,0,0,0,0,0,1,1,1,1,0
ifttt.com,0,0,1,2,0,0,1,0,0,1,0,1,0,0,1,0,0
twitter.com,0,0,1,1,0,0,0,0,0,1,0,0,1,0,1,0,0
distractify.com,0,0,1,10,0,0,0,0,0,1,0,0,1,0,1,0,0
pikabu.ru,0,0,1,3,0,0,0,0,0,1,0,1,1,0,1,0,0
nymag.com,0,0,1,9,0,0,0,0,0,1,0,0,0,0,1,1,0
tobogo.net,0,0,1,2,0,0,0,0,1,0,1,1,1,1,1,1,0
torcache.net,0,0,1,2,0,0,0,0,0,0,0,1,0,0,1,0,0
olx.pl,0,0,1,7,0,0,0,0,0,1,0,0,1,0,1,0,0
uproxx.com,0,0,1,4,0,0,1,0,0,1,0,1,1,0,1,0,0
olx.pl,0,0,1,5,0,0,0,0,0,1,0,0,1,0,1,0,0
allegro.pl,0,0,1,2,0,0,0,0,0,1,0,0,1,0,1,0,0
hollywoodlife.com,0,0,1,4,0,0,0,0,0,1,0,1,1,0,1,0,0
plarium.com,0,0,1,5,0,0,0,0,0,1,0,1,1,0,1,0,0
bleacherreport.com,0,0,1,2,0,0,1,0,0,1,0,1,1,0,1,0,0
thenextweb.com,0,0,1,6,0,0,0,0,0,1,0,1,0,0,1,1,0
dantri.com.vn,0,0,1,3,0,0,0,0,1,1,1,1,0,0,1,0,0
stackexchange.com,0,0,1,2,0,0,0,0,0,1,0,1,1,0,1,0,0
udn.com,0,0,1,4,0,0,0,0,0,1,0,1,0,0,1,0,0
sourceforge.net,0,0,1,3,0,0,0,0,0,1,0,1,1,0,1,0,0
userscloud.com,0,0,1,4,0,0,0,0,0,0,0,0,0,0,1,0,0
askubuntu.com,0,0,1,3,0,0,0,0,0,1,0,0,1,0,1,0,0
mic.com,0,0,1,3,0,0,0,0,0,1,0,1,1,0,1,0,0
tsite.jp,0,0,1,2,0,0,0,0,0,1,0,0,0,0,1,0,0
distractify.com,0,0,1,2,0,0,0,0,0,1,0,0,1,0,1,0,0
distractify.com,0,0,1,10,0,0,0,0,0,1,0,0,1,0,1,0,0
fishki.net,0,0,1,2,0,0,0,0,0,1,0,1,0,0,1,0,0
mylust.com,0,0,1,3,0,0,1,0,0,1,0,0,1,1,1,1,0
jalopnik.com,0,0,1,2,0,0,0,0,0,1,0,1,0,0,1,0,0
mic.com,0,0,1,3,0,0,0,0,0,1,0,1,1,0,1,0,0
distractify.com,0,0,1,10,0,0,0,0,0,1,0,0,1,0,1,0,0
mic.com,0,0,1,3,0,0,0,0,0,1,0,1,1,0,1,0,0
plarium.com,0,0,1,5,0,0,0,0,0,1,0,1,1,0,1,0,0
buzzfil.net,0,0,1,4,0,0,0,0,0,0,0,0,1,1,1,1,0
zozo.jp,0,0,1,2,0,0,0,0,0,1,0,0,1,0,1,0,0
torcache.net,0,0,1,2,0,0,0,0,0,0,0,1,0,0,1,0,0
telegraf.com.ua,0,0,1,3,0,0,0,0,0,1,0,1,0,0,1,0,0
thenextweb.com,0,0,1,6,0,0,0,0,0,1,0,1,0,0,1,1,0
sourceforge.net,0,0,1,3,0,0,0,0,0,1,0,1,1,0,1,0,0
kickass.to,0,0,1,1,0,0,0,0,0,0,0,1,1,1,1,1,0
momoshop.com.tw,0,0,1,2,0,0,0,0,0,1,0,1,1,0,1,0,0
elcomercio.pe,0,0,1,3,0,0,0,0,0,1,1,1,0,0,1,0,0
couchtuner.eu.com,0,0,1,3,0,0,0,0,1,1,1,1,1,1,1,1,0
censor.net.ua,0,0,1,3,0,0,0,0,0,0,0,1,1,0,1,0,0
udn.com,0,0,1,4,0,0,0,0,0,1,0,1,0,0,1,0,0
pornsharing.com,0,0,1,1,0,0,0,0,0,0,0,0,1,0,1,0,0
noticias.uol.com.br,0,0,1,7,0,0,0,0,0,0,0,1,1,1,1,1,0
babal.net,0,0,1,4,0,0,0,0,0,0,0,1,1,0,1,0,0
cheezburger.com,0,0,1,2,0,0,0,0,0,1,0,0,1,0,1,0,0
jalopnik.com,0,0,1,2,0,0,0,0,0,1,0,1,0,0,1,1,0
twitter.com,0,0,1,1,0,0,0,0,0,1,0,0,1,0,1,0,0
otomoto.pl,0,0,1,4,0,0,0,0,0,1,0,1,1,0,1,0,0
tobogo.net,0,0,1,2,0,0,0,0,1,0,1,1,1,1,1,1,0
distractify.com,0,0,1,10,0,0,0,0,0,1,0,0,1,0,1,0,0
indianexpress.com,0,0,1,4,0,0,0,0,0,1,0,1,1,0,1,0,0
metro.co.uk,0,0,1,4,0,0,0,0,1,1,1,1,1,0,1,0,0
abcnews.go.com,0,0,1,3,0,0,0,0,0,1,0,0,1,0,1,0,0
qz.com,0,0,1,2,0,0,0,0,0,1,0,1,1,0,1,0,0
yourlust.com,0,0,1,2,0,0,1,0,0,1,0,1,1,1,1,1,0
diply.com,0,0,1,3,0,0,0,0,0,0,0,1,1,0,1,0,0
nesn.com,0,0,1,3,0,0,0,0,0,1,0,1,0,0,1,0,0
bestblackhatforum.com,0,0,1,1,0,0,0,0,0,0,0,1,1,0,1,0,0
auto.ru,0,0,1,4,0,0,0,0,0,1,0,0,1,0,1,0,0
comicbook.com,0,0,1,4,0,0,0,0,0,1,0,1,0,0,1,0,0
fortune.com,0,0,1,4,0,0,0,0,0,1,0,1,0,0,1,0,0
depositphotos.com,0,0,1,1,0,0,0,0,0,1,0,1,1,1,1,1,0
elitedaily.com,0,0,1,4,0,0,0,0,0,1,0,1,1,0,1,1,0
fanpage.gr,0,0,1,3,0,0,0,0,1,0,1,1,0,0,1,1,0
grantland.com,0,0,1,2,0,0,0,0,0,1,0,1,0,0,1,0,0
tunein.com,0,0,1,5,0,0,0,0,0,1,0,1,0,0,1,0,0
qz.com,0,0,1,2,0,0,0,0,0,1,0,1,1,0,1,0,0
thenextweb.com,0,0,1,6,0,0,0,0,0,1,0,1,0,0,1,1,0
xvideo-jp.com,0,0,1,4,0,0,0,1,0,1,0,1,0,0,1,1,0
serverfault.com,0,0,1,3,0,0,1,0,0,1,0,1,1,0,1,0,0
mashable.com,0,0,1,6,0,0,0,0,0,1,0,1,0,0,1,0,0
noticias.uol.com.br,0,0,1,6,0,0,0,0,0,0,0,1,1,1,1,1,0
io9.com,0,0,1,2,0,0,0,0,0,1,0,0,1,0,1,0,0
web.de,0,0,1,5,0,0,0,0,0,1,1,1,1,1,1,1,0
olx.ro,0,0,1,7,0,0,0,0,0,1,1,1,1,0,1,0,0
olx.co.id,0,0,1,7,0,0,1,0,0,1,1,1,1,1,1,1,0
zozo.jp,0,0,1,2,0,0,0,0,0,1,0,0,1,0,1,0,0
censor.net.ua,0,0,1,3,0,0,0,0,0,0,0,1,1,0,1,0,0
distractify.com,0,0,1,10,0,0,0,0,0,1,0,0,1,0,1,0,0
haberler.com,0,0,1,1,0,0,0,0,0,1,0,1,1,0,1,0,0
otomoto.pl,0,0,1,2,0,0,0,0,0,1,0,1,1,0,1,0,0
sfglobe.com,0,0,1,4,0,0,0,0,0,0,0,1,1,1,1,1,0
otomoto.pl,0,0,1,2,0,0,0,0,0,1,0,1,1,0,1,0,0
thenextweb.com,0,0,1,5,0,0,0,0,0,1,0,1,0,0,1,1,0
smallseotools.com,0,0,1,2,0,0,0,0,0,1,0,1,1,0,1,0,0
mashable.com,0,0,1,6,0,0,0,0,0,1,0,1,0,0,1,0,0
twitter.com,0,0,1,1,0,0,0,0,0,1,0,0,1,0,1,0,0
xueqiu.com,0,0,1,2,0,0,0,0,0,1,0,1,1,1,1,1,0
buzzfil.net,0,0,1,4,0,0,0,0,0,0,0,0,1,1,1,1,0
xhamster.com,0,0,1,3,0,0,0,0,0,1,0,1,1,1,1,1,0
thenextweb.com,0,0,1,6,0,0,0,0,0,1,0,1,0,0,1,1,0
patch.com,0,0,1,3,0,0,0,0,0,1,0,1,0,0,1,0,0
ink361.com,0,0,1,6,0,0,0,0,0,0,0,0,1,0,1,0,0
kenh14.vn,0,0,1,2,0,0,0,0,1,1,1,1,1,0,1,0,0
twitter.com,0,0,1,1,0,0,0,0,0,1,0,0,1,0,1,0,0
techcrunch.com,0,0,1,4,0,0,0,0,0,1,0,1,1,0,1,0,0
extratorrent.cc,0,0,1,3,0,0,0,0,1,0,1,1,1,1,1,1,0
noticias.uol.com.br,0,0,1,6,0,0,0,0,0,0,0,1,1,1,1,1,0
indianexpress.com,0,0,1,4,0,0,0,0,0,1,0,1,1,0,1,0,0
otomoto.pl,0,0,1,4,0,0,0,0,0,1,0,1,1,0,1,0,0
torrentdn.com,0,0,1,2,0,0,0,0,1,0,1,1,1,1,1,1,0
plarium.com,0,0,1,5,0,0,0,0,0,1,0,1,1,0,1,0,0
tobogo.net,0,0,1,2,0,0,0,0,1,0,1,1,1,1,1,1,0
correios.com.br,0,0,1,4,0,0,0,0,0,1,0,1,0,0,1,0,0
fazenda.gov.br,0,0,1,5,0,0,0,0,1,1,1,1,1,1,1,1,0
sfglobe.com,0,0,1,4,0,0,0,0,0,0,0,1,1,1,1,1,0
pornsharing.com,0,0,1,1,0,0,0,0,0,0,0,0,1,0,1,0,0
bdnews24.com,0,0,1,5,0,0,0,0,0,1,0,1,1,0,1,0,0
otomoto.pl,0,0,1,4,0,0,0,0,0,1,0,1,1,0,1,0,0
udn.com,0,0,1,4,0,0,0,0,0,1,0,1,0,0,1,0,0
ecnavi.jp,0,0,1,1,1,0,0,0,0,1,0,0,0,0,1,0,0
extratorrent.cc,0,0,1,3,0,0,0,0,1,0,1,1,1,1,1,1,0
torcache.net,0,0,1,2,0,0,0,0,0,0,0,1,0,0,1,0,0
hubpages.com,0,0,1,2,0,0,0,0,0,1,0,1,1,0,1,0,0
extratorrent.cc,0,0,1,3,0,0,0,0,1,0,1,1,1,1,1,1,0
torcache.net,0,0,1,2,0,0,0,0,0,0,0,1,0,0,1,0,0
thenextweb.com,0,0,1,6,0,0,0,0,0,1,0,1,0,0,1,1,0
thechive.com,0,0,1,4,0,0,0,0,0,1,0,0,1,0,1,1,0
distractify.com,0,0,1,10,0,0,0,0,0,1,0,0,1,0,1,0,0
web.de,0,0,1,4,0,0,0,0,0,1,1,1,1,1,1,1,0
ahrefs.com,0,0,1,8,0,0,0,0,0,1,0,1,1,0,1,0,0
thenextweb.com,0,0,1,5,0,0,0,0,0,1,0,1,0,0,1,1,0
tobogo.net,0,0,1,2,0,0,0,0,1,0,1,1,1,1,1,1,0
watch-series-tv.to,0,0,1,2,0,0,0,1,0,0,0,1,1,0,1,0,0
avxhome.se,0,0,1,5,0,0,0,0,1,0,1,1,1,1,1,1,0
steamcommunity.com,0,0,1,5,0,0,0,0,0,1,0,1,1,0,1,0,0
otomoto.pl,0,0,1,4,0,0,0,0,0,1,0,1,1,0,1,0,0
tune.pk,0,0,1,3,0,0,0,0,0,0,0,1,1,1,1,1,0
jezebel.com,0,0,1,2,0,0,0,0,0,1,0,1,0,0,1,0,0
twitter.com,0,0,1,1,0,0,0,0,0,1,0,0,1,0,1,0,0
medium.com,0,0,1,1,0,0,0,0,0,1,0,1,1,0,1,0,0
squarespace.com,0,0,1,5,0,0,0,0,0,1,0,1,0,0,1,1,0
techcrunch.com,0,0,1,4,0,0,0,0,0,1,0,1,0,0,1,0,0
putlocker.is,0,0,1,1,0,0,0,0,0,0,0,0,1,0,1,0,0
torcache.net,0,0,1,2,0,0,0,0,0,0,0,1,0,0,1,0,0
allegro.pl,0,0,1,2,0,0,0,0,0,1,0,0,1,0,1,0,0
otomoto.pl,0,0,1,3,0,0,0,0,0,1,0,1,1,0,1,0,0
kienthuc.net.vn,0,0,1,2,0,0,0,0,1,0,1,1,1,0,1,0,0
nguyentandung.org,0,0,1,1,0,0,0,0,0,0,0,0,1,1,1,1,0
interpark.com,0,0,1,2,0,0,0,0,0,1,0,0,1,0,1,0,0
thenextweb.com,0,0,1,7,0,0,0,0,0,1,0,1,0,0,1,1,0
arstechnica.com,0,0,1,4,0,0,0,0,0,1,0,1,1,0,1,0,0
mylust.com,0,0,1,3,0,0,1,0,0,1,0,0,0,0,1,0,0
olx.co.id,0,0,1,2,0,0,1,0,0,1,1,1,1,1,1,1,0
perezhilton.com,0,0,1,1,0,0,0,0,0,1,0,0,1,0,1,0,0
themeforest.net,0,0,1,4,0,0,0,0,0,1,0,1,1,0,1,0,0
emgn.com,0,0,1,2,0,0,0,0,1,0,1,1,1,1,1,1,0
buzzfil.net,0,0,1,4,0,0,0,0,0,0,0,0,1,1,1,1,0
superuser.com,0,0,1,3,0,0,0,0,0,1,0,0,1,0,1,0,0
variety.com,0,0,1,4,0,0,0,0,0,1,0,1,0,0,1,0,0
mic.com,0,0,1,3,0,0,0,0,0,1,0,1,1,0,1,0,0
icicibank.com,0,0,1,3,0,0,0,0,0,1,0,1,1,1,1,1,0
skyrock.com,0,0,1,2,0,0,0,0,0,1,0,1,1,0,1,0,0
wikiwiki.jp,0,0,1,1,0,0,0,0,0,1,0,1,0,0,1,1,0
lifehacker.com,0,0,1,2,0,0,0,0,0,1,0,1,1,0,1,0,0
telegraf.com.ua,0,0,1,3,0,0,0,0,0,1,0,1,0,0,1,0,0
bestblackhatforum.com,0,0,1,1,0,0,0,0,0,0,0,1,1,0,1,0,0
mic.com,0,0,1,3,0,0,0,0,0,1,0,1,1,0,1,0,0
noticias.uol.com.br,0,0,1,6,0,0,0,0,0,0,0,1,1,1,1,1,0
medium.com,0,1,1,2,0,0,0,0,0,1,0,1,1,0,1,0,0
nypost.com,0,0,1,4,0,0,1,0,0,1,0,1,0,0,1,0,0
500px.com,0,0,1,3,0,0,1,0,0,1,0,1,1,0,1,0,0
variety.com,0,0,1,4,0,0,0,0,0,1,0,1,0,0,1,0,0
mic.com,0,0,1,3,0,0,0,0,0,1,0,1,1,0,1,0,0
bestblackhatforum.com,0,0,1,1,0,0,0,0,0,0,0,1,1,0,1,0,0
bestblackhatforum.com,0,0,1,1,0,0,0,0,0,0,0,1,1,0,1,0,0
torcache.net,0,0,1,2,0,0,0,0,0,0,0,1,0,0,1,0,0
syosetu.com,0,0,1,3,0,0,0,0,0,1,0,1,1,0,1,0,0
depositphotos.com,0,0,1,1,0,0,0,0,0,1,0,1,1,1,1,1,0
icicibank.com,0,0,1,4,0,0,0,0,0,1,0,1,1,1,1,1,0
askubuntu.com,0,0,1,3,0,0,0,0,0,1,0,0,1,0,1,0,0
patch.com,0,0,1,3,0,0,0,0,0,1,0,1,0,0,1,0,0
paytm.com,0,0,1,4,0,0,0,0,0,1,0,1,0,0,1,0,0
techcrunch.com,0,0,1,4,0,0,0,0,0,1,0,1,1,0,1,0,0
bleacherreport.com,0,0,1,2,0,0,1,0,0,1,0,1,1,0,1,0,0
kickass.to,0,0,1,1,0,0,0,0,0,0,0,1,1,1,1,1,0
elevenia.co.id,0,0,1,1,0,0,0,0,1,0,1,1,1,1,1,1,0
codecanyon.net,0,0,1,3,0,0,0,0,0,1,0,1,1,0,1,0,0
medium.com,0,1,1,2,0,0,0,0,0,1,0,1,1,0,1,0,0
motthegioi.vn,0,0,1,2,0,0,0,0,1,0,1,1,1,0,1,0,0
pikabu.ru,0,0,1,2,0,0,0,0,0,1,0,1,1,0,1,0,0
wpengine.com,0,0,1,2,0,0,0,0,0,1,0,0,1,0,1,0,0
tinnhanh360.net,0,0,1,1,0,0,0,0,0,0,0,0,1,0,1,0,0
rocketnews24.com,0,0,1,4,0,0,0,0,0,1,0,1,0,0,1,0,0
thenextweb.com,0,0,1,5,0,0,0,0,0,1,0,1,0,0,1,1,0
tunein.com,0,0,1,5,0,0,0,0,0,1,0,1,0,0,1,1,0
venturebeat.com,0,0,1,4,0,0,1,0,0,1,0,1,1,0,1,0,0
mic.com,0,0,1,3,0,0,0,0,0,1,0,1,1,0,1,0,0
distractify.com,0,0,1,10,0,0,0,0,0,1,0,0,1,0,1,0,0
buzzfil.net,0,0,1,4,0,0,0,0,0,0,0,0,1,1,1,1,0
wpengine.com,0,0,1,4,0,0,0,0,0,1,0,0,1,0,1,0,0
extratorrent.cc,0,0,1,3,0,0,0,0,1,0,1,1,1,1,1,1,0
jezebel.com,0,0,1,1,0,0,0,0,0,1,0,1,0,0,1,0,0
motthegioi.vn,0,0,1,3,0,0,0,0,1,0,1,1,1,0,1,0,0
thenextweb.com,0,0,1,6,0,0,0,0,0,1,0,1,0,0,1,1,0
tinnhanh360.net,0,0,1,1,0,0,0,0,0,0,0,0,1,0,1,0,0
atwiki.jp,0,0,1,2,0,0,0,0,0,1,0,0,1,0,1,0,0
abcnews.go.com,0,0,1,3,0,0,0,0,0,1,0,0,1,0,1,0,0
thechive.com,0,0,1,4,0,0,0,0,0,1,0,0,1,0,1,1,0
grantland.com,0,0,1,2,0,0,0,0,0,1,0,1,0,0,1,0,0
abc.go.com,0,0,1,9,0,0,0,0,0,1,0,0,1,0,1,0,0
buzzfil.net,0,0,1,4,0,0,0,0,0,0,0,0,1,1,1,1,0
plarium.com,0,0,1,5,0,0,0,0,0,1,0,1,1,0,1,0,0
grantland.com,0,0,1,2,0,0,0,0,0,1,0,1,1,0,1,0,0
bestblackhatforum.com,0,0,1,1,0,0,0,0,0,0,0,1,1,0,1,0,0
torcache.net,0,0,1,2,0,0,0,0,0,0,0,1,0,0,1,0,0
olx.ua,0,0,1,4,0,0,0,0,0,1,0,0,1,0,1,0,0
tobogo.net,0,0,1,2,0,0,0,0,1,0,1,1,1,1,1,1,0
syosetu.com,0,0,1,3,0,0,0,0,0,1,0,1,1,0,1,0,0
icicibank.com,0,0,1,3,0,0,0,0,0,1,0,1,1,1,1,1,0
cheezburger.com,0,0,1,2,0,0,0,0,0,1,0,0,1,0,1,0,0
correios.com.br,0,0,1,4,0,0,0,0,0,1,0,1,0,0,1,0,0
plarium.com,0,0,1,5,0,0,0,0,0,1,0,1,1,0,1,0,0
noticias.uol.com.br,0,0,1,7,0,0,0,0,0,0,0,1,1,1,1,1,0
metro.co.uk,0,0,1,4,0,0,0,0,1,1,1,1,0,0,1,0,0
stackoverflow.com,0,0,1,3,0,0,0,0,0,1,0,0,1,0,1,0,0
fishki.net,0,0,1,1,0,0,0,0,0,1,0,1,0,0,1,0,0
archive.org,0,0,1,1,0,0,0,0,0,1,0,1,1,0,1,0,0
mylust.com,0,0,1,3,0,0,1,0,0,1,0,0,1,1,1,1,0
correios.com.br,0,0,1,3,0,0,0,0,0,1,0,1,0,0,1,0,0
genius.com,0,0,1,3,0,0,0,0,0,1,0,1,1,0,1,0,0
distractify.com,0,0,1,10,0,0,0,0,0,1,0,0,1,0,1,0,0
qz.com,0,0,1,2,0,0,0,0,0,1,0,1,1,0,1,0,0
instagram.com,0,0,1,2,0,0,0,0,0,1,0,1,1,0,1,0,0
techcrunch.com,0,0,1,3,0,0,0,0,0,1,0,1,0,0,1,0,0
chaturbate.com,0,0,1,3,0,0,0,0,0,1,0,1,1,1,1,1,0
searchengineland.com,0,0,1,1,0,0,0,0,0,1,0,1,1,0,1,0,0
deadspin.com,0,0,1,1,0,0,0,0,0,1,0,1,0,0,1,0,0
plarium.com,0,0,1,5,0,0,0,0,0,1,0,1,1,0,1,0,0
themeforest.net,0,0,1,4,0,0,0,0,0,1,0,1,1,0,1,0,0
diply.com,0,0,1,3,0,0,0,0,0,0,0,1,1,0,1,0,0
caixa.gov.br,0,0,1,4,0,0,0,0,0,1,1,1,1,0,1,1,0
distractify.com,0,0,1,10,0,0,0,0,0,1,0,0,1,0,1,0,0
torcache.net,0,0,1,2,0,0,0,0,0,0,0,1,1,0,1,0,0
kienthuc.net.vn,0,0,1,2,0,0,0,0,1,0,1,1,1,0,1,0,0
medium.com,0,0,1,2,0,0,0,0,0,1,0,1,1,0,1,0,0
privatbank.ua,0,0,1,5,0,0,0,0,0,1,0,1,0,0,1,0,0
censor.net.ua,0,0,1,3,0,0,0,0,0,0,0,1,1,0,1,0,0
allegro.pl,0,0,1,2,0,0,0,0,0,1,0,0,1,0,1,0,0
web.de,0,0,1,4,0,0,0,0,0,1,1,1,1,1,1,1,0
extratorrent.cc,0,0,1,3,0,0,0,0,1,0,1,1,1,1,1,1,0
thenextweb.com,0,0,1,5,0,0,0,0,0,1,0,1,0,0,1,1,0
bmi.ir,0,0,1,1,0,0,0,0,0,1,1,1,1,0,1,0,0
emgn.com,0,0,1,3,0,0,0,0,1,0,1,1,1,1,1,1,0
emgn.com,0,0,1,2,0,0,0,0,1,0,1,1,1,1,1,1,0
hollywoodlife.com,0,0,1,4,0,0,0,0,0,1,0,1,1,0,1,0,0
twitter.com,0,0,1,1,0,0,0,0,0,1,0,0,1,0,1,0,0
babal.net,0,0,1,3,0,0,0,0,0,0,0,1,1,0,1,0,0
pikabu.ru,0,0,1,3,0,0,0,0,0,1,0,1,1,0,1,0,0
allegro.pl,0,0,1,1,0,0,0,0,0,1,0,0,1,0,1,0,0
mic.com,0,0,1,3,0,0,0,0,0,1,0,1,1,0,1,0,0
seekingalpha.com,0,0,1,2,0,0,0,0,0,1,0,1,1,0,1,0,0
indianexpress.com,0,0,1,4,0,0,0,0,0,1,0,1,1,0,1,0,0
tunein.com,0,0,1,5,0,0,0,0,0,1,0,1,0,0,1,1,0
techcrunch.com,0,0,1,4,0,0,0,0,0,1,0,1,1,0,1,0,0
allegro.pl,0,0,1,1,0,0,0,0,0,1,0,0,1,0,1,0,0
mic.com,0,0,1,3,0,0,0,0,0,1,0,1,1,0,1,0,0
torrentdn.com,0,0,1,2,0,0,0,0,1,0,1,1,1,1,1,1,0
techcrunch.com,0,0,1,4,0,0,0,0,0,1,0,1,1,0,1,0,0
nguyentandung.org,0,0,1,1,0,0,0,0,0,0,0,0,1,1,1,1,0
bleacherreport.com,0,0,1,2,0,0,1,0,0,1,0,1,1,0,1,0,0
mic.com,0,0,1,3,0,0,0,0,0,1,0,1,1,0,1,0,0
fortune.com,0,0,1,4,0,0,0,0,0,1,0,1,1,0,1,0,0
nypost.com,0,0,1,4,0,0,1,0,0,1,0,1,0,0,1,0,0
twitter.com,0,0,1,1,0,0,0,0,0,1,0,0,1,0,1,0,0
privatbank.ua,0,0,1,5,0,0,0,0,0,1,0,1,0,0,1,0,0
buzzfil.net,0,0,1,4,0,0,0,0,0,0,0,0,1,1,1,1,0
torcache.net,0,0,1,2,0,0,0,0,0,0,0,1,0,0,1,0,0
pornsharing.com,0,0,1,1,0,0,0,0,0,0,0,0,1,0,1,0,0
codecanyon.net,0,0,1,4,0,0,0,0,0,1,0,1,1,0,1,0,0
torcache.net,0,0,1,2,0,0,0,0,0,0,0,1,0,0,1,0,0
kenh14.vn,0,0,1,2,0,0,0,0,1,1,1,1,1,0,1,0,0
clien.net,0,0,1,3,0,0,0,0,0,1,0,1,1,0,1,0,0
metro.co.uk,0,0,1,4,0,0,0,0,1,1,1,1,0,0,1,0,0
allegro.pl,0,0,1,2,0,0,0,0,0,1,0,0,1,1,1,1,0
interpark.com,0,0,1,2,0,0,0,0,0,1,0,0,1,0,1,0,0
fazenda.gov.br,0,0,1,3,0,0,0,0,1,1,1,1,1,1,1,1,0
gtbank.com,0,0,1,5,0,0,0,0,0,1,0,1,1,0,1,0,0
allegro.pl,0,0,1,2,0,0,0,0,0,1,0,0,1,1,1,1,0
twitter.com,0,0,1,1,0,0,0,0,0,1,0,0,1,0,1,0,0
mashable.com,0,0,1,6,0,0,0,0,0,1,0,1,0,0,1,0,0
extratorrent.cc,0,0,1,3,0,0,0,0,1,0,1,1,1,1,1,1,0
twitter.com,0,0,1,1,0,0,0,0,0,1,0,0,1,0,1,0,0
web.de,0,0,1,5,0,0,0,0,0,1,1,1,1,1,1,1,0
techcrunch.com,0,0,1,4,0,0,0,0,0,1,0,1,1,0,1,0,0
olx.ro,0,0,1,7,0,0,0,0,0,1,1,1,1,0,1,0,0
emgn.com,0,0,1,2,0,0,0,0,1,0,1,1,1,1,1,1,0
stackoverflow.com,0,0,1,3,0,0,0,0,0,1,0,0,1,0,1,0,0
stackoverflow.com,0,0,1,3,0,0,0,0,0,1,0,0,1,0,1,0,0
mic.com,0,0,1,3,0,0,0,0,0,1,0,1,1,0,1,0,0
depositphotos.com,0,0,1,1,0,0,0,0,0,1,0,1,1,1,1,1,0
tobogo.net,0,0,1,2,0,0,0,0,1,0,1,1,1,1,1,1,0
skyrock.com,0,0,1,2,0,0,0,0,0,1,0,1,1,0,1,0,0
censor.net.ua,0,0,1,3,0,0,0,0,0,0,0,1,1,0,1,0,0
mashable.com,0,0,1,6,0,0,0,0,0,1,0,1,0,0,1,0,0
indianexpress.com,0,0,1,4,0,0,0,0,0,1,0,1,1,0,1,0,0
twitter.com,0,0,1,1,0,0,0,0,0,1,0,0,1,0,1,0,0
motthegioi.vn,0,0,1,2,0,0,0,0,1,0,1,1,1,0,1,0,0
couchtuner.eu.com,0,0,1,3,0,0,0,0,1,1,1,1,1,1,1,1,0
ap.org,0,0,1,4,0,0,0,0,0,1,0,1,1,0,1,0,0
comicbook.com,0,0,1,4,0,0,0,0,0,1,0,1,0,0,1,0,0
pitchfork.com,0,0,1,3,0,0,0,0,0,1,0,0,0,0,1,0,0
espn.go.com,0,0,1,7,0,0,0,0,0,1,0,0,1,0,1,0,0
torcache.net,0,0,1,2,0,0,0,0,0,0,0,1,1,0,1,0,0
pitchfork.com,0,0,1,3,0,0,0,0,0,1,0,0,0,0,1,0,0
persianblog.ir,0,0,1,3,0,0,0,0,1,0,1,1,1,1,1,1,0
seesaawiki.jp,0,0,1,3,0,0,0,0,0,1,0,0,1,0,1,0,0
mic.com,0,0,1,3,0,0,0,0,0,1,0,1,1,0,1,0,0
pikabu.ru,0,0,1,3,0,0,0,0,0,1,0,1,1,0,1,0,0
bleacherreport.com,0,0,1,2,0,0,1,0,0,1,0,1,1,0,1,0,0
indianexpress.com,0,0,1,4,0,0,0,0,0,1,0,1,1,0,1,0,0
tobogo.net,0,0,1,2,0,0,0,0,1,0,1,1,1,1,1,1,0
gov.uk,0,0,1,3,0,0,0,0,1,0,1,1,1,0,1,0,0
mic.com,0,0,1,3,0,0,0,0,0,1,0,1,1,0,1,0,0
buzzfil.net,0,0,1,3,0,0,0,0,0,0,0,0,1,1,1,1,0
torcache.net,0,0,1,2,0,0,0,0,0,0,0,1,0,0,1,0,0
olx.ro,0,0,1,7,0,0,0,0,0,1,1,1,1,0,1,0,0
1337x.to,0,0,1,3,0,0,0,0,0,1,0,1,1,1,1,1,0
techcrunch.com,0,0,1,4,0,0,0,0,0,1,0,1,1,0,1,0,0
mic.com,0,0,1,3,0,0,0,0,0,1,0,1,1,0,1,0,0
mediaset.it,0,0,1,3,0,0,0,0,0,1,0,0,1,0,1,1,0
variety.com,0,0,1,4,0,0,0,0,0,1,0,1,0,0,1,0,0
abcnews.go.com,0,0,1,2,0,0,0,0,0,1,0,0,1,0,1,0,0
aljazeera.net,0,0,1,6,0,0,0,0,0,1,0,1,1,0,1,0,0
web.de,0,0,1,3,0,0,0,0,0,1,1,1,1,1,1,1,0
comicbook.com,0,0,1,4,0,0,0,0,0,1,0,1,0,0,1,0,0
techcrunch.com,0,0,1,3,0,0,0,0,0,1,0,1,0,0,1,0,0
bigcinema.tv,0,0,1,2,0,0,0,0,1,0,1,1,1,1,1,1,0
motthegioi.vn,0,0,1,3,0,0,0,0,1,0,1,1,1,0,1,0,0
tunein.com,0,0,1,6,0,0,0,0,0,1,0,1,0,0,1,0,0
ck101.com,0,0,1,1,0,0,0,0,0,0,0,0,1,1,1,1,0
mashable.com,0,0,1,6,0,0,0,0,0,1,0,1,0,0,1,0,0
ap.org,0,0,1,4,0,0,0,0,0,1,0,1,1,0,1,0,0
sourceforge.net,0,0,1,3,0,0,0,0,0,1,0,1,1,0,1,0,0
thenextweb.com,0,0,1,6,0,0,0,0,0,1,0,1,0,0,1,1,0
twitter.com,0,0,1,1,0,0,0,0,0,1,0,0,1,0,1,0,0
nypost.com,0,0,1,4,0,0,1,0,0,1,0,1,0,0,1,0,0
variety.com,0,0,1,4,0,0,0,0,0,1,0,1,0,0,1,0,0
olx.ua,0,0,1,4,0,0,0,0,0,1,0,0,1,0,1,0,0
extratorrent.cc,0,0,1,3,0,0,0,0,1,0,1,1,1,1,1,1,0
extratorrent.cc,0,0,1,3,0,0,0,0,1,0,1,1,1,1,1,1,0
hdfcbank.com,0,0,1,5,0,0,0,0,0,1,0,1,1,1,1,1,0
babal.net,0,0,1,3,0,0,0,0,0,0,0,1,1,0,1,0,0
hubpages.com,0,0,1,5,0,0,0,0,0,1,0,1,1,0,1,0,0
emgn.com,0,0,1,2,0,0,0,0,1,0,1,1,1,1,1,1,0
bongda88.info,0,0,1,6,0,0,0,0,1,0,1,1,1,0,1,0,0
rocketnews24.com,0,0,1,4,0,0,0,0,0,1,0,1,0,0,1,0,0
abcnews.go.com,0,0,1,3,0,0,0,0,0,1,0,0,1,0,1,0,0
olx.pl,0,0,1,5,0,0,0,0,0,1,0,0,1,0,1,0,0
arstechnica.com,0,0,1,4,0,0,0,0,0,1,0,1,1,0,1,0,0
techcrunch.com,0,0,1,3,0,0,0,0,0,1,0,1,0,0,1,0,0
thenextweb.com,0,0,1,7,0,0,0,0,0,1,0,1,0,0,1,1,0
superuser.com,0,0,1,3,0,0,0,0,0,1,0,0,1,0,1,0,0
bleacherreport.com,0,0,1,2,0,0,1,0,0,1,0,1,1,0,1,0,0
motthegioi.vn,0,0,1,2,0,0,0,0,1,0,1,1,1,0,1,0,0
motthegioi.vn,0,0,1,2,0,0,0,0,1,0,1,1,1,0,1,0,0
lastpass.com,0,0,1,1,0,0,0,0,0,1,0,1,1,0,1,0,0
ck101.com,0,0,1,1,0,0,0,0,0,0,0,0,1,1,1,1,0
uproxx.com,0,0,1,4,0,0,1,0,0,1,0,1,1,0,1,0,0
interpark.com,0,0,1,2,0,0,0,0,0,1,0,0,1,0,1,0,0
gizmodo.com,0,0,1,2,0,0,0,0,0,1,0,1,1,0,1,1,0
nymag.com,0,0,1,9,0,0,0,0,0,1,0,0,0,0,1,1,0
prezi.com,0,0,1,2,0,0,0,0,0,1,0,1,0,0,1,0,0
mixi.jp,0,0,1,2,0,0,0,0,0,1,0,0,1,0,1,0,0
bestblackhatforum.com,0,0,1,1,0,0,0,0,0,0,0,1,1,0,1,0,0
kickass.to,0,0,1,1,0,0,0,0,0,0,0,1,1,1,1,1,0
otomoto.pl,0,0,1,4,0,0,0,0,0,1,0,1,1,0,1,0,0
olx.ua,0,0,1,3,0,0,0,0,0,1,0,0,1,0,1,0,0
udn.com,0,0,1,4,0,0,0,0,0,1,0,1,0,0,1,0,0
thenextweb.com,0,0,1,5,0,0,0,0,0,1,0,1,0,0,1,1,0
metro.co.uk,0,0,1,4,0,0,0,0,1,1,1,1,1,0,1,0,0
extratorrent.cc,0,0,1,3,0,0,0,0,1,0,1,1,1,1,1,1,0
codecanyon.net,0,0,1,4,0,0,0,0,0,1,0,1,1,0,1,0,0
superuser.com,0,0,1,3,0,0,0,0,0,1,0,0,1,0,1,0,0
persianblog.ir,0,0,1,4,0,0,0,0,1,0,1,1,1,1,1,1,0
foursquare.com,0,0,1,3,0,0,0,0,0,1,0,1,0,0,1,0,0
ecnavi.jp,0,0,1,1,1,0,0,0,0,1,0,0,0,0,1,0,0
distractify.com,0,0,1,10,0,0,0,0,0,1,0,0,1,0,1,0,0
depositphotos.com,0,0,1,1,0,0,0,0,0,1,0,1,1,1,1,1,0
nguyentandung.org,0,0,1,1,0,0,0,0,0,0,0,0,1,1,1,1,0
nguyentandung.org,0,0,1,4,0,0,0,0,0,0,0,0,1,1,1,1,0
nesn.com,0,0,1,3,0,0,0,0,0,1,0,1,0,0,1,1,0
udn.com,0,0,1,4,0,0,0,0,0,1,0,1,0,0,1,0,0
perezhilton.com,0,0,1,2,0,0,0,0,0,1,0,0,1,0,1,0,0
dantri.com.vn,0,0,1,2,0,0,0,0,1,1,1,1,0,0,1,0,0
tobogo.net,0,0,1,2,0,0,0,0,1,0,1,1,1,1,1,1,0
themeforest.net,0,0,1,1,0,0,0,0,0,1,0,1,1,0,1,0,0
putlocker.is,0,0,1,1,0,0,0,0,0,0,0,0,1,0,1,0,0
distractify.com,0,0,1,10,0,0,0,0,0,1,0,0,1,0,1,0,0
perezhilton.com,0,0,1,1,0,0,0,0,0,1,0,0,1,0,1,0,0
censor.net.ua,0,0,1,3,0,0,0,0,0,0,0,1,1,0,1,0,0
pelis24.com,0,0,1,2,0,0,0,0,0,0,0,0,1,0,1,0,0
mixi.jp,0,0,1,1,1,0,0,0,0,1,0,0,1,0,1,0,0
9gag.tv,0,0,1,3,0,0,0,0,0,0,0,1,1,1,1,1,0
abc.go.com,0,0,1,5,0,0,0,0,0,1,0,0,1,0,1,0,0
distractify.com,0,0,1,10,0,0,0,0,0,1,0,0,1,0,1,0,0
kickass.to,0,0,1,1,0,0,0,0,0,0,0,1,1,1,1,1,0
torcache.net,0,0,1,2,0,0,0,0,0,0,0,1,1,0,1,0,0
twitter.com,0,0,1,1,0,0,0,0,0,1,0,0,1,0,1,0,0
twitter.com,0,0,1,1,0,0,0,0,0,1,0,0,1,0,1,0,0
xvideo-jp.com,0,0,1,3,0,0,0,1,0,1,0,1,0,0,1,0,0
emgn.com,0,0,1,2,0,0,0,0,1,0,1,1,1,1,1,1,0
torcache.net,0,0,1,2,0,0,0,0,0,0,0,1,1,0,1,0,0
sourceforge.net,0,0,1,3,0,0,0,0,0,1,0,1,1,0,1,0,0
babal.net,0,0,1,4,0,0,0,0,0,0,0,1,1,0,1,0,0
themeforest.net,0,0,1,4,0,0,0,0,0,1,0,1,1,0,1,0,0
torcache.net,0,0,1,2,0,0,0,0,0,0,0,1,0,0,1,0,0
otomoto.pl,0,0,1,6,0,0,0,0,0,1,0,1,1,0,1,0,0
techcrunch.com,0,0,1,3,0,0,0,0,0,1,0,1,0,0,1,0,0
esporte.uol.com.br,0,0,1,5,0,0,0,0,0,0,0,1,1,1,1,1,0
correios.com.br,0,0,1,5,0,0,0,0,0,1,0,1,0,0,1,0,0
torcache.net,0,0,1,2,0,0,0,0,0,0,0,1,0,0,1,0,0
otomoto.pl,0,0,1,2,0,0,0,0,0,1,0,1,1,0,1,0,0
yourlust.com,0,0,1,2,0,0,1,0,0,1,0,1,1,1,1,1,0
maybank2u.com.my,0,0,1,4,0,0,0,0,0,1,0,1,1,1,1,1,0
extratorrent.cc,0,0,1,3,0,0,0,0,1,0,1,1,1,1,1,1,0
depositphotos.com,0,0,1,1,0,0,0,0,0,1,0,1,1,1,1,1,0
emgn.com,0,0,1,2,0,0,0,0,1,0,1,1,1,1,1,1,0
telegraf.com.ua,0,0,1,3,0,0,0,0,0,1,0,1,0,0,1,0,0
wikiwiki.jp,0,0,1,1,0,0,0,0,0,1,0,1,0,0,1,1,0
babal.net,0,0,1,4,0,0,0,0,0,0,0,1,1,0,1,0,0
venturebeat.com,0,0,1,4,0,0,1,0,0,1,0,1,1,0,1,0,0
otomoto.pl,0,0,1,2,0,0,0,0,0,1,0,1,1,0,1,0,0
olx.ua,0,0,1,3,0,0,0,0,0,1,0,0,1,0,1,0,0
jalopnik.com,0,0,1,2,0,0,0,0,0,1,0,1,0,0,1,1,0
allegro.pl,0,0,1,2,0,0,0,0,0,1,0,0,1,0,1,0,0
thenextweb.com,0,0,1,6,0,0,0,0,0,1,0,1,0,0,1,1,0
tunein.com,0,0,1,5,0,0,0,0,0,1,0,1,0,0,1,0,0
ringring.vn,0,0,1,1,0,0,0,0,1,0,1,1,1,0,1,0,0
sourceforge.net,0,0,1,3,0,0,0,0,0,1,0,1,1,0,1,0,0
torcache.net,0,0,1,2,0,0,0,0,0,0,0,1,0,0,1,0,0
qz.com,0,0,1,2,0,0,0,0,0,1,0,1,1,0,1,0,0
extratorrent.cc,0,0,1,3,0,0,0,0,1,0,1,1,1,1,1,1,0
kenh14.vn,0,0,1,2,0,0,0,0,1,1,1,1,1,0,1,0,0
tobogo.net,0,0,1,2,0,0,0,0,1,0,1,1,1,1,1,1,0
mylust.com,0,0,1,3,0,0,1,0,0,1,0,0,0,0,1,0,0
torcache.net,0,0,1,2,0,0,0,0,0,0,0,1,0,0,1,0,0
akhbarelyom.com,0,0,1,5,0,0,0,0,0,1,0,1,1,0,1,0,0
kakaku.com,0,0,1,6,0,0,0,0,0,1,0,1,0,0,1,0,0
techcrunch.com,0,0,1,4,0,0,0,0,0,1,0,1,1,0,1,0,0
conservativetribune.com,0,0,1,1,0,0,0,0,0,0,0,0,1,0,1,0,0
paytm.com,0,0,1,2,0,0,0,0,0,1,0,1,0,0,1,0,0
tobogo.net,0,0,1,2,0,0,0,0,1,0,1,1,1,1,1,1,0
aljazeera.net,0,0,1,6,0,0,0,0,0,1,0,1,1,0,1,0,0
thenextweb.com,0,0,1,5,0,0,0,0,0,1,0,1,0,0,1,1,0
tunein.com,0,0,1,5,0,0,0,0,0,1,0,1,0,0,1,1,0
olx.ua,0,0,1,2,0,0,0,0,0,1,0,0,1,0,1,0,0
olx.co.id,0,0,1,7,0,0,1,0,0,1,1,1,1,1,1,1,0
torrentdn.com,0,0,1,2,0,0,0,0,1,0,1,1,1,1,1,1,0
ecnavi.jp,0,0,1,1,1,0,0,0,0,1,0,0,0,0,1,0,0
motthegioi.vn,0,0,1,2,0,0,0,0,1,0,1,1,1,0,1,0,0
tobogo.net,0,0,1,2,0,0,0,0,1,0,1,1,1,1,1,1,0
extratorrent.cc,0,0,1,3,0,0,0,0,1,0,1,1,1,1,1,1,0
hubpages.com,0,0,1,2,0,0,0,0,0,1,0,1,1,0,1,0,0
genius.com,0,0,1,3,0,0,0,0,0,1,0,1,1,0,1,0,0
torcache.net,0,0,1,2,0,0,0,0,0,0,0,1,0,0,1,0,0
tobogo.net,0,0,1,2,0,0,0,0,1,0,1,1,1,1,1,1,0
momoshop.com.tw,0,0,1,2,0,0,0,0,0,1,0,1,1,0,1,0,0
persianblog.ir,0,0,1,4,0,0,0,0,1,0,1,1,1,1,1,1,0
1337x.to,0,0,1,3,0,0,0,0,0,1,0,1,1,1,1,1,0
thenextweb.com,0,0,1,6,0,0,0,0,0,1,0,1,0,0,1,1,0
motthegioi.vn,0,0,1,2,0,0,0,0,1,0,1,1,1,0,1,0,0
superuser.com,0,0,1,3,0,0,0,0,0,1,0,0,1,0,1,0,0
extratorrent.cc,0,0,1,3,0,0,0,0,1,0,1,1,1,1,1,1,0
io9.com,0,0,1,2,0,0,0,0,0,1,0,0,1,0,1,0,0
lastpass.com,0,0,1,8,0,0,0,0,0,1,0,1,1,0,1,0,0
mashable.com,0,0,1,6,0,0,0,0,0,1,0,1,0,0,1,0,0
olx.ua,0,0,1,3,0,0,0,0,0,1,0,0,1,0,1,0,0
thechive.com,0,0,1,3,0,0,0,0,0,1,0,0,1,0,1,0,0
deadspin.com,0,0,1,1,0,0,0,0,0,1,0,1,0,0,1,0,0
extratorrent.cc,0,0,1,3,0,0,0,0,1,0,1,1,1,1,1,1,0
sberbank.ru,0,0,1,7,0,0,0,0,0,1,0,1,1,0,1,0,0
themeforest.net,0,0,1,4,0,0,0,0,0,1,0,1,1,0,1,0,0
skyrock.com,0,0,1,2,0,0,0,0,0,1,0,1,1,0,1,0,0
censor.net.ua,0,0,1,3,0,0,0,0,0,0,0,1,1,0,1,0,0
mashable.com,0,0,1,6,0,0,0,0,0,1,0,1,0,0,1,0,0
udn.com,0,0,1,4,0,0,0,0,0,1,0,1,0,0,1,0,0
pornsharing.com,0,0,1,1,0,0,0,0,0,0,0,0,1,0,1,0,0
megogo.net,0,0,1,3,0,0,0,0,0,1,0,1,0,0,1,0,0
extratorrent.cc,0,0,1,3,0,0,0,0,1,0,1,1,1,1,1,1,0
otomoto.pl,0,0,1,4,0,0,0,0,0,1,0,1,1,0,1,0,0
allrecipes.com,0,0,1,3,0,0,0,0,0,1,0,1,1,0,1,0,0
ap.org,0,0,1,4,0,0,0,0,0,1,0,1,1,0,1,0,0
aljazeera.net,0,0,1,4,0,0,0,0,0,1,0,1,1,0,1,0,0
distractify.com,0,0,1,10,0,0,0,0,0,1,0,0,1,0,1,0,0
udn.com,0,0,1,4,0,0,0,0,0,1,0,1,0,0,1,0,0
moviepilot.com,0,0,1,5,0,0,1,0,0,0,0,1,1,1,1,1,0
babal.net,0,0,1,4,0,0,0,0,0,0,0,1,1,0,1,0,0
mic.com,0,0,1,3,0,0,0,0,0,1,0,1,1,0,1,0,0
otomoto.pl,0,0,1,7,0,0,0,0,0,1,0,1,1,0,1,0,0
alfalfalfa.com,0,0,1,2,0,0,0,0,0,0,0,1,0,0,1,0,0
mylust.com,0,0,1,3,0,0,1,0,0,1,0,0,0,0,1,0,0
bdnews24.com,0,0,1,5,0,0,0,0,0,1,0,1,1,0,1,0,0
twitter.com,0,0,1,1,0,0,0,0,0,1,0,0,1,0,1,0,0
graphicriver.net,0,0,1,3,0,0,0,0,0,1,0,1,1,0,1,0,0
tobogo.net,0,0,1,2,0,0,0,0,1,0,1,1,1,1,1,1,0
motthegioi.vn,0,0,1,2,0,0,0,0,1,0,1,1,1,0,1,0,0
moviepilot.com,0,0,1,5,0,0,1,0,0,0,0,1,1,1,1,1,0
udn.com,0,0,1,4,0,0,0,0,0,1,0,1,0,0,1,0,0
sberbank.ru,0,0,1,7,0,0,0,0,0,1,0,1,1,0,1,0,0
serverfault.com,0,0,1,3,0,0,1,0,0,1,0,1,1,0,1,0,0
olx.ua,0,0,1,3,0,0,0,0,0,1,0,0,1,0,1,0,0
twitter.com,0,0,1,1,0,0,0,0,0,1,0,0,1,0,1,0,0
thenextweb.com,0,0,1,6,0,0,0,0,0,1,0,1,0,0,1,1,0
ap.org,0,0,1,4,0,0,0,0,0,1,0,1,1,0,1,0,0
motthegioi.vn,0,0,1,2,0,0,0,0,1,0,1,1,1,0,1,0,0
mylust.com,0,0,1,3,0,0,1,0,0,1,0,0,1,1,1,1,0
indianexpress.com,0,0,1,4,0,0,0,0,0,1,0,1,1,0,1,0,0
gizmodo.com,0,0,1,2,0,0,0,0,0,1,0,1,1,0,1,1,0
torcache.net,0,0,1,2,0,0,0,0,0,0,0,1,0,0,1,0,0
kienthuc.net.vn,0,0,1,2,0,0,0,0,1,0,1,1,1,0,1,0,0
uproxx.com,0,0,1,4,0,0,1,0,0,1,0,1,1,0,1,0,0
babal.net,0,0,1,4,0,0,0,0,0,0,0,1,1,0,1,0,0
motthegioi.vn,0,0,1,2,0,0,0,0,1,0,1,1,1,0,1,0,0
twitter.com,0,0,1,1,0,0,0,0,0,1,0,0,1,0,1,0,0
web.de,0,0,1,3,0,0,0,0,0,1,1,1,1,1,1,1,0
icicibank.com,0,0,1,3,0,0,0,0,0,1,0,1,1,1,1,1,0
wordpress.org,0,0,1,2,0,0,0,0,0,1,0,1,0,0,1,0,0
mashable.com,0,0,1,6,0,0,0,0,0,1,0,1,0,0,1,0,0
plarium.com,0,0,1,5,0,0,0,0,0,1,0,1,1,0,1,0,0
kickass.to,0,0,1,1,0,0,0,0,0,0,0,1,1,1,1,1,0
kienthuc.net.vn,0,0,1,2,0,0,0,0,1,0,1,1,1,0,1,0,0
torcache.net,0,0,1,2,0,0,0,0,0,0,0,1,0,0,1,0,0
babal.net,0,0,1,3,0,0,0,0,0,0,0,1,1,0,1,0,0
sourceforge.net,0,0,1,3,0,0,0,0,0,1,0,1,1,0,1,0,0
distractify.com,0,0,1,2,0,0,0,0,0,1,0,0,1,0,1,0,0
torcache.net,0,0,1,2,0,0,0,0,0,0,0,1,1,0,1,0,0
olx.ro,0,0,1,4,0,0,0,0,0,1,1,1,1,0,1,0,0
tobogo.net,0,0,1,2,0,0,0,0,1,0,1,1,1,1,1,1,0
superuser.com,0,0,1,3,0,0,0,0,0,1,0,0,1,0,1,0,0
conservativetribune.com,0,0,1,1,0,0,0,0,0,0,0,0,1,0,1,0,0
nesn.com,0,0,1,3,0,0,0,0,0,1,0,1,0,0,1,0,0
tune.pk,0,0,1,3,0,0,0,0,0,0,0,1,1,1,1,1,0
noticias.uol.com.br,0,0,1,6,0,0,0,0,0,0,0,1,1,1,1,1,0
gov.uk,0,0,1,3,0,0,0,0,1,0,1,1,1,0,1,0,0
medium.com,0,1,1,2,0,0,0,0,0,1,0,1,1,0,1,0,0
thenextweb.com,0,0,1,6,0,0,0,0,0,1,0,1,0,0,1,1,0
tinnhanh360.net,0,0,1,1,0,0,0,0,0,0,0,0,1,0,1,0,0
metro.co.uk,0,0,1,4,0,0,0,0,1,1,1,1,1,0,1,0,0
pornsharing.com,0,0,1,1,0,0,0,0,0,0,0,0,1,0,1,0,0
rozetka.com.ua,0,0,1,5,0,0,0,0,0,1,0,1,1,0,1,0,0
olx.ro,0,0,1,5,0,0,0,0,0,1,1,1,1,0,1,0,0
genius.com,0,0,1,3,0,0,0,0,0,1,0,1,1,0,1,0,0
torcache.net,0,0,1,2,0,0,0,0,0,0,0,1,0,0,1,0,0
buzzfil.net,0,0,1,4,0,0,0,0,0,0,0,0,1,1,1,1,0
squarespace.com,0,0,1,5,0,0,0,0,0,1,0,1,0,0,1,1,0
olx.co.id,0,0,1,7,0,0,1,0,0,1,1,1,1,1,1,1,0
extratorrent.cc,0,0,1,3,0,0,0,0,1,0,1,1,1,1,1,1,0
ifttt.com,0,0,1,2,0,0,1,0,0,1,0,1,0,0,1,0,0
udn.com,0,0,1,4,0,0,0,0,0,1,0,1,0,0,1,0,0
extratorrent.cc,0,0,1,3,0,0,0,0,1,0,1,1,1,1,1,1,0
atwiki.jp,0,0,1,2,0,0,0,0,0,1,0,0,1,0,1,0,0
seesaawiki.jp,0,0,1,4,0,0,0,0,0,1,0,0,1,0,1,0,0
privatbank.ua,0,0,1,5,0,0,0,0,0,1,0,1,0,0,1,0,0
medium.com,0,1,1,2,0,0,0,0,0,1,0,1,1,0,1,0,0
distractify.com,0,0,1,2,0,0,0,0,0,1,0,0,1,0,1,0,0
distractify.com,0,0,1,10,0,0,0,0,0,1,0,0,1,0,1,0,0
atwiki.jp,0,0,1,2,0,0,0,0,0,1,0,0,1,0,1,0,0
paytm.com,0,0,1,2,0,0,0,0,0,1,0,1,0,0,1,0,0
bigcinema.tv,0,0,1,2,0,0,0,0,1,0,1,1,1,1,1,1,0
stackoverflow.com,0,0,1,3,0,0,0,0,0,1,0,0,1,0,1,0,0
twitter.com,0,0,1,1,0,0,0,0,0,1,0,0,1,0,1,0,0
indianexpress.com,0,0,1,4,0,0,0,0,0,1,0,1,1,0,1,0,0
thenextweb.com,0,0,1,6,0,0,0,0,0,1,0,1,0,0,1,1,0
olx.ro,0,0,1,7,0,0,0,0,0,1,1,1,1,0,1,0,0
twitter.com,0,0,1,1,0,0,0,0,0,1,0,0,1,0,1,0,0
bdnews24.com,0,0,1,5,0,0,0,0,0,1,0,1,1,0,1,0,0
ecnavi.jp,0,0,1,1,1,0,0,0,0,1,0,0,0,0,1,0,0
dantri.com.vn,0,0,1,2,0,0,0,0,1,1,1,1,0,0,1,0,0
twitter.com,0,0,1,1,0,0,0,0,0,1,0,0,1,0,1,0,0
buzzfil.net,0,0,1,4,0,0,0,0,0,0,0,0,1,1,1,1,0
putlocker.is,0,0,1,1,0,0,0,0,0,0,0,0,1,0,1,0,0
distractify.com,0,0,1,10,0,0,0,0,0,1,0,0,1,0,1,0,0
espn.go.com,0,0,1,7,0,0,0,0,0,1,0,0,1,0,1,0,0
tune.pk,0,0,1,3,0,0,0,0,0,0,0,1,1,1,1,1,0
emgn.com,0,0,1,2,0,0,0,0,1,0,1,1,1,1,1,1,0
gov.uk,0,0,1,3,0,0,0,0,1,0,1,1,1,0,1,0,0
torcache.net,0,0,1,2,0,0,0,0,0,0,0,1,0,0,1,0,0
mic.com,0,0,1,3,0,0,0,0,0,1,0,1,1,0,1,0,0
tunein.com,0,0,1,5,0,0,0,0,0,1,0,1,0,0,1,1,0
metro.co.uk,0,0,1,4,0,0,0,0,1,1,1,1,1,0,1,0,0
ecnavi.jp,0,0,1,1,1,0,0,0,0,1,0,0,0,0,1,0,0
web.tv,0,0,1,8,0,0,0,0,0,0,0,1,1,0,1,0,0
otomoto.pl,0,0,1,2,0,0,0,0,0,1,0,1,1,0,1,0,0
babal.net,0,0,1,4,0,0,0,0,0,0,0,1,1,0,1,0,0
uproxx.com,0,0,1,4,0,0,1,0,0,1,0,1,1,0,1,0,0
distractify.com,0,0,1,10,0,0,0,0,0,1,0,0,1,0,1,0,0
thenextweb.com,0,0,1,7,0,0,0,0,0,1,0,1,0,0,1,1,0
correios.com.br,0,0,1,4,0,0,0,0,0,1,0,1,0,0,1,0,0
arstechnica.com,0,0,1,4,0,0,0,0,0,1,0,1,1,0,1,0,0
skyrock.com,0,0,1,2,0,0,0,0,0,1,0,1,1,0,1,0,0
indianexpress.com,0,0,1,4,0,0,0,0,0,1,0,1,1,0,1,0,0
torcache.net,0,0,1,2,0,0,0,0,0,0,0,1,0,0,1,0,0
abcnews.go.com,0,0,1,3,0,0,0,0,0,1,0,0,1,0,1,0,0
feedly.com,0,0,1,6,1,0,0,0,0,1,0,1,1,0,1,0,0
squarespace.com,0,0,1,5,0,0,0,0,0,1,0,1,0,0,1,1,0
twitter.com,0,0,1,1,0,0,0,0,0,1,0,0,1,0,1,0,0
serverfault.com,0,0,1,3,0,0,1,0,0,1,0,1,1,0,1,0,0
nesn.com,0,0,1,3,0,0,0,0,0,1,0,1,0,0,1,0,0
plarium.com,0,0,1,5,0,0,0,0,0,1,0,1,1,0,1,0,0
venturebeat.com,0,0,1,4,0,0,1,0,0,1,0,1,1,0,1,0,0
sourceforge.net,0,0,1,3,0,0,0,0,0,1,0,1,1,0,1,0,0
web.de,0,0,1,5,0,0,0,0,0,1,1,1,1,1,1,1,0
codecanyon.net,0,0,1,4,0,0,0,0,0,1,0,1,1,0,1,0,0
olx.in,0,0,1,2,0,0,0,0,0,1,0,1,1,1,1,1,0
fortune.com,0,0,1,5,0,0,0,0,0,1,0,1,1,0,1,0,0
torcache.net,0,0,1,2,0,0,0,0,0,0,0,1,0,0,1,0,0
medium.com,0,1,1,2,0,0,0,0,0,1,0,1,1,0,1,0,0
pornsharing.com,0,0,1,1,0,0,0,0,0,0,0,0,1,0,1,0,0
olx.ua,0,0,1,3,0,0,0,0,0,1,0,0,1,0,1,0,0
thenextweb.com,0,0,1,6,0,0,0,0,0,1,0,1,0,0,1,1,0
motthegioi.vn,0,0,1,2,0,0,0,0,1,0,1,1,1,0,1,0,0
plarium.com,0,0,1,5,0,0,0,0,0,1,0,1,1,0,1,0,0
io9.com,0,0,1,2,0,0,0,0,0,1,0,0,1,0,1,1,0
thechive.com,0,0,1,4,0,0,0,0,0,1,0,0,1,0,1,1,0
thenextweb.com,0,0,1,5,0,0,0,0,0,1,0,1,0,0,1,1,0
elitedaily.com,0,0,1,4,0,0,0,0,0,1,0,1,1,0,1,1,0
depositphotos.com,0,0,1,1,0,0,0,0,0,1,0,1,1,1,1,1,0
emgn.com,0,0,1,2,0,0,0,0,1,0,1,1,1,1,1,1,0
otomoto.pl,0,0,1,4,0,0,0,0,0,1,0,1,1,0,1,0,0
twitter.com,0,0,1,1,0,0,0,0,0,1,0,0,1,0,1,0,0
olx.ro,0,0,1,7,0,0,0,0,0,1,1,1,1,0,1,0,0
askubuntu.com,0,0,1,3,0,0,0,0,0,1,0,0,1,0,1,0,0
codecanyon.net,0,0,1,4,0,0,0,0,0,1,0,1,1,0,1,0,0
techcrunch.com,0,0,1,3,0,0,0,0,0,1,0,1,0,0,1,0,0
censor.net.ua,0,0,1,14,0,0,0,0,0,0,0,1,1,0,1,0,0
fanpage.gr,0,0,1,2,0,0,0,0,1,0,1,1,1,0,1,1,0
steamcommunity.com,0,0,1,5,0,0,0,0,0,1,0,1,1,0,1,0,0
teespring.com,0,0,1,2,0,0,0,0,0,1,0,0,1,0,1,0,0
buzzfil.net,0,0,1,4,0,0,0,0,0,0,0,0,1,1,1,1,0
nesn.com,0,0,1,3,0,0,0,0,0,1,0,1,0,0,1,0,0
nesn.com,0,0,1,3,0,0,0,0,0,1,0,1,0,0,1,0,0
fortune.com,0,0,1,4,0,0,0,0,0,1,0,1,1,0,1,0,0
ap.org,0,0,1,4,0,0,0,0,0,1,0,1,1,0,1,0,0
sourceforge.net,0,0,1,3,0,0,0,0,0,1,0,1,1,0,1,0,0
thenextweb.com,0,0,1,5,0,0,0,0,0,1,0,1,0,0,1,1,0
extratorrent.cc,0,0,1,3,0,0,0,0,1,0,1,1,1,1,1,1,0
plarium.com,0,0,1,5,0,0,0,0,0,1,0,1,1,0,1,0,0
mic.com,0,0,1,3,0,0,0,0,0,1,0,1,1,0,1,0,0
torcache.net,0,0,1,2,0,0,0,0,0,0,0,1,0,0,1,0,0
extratorrent.cc,0,0,1,3,0,0,0,0,1,0,1,1,1,1,1,1,0
twitter.com,0,0,1,1,0,0,0,0,0,1,0,0,1,0,1,0,0
twitter.com,0,0,1,1,0,0,0,0,0,1,0,0,1,0,1,0,0
babal.net,0,0,1,4,0,0,0,0,0,0,0,1,1,0,1,0,0
torcache.net,0,0,1,2,0,0,0,0,0,0,0,1,1,0,1,0,0
extratorrent.cc,0,0,1,3,0,0,0,0,1,0,1,1,1,1,1,1,0
elitedaily.com,0,0,1,3,0,0,0,0,0,1,0,1,1,0,1,1,0
himado.in,0,0,1,0,0,0,0,0,1,0,1,1,1,1,1,1,0
bigcinema.tv,0,0,1,2,0,0,0,0,1,0,1,1,1,1,1,1,0
thenextweb.com,0,0,1,6,0,0,0,0,0,1,0,1,0,0,1,1,0
emgn.com,0,0,1,2,0,0,0,0,1,0,1,1,1,1,1,1,0
kotaku.com,0,0,1,2,0,0,0,0,0,1,0,0,1,0,1,0,0
techcrunch.com,0,0,1,4,0,0,0,0,0,1,0,1,0,0,1,0,0
evernote.com,0,0,1,3,0,0,0,0,0,1,0,1,1,0,1,1,0
kienthuc.net.vn,0,0,1,2,0,0,0,0,1,0,1,1,1,0,1,0,0
udn.com,0,0,1,4,0,0,0,0,0,1,0,1,0,0,1,0,0
superuser.com,0,0,1,3,0,0,0,0,0,1,0,0,1,0,1,0,0
techcrunch.com,0,0,1,4,0,0,0,0,0,1,0,1,1,0,1,0,0
putlocker.is,0,0,1,1,0,0,0,0,0,0,0,0,0,0,1,0,0
babal.net,0,0,1,4,0,0,0,0,0,0,0,1,1,0,1,0,0
seekingalpha.com,0,0,1,2,0,0,0,0,0,1,0,1,1,0,1,0,0
tobogo.net,0,0,1,2,0,0,0,0,1,0,1,1,1,1,1,1,0
censor.net.ua,0,0,1,3,0,0,0,0,0,0,0,1,1,0,1,0,0
mylust.com,0,0,1,3,0,0,1,0,0,1,0,0,0,0,1,0,0
lifehacker.com,0,0,1,2,0,0,0,0,0,1,0,1,1,0,1,0,0
distractify.com,0,0,1,10,0,0,0,0,0,1,0,0,1,0,1,0,0
nypost.com,0,0,1,4,0,0,1,0,0,1,0,1,0,0,1,0,0
babal.net,0,0,1,4,0,0,0,0,0,0,0,1,1,0,1,0,0
bleacherreport.com,0,0,1,2,0,0,1,0,0,1,0,1,1,0,1,0,0
rocketnews24.com,0,0,1,4,0,0,0,0,0,1,0,1,0,0,1,0,0
metro.co.uk,0,0,1,4,0,0,0,0,1,1,1,1,0,0,1,0,0
cheezburger.com,0,0,1,2,0,0,0,0,0,1,0,0,1,0,1,0,0
otomoto.pl,0,0,1,2,0,0,0,0,0,1,0,1,1,0,1,0,0
bleacherreport.com,0,0,1,2,0,0,1,0,0,1,0,1,1,0,1,0,0
olx.co.id,0,0,1,7,0,0,1,0,0,1,1,1,1,1,1,1,0
superuser.com,0,0,1,3,0,0,0,0,0,1,0,0,1,0,1,0,0
depositphotos.com,0,0,1,1,0,0,0,0,0,1,0,1,1,1,1,1,0
ap.org,0,0,1,4,0,0,0,0,0,1,0,1,1,0,1,0,0
searchengineland.com,0,0,1,1,0,0,0,0,0,1,0,1,1,0,1,0,0
stackoverflow.com,0,0,1,3,0,0,0,0,0,1,0,0,1,0,1,0,0
askubuntu.com,0,0,1,3,0,0,0,0,0,1,0,0,1,0,1,0,0
cheezburger.com,0,0,1,2,0,0,0,0,0,1,0,0,1,0,1,0,0
indianexpress.com,0,0,1,4,0,0,0,0,0,1,0,1,1,0,1,0,0
olx.ua,0,0,1,3,0,0,0,0,0,1,0,0,1,0,1,0,0
techcrunch.com,0,0,1,3,0,0,0,0,0,1,0,1,0,0,1,0,0
thenextweb.com,0,0,1,5,0,0,0,0,0,1,0,1,0,0,1,1,0
mirtesen.ru,0,0,1,1,0,0,0,0,0,1,0,0,1,0,1,0,0
extratorrent.cc,0,0,1,3,0,0,0,0,1,0,1,1,1,1,1,1,0
ap.org,0,0,1,4,0,0,0,0,0,1,0,1,1,0,1,0,0
motthegioi.vn,0,0,1,3,0,0,0,0,1,0,1,1,1,0,1,0,0
putlocker.is,0,0,1,1,0,0,0,0,0,0,0,0,0,0,1,0,0
nhs.uk,0,0,1,4,0,0,0,0,1,0,1,1,1,0,1,0,0
qz.com,0,0,1,2,0,0,0,0,0,1,0,1,1,0,1,0,0
gizmodo.com,0,0,1,2,0,0,0,0,0,1,0,1,1,0,1,1,0
medium.com,0,1,1,2,0,0,0,0,0,1,0,1,1,0,1,0,0
graphicriver.net,0,0,1,3,0,0,0,0,0,1,0,1,1,0,1,0,0
gawker.com,0,0,1,2,0,0,0,0,0,1,0,1,1,0,1,0,0
venturebeat.com,0,0,1,4,0,0,1,0,0,1,0,1,1,0,1,0,0
bigcinema.tv,0,0,1,2,0,0,0,0,1,0,1,1,1,1,1,1,0
emgn.com,0,0,1,2,0,0,0,0,1,0,1,1,1,1,1,1,0
myspace.com,0,0,1,5,0,0,0,0,0,1,0,1,0,0,1,0,0
allegro.pl,0,0,1,2,0,0,0,0,0,1,0,0,1,0,1,0,0
tobogo.net,0,0,1,2,0,0,0,0,1,0,1,1,1,1,1,1,0
medium.com,0,0,1,2,0,0,0,0,0,1,0,1,1,0,1,0,0
comicbook.com,0,0,1,4,0,0,0,0,0,1,0,1,0,0,1,0,0
eksisozluk.com,0,0,1,0,0,0,0,0,0,1,0,1,1,0,1,0,0
ecnavi.jp,0,0,1,1,1,0,0,0,0,1,0,0,0,0,1,0,0
elcomercio.pe,0,0,1,3,0,0,0,0,0,1,1,1,0,0,1,0,0
serverfault.com,0,0,1,3,0,0,1,0,0,1,0,1,1,0,1,0,0
chaturbate.com,0,0,1,3,0,0,0,0,0,1,0,1,1,1,1,1,0
bestblackhatforum.com,0,0,1,1,0,0,0,0,0,0,0,1,1,0,1,0,0
variety.com,0,0,1,4,0,0,0,0,0,1,0,1,0,0,1,0,0
venturebeat.com,0,0,1,4,0,0,1,0,0,1,0,1,1,0,1,0,0
serverfault.com,0,0,1,3,0,0,1,0,0,1,0,1,1,0,1,0,0
techcrunch.com,0,0,1,4,0,0,0,0,0,1,0,1,1,0,1,0,0
depositphotos.com,0,0,1,1,0,0,0,0,0,1,0,1,1,1,1,1,0
mediaset.it,0,0,1,5,0,0,0,0,0,1,0,0,1,0,1,1,0
bdnews24.com,0,0,1,5,0,0,0,0,0,1,0,1,1,0,1,0,0
creativemarket.com,0,0,1,3,0,0,1,0,0,1,0,1,1,0,1,0,0
steamcommunity.com,0,0,1,7,1,0,0,0,0,1,0,1,1,0,1,0,0
otomoto.pl,0,0,1,7,0,0,0,0,0,1,0,1,1,0,1,0,0
grantland.com,0,0,1,1,0,0,0,0,0,1,0,1,1,0,1,0,0
thenextweb.com,0,0,1,6,0,0,0,0,0,1,0,1,0,0,1,1,0
nesn.com,0,0,1,3,0,0,0,0,0,1,0,1,0,0,1,0,0
tobogo.net,0,0,1,2,0,0,0,0,1,0,1,1,1,1,1,1,0
mirtesen.ru,0,0,1,2,0,0,0,0,0,1,0,0,1,0,1,0,0
censor.net.ua,0,0,1,3,0,0,0,0,0,0,0,1,1,0,1,0,0
censor.net.ua,0,0,1,3,0,0,0,0,0,0,0,1,1,0,1,0,0
allegro.pl,0,0,1,2,0,0,0,0,0,1,0,0,1,1,1,1,0
indianexpress.com,0,0,1,3,0,0,0,0,0,1,0,1,1,0,1,0,0
kienthuc.net.vn,0,0,1,2,0,0,0,0,1,0,1,1,1,0,1,0,0
thenextweb.com,0,0,1,5,0,0,0,0,0,1,0,1,0,0,1,1,0
depositphotos.com,0,0,1,1,0,0,0,0,0,1,0,1,1,1,1,1,0
serverfault.com,0,0,1,3,0,0,1,0,0,1,0,1,1,0,1,0,0
censor.net.ua,0,0,1,3,0,0,0,0,0,0,0,1,1,0,1,0,0
jezebel.com,0,0,1,2,0,0,0,0,0,1,0,1,0,0,1,0,0
putlocker.is,0,0,1,1,0,0,0,0,0,0,0,0,1,0,1,0,0
mirtesen.ru,0,0,1,1,0,0,0,0,0,1,0,0,1,0,1,0,0
codepen.io,0,0,1,2,0,0,0,0,0,1,0,1,1,0,1,0,0
distractify.com,0,0,1,10,0,0,0,0,0,1,0,0,1,0,1,0,0
venturebeat.com,0,0,1,4,0,0,1,0,0,1,0,1,1,0,1,0,0
extratorrent.cc,0,0,1,3,0,0,0,0,1,0,1,1,1,1,1,1,0
indianexpress.com,0,0,1,4,0,0,0,0,0,1,0,1,1,0,1,0,0
serverfault.com,0,0,1,3,0,0,1,0,0,1,0,1,1,0,1,0,0
marvel.com,0,0,1,4,0,0,0,0,0,1,0,0,1,0,1,0,0
mic.com,0,0,1,3,0,0,0,0,0,1,0,1,1,0,1,0,0
torcache.net,0,0,1,2,0,0,0,0,0,0,0,1,0,0,1,0,0
olx.co.id,0,0,1,2,0,0,1,0,0,1,1,1,1,1,1,1,0
extratorrent.cc,0,0,1,3,0,0,0,0,1,0,1,1,1,1,1,1,0
variety.com,0,0,1,4,0,0,0,0,0,1,0,1,0,0,1,0,0
pikabu.ru,0,0,1,3,0,0,0,0,0,1,0,1,1,0,1,0,0
torcache.net,0,0,1,2,0,0,0,0,0,0,0,1,0,0,1,0,0
stackoverflow.com,0,0,1,3,0,0,0,0,0,1,0,0,1,0,1,0,0
auto.ru,0,0,1,4,0,0,0,0,0,1,0,0,1,0,1,0,0
codepen.io,0,0,1,2,0,0,0,0,0,1,0,1,1,0,1,0,0
allrecipes.com,0,0,1,3,0,0,0,0,0,1,0,1,1,0,1,0,0
techcrunch.com,0,0,1,4,0,0,0,0,0,1,0,1,1,0,1,0,0
tunein.com,0,0,1,5,0,0,0,0,0,1,0,1,0,0,1,1,0
lifehacker.com,0,0,1,3,0,0,0,0,0,1,0,1,1,0,1,0,0
tobogo.net,0,0,1,2,0,0,0,0,1,0,1,1,1,1,1,1,0
distractify.com,0,0,1,10,0,0,0,0,0,1,0,0,1,0,1,0,0
myspace.com,0,0,1,5,0,0,0,0,0,1,0,1,0,0,1,0,0
bestblackhatforum.com,0,0,1,1,0,0,0,0,0,0,0,1,1,0,1,0,0
distractify.com,0,0,1,10,0,0,0,0,0,1,0,0,1,0,1,0,0
allegro.pl,0,0,1,1,0,0,0,0,0,1,0,0,1,0,1,0,0
torcache.net,0,0,1,2,0,0,0,0,0,0,0,1,0,0,1,0,0
kakaku.com,0,0,1,6,0,0,0,0,0,1,0,1,0,0,1,0,0
espn.go.com,0,0,1,6,0,0,0,0,0,1,0,0,1,0,1,0,0
correios.com.br,0,0,1,3,0,0,0,0,0,1,0,1,0,0,1,0,0
bdnews24.com,0,0,1,5,0,0,0,0,0,1,0,1,1,0,1,0,0
twitter.com,0,0,1,1,0,0,0,0,0,1,0,0,1,0,1,0,0
instagram.com,0,0,1,2,0,0,0,0,0,1,0,1,1,0,1,0,0
moviepilot.com,0,0,1,5,0,0,1,0,0,0,0,1,1,1,1,1,0
superuser.com,0,0,1,3,0,0,0,0,0,1,0,0,1,0,1,0,0
persianblog.ir,0,0,1,4,0,0,0,0,1,0,1,1,1,1,1,1,0
interpark.com,0,0,1,2,0,0,0,0,0,1,0,0,1,0,1,0,0
tinypic.com,0,0,1,1,0,0,0,0,0,1,0,1,1,0,1,0,0
udn.com,0,0,1,4,0,0,0,0,0,1,0,1,0,0,1,0,0
jezebel.com,0,0,1,1,0,0,0,0,0,1,0,1,0,0,1,0,0
mic.com,0,0,1,3,0,0,0,0,0,1,0,1,1,0,1,0,0
extratorrent.cc,0,0,1,3,0,0,0,0,1,0,1,1,1,1,1,1,0
ero-advertising.com,0,0,1,2,0,0,0,1,0,0,0,0,1,0,1,0,0
seesaawiki.jp,0,0,1,3,0,0,0,0,0,1,0,0,1,0,1,0,0
comicbook.com,0,0,1,4,0,0,0,0,0,1,0,1,0,0,1,0,0
hubpages.com,0,0,1,4,0,0,0,0,0,1,0,1,1,0,1,0,0
tobogo.net,0,0,1,2,0,0,0,0,1,0,1,1,1,1,1,1,0
mentalfloss.com,0,0,1,3,0,0,0,0,0,1,0,1,1,0,1,0,0
ahrefs.com,0,0,1,8,0,0,0,0,0,1,0,1,1,0,1,0,0
motthegioi.vn,0,0,1,2,0,0,0,0,1,0,1,1,1,0,1,0,0
elitedaily.com,0,0,1,4,0,0,0,0,0,1,0,1,1,0,1,1,0
buzzfil.net,0,0,1,4,0,0,0,0,0,0,0,0,1,1,1,1,0
torrentdn.com,0,0,1,2,0,0,0,0,1,0,1,1,1,1,1,1,0
steamcommunity.com,0,0,1,6,1,0,0,0,0,1,0,1,1,0,1,0,0
allegro.pl,0,0,1,2,0,0,0,0,0,1,0,0,1,0,1,0,0
metro.co.uk,0,0,1,4,0,0,0,0,1,1,1,1,1,0,1,0,0
mic.com,0,0,1,3,0,0,0,0,0,1,0,1,1,0,1,0,0
deadspin.com,0,0,1,2,0,0,0,0,0,1,0,1,0,0,1,1,0
clien.net,0,0,1,3,0,0,0,0,0,1,0,1,1,0,1,0,0
distractify.com,0,0,1,10,0,0,0,0,0,1,0,0,1,0,1,0,0
espn.go.com,0,0,1,7,0,0,0,0,0,1,0,0,1,0,1,0,0
stackoverflow.com,0,0,1,3,0,0,0,0,0,1,0,0,1,0,1,0,0
lastpass.com,0,0,1,1,0,0,0,0,0,1,0,1,1,0,1,0,0
fishki.net,0,0,1,1,0,0,0,0,0,1,0,1,1,0,1,0,0
thenextweb.com,0,0,1,6,0,0,0,0,0,1,0,1,0,0,1,1,0
mylust.com,0,0,1,3,0,0,1,0,0,1,0,0,0,0,1,0,0
web.de,0,0,1,5,0,0,0,0,0,1,1,1,1,1,1,1,0
askubuntu.com,0,0,1,3,0,0,0,0,0,1,0,0,1,0,1,0,0
stackoverflow.com,0,0,1,3,0,0,0,0,0,1,0,0,1,0,1,0,0
thenextweb.com,0,0,1,6,0,0,0,0,0,1,0,1,0,0,1,1,0
mashable.com,0,0,1,6,0,0,0,0,0,1,0,1,0,0,1,0,0
noticias.uol.com.br,0,0,1,6,0,0,0,0,0,0,0,1,1,1,1,1,0
censor.net.ua,0,0,1,3,0,0,0,0,0,0,0,1,1,0,1,0,0
twitter.com,0,0,1,1,0,0,0,0,0,1,0,0,1,0,1,0,0
elitedaily.com,0,0,1,4,0,0,0,0,0,1,0,1,1,0,1,1,0
superuser.com,0,0,1,3,0,0,0,0,0,1,0,0,1,0,1,0,0
pikabu.ru,0,0,1,3,0,0,0,0,0,1,0,1,1,0,1,0,0
plarium.com,0,0,1,5,0,0,0,0,0,1,0,1,1,0,1,0,0
correios.com.br,0,0,1,4,0,0,0,0,0,1,0,1,0,0,1,0,0
nguyentandung.org,0,0,1,1,0,0,0,0,0,0,0,0,1,1,1,1,0
plarium.com,0,0,1,5,0,0,0,0,0,1,0,1,1,0,1,0,0
udn.com,0,0,1,4,0,0,0,0,0,1,0,1,1,0,1,0,0
espn.go.com,0,0,1,6,0,0,0,0,0,1,0,0,1,0,1,0,0
mashable.com,0,0,1,6,0,0,0,0,0,1,0,1,0,0,1,0,0
censor.net.ua,0,0,1,14,0,0,0,0,0,0,0,1,1,0,1,0,0
kenh14.vn,0,0,1,2,0,0,0,0,1,1,1,1,1,0,1,0,0
metro.co.uk,0,0,1,4,0,0,0,0,1,1,1,1,1,0,1,0,0
kickass.to,0,0,1,1,0,0,0,0,0,0,0,1,1,1,1,1,0
correios.com.br,0,0,1,5,0,0,0,0,0,1,0,1,0,0,1,0,0
khabaronline.ir,0,0,1,5,0,0,0,0,0,1,1,1,1,0,1,1,0
mashable.com,0,0,1,6,0,0,0,0,0,1,0,1,0,0,1,0,0
extratorrent.cc,0,0,1,3,0,0,0,0,1,0,1,1,1,1,1,1,0
udn.com,0,0,1,4,0,0,0,0,0,1,0,1,0,0,1,0,0
syosetu.com,0,0,1,3,0,0,0,0,0,1,0,1,1,0,1,0,0
tunein.com,0,0,1,5,0,0,0,0,0,1,0,1,0,0,1,1,0
steamcommunity.com,0,0,1,8,1,0,0,0,0,1,0,1,1,0,1,0,0
babal.net,0,0,1,5,0,0,0,0,0,0,0,1,1,0,1,0,0
sourceforge.net,0,0,1,3,0,0,0,0,0,1,0,1,1,0,1,0,0
kotaku.com,0,0,1,1,0,0,0,0,0,1,0,0,1,0,1,0,0
fanpage.gr,0,0,1,2,0,0,0,0,1,0,1,1,1,0,1,1,0
bdnews24.com,0,0,1,5,0,0,0,0,0,1,0,1,1,0,1,0,0
qz.com,0,0,1,2,0,0,0,0,0,1,0,1,1,0,1,0,0
mic.com,0,0,1,3,0,0,0,0,0,1,0,1,1,0,1,0,0
fanpage.gr,0,0,1,2,0,0,0,0,1,0,1,1,1,0,1,1,0
udn.com,0,0,1,4,0,0,0,0,0,1,0,1,0,0,1,0,0
web.de,0,0,1,6,0,0,0,0,0,1,1,1,1,1,1,1,0
skyrock.com,0,0,1,2,0,0,0,0,0,1,0,1,1,0,1,0,0
elcomercio.pe,0,0,1,3,0,0,0,0,0,1,1,1,0,0,1,0,0
udn.com,0,0,1,4,0,0,0,0,0,1,0,1,0,0,1,0,0
getpocket.com,0,0,1,1,1,0,1,0,0,1,0,0,1,0,1,0,0
abcnews.go.com,0,0,1,3,0,0,0,0,0,1,0,0,1,0,1,0,0
icicibank.com,0,0,1,5,0,0,0,0,0,1,0,1,1,1,1,1,0
thenextweb.com,0,0,1,6,0,0,0,0,0,1,0,1,0,0,1,1,0
correios.com.br,0,0,1,4,0,0,0,0,0,1,0,1,0,0,1,0,0
arstechnica.com,0,0,1,4,0,0,0,0,0,1,0,1,1,0,1,0,0
venturebeat.com,0,0,1,5,0,0,1,0,0,1,0,1,1,0,1,0,0
motthegioi.vn,0,0,1,2,0,0,0,0,1,0,1,1,1,0,1,0,0
kenh14.vn,0,0,1,2,0,0,0,0,1,1,1,1,1,0,1,0,0
thenextweb.com,0,0,1,6,0,0,0,0,0,1,0,1,0,0,1,1,0
mylust.com,0,0,1,3,0,0,1,0,0,1,0,0,0,0,1,0,0
kenh14.vn,0,0,1,2,0,0,0,0,1,1,1,1,1,0,1,0,0
mylust.com,0,0,1,3,0,0,1,0,0,1,0,0,0,0,1,0,0
espn.go.com,0,0,1,7,0,0,0,0,0,1,0,0,1,0,1,0,0
emgn.com,0,0,1,2,0,0,0,0,1,0,1,1,1,1,1,1,0
correios.com.br,0,0,1,6,0,0,0,0,0,1,0,1,0,0,1,0,0
nguyentandung.org,0,0,1,1,0,0,0,0,0,0,0,0,1,1,1,1,0
censor.net.ua,0,0,1,3,0,0,0,0,0,0,0,1,1,0,1,0,0
wmaraci.com,0,0,1,3,0,0,0,0,0,0,0,1,1,0,1,0,0
torcache.net,0,0,1,2,0,0,0,0,0,0,0,1,1,0,1,0,0
sberbank.ru,0,0,1,5,0,0,0,0,0,1,0,1,1,0,1,0,0
mylust.com,0,0,1,3,0,0,1,0,0,1,0,0,0,0,1,0,0
cheezburger.com,0,0,1,2,0,0,0,0,0,1,0,0,1,0,1,0,0
comicbook.com,0,0,1,3,0,0,0,0,0,1,0,1,1,0,1,0,0
emgn.com,0,0,1,2,0,0,0,0,1,0,1,1,1,1,1,1,0
gawker.com,0,0,1,2,0,0,0,0,0,1,0,1,1,0,1,0,0
techcrunch.com,0,0,1,3,0,0,0,0,0,1,0,1,0,0,1,0,0
xhamster.com,0,0,1,3,0,0,0,0,0,1,0,1,1,1,1,1,0
allegro.pl,0,0,1,1,0,0,0,0,0,1,1,1,1,0,1,0,0
pikabu.ru,0,0,1,2,0,0,0,0,0,1,0,1,1,0,1,0,0
extratorrent.cc,0,0,1,3,0,0,0,0,1,0,1,1,1,1,1,1,0
mylust.com,0,0,1,3,0,0,1,0,0,1,0,0,0,0,1,0,0
pchome.com.tw,0,0,1,3,1,0,0,0,0,1,0,1,1,0,1,1,0
babal.net,0,0,1,4,0,0,0,0,0,0,0,1,1,0,1,0,0
torcache.net,0,0,1,2,0,0,0,0,0,0,0,1,1,0,1,0,0
hdfcbank.com,0,0,1,4,0,0,0,0,0,1,0,1,1,1,1,1,0
medium.com,0,0,1,2,0,0,0,0,0,1,0,1,1,0,1,0,0
digg.com,0,0,1,2,0,0,0,0,0,1,0,1,1,0,1,0,0
gizmodo.com,0,0,1,2,0,0,0,0,0,1,0,1,1,0,1,1,0
momoshop.com.tw,0,0,1,2,0,0,0,0,0,1,0,1,1,0,1,0,0
putlocker.is,0,0,1,1,0,0,0,0,0,0,0,0,0,0,1,0,0
babal.net,0,0,1,4,0,0,0,0,0,0,0,1,1,0,1,0,0
allegro.pl,0,0,1,1,0,0,0,0,0,1,1,1,1,0,1,0,0
olx.ua,0,0,1,3,0,0,0,0,0,1,0,0,1,0,1,0,0
mic.com,0,0,1,3,0,0,0,0,0,1,0,1,1,0,1,0,0
mic.com,0,0,1,3,0,0,0,0,0,1,0,1,1,0,1,0,0
xhamster.com,0,0,1,3,0,0,0,0,0,1,0,1,1,1,1,1,0
twitter.com,0,0,1,1,0,0,0,0,0,1,0,0,1,0,1,0,0
sourceforge.net,0,0,1,2,0,0,0,0,0,1,0,1,1,0,1,0,0
techcrunch.com,0,0,1,4,0,0,0,0,0,1,0,1,1,0,1,0,0
censor.net.ua,0,0,1,3,0,0,0,0,0,0,0,1,1,0,1,0,0
udn.com,0,0,1,4,0,0,0,0,0,1,0,1,0,0,1,0,0
olx.pl,0,0,1,7,0,0,0,0,0,1,1,1,1,0,1,0,0
thenextweb.com,0,0,1,6,0,0,0,0,0,1,0,1,0,0,1,1,0
metro.co.uk,0,0,1,4,0,0,0,0,1,1,1,1,1,0,1,0,0
sourceforge.net,0,0,1,3,0,0,0,0,0,1,0,1,1,0,1,0,0
extratorrent.cc,0,0,1,3,0,0,0,0,1,0,1,1,1,1,1,1,0
indianexpress.com,0,0,1,4,0,0,0,0,0,1,0,1,1,0,1,0,0
serverfault.com,0,0,1,3,0,0,1,0,0,1,0,1,1,0,1,0,0
gawker.com,0,0,1,3,0,0,0,0,0,1,0,1,1,0,1,0,0
mic.com,0,0,1,3,0,0,0,0,0,1,0,1,1,0,1,0,0
auto.ru,0,0,1,4,0,0,0,0,0,1,0,0,1,0,1,0,0
thenextweb.com,0,0,1,6,0,0,0,0,0,1,0,1,0,0,1,1,0
stackoverflow.com,0,0,1,3,0,0,0,0,0,1,0,0,1,0,1,0,0
interpark.com,0,0,1,2,0,0,0,0,0,1,0,0,1,0,1,0,0
ck101.com,0,0,1,1,0,0,0,0,0,0,0,0,1,1,1,1,0
motthegioi.vn,0,0,1,2,0,0,0,0,1,0,1,1,1,0,1,0,0
babal.net,0,0,1,4,0,0,0,0,0,0,0,1,1,0,1,0,0
stackoverflow.com,0,0,1,3,0,0,0,0,0,1,0,0,1,0,1,0,0
nypost.com,0,0,1,4,0,0,1,0,0,1,0,1,0,0,1,0,0
censor.net.ua,0,0,1,14,0,0,0,0,0,0,0,1,1,0,1,0,0
tinnhanh360.net,0,0,1,1,0,0,0,0,0,0,0,0,1,0,1,0,0
kienthuc.net.vn,0,0,1,2,0,0,0,0,1,0,1,1,1,0,1,0,0
techcrunch.com,0,0,1,4,0,0,0,0,0,1,0,1,1,0,1,0,0
emgn.com,0,0,1,2,0,0,0,0,1,0,1,1,1,1,1,1,0
emgn.com,0,0,1,2,0,0,0,0,1,0,1,1,1,1,1,1,0
cox.com,0,0,1,4,0,0,1,0,0,1,0,0,1,0,1,0,0
kenh14.vn,0,0,1,2,0,0,0,0,1,1,1,1,1,0,1,0,0
askubuntu.com,0,0,1,3,0,0,0,0,0,1,0,0,1,0,1,0,0
babal.net,0,0,1,4,0,0,0,0,0,0,0,1,1,0,1,0,0
stackoverflow.com,0,0,1,3,0,0,0,0,0,1,0,0,1,0,1,0,0
mylust.com,0,0,1,3,0,0,1,0,0,1,0,0,0,0,1,0,0
rt.com,0,0,1,3,0,0,1,0,0,1,0,0,0,0,1,1,0
stackoverflow.com,0,0,1,3,0,0,0,0,0,1,0,0,1,0,1,0,0
bestblackhatforum.com,0,0,1,1,0,0,0,0,0,0,0,1,1,0,1,0,0
1337x.to,0,0,1,3,0,0,0,0,0,1,0,1,1,1,1,1,0
thenextweb.com,0,0,1,6,0,0,0,0,0,1,0,1,0,0,1,1,0
putlocker.is,0,0,1,1,0,0,0,0,0,0,0,0,0,0,1,0,0
allrecipes.com,0,0,1,3,0,0,0,0,0,1,0,1,1,0,1,0,0
mashable.com,0,0,1,6,0,0,0,0,0,1,0,1,0,0,1,0,0
codecanyon.net,0,0,1,4,0,0,0,0,0,1,0,1,1,0,1,0,0
metro.co.uk,0,0,1,4,0,0,0,0,1,1,1,1,1,0,1,0,0
medium.com,0,0,1,2,0,0,0,0,0,1,0,1,1,0,1,0,0
jezebel.com,0,0,1,2,0,0,0,0,0,1,0,1,0,0,1,0,0
twitter.com,0,0,1,1,0,0,0,0,0,1,0,0,1,0,1,0,0
udn.com,0,0,1,4,0,0,0,0,0,1,0,1,0,0,1,0,0
getpocket.com,0,0,1,1,1,0,1,0,0,1,0,0,1,0,1,0,0
medium.com,0,0,1,2,0,0,0,0,0,1,0,1,1,0,1,0,0
babal.net,0,0,1,4,0,0,0,0,0,0,0,1,1,0,1,0,0
ahrefs.com,0,0,1,3,1,0,0,0,0,1,0,1,1,0,1,0,0
tobogo.net,0,0,1,2,0,0,0,0,1,0,1,1,1,1,1,1,0
icicibank.com,0,0,1,3,0,0,0,0,0,1,0,1,1,1,1,1,0
thenextweb.com,0,0,1,7,0,0,0,0,0,1,0,1,0,0,1,1,0
eksisozluk.com,0,0,1,0,0,0,0,0,0,1,0,1,1,0,1,0,0
mic.com,0,0,1,3,0,0,0,0,0,1,0,1,1,0,1,0,0
torcache.net,0,0,1,2,0,0,0,0,0,0,0,1,0,0,1,0,0
torcache.net,0,0,1,2,0,0,0,0,0,0,0,1,1,0,1,0,0
jezebel.com,0,0,1,1,0,0,0,0,0,1,0,1,0,0,1,0,0
hollywoodlife.com,0,0,1,4,0,0,0,0,0,1,0,1,1,0,1,0,0
userscloud.com,0,0,1,7,0,0,0,0,0,0,0,0,0,0,1,0,0
fishki.net,0,0,1,1,0,0,0,0,0,1,0,1,1,0,1,0,0
stackoverflow.com,0,0,1,3,0,0,0,0,0,1,0,0,1,0,1,0,0
caixa.gov.br,0,0,1,4,0,0,0,0,0,1,1,1,1,0,1,1,0
coccoc.com,0,0,1,3,0,0,0,0,0,1,0,1,1,0,1,0,0
metro.co.uk,0,0,1,4,0,0,0,0,1,1,1,1,1,0,1,0,0
interpark.com,0,0,1,2,0,0,0,0,0,1,0,0,1,0,1,0,0
distractify.com,0,0,1,10,0,0,0,0,0,1,0,0,1,0,1,0,0
momoshop.com.tw,0,0,1,2,0,0,0,0,0,1,0,1,1,0,1,0,0
thenextweb.com,0,0,1,6,0,0,0,0,0,1,0,1,0,0,1,1,0
tobogo.net,0,0,1,2,0,0,0,0,1,0,1,1,1,1,1,1,0
seasonvar.ru,0,0,1,1,0,0,0,0,0,1,0,1,1,0,1,0,0
nesn.com,0,0,1,3,0,0,0,0,0,1,0,1,0,0,1,0,0
indianexpress.com,0,0,1,4,0,0,0,0,0,1,0,1,0,0,1,0,0
teespring.com,0,0,1,2,0,0,0,0,0,1,0,0,1,0,1,0,0
interpark.com,0,0,1,2,0,0,0,0,0,1,0,0,1,0,1,0,0
olx.in,0,0,1,4,0,0,0,0,0,1,0,1,1,1,1,1,0
kienthuc.net.vn,0,0,1,2,0,0,0,0,1,0,1,1,1,0,1,0,0
olx.co.id,0,0,1,5,0,0,1,0,0,1,1,1,1,1,1,1,0
katproxy.com,0,0,1,3,0,0,0,0,0,0,0,0,0,0,1,0,0
thenextweb.com,0,0,1,6,0,0,0,0,0,1,0,1,0,0,1,1,0
infospace.com,0,0,1,6,0,0,0,0,0,1,0,1,1,0,1,0,0
distractify.com,0,0,1,10,0,0,0,0,0,1,0,0,1,0,1,0,0
fortune.com,0,0,1,4,0,0,0,0,0,1,0,1,0,0,1,0,0
depositphotos.com,0,0,1,2,0,0,0,0,0,1,0,1,1,1,1,1,0
jalopnik.com,0,0,1,1,0,0,0,0,0,1,0,1,0,0,1,0,0
xvideo-jp.com,0,0,1,3,0,0,0,1,0,1,0,1,0,0,1,0,0
bestblackhatforum.com,0,0,1,1,0,0,0,0,0,0,0,1,1,0,1,0,0
distractify.com,0,0,1,10,0,0,0,0,0,1,0,0,1,0,1,0,0
superuser.com,0,0,1,3,0,0,0,0,0,1,0,0,1,0,1,0,0
fishki.net,0,0,1,2,0,0,0,0,0,1,0,1,0,0,1,0,0
thenextweb.com,0,0,1,6,0,0,0,0,0,1,0,1,0,0,1,1,0
hihi2.com,0,0,1,2,0,0,0,0,0,1,0,1,1,1,1,1,0
bongda88.info,0,0,1,1,0,0,0,0,1,0,1,1,1,0,1,0,0
nesn.com,0,0,1,3,0,0,0,0,0,1,0,1,0,0,1,0,0
techcrunch.com,0,0,1,4,0,0,0,0,0,1,0,1,1,0,1,0,0
thenextweb.com,0,0,1,5,0,0,0,0,0,1,0,1,0,0,1,1,0
udn.com,0,0,1,4,0,0,0,0,0,1,0,1,0,0,1,0,0
espn.go.com,0,0,1,7,0,0,0,0,0,1,0,0,1,0,1,0,0
hollywoodlife.com,0,0,1,4,0,0,0,0,0,1,0,1,1,0,1,0,0
olx.ro,0,0,1,7,0,0,0,0,0,1,1,1,1,0,1,0,0
thechive.com,0,0,1,4,0,0,0,0,0,1,0,0,1,0,1,1,0
aljazeera.net,0,0,1,6,0,0,0,0,0,1,0,1,1,0,1,1,0
olx.ua,0,0,1,3,0,0,0,0,0,1,0,0,1,0,1,0,0
techcrunch.com,0,0,1,4,0,0,0,0,0,1,0,1,1,0,1,0,0
olx.ro,0,0,1,6,0,0,0,0,0,1,1,1,1,0,1,0,0
metro.co.uk,0,0,1,4,0,0,0,0,1,1,1,1,1,0,1,0,0
codecanyon.net,0,0,1,4,0,0,0,0,0,1,0,1,1,0,1,0,0
torcache.net,0,0,1,2,0,0,0,0,0,0,0,1,0,0,1,0,0
hollywoodlife.com,0,0,1,4,0,0,0,0,0,1,0,1,1,0,1,0,0
tunein.com,0,0,1,5,0,0,0,0,0,1,0,1,0,0,1,1,0
censor.net.ua,0,0,1,14,0,0,0,0,0,0,0,1,1,0,1,0,0
gizmodo.com,0,0,1,2,0,0,0,0,0,1,0,1,1,0,1,1,0
emgn.com,0,0,1,2,0,0,0,0,1,0,1,1,1,1,1,1,0
correios.com.br,0,0,1,4,0,0,0,0,0,1,0,1,0,0,1,0,0
buffer.com,0,0,1,1,0,0,0,0,0,1,0,0,0,0,1,0,0
bongda88.info,0,0,1,1,0,0,0,0,1,0,1,1,1,0,1,0,0
jalopnik.com,0,0,1,1,0,0,0,0,0,1,0,1,0,0,1,0,0
extratorrent.cc,0,0,1,3,0,0,0,0,1,0,1,1,1,1,1,1,0
stackoverflow.com,0,0,1,3,0,0,0,0,0,1,0,0,1,0,1,0,0
otomoto.pl,0,0,1,3,0,0,0,0,0,1,1,1,1,0,1,0,0
indianexpress.com,0,0,1,3,0,0,0,0,0,1,0,1,1,0,1,0,0
tune.pk,0,0,1,3,0,0,0,0,0,0,0,1,1,1,1,1,0
extratorrent.cc,0,0,1,3,0,0,0,0,1,0,1,1,1,1,1,1,0
seesaawiki.jp,0,0,1,5,0,0,0,0,0,1,0,0,1,0,1,0,0
otomoto.pl,0,0,1,3,0,0,0,0,0,1,1,1,1,0,1,0,0
mic.com,0,0,1,3,0,0,0,0,0,1,0,1,1,0,1,0,0
qz.com,0,0,1,2,0,0,0,0,0,1,0,1,1,0,1,0,0
soundcloud.com,0,0,1,2,0,0,0,0,0,1,0,1,1,0,1,0,0
hollywoodlife.com,0,0,1,4,0,0,0,0,0,1,0,1,1,0,1,0,0
eksisozluk.com,0,0,1,0,0,0,0,0,0,1,0,1,1,0,1,0,0
torcache.net,0,0,1,2,0,0,0,0,0,0,0,1,0,0,1,0,0
nypost.com,0,0,1,4,0,0,1,0,0,1,0,1,0,0,1,0,0
qz.com,0,0,1,2,0,0,0,0,0,1,0,1,1,0,1,0,0
buzzfil.net,0,0,1,4,0,0,0,0,0,0,0,0,1,1,1,1,0
bigcinema.tv,0,0,1,2,0,0,0,0,1,0,1,1,1,1,1,1,0
dantri.com.vn,0,0,1,3,0,0,0,0,1,1,1,1,0,0,1,0,0
akhbarelyom.com,0,0,1,5,0,0,0,0,0,1,0,1,1,0,1,0,0
ink361.com,0,0,1,6,0,0,0,0,0,0,0,0,1,0,1,0,0
myegy.to,0,0,1,3,0,0,0,0,0,0,0,0,0,0,1,0,0
sourceforge.net,0,0,1,3,0,0,0,0,0,1,0,1,1,0,1,0,0
indianexpress.com,0,0,1,3,0,0,0,0,0,1,0,1,1,0,1,0,0
mashable.com,0,0,1,6,0,0,0,0,0,1,0,1,0,0,1,0,0
cheezburger.com,0,0,1,2,0,0,0,0,0,1,0,0,1,0,1,0,0
thenextweb.com,0,0,1,5,0,0,0,0,0,1,0,1,0,0,1,1,0
motthegioi.vn,0,0,1,2,0,0,0,0,1,0,1,1,1,0,1,0,0
189.cn,0,0,1,3,0,0,0,0,0,1,0,1,1,1,1,1,0
olx.ua,0,0,1,2,0,0,0,0,0,1,0,0,1,0,1,0,0
hollywoodlife.com,0,0,1,4,0,0,0,0,0,1,0,1,1,0,1,0,0
fanpage.gr,0,0,1,3,0,0,0,0,1,0,1,1,1,0,1,1,0
depositphotos.com,0,0,1,2,0,0,0,0,0,1,0,1,1,1,1,1,0
fishki.net,0,0,1,2,0,0,0,0,0,1,0,1,0,0,1,0,0
olx.co.id,0,0,1,2,0,0,1,0,0,1,1,1,1,1,1,1,0
themeforest.net,0,0,1,4,0,0,0,0,0,1,0,1,1,0,1,0,0
elitedaily.com,0,0,1,3,0,0,0,0,0,1,0,1,1,0,1,1,0
getpocket.com,0,0,1,1,1,0,1,0,0,1,0,0,1,0,1,0,0
bdnews24.com,0,0,1,5,0,0,0,0,0,1,0,1,1,0,1,0,0
xvideo-jp.com,0,0,1,3,0,0,0,1,0,1,0,1,0,0,1,0,0
mediaset.it,0,0,1,3,0,0,0,0,0,1,0,0,1,0,1,1,0
digg.com,0,0,1,2,0,0,0,0,0,1,0,1,1,0,1,0,0
indianexpress.com,0,0,1,4,0,0,0,0,0,1,0,1,1,0,1,0,0
buzzfil.net,0,0,1,4,0,0,0,0,0,0,0,0,1,1,1,1,0
momoshop.com.tw,0,0,1,2,0,0,0,0,0,1,0,1,1,0,1,0,0
atwiki.jp,0,0,1,2,0,0,0,0,0,1,0,0,1,0,1,0,0
comicbook.com,0,0,1,4,0,0,0,0,0,1,0,1,0,0,1,0,0
diply.com,0,0,1,3,0,0,0,0,0,0,0,1,1,0,1,0,0
sfglobe.com,0,0,1,4,0,0,0,0,0,0,0,1,1,1,1,1,0
mic.com,0,0,1,3,0,0,0,0,0,1,0,1,1,0,1,0,0
babal.net,0,0,1,4,0,0,0,0,0,0,0,1,1,0,1,0,0
thenextweb.com,0,0,1,6,0,0,0,0,0,1,0,1,0,0,1,1,0
fanpage.gr,0,0,1,2,0,0,0,0,1,0,1,1,1,0,1,1,0
tunein.com,0,0,1,5,0,0,0,0,0,1,0,1,0,0,1,0,0
depositphotos.com,0,0,1,2,0,0,0,0,0,1,0,1,1,1,1,1,0
correios.com.br,0,0,1,4,0,0,0,0,0,1,0,1,0,0,1,0,0
hollywoodlife.com,0,0,1,4,0,0,0,0,0,1,0,1,1,0,1,0,0
distractify.com,0,0,1,10,0,0,0,0,0,1,0,0,1,0,1,0,0
otomoto.pl,0,0,1,3,0,0,0,0,0,1,1,1,1,0,1,0,0
nguyentandung.org,0,0,1,1,0,0,0,0,0,0,0,0,1,1,1,1,0
9gag.tv,0,0,1,3,0,0,0,0,0,0,0,1,1,1,1,1,0
atwiki.jp,0,0,1,2,0,0,0,0,0,1,0,0,1,0,1,0,0
motthegioi.vn,0,0,1,2,0,0,0,0,1,0,1,1,1,0,1,0,0
babal.net,0,0,1,3,0,0,0,0,0,0,0,1,1,0,1,0,0
fishki.net,0,0,1,2,0,0,0,0,0,1,0,1,0,0,1,0,0
olx.pl,0,0,1,3,0,0,0,0,0,1,1,1,1,0,1,0,0
tunein.com,0,0,1,6,0,0,0,0,0,1,0,1,0,0,1,0,0
techcrunch.com,0,0,1,4,0,0,0,0,0,1,0,1,1,0,1,0,0
plarium.com,0,0,1,5,0,0,0,0,0,1,0,1,1,0,1,0,0
nhs.uk,0,0,1,4,0,0,0,0,1,0,1,1,1,0,1,0,0
khabaronline.ir,0,0,1,5,0,0,0,0,0,1,1,1,1,0,1,1,0
hollywoodlife.com,0,0,1,4,0,0,0,0,0,1,0,1,1,0,1,0,0
maybank2u.com.my,0,0,1,4,0,0,0,0,0,1,0,1,1,1,1,1,0
seekingalpha.com,0,0,1,3,0,0,0,0,0,1,0,1,0,0,1,0,0
skyrock.com,0,0,1,2,0,0,0,0,0,1,0,1,1,0,1,0,0
kickass.to,0,0,1,3,0,0,0,0,0,0,0,1,1,1,1,1,0
superuser.com,0,0,1,3,0,0,0,0,0,1,0,0,1,0,1,0,0
pikabu.ru,0,0,1,2,0,0,0,0,0,1,0,1,1,0,1,0,0
abcnews.go.com,0,0,1,3,0,0,0,0,0,1,0,0,1,0,1,0,0
irecommend.ru,0,0,1,2,0,0,0,0,0,1,0,1,1,0,1,0,0
grantland.com,0,0,1,2,0,0,0,0,0,1,0,1,0,0,1,0,0
jezebel.com,0,0,1,2,0,0,0,0,0,1,0,1,0,0,1,0,0
torcache.net,0,0,1,2,0,0,0,0,0,0,0,1,0,0,1,0,0
smallseotools.com,0,0,1,2,0,0,0,0,0,1,0,1,1,0,1,0,0
wpengine.com,0,0,1,4,0,0,0,0,0,1,0,0,1,0,1,0,0
fortune.com,0,0,1,4,0,0,0,0,0,1,0,1,1,0,1,0,0
irecommend.ru,0,0,1,2,0,0,0,0,0,1,0,1,1,0,1,0,0
duckduckgo.com,0,0,1,4,0,0,0,0,0,1,0,1,1,0,1,0,0
xhamster.com,0,0,1,3,0,0,0,0,0,1,0,1,1,1,1,1,0
torrentdn.com,0,0,1,2,0,0,0,0,1,0,1,1,1,1,1,1,0
ecnavi.jp,0,0,1,1,1,0,0,0,0,1,0,0,0,0,1,0,0
mic.com,0,0,1,3,0,0,0,0,0,1,0,1,1,0,1,0,0
olx.ro,0,0,1,5,0,0,0,0,0,1,1,1,1,0,1,0,0
mylust.com,0,0,1,3,0,0,1,0,0,1,0,0,0,0,1,0,0
babal.net,0,0,1,4,0,0,0,0,0,0,0,1,1,0,1,0,0
rt.com,0,0,1,3,0,0,1,0,0,1,0,0,0,0,1,1,0
maybank2u.com.my,0,0,1,4,0,0,0,0,0,1,0,1,1,1,1,1,0
olx.co.id,0,0,1,7,0,0,1,0,0,1,1,1,1,1,1,1,0
olx.co.id,0,0,1,7,0,0,1,0,0,1,1,1,1,1,1,1,0
wikimapia.org,0,0,1,3,0,0,0,0,0,1,0,0,1,0,1,0,0
stackoverflow.com,0,0,1,3,0,0,0,0,0,1,0,0,1,0,1,0,0
indianexpress.com,0,0,1,4,0,0,0,0,0,1,0,1,1,0,1,0,0
nesn.com,0,0,1,3,0,0,0,0,0,1,0,1,0,0,1,0,0
thenextweb.com,0,0,1,6,0,0,0,0,0,1,0,1,0,0,1,1,0
putlocker.is,0,0,1,1,0,0,0,0,0,0,0,0,0,0,1,0,0
nesn.com,0,0,1,3,0,0,0,0,0,1,0,1,0,0,1,0,0
kenh14.vn,0,0,1,2,0,0,0,0,1,1,1,1,1,0,1,0,0
ecnavi.jp,0,0,1,1,1,0,0,0,0,1,0,0,0,0,1,0,0
distractify.com,0,0,1,10,0,0,0,0,0,1,0,0,1,0,1,0,0
buzzfil.net,0,0,1,4,0,0,0,0,0,0,0,0,1,1,1,1,0
jalopnik.com,0,0,1,2,0,0,0,0,0,1,0,1,0,0,1,1,0
babal.net,0,0,1,4,0,0,0,0,0,0,0,1,1,0,1,0,0
thenextweb.com,0,0,1,7,0,0,0,0,0,1,0,1,0,0,1,1,0
censor.net.ua,0,0,1,14,0,0,0,0,0,0,0,1,1,0,1,0,0
tobogo.net,0,0,1,2,0,0,0,0,1,0,1,1,1,1,1,1,0
hubpages.com,0,0,1,2,0,0,0,0,0,1,0,1,1,0,1,0,0
slashdot.org,0,0,1,3,0,0,0,0,0,1,0,1,1,0,1,0,0
medium.com,0,0,1,2,0,0,0,0,0,1,0,1,1,0,1,0,0
mylust.com,0,0,1,3,0,0,1,0,0,1,0,0,0,0,1,0,0
abcnews.go.com,0,0,1,3,0,0,0,0,0,1,0,0,1,0,1,0,0
bdnews24.com,0,0,1,5,0,0,0,0,0,1,0,1,1,0,1,0,0
slashdot.org,0,0,1,3,0,0,0,0,0,1,0,1,1,0,1,0,0
mixi.jp,0,0,1,1,0,0,0,0,0,1,0,0,1,0,1,0,0
torrentdn.com,0,0,1,2,0,0,0,0,1,0,1,1,1,1,1,1,0
interpark.com,0,0,1,2,0,0,0,0,0,1,0,0,1,0,1,0,0
slashdot.org,0,0,1,3,0,0,0,0,0,1,0,1,1,0,1,0,0
ifttt.com,0,0,1,2,0,0,1,0,0,1,0,1,0,0,1,0,0
icicibank.com,0,0,1,4,0,0,0,0,0,1,0,1,1,1,1,1,0
putlocker.is,0,0,1,1,0,0,0,0,0,0,0,0,0,0,1,0,0
vz.ru,0,0,1,1,0,0,0,0,0,1,0,1,0,0,1,0,0
grantland.com,0,0,1,2,0,0,0,0,0,1,0,1,1,0,1,0,0
medium.com,0,0,1,2,0,0,0,0,0,1,0,1,1,0,1,0,0
medium.com,0,0,1,2,0,0,0,0,0,1,0,1,1,0,1,0,0
otomoto.pl,0,0,1,7,0,0,0,0,0,1,1,1,1,0,1,0,0
zozo.jp,0,0,1,2,0,0,0,0,0,1,0,0,1,0,1,0,0
steamcommunity.com,0,0,1,6,1,0,0,0,0,1,0,1,1,0,1,0,0
tobogo.net,0,0,1,2,0,0,0,0,1,0,1,1,1,1,1,1,0
arstechnica.com,0,0,1,5,0,0,0,0,0,1,0,1,1,0,1,0,0
tunein.com,0,0,1,5,0,0,0,0,0,1,0,1,0,0,1,1,0
tobogo.net,0,0,1,2,0,0,0,0,1,0,1,1,1,1,1,1,0
allegro.pl,0,0,1,1,0,0,0,0,0,1,1,1,1,0,1,0,0
udn.com,0,0,1,4,0,0,0,0,0,1,0,1,0,0,1,0,0
stackoverflow.com,0,0,1,3,0,0,0,0,0,1,0,0,1,0,1,0,0
indianexpress.com,0,0,1,4,0,0,0,0,0,1,0,1,1,0,1,0,0
depositphotos.com,0,0,1,2,0,0,0,0,0,1,0,1,1,1,1,1,0
elitedaily.com,0,0,1,4,0,0,0,0,0,1,0,1,1,0,1,1,0
mylust.com,0,0,1,3,0,0,1,0,0,1,0,0,0,0,1,0,0
distractify.com,0,0,1,2,0,0,0,0,0,1,0,0,1,0,1,0,0
superuser.com,0,0,1,3,0,0,0,0,0,1,0,0,1,0,1,0,0
2gis.ru,0,0,1,7,0,0,0,0,0,1,0,0,1,0,1,0,0
teespring.com,0,0,1,2,0,0,0,0,0,1,0,0,1,0,1,0,0
xhamster.com,0,0,1,3,0,0,0,0,0,1,0,1,1,1,1,1,0
worldoftanks.ru,0,0,1,5,0,0,0,0,0,0,0,1,0,0,1,0,0
codepen.io,0,0,1,2,0,0,0,0,0,1,0,1,1,0,1,0,0
ap.org,0,0,1,4,0,0,0,0,0,1,0,1,1,0,1,0,0
hubpages.com,0,0,1,2,0,0,0,0,0,1,0,1,1,0,1,0,0
emgn.com,0,0,1,2,0,0,0,0,1,0,1,1,1,1,1,1,0
emgn.com,0,0,1,2,0,0,0,0,1,0,1,1,1,1,1,1,0
emgn.com,0,0,1,2,0,0,0,0,1,0,1,1,1,1,1,1,0
otomoto.pl,0,0,1,2,0,0,0,0,0,1,1,1,1,0,1,0,0
superuser.com,0,0,1,3,0,0,0,0,0,1,0,0,1,0,1,0,0
googleapis.com,0,0,0,0,0,0,0,0,0,1,0,0,1,0,1,0,0
cloudflare.com,0,0,0,0,0,0,0,0,0,1,0,1,1,0,1,0,0
gstatic.com,0,0,0,0,0,0,0,0,0,1,0,0,1,0,1,0,0
google.com,0,0,0,0,0,0,0,0,0,1,0,1,1,0,1,0,0
akamai.net,0,0,0,0,0,0,0,0,1,1,1,1,1,1,1,1,0
facebook.com,0,0,0,0,0,0,0,0,0,1,0,1,1,0,1,0,0
microsoft.com,0,0,0,0,0,0,1,0,0,1,0,1,1,0,1,0,0
apple.com,0,0,0,0,0,0,0,0,0,1,0,0,1,0,1,0,0
youtube.com,0,0,0,0,0,0,0,0,0,1,0,0,0,0,1,0,0
ezviz7.com,0,0,0,0,0,0,0,0,1,1,1,1,1,1,1,1,0
amazonaws.com,0,0,0,0,0,0,0,0,0,1,0,0,1,0,1,0,0
mail.ru,0,0,0,0,0,0,0,0,0,1,0,1,1,0,1,0,0
linkedin.com,0,0,0,0,0,0,0,0,0,1,0,0,1,0,1,0,0
dzen.ru,0,0,0,0,0,0,0,0,0,1,0,1,1,0,1,0,0
fbcdn.net,0,0,0,0,0,0,0,0,0,1,0,1,1,0,1,0,0
googlevideo.com,0,0,0,0,0,0,0,0,0,1,0,1,1,1,1,1,0
hicloudcam.com,0,0,0,0,0,0,0,0,1,1,1,1,1,1,1,1,0
akamaiedge.net,0,0,0,0,0,0,0,0,1,1,1,1,1,1,1,1,0
domaincontrol.com,0,0,0,0,0,0,0,0,0,1,0,1,1,1,1,1,0
googletagmanager.com,0,0,0,0,0,0,0,0,0,1,0,0,1,0,1,0,0
akadns.net,0,0,0,0,0,0,0,0,1,1,1,1,1,1,1,1,0
gtld-servers.net,0,0,0,0,0,0,0,1,1,1,1,1,1,1,1,1,0
office.com,0,0,0,0,0,0,0,0,0,1,0,1,1,0,1,0,0
amazon.com,0,0,0,0,0,0,0,0,0,1,0,1,1,0,1,0,0
github.com,0,0,0,0,0,0,0,0,0,1,0,1,1,0,1,0,0
bing.com,0,0,0,0,0,0,0,0,0,1,0,0,1,0,1,0,0
apple-dns.net,0,0,0,0,0,0,0,1,1,1,1,1,1,1,1,1,0
wikipedia.org,0,0,0,0,0,0,0,0,0,1,0,0,1,0,1,0,0
whatsapp.net,0,0,0,0,0,0,0,0,0,1,0,1,1,0,1,0,0
googleusercontent.com,0,0,0,0,0,0,1,0,0,1,0,0,1,0,1,0,0
doubleclick.net,0,0,0,0,0,0,0,0,0,1,0,0,0,0,1,0,0
azure.com,0,0,0,0,0,0,0,0,0,1,0,0,1,1,1,1,0
fastly.net,0,0,0,0,0,0,0,0,0,1,0,1,1,0,1,0,0
aaplimg.com,0,0,0,0,0,0,0,0,1,1,1,1,1,1,1,1,0
microsoftonline.com,0,0,0,0,0,0,0,0,1,1,1,1,1,1,1,1,0
appsflyersdk.com,0,0,0,0,0,0,0,0,0,1,0,1,1,0,1,0,0
office.net,0,0,0,0,0,0,0,0,1,1,1,1,1,1,1,1,0
trafficmanager.net,0,0,0,0,0,0,0,0,1,1,1,1,1,1,1,1,0
youtu.be,0,0,0,0,0,0,0,0,0,1,1,1,0,0,1,0,0
live.com,0,0,0,0,0,0,0,0,0,1,0,0,1,0,1,0,0
cloud.microsoft,0,0,0,0,0,0,0,0,1,1,1,1,1,0,1,0,0
netflix.com,0,0,0,0,0,0,1,0,0,1,0,1,1,0,1,0,0
digicert.com,0,0,0,0,0,0,1,0,0,1,0,1,0,0,1,0,0
x.com,0,0,0,0,0,0,1,0,0,1,0,1,1,0,1,0,0
skype.com,0,0,0,0,0,0,0,0,0,1,0,1,1,0,1,0,0
cloudfront.net,0,0,0,0,0,0,0,0,1,1,1,1,1,1,1,1,0
goo.gl,0,0,0,0,0,0,1,0,0,1,0,0,1,0,1,0,0
sharepoint.com,0,0,0,0,0,0,1,0,0,1,0,1,1,1,1,1,0
icloud.com,0,0,0,0,0,0,0,0,0,1,0,0,1,0,1,0,0
whatsapp.com,0,0,0,0,0,0,0,0,0,1,0,1,1,0,1,0,0
googledomains.com,0,0,0,0,0,0,0,0,0,1,0,1,1,0,1,0,0
roblox.com,0,0,0,0,0,0,1,0,0,1,0,0,1,0,1,0,0
cloudflare.net,0,0,0,0,0,0,0,0,0,1,0,1,1,0,1,0,0
windowsupdate.com,0,0,0,0,0,0,0,0,1,1,1,1,1,1,1,1,0
gvt1.com,0,0,0,0,0,0,0,0,1,1,1,1,1,1,1,1,0
googlesyndication.com,0,0,0,0,0,0,0,0,0,1,0,0,1,0,1,0,0
spotify.com,0,0,0,0,0,0,0,0,0,1,0,1,1,0,1,0,0
pv-cdn.net,0,0,0,0,0,0,0,1,1,1,1,1,1,1,1,1,0
yahoo.com,0,0,0,0,0,0,0,0,0,1,0,0,1,0,1,0,0
windows.net,0,0,0,0,0,0,0,0,0,1,0,1,1,1,1,1,0
msn.com,0,0,0,0,0,0,0,0,0,1,0,1,1,0,1,0,0
gandi.net,0,0,0,0,0,0,0,0,0,1,0,1,1,1,1,1,0
adobe.com,0,0,0,0,0,0,0,0,0,1,0,1,1,1,1,1,0
myfritz.net,0,0,0,0,0,0,0,0,0,1,0,0,1,0,1,0,0
wa.me,0,0,0,0,0,0,0,0,0,1,0,1,1,0,1,0,0
akam.net,0,0,0,0,0,0,0,0,1,1,1,1,1,1,1,1,0
cdninstagram.com,0,0,0,0,0,0,0,0,1,1,1,1,1,1,1,1,0
nginx.org,0,0,0,0,0,0,0,0,0,1,0,0,1,0,1,0,0
workers.dev,0,0,0,0,0,0,0,0,0,1,1,1,1,0,1,0,0
cloudflare-dns.com,0,0,0,0,0,0,0,1,0,1,0,1,1,0,1,0,0
chatgpt.com,0,0,0,0,0,0,1,0,0,1,0,0,1,0,1,0,0
tiktok.com,0,0,0,0,0,0,0,0,0,1,0,1,1,1,1,1,0
zoom.us,0,0,0,0,0,0,0,0,0,1,0,1,0,0,1,0,0
ntp.org,0,0,0,0,0,0,0,0,0,1,0,1,1,0,1,0,0
root-servers.net,0,0,0,0,0,0,0,1,1,1,1,1,1,1,1,1,0
edgekey.net,0,0,0,0,0,0,0,0,1,1,1,1,1,1,1,1,0
gwfb.net,0,0,0,0,0,0,0,0,1,1,1,1,1,1,1,1,0
vimeo.com,0,0,0,0,0,0,0,0,0,1,0,0,0,0,1,0,0
gvt2.com,0,0,0,0,0,0,0,0,1,1,1,1,1,1,1,1,0
openai.com,0,0,0,0,0,0,0,0,0,1,0,1,1,0,1,0,0
qq.com,0,0,0,0,0,0,0,0,0,1,0,1,1,1,1,1,0
ytimg.com,0,0,0,0,0,0,0,0,1,1,1,1,1,1,1,1,0
baidu.com,0,0,0,0,0,0,0,0,0,1,0,1,1,1,1,1,0
windows.com,0,0,0,0,0,0,0,0,0,1,0,1,1,0,1,1,0
yandex.net,0,0,0,0,0,0,0,0,0,1,0,1,1,0,1,0,0
tiktokcdn.com,0,0,0,0,0,0,0,0,0,1,0,1,1,1,1,1,0
samsung.com,0,0,0,0,0,0,0,0,0,1,0,0,0,0,1,0,0
tiktokv.com,0,0,0,0,0,0,0,0,0,1,0,1,1,1,1,1,0
edgesuite.net,0,0,0,0,0,0,0,0,1,1,1,1,1,1,1,1,0
blogspot.com,0,0,0,0,0,0,1,0,0,1,0,1,1,0,1,1,0
wordpress.com,0,0,0,0,0,0,0,0,0,1,0,1,1,0,1,0,0
mozilla.org,0,0,0,0,0,0,0,0,0,1,0,0,1,0,1,0,0
yandex.ru,0,0,0,0,0,0,0,0,0,1,0,0,1,0,1,0,0
opera.com,0,0,0,0,0,0,0,0,0,1,0,1,0,0,1,0,0
achmea.nl,0,0,0,0,0,0,0,0,0,1,1,1,1,1,1,1,0
actify.nl,0,0,0,0,0,0,0,0,0,1,1,1,1,1,1,1,0
t.me,0,0,0,0,0,0,0,0,0,1,0,1,1,1,1,1,0
capgemini.com,0,0,0,0,0,0,0,0,0,1,0,0,0,0,1,0,0
a2z.com,0,0,0,0,0,0,0,0,1,1,1,1,1,1,1,1,0
nginx.com,0,0,0,0,0,0,1,0,0,1,0,0,1,0,1,0,0
ui.com,0,0,0,0,0,0,0,0,0,1,0,1,1,0,1,0,0
reddit.com,0,0,0,0,0,0,1,0,0,1,0,1,1,0,1,0,0
aws.dev,0,0,0,0,0,0,0,0,1,1,1,1,1,1,1,1,0
sentry.io,0,0,0,0,0,0,0,0,0,1,0,1,1,0,1,0,0
yccdn.ru,0,0,0,0,0,0,0,0,1,1,1,1,1,1,1,1,0
b-cdn.net,0,0,0,0,0,0,0,1,0,1,0,1,1,0,1,0,0
nic.ru,0,0,0,0,0,0,0,0,0,1,0,0,1,0,1,0,0
office365.com,0,0,0,0,0,0,0,0,0,1,0,1,1,0,1,0,0
bit.ly,0,0,0,0,0,0,1,0,0,1,0,1,1,0,1,0,0
google-analytics.com,0,0,0,0,0,0,0,1,0,1,0,1,0,0,1,0,0
okcdn.ru,0,0,0,0,0,0,0,0,0,1,0,0,1,0,1,0,0
afternic.com,0,0,0,0,0,0,0,0,0,1,0,1,1,1,1,1,0
outlook.com,0,0,0,0,0,0,0,0,0,1,0,1,1,0,1,0,0
vk.com,0,0,0,0,0,0,0,0,0,1,0,1,1,1,1,1,0
registrar-servers.com,0,0,0,0,0,0,0,1,0,1,0,0,1,0,1,0,0
f5.com,0,0,0,0,0,0,0,0,0,1,0,1,1,0,1,0,0
app-analytics-services.com,0,0,0,0,0,0,0,1,0,1,0,0,1,0,1,0,0
cdn77.org,0,0,0,0,0,0,0,0,1,1,1,1,1,1,1,1,0
github.io,0,0,0,0,0,0,0,0,0,1,0,0,1,0,1,0,0
app-measurement.com,0,0,0,0,0,0,1,1,0,1,0,1,1,0,1,0,0
amazonvideo.com,0,0,0,0,0,0,0,0,0,1,0,1,1,0,1,0,0
snapchat.com,0,0,0,0,0,0,1,0,0,1,0,1,1,0,1,0,0
amazon.dev,0,0,0,0,0,0,0,0,1,1,1,1,1,1,1,1,0
apache.org,0,0,0,0,0,0,0,0,0,1,0,1,1,0,1,0,0
trbcdn.net,0,0,0,0,0,0,0,0,0,1,0,1,1,1,1,1,0
dns.google,0,0,0,0,0,0,0,0,0,1,1,1,1,0,1,0,0
dnsowl.com,0,0,0,0,0,0,0,0,1,1,1,1,1,1,1,1,0
iiko.it,0,0,0,0,0,0,0,0,1,1,1,1,1,1,1,1,0
msftncsi.com,0,0,0,0,0,0,0,0,1,1,1,1,1,1,1,1,0
amazon-adsystem.com,0,0,0,0,0,0,0,1,0,1,0,1,1,1,1,1,0
vkuserphoto.ru,0,0,0,0,0,0,0,0,0,1,0,0,1,0,1,0,0
miit.gov.cn,0,0,0,0,0,0,0,0,1,1,1,1,1,1,1,1,0
static.microsoft,0,0,0,0,0,0,0,0,1,1,1,1,1,1,1,1,0
kaspersky.com,0,0,0,0,0,0,0,0,0,1,0,0,0,0,1,0,0
dropbox.com,0,0,0,0,0,0,1,0,0,1,0,1,1,0,1,0,0
criteo.com,0,0,0,0,0,0,0,0,0,1,0,1,1,0,1,0,0
forms.gle,0,0,0,0,0,0,0,0,1,1,1,1,1,0,1,0,0
reg.ru,0,0,0,0,0,0,0,0,0,1,0,0,1,0,1,0,0
azurefd.net,0,0,0,0,0,0,0,0,1,1,1,1,1,1,1,1,0
epicgames.com,0,0,0,0,0,0,0,0,0,1,0,1,1,0,1,0,0
intuit.com,0,0,0,0,0,0,1,0,0,1,0,0,1,0,1,0,0
steamserver.net,0,0,0,0,0,0,0,0,1,1,1,1,1,1,1,1,0
discord.gg,0,0,0,0,0,0,0,0,0,1,1,1,1,0,1,0,0
godaddy.com,0,0,0,0,0,0,0,0,0,1,0,1,1,0,1,0,0
nytimes.com,0,0,0,0,0,0,0,0,0,1,0,0,0,0,1,0,0
msftconnecttest.com,0,0,0,0,0,0,1,0,1,1,1,1,1,1,1,1,0
one.one,0,0,0,0,0,0,0,0,0,1,0,1,1,0,1,0,0
xiaomi.com,0,0,0,0,0,0,0,0,0,1,0,1,0,0,1,0,0
aliyuncs.com,0,0,0,0,0,0,0,0,0,1,0,1,1,0,1,0,0
vedcdnlb.com,0,0,0,0,0,0,0,0,1,1,1,1,1,1,1,1,0
dns-parking.com,0,0,0,0,0,0,0,1,1,1,1,1,1,1,1,1,0
jomodns.com,0,0,0,0,0,0,0,0,1,1,1,1,1,1,1,1,0
discord.com,0,0,0,0,0,0,0,0,0,1,0,1,1,0,1,0,0
tumblr.com,0,0,0,0,0,0,0,0,0,1,0,1,1,0,1,0,0
tm-azurefd.net,0,0,0,0,0,0,0,1,1,1,1,1,1,1,1,1,0
adtrafficquality.google,0,0,0,0,0,0,0,0,0,1,1,1,0,0,1,0,0
ax-msedge.net,0,0,0,0,0,0,0,1,1,1,1,1,1,1,1,1,0
3gppnetwork.org,0,0,0,0,0,0,0,0,1,1,1,1,1,1,1,1,0
ggpht.com,0,0,0,0,0,0,1,0,1,1,1,1,1,1,1,1,0
example.com,0,0,0,0,0,0,0,0,0,1,0,1,1,0,1,0,0
paypal.com,0,0,0,0,0,0,0,0,0,1,0,1,0,0,1,0,0
webex.com,0,0,0,0,0,0,1,0,0,1,0,0,1,0,1,0,0
triplinkintl.com,0,0,0,0,0,0,0,0,0,1,0,1,1,0,1,0,0
azurewebsites.net,0,0,0,0,0,0,0,0,1,1,1,1,1,1,1,1,0
namebrightdns.com,0,0,0,0,0,0,0,0,1,1,1,1,1,1,1,1,0
vk.ru,0,0,0,0,0,0,0,0,0,1,0,1,1,0,1,0,0
shopify.com,0,0,0,0,0,0,0,0,0,1,0,0,1,0,1,0,0
adobe.io,0,0,0,0,0,0,0,0,0,1,0,0,1,0,1,0,0
cdn-apple.com,0,0,0,0,0,0,0,1,1,1,1,1,1,1,1,1,0
flickr.com,0,0,0,0,0,0,0,0,0,1,0,0,1,0,1,0,0
applovin.com,0,0,0,0,0,0,0,0,0,1,0,1,1,0,1,0,0
googleadservices.com,0,0,0,0,0,0,0,0,0,1,0,1,1,0,1,0,0
macromedia.com,0,0,0,0,0,0,0,0,0,1,0,1,1,1,1,1,0
bytefcdn-oversea.com,0,0,0,0,0,0,0,1,1,1,1,1,1,1,1,1,0
nflxso.net,0,0,0,0,0,0,0,0,1,1,1,1,1,1,1,1,0
w3.org,0,0,0,0,0,0,0,0,0,1,0,1,1,0,1,0,0
rubiconproject.com,0,0,0,0,0,0,1,0,0,1,0,1,1,0,1,0,0
hichina.com,0,0,0,0,0,0,0,0,1,1,1,1,1,1,1,1,0
telekom.net,0,0,0,0,0,0,0,0,0,1,0,1,1,0,1,0,0
vungle.com,0,0,0,0,0,0,0,0,0,1,0,0,1,0,1,0,0
creativecommons.org,0,0,0,0,0,0,0,0,0,1,0,1,1,0,1,0,0
lencr.org,0,0,0,0,0,0,0,0,0,1,0,1,0,0,1,0,0
mts.ru,0,0,0,0,0,0,0,0,0,1,0,0,1,0,1,0,0
cnn.com,0,0,0,0,0,0,0,0,0,1,0,1,0,0,1,0,0
theguardian.com,0,0,0,0,0,0,0,0,0,1,0,1,1,0,1,0,0
ttdns2.com,0,0,0,0,0,0,0,0,1,1,1,1,1,1,1,1,0
adsafeprotected.com,0,0,0,0,0,0,0,0,0,1,0,1,1,0,1,0,0
oracle.com,0,0,0,0,0,0,0,0,0,1,0,0,1,0,1,0,0
lsrelayaccess.com,0,0,0,0,0,0,0,0,0,1,0,1,1,1,1,1,0
t-online.de,0,0,0,0,0,0,0,1,0,1,1,1,1,0,1,0,0
playstation.net,0,0,0,0,0,0,0,0,1,1,1,1,1,1,1,1,0
sfx.ms,0,0,0,0,0,0,0,0,1,1,1,1,1,1,1,1,0
doi.org,0,0,0,0,0,0,0,0,0,1,0,1,1,0,1,0,0
pages.dev,0,0,0,0,0,0,0,0,0,1,1,1,1,0,1,0,0
miui.com,0,0,0,0,0,0,0,0,0,1,0,0,1,0,1,0,0
ksyuncdn.com,0,0,0,0,0,0,0,0,1,1,1,1,1,1,1,1,0
shifen.com,0,0,0,0,0,0,0,0,0,1,0,1,1,1,1,1,0
forbes.com,0,0,0,0,0,0,0,0,0,1,0,1,1,0,1,0,0
ack.de,0,0,0,0,0,0,0,0,0,1,1,1,1,0,1,0,0
youtube-nocookie.com,0,0,0,0,0,0,0,1,0,1,0,0,1,1,1,1,0
duckdns.org,0,0,0,0,0,0,0,0,0,1,0,1,1,0,1,0,0
mit.edu,0,0,0,0,0,0,0,0,0,1,0,1,0,0,1,0,0
gmail.com,0,0,0,0,0,0,0,0,0,1,0,1,1,0,1,1,0
fastly-edge.com,0,0,0,0,0,0,0,1,1,1,1,1,1,1,1,1,0
sciencedirect.com,0,0,0,0,0,0,1,0,0,1,0,1,1,0,1,0,0
pki.goog,0,0,0,0,0,0,0,0,0,1,1,1,0,0,1,0,0
akamaized.net,0,0,0,0,0,0,0,0,1,1,1,1,1,1,1,1,0
researchgate.net,0,0,0,0,0,0,0,0,0,1,0,0,1,0,1,0,0
twitch.tv,0,0,0,0,0,0,0,0,0,1,0,1,1,0,1,0,0
bbc.co.uk,0,0,0,0,0,0,0,0,1,1,1,1,1,0,1,0,0
ebay.com,0,0,0,0,0,0,0,0,0,1,0,1,1,0,1,0,0
bbc.com,0,0,0,0,0,0,0,0,0,1,0,1,1,0,1,0,0
nist.gov,0,0,0,0,0,0,0,0,0,1,0,1,0,0,1,0,0
userapi.com,0,0,0,0,0,0,0,0,0,1,0,0,1,1,1,1,0
ozon.ru,0,0,0,0,0,0,0,0,0,1,0,0,1,0,1,0,0
nr-data.net,0,0,0,0,0,0,0,1,1,1,1,1,1,1,1,1,0
azureedge.net,0,0,0,0,0,0,0,0,1,1,1,1,1,1,1,1,0
cdngslb.com,0,0,0,0,0,0,0,0,0,1,0,1,1,1,1,1,0
ubuntu.com,0,0,0,0,0,0,0,0,0,1,0,1,0,0,1,0,0
etsy.com,0,0,0,0,0,0,0,0,0,1,0,0,1,0,1,0,0
prodregistryv2.org,0,0,0,0,0,0,0,0,0,1,0,1,1,0,1,0,0
stripe.com,0,0,0,0,0,0,0,0,0,1,0,1,1,0,1,0,0
imcmdb.net,0,0,0,0,0,0,0,0,0,1,0,0,1,1,1,1,0
wsdvs.com,0,0,0,0,0,0,0,0,1,1,1,1,1,1,1,1,0
rbxcdn.com,0,0,0,0,0,0,0,0,1,1,1,1,1,1,1,1,0
cpanel.net,0,0,0,0,0,0,0,0,0,1,0,1,0,0,1,0,0
t.co,0,0,0,0,0,0,1,0,0,1,0,1,1,0,1,0,0
pubmatic.com,0,0,0,0,0,0,0,0,0,1,0,1,1,0,1,0,0
android.com,0,0,0,0,0,0,0,0,0,1,0,1,0,0,1,0,0
telegram.org,0,0,0,0,0,0,0,0,0,1,0,1,1,0,1,0,0
ripn.net,0,0,0,0,0,0,0,0,1,1,1,1,1,1,1,1,0
omtrdc.net,0,0,0,0,0,0,0,0,1,1,1,1,1,1,1,1,0
meraki.com,0,0,0,0,0,0,0,0,0,1,0,1,1,0,1,0,0
comcast.net,0,0,0,0,0,0,0,0,0,1,0,0,1,0,1,0,0
cisco.com,0,0,0,0,0,0,0,0,0,1,0,1,1,0,1,0,0
name-services.com,0,0,0,0,0,0,0,1,1,1,1,1,1,1,1,1,0
adsrvr.org,0,0,0,0,0,0,0,0,0,1,0,1,1,0,1,0,0
canva.com,0,0,0,0,0,0,0,0,0,1,0,1,1,0,1,0,0
wikimedia.org,0,0,0,0,0,0,0,0,0,1,0,1,1,0,1,0,0
hubspot.com,0,0,0,0,0,0,1,0,0,1,0,0,1,0,1,0,0
hcaptcha.com,0,0,0,0,0,0,0,0,0,1,0,1,1,0,1,0,0
booking.com,0,0,0,0,0,0,0,0,0,1,0,1,1,0,1,0,0
alibabadns.com,0,0,0,0,0,0,0,0,1,1,1,1,1,1,1,1,0
who.int,0,0,0,0,0,0,0,0,0,1,1,1,0,0,1,0,0
adnxs.com,0,0,0,0,0,0,0,0,0,1,0,1,1,0,1,0,0
capcutapi.com,0,0,0,0,0,0,0,0,1,1,1,1,1,1,1,1,0
imdb.com,0,0,0,0,0,0,0,0,0,1,0,0,1,0,1,0,0
launchpad.net,0,0,0,0,0,0,0,0,0,1,0,1,1,0,1,0,0
wixsite.com,0,0,0,0,0,0,0,0,1,1,1,1,1,1,1,1,0
scorecardresearch.com,0,0,0,0,0,0,0,0,0,1,0,0,0,0,1,0,0
telecid.ru,0,0,0,0,0,0,0,0,0,1,0,1,1,1,1,1,0
ttvnw.net,0,0,0,0,0,0,0,0,1,1,1,1,1,1,1,1,0
roku.com,0,0,0,0,0,0,0,0,0,1,0,1,0,0,1,0,0
linktr.ee,0,0,0,0,0,0,0,0,0,1,0,0,1,0,1,0,0
facebook.net,0,0,0,0,0,0,0,0,1,1,1,1,1,1,1,1,0
alidns.com,0,0,0,0,0,0,0,0,0,1,0,1,1,1,1,1,0
ailawandorder.com,0,0,0,0,0,0,0,0,0,1,0,1,1,1,1,1,0
arubanetworks.com,0,0,0,0,0,0,0,0,0,1,0,1,1,1,1,1,0
mangosip.ru,0,0,0,0,0,0,0,0,0,1,0,1,1,1,1,1,0
reuters.com,0,0,0,0,0,0,0,0,0,1,0,1,1,0,1,0,0
amon.tech,0,0,0,0,0,0,0,0,0,1,0,1,1,1,1,1,0
yandexcloud.net,0,0,0,0,0,0,0,0,1,1,1,1,1,1,1,1,0
ibm.com,0,0,0,0,0,0,0,0,0,1,0,1,0,0,1,0,0
spov-msedge.net,0,0,0,0,0,0,0,1,1,1,1,1,1,1,1,1,0
2mdn.net,0,0,0,0,0,0,0,0,1,1,1,1,1,1,1,1,0
aliyuncsslbintl.com,0,0,0,0,0,0,0,0,1,1,1,1,1,1,1,1,0
forter.com,0,0,0,0,0,0,0,0,0,1,0,0,1,0,1,0,0
springer.com,0,0,0,0,0,0,0,0,0,1,0,1,1,0,1,0,0
msedge.net,0,0,0,0,0,0,0,0,0,1,0,1,1,1,1,1,0
amplitude.com,0,0,0,0,0,0,0,0,0,1,0,0,0,0,1,0,0
telegram.me,0,0,0,0,0,0,0,0,0,1,0,0,1,0,1,0,0
dnsmadeeasy.com,0,0,0,0,0,0,0,0,0,1,0,0,1,0,1,0,0
media-amazon.com,0,0,0,0,0,0,0,1,1,1,1,1,1,1,1,1,0
appsflyer.com,0,0,0,0,0,0,0,0,0,1,0,1,0,0,1,0,0
mozilla.com,0,0,0,0,0,0,0,0,0,1,0,1,1,0,1,0,0
crpt.ru,0,0,0,0,0,0,0,0,0,1,0,1,1,0,1,0,0
byteoversea.net,0,0,0,0,0,0,0,0,1,1,1,1,1,1,1,1,0
drom.ru,0,0,0,0,0,0,0,0,0,1,0,0,1,0,1,0,0
mzstatic.com,0,0,0,0,0,0,0,0,0,1,0,1,1,0,1,0,0
tiktokcdn-us.com,0,0,0,0,0,0,0,1,1,1,1,1,1,1,1,1,0
hp.com,0,0,0,0,0,0,0,0,0,1,0,0,0,0,1,1,0
tinyurl.com,0,0,0,0,0,0,1,0,0,1,0,1,1,0,1,0,0
steampowered.com,0,0,0,0,0,0,0,0,0,1,0,1,1,0,1,0,0
inmobi.com,0,0,0,0,0,0,0,0,0,1,0,1,0,0,1,0,0
nature.com,0,0,0,0,0,0,0,0,0,1,0,1,1,0,1,1,0
harvard.edu,0,0,0,0,0,0,0,0,0,1,0,1,0,0,1,0,0
jsdelivr.net,0,0,0,0,0,0,0,0,0,1,0,1,1,1,1,1,0
debian.org,0,0,0,0,0,0,0,0,0,1,0,0,1,0,1,0,0
alibaba.com,0,0,0,0,0,0,0,0,0,1,0,1,1,0,1,0,0
weibo.com,0,0,0,0,0,0,0,0,0,1,0,1,1,1,1,1,0
clarity.ms,0,0,0,0,0,0,0,0,0,1,0,1,1,1,1,1,0
samsungcloud.com,0,0,0,0,0,0,0,0,0,1,0,1,1,0,1,0,0
autodesk.com,0,0,0,0,0,0,0,0,0,1,0,1,1,0,1,0,0
avast.com,0,0,0,0,0,0,1,0,0,1,0,1,1,0,1,0,0
ok.ru,0,0,0,0,0,0,0,0,0,1,0,0,1,1,1,1,0
wac-msedge.net,0,0,0,0,0,0,0,1,1,1,1,1,1,1,1,1,0
weather.com,0,0,0,0,0,0,0,0,0,1,0,0,1,0,1,0,0
datadoghq.com,0,0,0,0,0,0,0,0,0,1,0,1,0,0,1,0,0
mtgglobals.com,0,0,0,0,0,0,0,0,1,1,1,1,1,1,1,1,0
vecdnlb.com,0,0,0,0,0,0,0,0,1,1,1,1,1,1,1,1,0
heytapmobile.com,0,0,0,0,0,0,0,0,1,1,1,1,1,1,1,1,0
samsungqbe.com,0,0,0,0,0,0,0,0,1,1,1,1,1,1,1,1,0
salesforce.com,0,0,0,0,0,0,0,0,0,1,0,0,1,0,1,1,0
wiley.com,0,0,0,0,0,0,0,0,0,1,0,1,1,0,1,0,0
ea.com,0,0,0,0,0,0,0,0,0,1,0,1,0,0,1,0,0
shalltry.com,0,0,0,0,0,0,0,0,0,1,0,1,1,0,1,0,0
douyincdn.com,0,0,0,0,0,0,0,0,1,1,1,1,1,1,1,1,0
amazon.co.uk,0,0,0,0,0,0,0,0,1,1,1,1,0,0,1,0,0
myshopify.com,0,0,0,0,0,0,0,0,0,1,0,1,1,0,1,0,0
googleblog.com,0,0,0,0,0,0,0,0,0,1,0,1,0,0,1,0,0
aliyun.com,0,0,0,0,0,0,0,0,0,1,0,1,1,0,1,0,0
hostinger.com,0,0,0,0,0,0,0,0,0,1,0,1,1,0,1,0,0
worldnic.com,0,0,0,0,0,0,0,0,0,1,0,1,1,1,1,1,0
virginm.net,0,0,0,0,0,0,0,0,1,1,1,1,1,1,1,1,0
akamaihd.net,0,0,0,0,0,0,0,0,1,1,1,1,1,1,1,1,0
name.com,0,0,0,0,0,0,0,0,0,1,0,1,0,0,1,0,0
gnu.org,0,0,0,0,0,0,0,0,0,1,0,0,1,0,1,0,0
php.net,0,0,0,0,0,0,0,0,0,1,0,1,1,0,1,0,0
hostgator.com,0,0,0,0,0,0,0,0,0,1,0,1,1,0,1,0,0
namecheap.com,0,0,0,0,0,0,0,0,0,1,0,1,1,0,1,0,0
crashlytics.com,0,0,0,0,0,0,0,0,0,1,0,0,1,0,1,0,0
smartadserver.com,0,0,0,0,0,0,0,0,0,1,0,1,0,0,1,0,0
dell.com,0,0,0,0,0,0,0,0,0,1,0,0,1,0,1,0,0
trueconf.net,0,0,0,0,0,0,0,0,0,1,0,0,1,1,1,1,0
edgcdn.net,0,0,0,0,0,0,0,0,1,1,1,1,1,1,1,1,0
bilibili.com,0,0,0,0,0,0,0,0,0,1,0,1,1,0,1,0,0
wildberries.ru,0,0,0,0,0,0,0,0,0,1,0,1,1,0,1,0,0
awswaf.com,0,0,0,0,0,0,0,0,1,1,1,1,1,1,1,1,0
doubleverify.com,0,0,0,0,0,0,0,0,0,1,0,1,1,0,1,0,0
tbcache.com,0,0,0,0,0,0,0,0,0,1,0,1,1,1,1,1,0
shiabank.com,0,0,0,0,0,0,0,0,0,1,0,0,1,1,1,1,0
checkpoint.com,0,0,0,0,0,0,1,0,0,1,0,1,0,0,1,0,0
inner-active.mobi,0,0,0,0,0,0,0,1,1,1,1,1,1,1,1,1,0
cdc.gov,0,0,0,0,0,0,0,0,0,1,0,1,1,0,1,0,0
un.org,0,0,0,0,0,0,0,0,0,1,0,1,0,0,1,0,0
trustpilot.com,0,0,0,0,0,0,1,0,0,1,0,1,1,0,1,0,0
weebly.com,0,0,0,0,0,0,0,0,0,1,0,1,1,0,1,0,0
allawnos.com,0,0,0,0,0,0,0,0,1,1,1,1,1,1,1,1,0
opendns.com,0,0,0,0,0,0,0,0,0,1,0,1,1,0,1,0,0
spaceweb.pro,0,0,0,0,0,0,0,0,1,1,1,1,1,1,1,1,0
naver.com,0,0,0,0,0,0,0,0,0,1,0,1,1,0,1,0,0
dotaplabs.net,0,0,0,0,0,0,0,0,1,1,1,1,1,1,1,1,0
tradingview.com,0,0,0,0,0,0,0,0,0,1,0,1,1,0,1,0,0
media.net,0,0,0,0,0,0,0,0,0,1,0,1,0,0,1,0,0
mobile.de,0,0,0,0,0,0,0,0,0,1,1,1,1,0,1,0,0
issuu.com,0,0,0,0,0,0,0,0,0,1,0,1,1,0,1,0,0
indeed.com,0,0,0,0,0,0,0,0,0,1,0,1,1,0,1,0,0
netflix.net,0,0,0,0,0,0,0,0,0,1,0,1,1,0,1,0,0
selectel.ru,0,0,0,0,0,0,0,0,0,1,0,1,1,0,1,0,0
nvidia.com,0,0,0,0,0,0,0,0,0,1,0,1,1,0,1,0,0
launchdarkly.com,0,0,0,0,0,0,0,0,0,1,0,1,1,0,1,0,0
google.cn,0,0,0,0,0,0,0,0,0,1,0,1,1,0,1,0,0
calendly.com,0,0,0,0,0,0,0,0,0,1,0,0,0,0,1,0,0
stanford.edu,0,0,0,0,0,0,0,0,0,1,0,1,0,0,1,0,0
samsungcloudsolution.com,0,0,0,0,0,0,0,0,1,1,1,1,1,1,1,1,0
live-video.net,0,0,0,0,0,0,0,1,0,1,0,1,1,0,1,0,0
zendesk.com,0,0,0,0,0,0,0,0,0,1,0,1,0,0,1,0,0
washingtonpost.com,0,0,0,0,0,0,1,0,0,1,0,0,1,1,1,1,0
wsj.com,0,0,0,0,0,0,0,0,0,1,0,1,1,0,1,0,0
ip-api.com,0,0,0,0,0,0,0,1,0,1,0,1,1,0,1,0,0
cookiedatabase.org,0,0,0,0,0,0,0,0,0,1,0,0,1,0,1,0,0
cdnbuild.net,0,0,0,0,0,0,0,0,1,1,1,1,1,1,1,1,0
tiktokv.us,0,0,0,0,0,0,0,0,1,1,1,1,1,1,1,1,0
amazon.de,0,0,0,0,0,0,0,0,0,1,1,1,1,0,1,0,0
bloomberg.com,0,0,0,0,0,0,0,0,0,1,0,0,1,0,1,0,0
volcfcdndvs.com,0,0,0,0,0,0,0,0,1,1,1,1,1,1,1,1,0
ioref.io,0,0,0,0,0,0,0,0,1,1,1,1,1,1,1,1,0
mynetname.net,0,0,0,0,0,0,0,0,1,1,1,1,1,1,1,1,0
plesk.com,0,0,0,0,0,0,0,0,0,1,0,1,1,0,1,0,0
amazontrust.com,0,0,0,0,0,0,1,0,0,1,0,1,1,0,1,0,0
quickconnect.to,0,0,0,0,0,0,0,0,0,1,0,1,1,0,1,0,0
yandex.com,0,0,0,0,0,0,1,0,0,1,0,0,1,0,1,0,0
walmart.com,0,0,0,0,0,0,1,0,0,1,0,0,1,0,1,0,0
newrelic.com,0,0,0,0,0,0,0,0,0,1,0,1,1,0,1,0,0
rocket-cdn.com,0,0,0,0,0,0,0,1,1,1,1,1,1,1,1,1,0
ibyteimg.com,0,0,0,0,0,0,0,0,1,1,1,1,1,1,1,1,0
bsky.app,0,0,0,0,0,0,0,0,0,1,1,1,1,0,1,0,0
kwai-pro.com,0,0,0,0,0,0,0,1,1,1,1,1,1,1,1,1,0
paloaltonetworks.com,0,0,0,0,0,0,0,0,0,1,0,1,1,0,1,0,0
casalemedia.com,0,0,0,0,0,0,0,0,0,1,0,1,0,0,1,0,0
ezvizlife.com,0,0,0,0,0,0,0,0,0,1,0,1,1,0,1,0,0
demdex.net,0,0,0,0,0,0,0,0,1,1,1,1,1,1,1,1,0
gandi-ns.fr,0,0,0,0,0,0,0,1,1,1,1,1,1,1,1,1,0
shopifysvc.com,0,0,0,0,0,0,0,0,1,1,1,1,1,1,1,1,0
vivoglobal.com,0,0,0,0,0,0,0,0,0,1,0,1,1,0,1,0,0
tp-link.com,0,0,0,0,0,0,0,1,0,1,0,1,0,0,1,0,0
gitlab.com,0,0,0,0,0,0,0,0,0,1,0,0,1,0,1,0,0
dnspod.net,0,0,0,0,0,0,0,0,0,1,0,1,1,1,1,1,0
online-metrix.net,0,0,0,0,0,0,0,1,1,1,1,1,1,1,1,1,0
netangels.ru,0,0,0,0,0,0,0,0,0,1,0,0,1,0,1,0,0
statsigapi.net,0,0,0,0,0,0,0,0,0,1,0,1,1,0,1,0,0
nasa.gov,0,0,0,0,0,0,0,0,0,1,0,1,0,0,1,0,0
licdn.com,0,0,0,0,0,0,0,0,1,1,1,1,1,1,1,1,0
ipify.org,0,0,0,0,0,0,0,0,0,1,0,1,1,0,1,0,0
heytapdl.com,0,0,0,0,0,0,0,0,1,1,1,1,1,1,1,1,0
aliexpress.com,0,0,0,0,0,0,0,0,0,1,0,1,1,1,1,1,0
onelink.me,0,0,0,0,0,0,0,0,0,1,0,1,0,0,1,0,0
163.com,0,0,0,0,0,0,0,0,0,1,0,1,1,1,1,1,0
nflxvideo.net,0,0,0,0,0,0,0,0,0,1,0,1,1,1,1,1,0
bluehost.com,0,0,0,0,0,0,1,0,0,1,0,1,1,0,1,0,0
tiktokv.eu,0,0,0,0,0,0,0,0,1,1,1,1,1,1,1,1,0
brave.com,0,0,0,0,0,0,0,0,0,1,0,1,1,0,1,0,0
line.me,0,0,0,0,0,0,0,0,0,1,0,1,0,0,1,0,0
unsplash.com,0,0,0,0,0,0,0,0,0,1,0,1,1,0,1,0,0
tiktokcdn-eu.com,0,0,0,0,0,0,0,1,1,1,1,1,1,1,1,1,0
amazonalexa.com,0,0,0,0,0,0,0,0,0,1,0,1,0,0,1,0,0
spo-msedge.net,0,0,0,0,0,0,0,1,1,1,1,1,1,1,1,1,0
dailymotion.com,0,0,0,0,0,0,0,0,0,1,0,1,1,0,1,0,0
expireddomains.com,0,0,0,0,0,0,0,0,0,1,0,1,1,0,1,0,0
beian.gov.cn,0,0,0,0,0,0,0,0,1,1,1,1,1,1,1,1,0
pangle.io,0,0,0,0,0,0,0,0,1,1,1,1,1,1,1,1,0
avcdn.net,0,0,0,0,0,0,0,0,1,1,1,1,1,1,1,1,0
kaspersky-labs.com,0,0,0,0,0,0,0,1,0,1,0,1,1,1,1,1,0
espn.com,0,0,0,0,0,0,0,0,0,1,0,1,1,0,1,0,0
enacdn.net,0,0,0,0,0,0,0,0,1,1,1,1,1,1,1,1,0
temu.com,0,0,0,0,0,0,0,0,0,1,0,1,1,0,1,0,0
supercell.com,0,0,0,0,0,0,0,0,0,1,0,1,1,0,1,0,0
kwaipros.com,0,0,0,0,0,0,0,0,1,1,1,1,1,1,1,1,0
xcal.tv,0,0,0,0,0,0,0,0,1,1,1,1,1,1,1,1,0
claude.ai,0,0,0,0,0,0,0,0,0,1,0,1,1,0,1,0,0
globo.com,0,0,0,0,0,0,0,0,0,1,0,0,1,0,1,0,0
mi.com,0,0,0,0,0,0,0,0,0,1,0,1,0,0,1,0,0
dropcatch.com,0,0,0,0,0,0,0,0,0,1,0,1,1,0,1,0,0
goodreads.com,0,0,0,0,0,0,0,0,0,1,0,0,1,0,1,0,0
substack.com,0,0,0,0,0,0,0,0,0,1,0,1,1,0,1,0,0
awsglobalaccelerator.com,0,0,0,0,0,0,0,0,1,1,1,1,1,1,1,1,0
intel.com,0,0,0,0,0,0,0,0,0,1,0,1,1,0,1,0,0
businessinsider.com,0,0,0,0,0,0,0,0,0,1,0,1,0,0,1,0,0
vkuser.net,0,0,0,0,0,0,0,0,0,1,0,1,1,1,1,1,0
ipinfo.io,0,0,0,0,0,0,0,0,0,1,0,1,1,0,1,0,0
cloudns.net,0,0,0,0,0,0,0,0,0,1,0,1,1,0,1,0,0
netease.com,0,0,0,0,0,0,0,0,0,1,0,1,1,1,1,1,0
taobao.com,0,0,0,0,0,0,0,0,0,1,0,1,1,1,1,1,0
yahoo.co.jp,0,0,0,0,0,0,0,0,0,1,1,1,0,0,1,0,0
wp.com,0,0,0,0,0,0,0,0,0,1,0,1,1,0,1,0,0
myqcloud.com,0,0,0,0,0,0,0,0,1,1,1,1,1,1,1,1,0
chinamobile.com,0,0,0,0,0,0,0,0,0,1,0,1,1,1,1,1,0
sina.com.cn,0,0,0,0,0,0,0,0,0,1,0,1,1,1,1,1,0
byteglb.com,0,0,0,0,0,0,0,0,1,1,1,1,1,1,1,1,0
g.page,0,0,0,0,0,0,0,0,0,1,1,1,1,0,1,1,0
pixabay.com,0,0,0,0,0,0,0,0,0,1,0,1,1,0,1,0,0
sohu.com,0,0,0,0,0,0,0,0,0,1,0,1,1,0,1,0,0
go.com,0,0,0,0,0,0,0,0,0,1,0,0,1,0,1,0,0
adobe.net,0,0,0,0,0,0,0,0,0,1,0,0,1,1,1,1,0
skyhigh.cloud,0,0,0,0,0,0,0,0,0,1,0,0,1,0,1,0,0
amazon.co.za,0,0,0,0,0,0,0,0,0,1,0,0,1,0,1,0,0
wbx2.com,0,0,0,0,0,0,0,0,0,1,0,1,1,1,1,1,0
speedtest.net,0,0,0,0,0,0,0,0,0,1,0,1,1,0,1,0,0
gamepass.com,0,0,0,0,0,0,0,0,0,1,0,1,1,1,1,1,0
eye4.cn,0,0,0,0,0,0,0,0,0,1,0,1,1,0,1,0,0
cloudflareinsights.com,0,0,0,0,0,0,0,0,0,1,0,1,1,0,1,0,0
edgecdn.ru,0,0,0,0,0,0,0,0,0,1,0,0,1,1,1,1,0
mikrotik.com,0,0,0,0,0,0,0,0,0,1,0,0,1,0,1,0,0
tencent-cloud.net,0,0,0,0,0,0,0,1,1,1,1,1,1,1,1,1,0
timeweb.ru,0,0,0,0,0,0,0,0,0,1,0,1,0,0,1,0,0
nflximg.com,0,0,0,0,0,0,0,0,0,1,0,1,1,1,1,1,0
duolingo.com,0,0,0,0,0,0,0,0,0,1,0,0,0,0,1,0,0
cnbc.com,0,0,0,0,0,0,0,0,0,1,0,1,1,0,1,0,0
list-manage.com,0,0,0,0,0,0,0,1,0,1,0,1,1,1,1,1,0
twc.com,0,0,0,0,0,0,0,0,0,1,0,1,1,0,1,0,0
nease.net,0,0,0,0,0,0,0,0,0,1,0,1,1,1,1,1,0
avsxappcaptiveportal.com,0,0,0,0,0,0,0,0,0,1,0,1,1,1,1,1,0
arxiv.org,0,0,0,0,0,0,0,0,0,1,0,1,1,0,1,0,0
statista.com,0,0,0,0,0,0,0,0,0,1,0,0,0,0,1,0,0
dual-s-msedge.net,0,0,0,0,0,0,0,1,1,1,1,1,1,1,1,1,0
bdydns.com,0,0,0,0,0,0,0,0,1,1,1,1,1,1,1,1,0
oxylabs.io,0,0,0,0,0,0,0,0,0,1,0,1,1,0,1,0,0
ietf.org,0,0,0,0,0,0,0,0,0,1,0,1,1,0,1,0,0
adriver.ru,0,0,0,0,0,0,0,0,0,1,0,0,1,0,1,0,0
kwai.net,0,0,0,0,0,0,0,0,0,1,0,1,1,1,1,1,0
sc-gw.com,0,0,0,0,0,0,0,1,1,1,1,1,1,1,1,1,0
libp2p.direct,0,0,0,0,0,0,0,0,1,1,1,1,1,1,1,1,0
addtoany.com,0,0,0,0,0,0,0,0,0,1,0,0,1,0,1,0,0
vercel-dns-016.com,0,0,0,0,0,0,0,1,1,1,1,1,1,1,1,1,0
markmonitor.com,0,0,0,0,0,0,0,0,0,1,0,1,1,0,1,0,0
gcdn.co,0,0,0,0,0,0,0,0,0,1,0,1,1,1,1,1,0
aol.com,0,0,0,0,0,0,0,0,0,1,0,1,1,0,1,0,0
amazon.co.jp,0,0,0,0,0,0,0,0,0,1,1,1,1,0,1,0,0
firetvcaptiveportal.com,0,0,0,0,0,0,0,0,0,1,0,1,1,1,1,1,0
npr.org,0,0,0,0,0,0,0,0,0,1,0,1,0,0,1,0,0
docker.com,0,0,0,0,0,0,0,0,0,1,0,0,0,0,1,0,0
ivi.ru,0,0,0,0,0,0,0,0,0,1,0,0,0,0,1,0,0
quora.com,0,0,0,0,0,0,0,0,0,1,0,1,1,0,1,0,0
scribd.com,0,0,0,0,0,0,0,0,0,1,0,1,0,0,1,0,0
mediatek.com,0,0,0,0,0,0,0,0,0,1,0,1,0,0,1,0,0
impervadns.net,0,0,0,0,0,0,0,0,1,1,1,1,1,1,1,1,0
atlassian.net,0,0,0,0,0,0,0,0,0,1,0,1,1,0,1,0,0
ampproject.org,0,0,0,0,0,0,0,0,0,1,0,1,1,0,1,0,0
mysql.com,0,0,0,0,0,0,0,0,0,1,0,0,1,0,1,0,0
att.com,0,0,0,0,0,0,1,0,0,1,0,1,1,0,1,0,0
okta.com,0,0,0,0,0,0,0,0,0,1,0,1,0,0,1,0,0
mcafee.com,0,0,0,0,0,0,0,0,0,1,0,1,1,0,1,0,0
behance.net,0,0,0,0,0,0,0,0,0,1,0,0,1,0,1,0,0
shein.com,0,0,0,0,0,0,0,0,0,1,0,1,1,1,1,1,0
eventbrite.com,0,0,0,0,0,0,0,0,0,1,0,0,1,0,1,0,0
myhuaweicloud.com,0,0,0,0,0,0,0,0,1,1,1,1,1,1,1,1,0
google.de,0,0,0,0,0,0,0,0,0,1,1,1,1,0,1,0,0
exp-tas.com,0,0,0,0,0,0,0,1,1,1,1,1,1,1,1,1,0
run.app,0,0,0,0,0,0,0,0,0,1,1,1,1,0,1,0,0
amzn.to,0,0,0,0,0,0,0,0,0,1,0,1,1,0,1,0,0
ui-dns.com,0,0,0,0,0,0,0,1,1,1,1,1,1,1,1,1,0
foxnews.com,0,0,0,0,0,0,0,0,0,1,0,1,1,0,1,0,0
google.com.hk,0,0,0,0,0,0,0,0,0,1,0,0,1,0,1,0,0
squarespacedns.com,0,0,0,0,0,0,0,0,1,1,1,1,1,1,1,1,0
dynatrace.com,0,0,0,0,0,0,0,0,0,1,0,0,0,0,1,0,0
discord.media,0,0,0,0,0,0,0,0,1,1,1,1,1,0,1,0,0
ngenix.net,0,0,0,0,0,0,0,0,0,1,0,1,1,0,1,0,0
indiatimes.com,0,0,0,0,0,0,0,0,0,1,0,0,1,0,1,0,0
trendmicro.com,0,0,0,0,0,0,0,0,0,1,0,1,1,0,1,0,0
blogger.com,0,0,0,0,0,0,0,0,0,1,0,1,1,0,1,1,0
gosuslugi.ru,0,0,0,0,0,0,0,0,0,1,0,1,1,1,1,1,0
slideshare.net,0,0,0,0,0,0,0,0,0,1,0,1,1,0,1,0,0
adobedtm.com,0,0,0,0,0,0,0,0,1,1,1,1,1,1,1,1,0
ft.com,0,0,0,0,0,0,1,0,0,1,0,0,1,0,1,0,0
fandom.com,0,0,0,0,0,0,0,0,0,1,0,0,1,0,1,0,0
openx.net,0,0,0,0,0,0,0,0,0,1,0,0,1,0,1,0,0
ipv4only.arpa,0,0,0,0,0,0,0,0,0,1,1,1,1,1,1,1,0
firefox.com,0,0,0,0,0,0,1,0,0,1,0,1,1,0,1,0,0
visualstudio.com,0,0,0,0,0,0,0,0,0,1,0,1,1,0,1,0,0
capcut.com,0,0,0,0,0,0,1,0,0,1,0,1,1,0,1,0,0
tplinkcloud.com,0,0,0,0,0,0,0,0,0,1,0,1,1,0,1,0,0
patreon.com,0,0,0,0,0,0,0,0,0,1,0,0,1,0,1,0,0
supertms.com,0,0,0,0,0,0,0,0,1,1,1,1,1,1,1,1,0
e2ro.com,0,0,0,0,0,0,0,0,1,1,1,1,1,1,1,1,0
on.aws,0,0,0,0,0,0,0,0,1,1,1,1,1,1,1,1,0
featureassets.org,0,0,0,0,0,0,0,0,0,1,0,1,1,0,1,0,0
xboxlive.com,0,0,0,0,0,0,0,0,0,1,0,0,1,1,1,1,0
jquery.com,0,0,0,0,0,0,0,0,0,1,0,0,1,0,1,0,0
hicloud.com,0,0,0,0,0,0,0,0,1,1,1,1,1,1,1,1,0
elasticbeanstalk.com,0,0,0,0,0,0,0,0,0,1,0,0,1,1,1,1,0
wired.com,0,0,0,0,0,0,0,0,0,1,0,1,0,0,1,0,0
oup.com,0,0,0,0,0,0,0,0,0,1,0,0,1,0,1,0,0
icloud-content.com,0,0,0,0,0,0,1,1,0,1,0,0,1,0,1,0,0
share.google,0,0,0,0,0,0,0,0,0,1,1,1,1,0,1,0,0
live.net,0,0,0,0,0,0,0,0,1,1,1,1,1,1,1,1,0
palmplaystore.com,0,0,0,0,0,0,0,0,0,1,0,0,1,0,1,0,0
fast.com,0,0,0,0,0,0,1,0,0,1,0,1,1,0,1,0,0
vidaahub.com,0,0,0,0,0,0,0,0,1,1,1,1,1,1,1,1,0
translate.goog,0,0,0,0,0,0,0,0,0,1,1,1,1,0,1,0,0
time.com,0,0,0,0,0,0,0,0,0,1,0,0,1,0,1,0,0
svc.ms,0,0,0,0,0,0,0,0,1,1,1,1,1,1,1,1,0
tandfonline.com,0,0,0,0,0,0,0,0,0,1,0,1,1,0,1,0,0
360yield.com,0,0,0,0,0,0,0,0,0,1,0,1,1,0,1,0,0
cornell.edu,0,0,0,0,0,0,0,0,0,1,0,1,0,0,1,0,0
deviantart.com,0,0,0,0,0,0,1,0,0,1,0,1,1,0,1,0,0
adobedc.net,0,0,0,0,0,0,0,0,1,1,1,1,1,1,1,1,0
noaa.gov,0,0,0,0,0,0,0,0,0,1,0,1,1,0,1,0,0
pushy.io,0,0,0,0,0,0,0,0,0,1,0,0,1,0,1,0,0
eset.com,0,0,0,0,0,0,1,0,0,1,0,1,0,0,1,0,0
azure-dns.com,0,0,0,0,0,0,0,1,1,1,1,1,1,1,1,1,0
grammarly.com,0,0,0,0,0,0,0,0,0,1,0,1,0,0,1,0,0
usatoday.com,0,0,0,0,0,0,0,0,0,1,0,1,0,0,1,0,0
qlivecdn.com,0,0,0,0,0,0,0,0,1,1,1,1,1,1,1,1,0
uol.com.br,0,0,0,0,0,0,0,0,0,1,0,1,1,1,1,1,0
oraclecloud.com,0,0,0,0,0,0,0,0,0,1,0,0,1,0,1,0,0
geobasket.ru,0,0,0,0,0,0,0,0,1,1,1,1,1,1,1,1,0
yahoodns.net,0,0,0,0,0,0,0,0,1,1,1,1,1,1,1,1,0
rakuten.co.jp,0,0,0,0,0,0,0,0,0,1,1,1,1,1,1,1,0
nstld.com,0,0,0,0,0,0,0,0,1,1,1,1,1,1,1,1,0
teamviewer.com,0,0,0,0,0,0,0,0,0,1,0,0,1,0,1,0,0
tripadvisor.com,0,0,0,0,0,0,0,0,0,1,0,1,1,0,1,0,0
easebar.com,0,0,0,0,0,0,0,0,1,1,1,1,1,1,1,1,0
t-msedge.net,0,0,0,0,0,0,0,1,1,1,1,1,1,1,1,1,0
my.com,0,0,0,0,0,0,0,0,1,1,1,1,1,1,1,1,0
rlcdn.com,0,0,0,0,0,0,0,0,1,1,1,1,1,1,1,1,0
target.com,0,0,0,0,0,0,1,0,0,1,0,1,1,0,1,0,0
cookielaw.org,0,0,0,0,0,0,0,0,0,1,0,1,1,0,1,0,0
aboutads.info,0,0,0,0,0,0,0,0,1,1,1,1,1,1,1,1,0
3lift.com,0,0,0,0,0,0,1,0,0,1,0,0,1,0,1,0,0
berkeley.edu,0,0,0,0,0,0,0,0,0,1,0,1,1,0,1,0,0
ieee.org,0,0,0,0,0,0,0,0,0,1,0,1,1,0,1,0,0
dreamhost.com,0,0,0,0,0,0,1,0,0,1,0,1,0,0,1,0,0
klaviyo.com,0,0,0,0,0,0,0,0,0,1,0,1,1,0,1,0,0
ca.gov,0,0,0,0,0,0,0,0,0,1,0,1,1,0,1,0,0
digitalocean.com,0,0,0,0,0,0,0,0,0,1,0,1,1,0,1,0,0
telegraph.co.uk,0,0,0,0,0,0,0,0,1,1,1,1,1,0,1,0,0
avito.ru,0,0,0,0,0,0,0,0,0,1,0,1,0,0,1,0,0
hotjar.com,0,0,0,0,0,0,0,0,0,1,0,0,0,0,1,0,0
imgsmail.ru,0,0,0,0,0,0,0,0,0,1,0,0,1,0,1,1,0
shop.app,0,0,0,0,0,0,0,0,0,1,1,1,1,1,1,1,0
cdn20.com,0,0,0,0,0,0,0,0,1,1,1,1,1,1,1,1,0
braze.com,0,0,0,0,0,0,0,0,0,1,0,1,0,0,1,0,0
mdpi.com,0,0,0,0,0,0,0,0,0,1,0,1,1,0,1,0,0
xiaomi.net,0,0,0,0,0,0,0,0,0,1,0,1,1,1,1,1,0
force.com,0,0,0,0,0,0,0,0,0,1,0,1,1,0,1,0,0
playstation.com,0,0,0,0,0,0,0,0,0,1,0,0,0,0,1,0,0
samsungapps.com,0,0,0,0,0,0,0,0,0,1,0,1,1,1,1,1,0
cdnvideo.ru,0,0,0,0,0,0,0,0,0,1,0,1,1,0,1,0,0
bx-msedge.net,0,0,0,0,0,0,0,1,1,1,1,1,1,1,1,1,0
amazon.fr,0,0,0,0,0,0,0,0,0,1,0,1,1,0,1,0,0
bitrix24.ru,0,0,0,0,0,0,0,0,0,1,0,0,0,0,1,0,0
atlassian.com,0,0,0,0,0,0,0,0,0,1,0,1,1,0,1,0,0
wswebcdn.com,0,0,0,0,0,0,0,0,1,1,1,1,1,1,1,1,0
wix.com,0,0,0,0,0,0,1,0,0,1,0,1,1,0,1,0,0
anthropic.com,0,0,0,0,0,0,0,0,0,1,0,1,1,0,1,0,0
accuweather.com,0,0,0,0,0,0,0,0,0,1,0,1,1,0,1,0,0
whecloud.com,0,0,0,0,0,0,0,0,1,1,1,1,1,1,1,1,0
free.fr,0,0,0,0,0,0,0,0,0,1,0,1,1,1,1,1,0
vercel-dns-3.com,0,0,0,0,0,0,0,1,1,1,1,1,1,1,1,1,0
threads.com,0,0,0,0,0,0,0,0,0,1,0,1,1,0,1,0,0
onetrust.com,0,0,0,0,0,0,1,0,0,1,0,0,1,0,1,0,0
sharethrough.com,0,0,0,0,0,0,0,0,0,1,0,0,0,0,1,0,0
withgoogle.com,0,0,0,0,0,0,0,0,0,1,0,0,1,0,1,0,0
unesco.org,0,0,0,0,0,0,0,0,0,1,0,1,1,0,1,0,0
2gis.com,0,0,0,0,0,0,0,0,0,1,0,1,1,0,1,0,0
loc.gov,0,0,0,0,0,0,0,0,0,1,0,1,1,0,1,0,0
mhverifier.ru,0,0,0,0,0,0,0,0,0,1,0,1,1,1,1,1,0
alicdn.com,0,0,0,0,0,0,0,0,0,1,0,1,1,1,1,1,0
ikea.com,0,0,0,0,0,0,0,0,0,1,0,1,1,0,1,0,0
footprintdns.com,0,0,0,0,0,0,0,0,1,1,1,1,1,1,1,1,0
msidentity.com,0,0,0,0,0,0,0,0,1,1,1,1,1,1,1,1,0
dyndns.org,0,0,0,0,0,0,0,0,0,1,0,0,1,0,1,0,0
jotform.com,0,0,0,0,0,0,0,0,0,1,0,1,1,0,1,0,0
nintendo.com,0,0,0,0,0,0,0,0,0,1,0,1,1,0,1,0,0
sagepub.com,0,0,0,0,0,0,0,0,0,1,0,1,0,0,1,0,0
amazon.ca,0,0,0,0,0,0,0,0,0,1,0,1,1,0,1,0,0
surveymonkey.com,0,0,0,0,0,0,0,0,0,1,0,0,1,0,1,0,0
shopee.com.br,0,0,0,0,0,0,0,0,0,1,0,0,0,0,1,0,0
branch.io,0,0,0,0,0,0,0,0,0,1,0,0,1,0,1,0,0
googletagservices.com,0,0,0,0,0,0,0,0,1,1,1,1,1,1,1,1,0
tencent.com,0,0,0,0,0,0,1,0,0,1,0,1,1,1,1,1,0
bidswitch.net,0,0,0,0,0,0,0,0,1,1,1,1,1,1,1,1,0
vedsalb.com,0,0,0,0,0,0,0,0,1,1,1,1,1,1,1,1,0
mega.co.nz,0,0,0,0,0,0,0,0,0,1,1,1,1,0,1,0,0
nike.com,0,0,0,0,0,0,0,0,0,1,0,1,1,0,1,1,0
yelp.com,0,0,0,0,0,0,0,0,0,1,0,1,1,0,1,0,0
bytedns1.com,0,0,0,0,0,0,0,0,1,1,1,1,1,1,1,1,0
hstgr.net,0,0,0,0,0,0,0,0,0,1,0,1,1,1,1,1,0
redhat.com,0,0,0,0,0,0,1,0,0,1,0,1,1,0,1,0,0
service.gov.uk,0,0,0,0,0,0,0,0,1,1,1,1,1,0,1,0,0
ovh.net,0,0,0,0,0,0,0,0,0,1,0,1,1,0,1,0,0
cmediahub.ru,0,0,0,0,0,0,0,0,1,1,1,1,1,1,1,1,0
elpais.com,0,0,0,0,0,0,0,0,0,1,0,0,1,0,1,0,0
britannica.com,0,0,0,0,0,0,0,0,0,1,0,1,1,0,1,0,0
vercel.app,0,0,0,0,0,0,0,0,0,1,1,1,1,0,1,0,0
uk.com,0,0,0,0,0,0,0,0,1,1,1,1,1,1,1,1,0
resolver.arpa,0,0,0,0,0,0,0,0,1,1,1,1,1,1,1,1,0
ups.com,0,0,0,0,0,0,0,0,0,1,0,1,1,1,1,1,0
imgur.com,0,0,0,0,0,0,0,0,0,1,0,1,0,0,1,0,0
webempresa.eu,0,0,0,0,0,0,0,0,0,1,1,1,1,1,1,0,0
cambridge.org,0,0,0,0,0,0,0,0,0,1,0,0,1,0,1,0,0
primevideo.com,0,0,0,0,0,0,0,0,0,1,0,1,1,0,1,0,0
googlezip.net,0,0,0,0,0,0,0,0,1,1,1,1,1,1,1,1,0
dailymail.co.uk,0,0,0,0,0,0,0,0,1,1,1,1,1,1,1,1,0
pvp.net,0,0,0,0,0,0,0,0,1,1,1,1,1,1,1,1,0
openstreetmap.org,0,0,0,0,0,0,0,0,0,1,0,1,1,0,1,0,0
anydesk.com,0,0,0,0,0,0,0,0,0,1,0,0,1,0,1,0,0
viber.com,0,0,0,0,0,0,0,0,0,1,0,1,0,0,1,0,0
vercel-dns-017.com,0,0,0,0,0,0,0,1,1,1,1,1,1,1,1,1,0
cdnhwc1.com,0,0,0,0,0,0,0,0,1,1,1,1,1,1,1,1,0
amazon.in,0,0,0,0,0,0,0,0,0,1,0,0,1,0,1,0,0
telephony.goog,0,0,0,0,0,0,0,0,0,1,1,1,1,1,1,1,0
ks-cdn.com,0,0,0,0,0,0,0,1,1,1,1,1,1,1,1,1,0
stackadapt.com,0,0,0,0,0,0,1,0,0,1,0,1,0,0,1,0,0
perplexity.ai,0,0,0,0,0,0,0,0,0,1,0,1,1,0,1,0,0
intercom.io,0,0,0,0,0,0,0,0,0,1,0,1,1,0,1,0,0
fontawesome.com,0,0,0,0,0,0,0,0,0,1,0,0,1,0,1,0,0
twimg.com,0,0,0,0,0,0,0,0,1,1,1,1,1,1,1,1,0
hihonorcloud.com,0,0,0,0,0,0,0,0,0,1,0,1,1,0,1,0,0
optimizely.com,0,0,0,0,0,0,0,0,0,1,0,0,1,0,1,0,0
outbrain.com,0,0,0,0,0,0,0,0,0,1,0,1,0,0,1,0,0
vkontakte.ru,0,0,0,0,0,0,0,0,0,1,0,0,1,0,1,1,0
verisign.com,0,0,0,0,0,0,0,0,0,1,0,1,1,0,1,0,0
360.cn,0,0,0,0,0,0,0,0,0,1,0,1,1,0,1,0,0
cbsnews.com,0,0,0,0,0,0,0,0,0,1,0,1,0,0,1,0,0
beyondwickedmapping.org,0,0,0,0,0,0,0,0,0,1,0,1,1,0,1,0,0
hostgator.com.br,0,0,0,0,0,0,0,0,0,1,0,1,1,0,1,0,0
dotomi.com,0,0,0,0,0,0,0,0,0,1,0,0,0,0,1,0,0
comcast.com,0,0,0,0,0,0,1,0,0,1,0,1,1,1,1,1,0
consultant.ru,0,0,0,0,0,0,0,0,0,1,0,0,1,0,1,0,0
lemonde.fr,0,0,0,0,0,0,0,0,0,1,0,1,0,0,1,0,0
seznam.cz,0,0,0,0,0,0,0,0,0,1,0,0,1,0,1,0,0
wps.com,0,0,0,0,0,0,0,0,0,1,0,1,1,0,1,0,0
typekit.net,0,0,0,0,0,0,0,0,0,1,0,1,1,1,1,1,0
spiegel.de,0,0,0,0,0,0,0,0,0,1,1,1,0,0,1,0,0
id5-sync.com,0,0,0,0,0,0,0,1,0,1,0,0,1,0,1,0,0
dailymail.com,0,0,0,0,0,0,0,0,0,1,0,0,1,1,1,1,0
fb.com,0,0,0,0,0,0,0,0,0,1,0,1,1,0,1,0,0
blackhub.team,0,0,0,0,0,0,0,0,1,1,1,1,1,0,1,0,0
pinimg.com,0,0,0,0,0,0,0,0,0,1,0,1,1,0,1,0,0
nel.goog,0,0,0,0,0,0,0,0,1,1,1,1,1,1,1,1,0
wp.pl,0,0,0,0,0,0,0,0,0,1,0,1,1,0,1,0,0
kick.com,0,0,0,0,0,0,0,0,0,1,0,1,1,0,1,0,0
independent.co.uk,0,0,0,0,0,0,1,0,1,1,1,1,0,0,1,0,0
samsungacr.com,0,0,0,0,0,0,0,0,1,1,1,1,1,1,1,1,0
iso.org,0,0,0,0,0,0,0,0,0,1,0,1,1,0,1,0,0
marriott.com,0,0,0,0,0,0,1,0,0,1,0,0,1,0,1,0,0
cnet.com,0,0,0,0,0,0,1,0,0,1,0,1,0,0,1,0,0
alipaydns.com,0,0,0,0,0,0,0,0,0,1,0,1,1,1,1,1,0
dbankcloud.com,0,0,0,0,0,0,0,0,1,1,1,1,1,1,1,1,0
ya.ru,0,0,0,0,0,0,0,0,0,1,0,1,1,0,1,0,0
bunnyinfra.net,0,0,0,0,0,0,0,0,1,1,1,1,1,1,1,1,0
sophos.com,0,0,0,0,0,0,0,0,0,1,0,0,1,1,1,1,0
amazon.it,0,0,0,0,0,0,0,0,0,1,0,0,1,0,1,0,0
mailchimp.com,0,0,0,0,0,0,0,0,0,1,0,1,1,0,1,0,0
amazon.es,0,0,0,0,0,0,0,0,0,1,1,1,1,0,1,0,0
quantserve.com,0,0,0,0,0,0,0,0,0,1,0,1,1,0,1,0,0
linode.com,0,0,0,0,0,0,0,0,0,1,0,0,1,0,1,0,0
wpguardian.io,0,0,0,0,0,0,0,0,0,1,0,1,0,0,1,0,0
ring.com,0,0,0,0,0,0,0,0,0,1,0,1,0,0,1,0,0
g.co,0,0,0,0,0,0,0,0,0,1,0,1,1,0,1,0,0
uber.com,0,0,0,0,0,0,0,0,0,1,0,1,1,0,1,0,0
eeroup.com,0,0,0,0,0,0,0,0,0,1,0,1,1,0,1,0,0
globalsign.com,0,0,0,0,0,0,0,0,0,1,0,1,0,0,1,1,0
share-dns.com,0,0,0,0,0,0,0,1,1,1,1,1,1,1,1,1,0
asus.com,0,0,0,0,0,0,0,0,0,1,0,1,1,0,1,0,0
creativecdn.com,0,0,0,0,0,0,0,0,0,1,0,1,1,0,1,0,0
mlb.com,0,0,0,0,0,0,0,0,0,1,0,0,1,0,1,0,0
agkn.com,0,0,0,0,0,0,0,0,1,1,1,1,1,1,1,1,0
browser-intake-datadoghq.com,0,0,0,0,0,0,0,1,0,1,0,1,1,0,1,0,0
fifa.com,0,0,0,0,0,0,0,0,0,1,0,1,1,0,1,0,0
githubusercontent.com,0,0,0,0,0,0,1,0,1,1,1,1,1,1,1,1,0
parklogic.com,0,0,0,0,0,0,0,0,0,1,0,1,1,0,1,0,0
bamgrid.com,0,0,0,0,0,0,0,0,1,1,1,1,1,1,1,1,0
1rx.io,0,0,0,0,0,0,0,0,1,1,1,1,1,1,1,1,0
itch.io,0,0,0,0,0,0,0,0,0,1,0,1,1,0,1,0,0
zillow.com,0,0,0,0,0,0,0,0,0,1,0,1,1,0,1,0,0
cursor.sh,0,0,0,0,0,0,0,0,0,1,0,1,0,0,1,0,0
google.co.uk,0,0,0,0,0,0,0,0,1,1,1,1,1,0,1,0,0
stripchat.com,0,0,0,0,0,0,1,0,0,1,0,1,1,1,1,1,0
bidr.io,0,0,0,0,0,0,0,0,1,1,1,1,1,1,1,1,0
python.org,0,0,0,0,0,0,0,0,0,1,0,1,1,0,1,0,0
imrworldwide.com,0,0,0,0,0,0,0,0,1,1,1,1,1,1,1,1,0
wpguardian.com,0,0,0,0,0,0,0,0,0,1,0,0,0,0,1,0,0
shopee.co.id,0,0,0,0,0,0,0,0,0,1,1,1,0,0,1,0,0
bestbuy.com,0,0,0,0,0,0,0,0,0,1,0,1,1,1,1,1,0
abovedomains.com,0,0,0,0,0,0,0,0,0,1,0,0,1,0,1,0,0
safebrowsing.apple,0,0,0,0,0,0,0,0,1,1,1,1,1,1,1,1,0
lijit.com,0,0,0,0,0,0,1,0,0,1,0,1,1,0,1,0,0
wattpad.com,0,0,0,0,0,0,0,0,0,1,0,1,1,1,1,1,0
curseforge.com,0,0,0,0,0,0,0,0,0,1,0,1,1,0,1,0,0
criteo.net,0,0,0,0,0,0,0,0,1,1,1,1,1,1,1,1,0
steamstatic.com,0,0,0,0,0,0,0,0,1,1,1,1,1,1,1,1,0
grammarly.io,0,0,0,0,0,0,0,0,1,1,1,1,1,1,1,1,0
mediafire.com,0,0,0,0,0,0,0,0,0,1,0,1,0,0,1,0,0
sedo.com,0,0,0,0,0,0,0,0,0,1,0,1,1,0,1,0,0
homedepot.com,0,0,0,0,0,0,1,0,0,1,0,1,1,0,1,0,0
bild.de,0,0,0,0,0,0,0,0,0,1,1,1,1,0,1,0,0
gumgum.com,0,0,0,0,0,0,0,0,0,1,0,1,1,0,1,0,0
bugsnag.com,0,0,0,0,0,0,0,0,0,1,0,1,0,0,1,0,0
ted.com,0,0,0,0,0,0,0,0,0,1,0,0,1,0,1,0,0
box.com,0,0,0,0,0,0,1,0,0,1,0,0,0,0,1,0,0
nmrodam.com,0,0,0,0,0,0,0,0,1,1,1,1,1,1,1,1,0
fda.gov,0,0,0,0,0,0,0,0,0,1,0,1,1,0,1,0,0
airbnb.com,0,0,0,0,0,0,0,0,0,1,0,1,1,0,1,0,0
allaboutcookies.org,0,0,0,0,0,0,0,0,0,1,0,1,1,0,1,0,0
ad-tech.ru,0,0,0,0,0,0,0,1,0,1,0,0,1,1,1,1,0
expedia.com,0,0,0,0,0,0,0,0,0,1,0,0,1,0,1,0,0
appcenter.ms,0,0,0,0,0,0,0,0,0,1,0,0,1,0,1,0,0
h264.io,0,0,0,0,0,0,0,0,1,1,1,1,1,1,1,1,0
ovscdns.com,0,0,0,0,0,0,0,0,1,1,1,1,1,1,1,1,0
nikkei.com,0,0,0,0,0,0,0,0,0,1,0,1,1,0,1,0,0
singular.net,0,0,0,0,0,0,0,0,0,1,0,1,1,0,1,0,0
ddnss.de,0,0,0,0,0,0,0,0,1,1,1,1,1,1,1,1,0
crwdcntrl.net,0,0,0,0,0,0,0,0,0,1,0,1,1,1,1,1,0
bitdefender.net,0,0,0,0,0,0,0,0,0,1,0,0,0,0,1,0,0
fiverr.com,0,0,0,0,0,0,0,0,0,1,0,0,1,0,1,0,0
adjust.com,0,0,0,0,0,0,1,0,0,1,0,0,1,0,1,0,0
wcdnga.com,0,0,0,0,0,0,0,0,1,1,1,1,1,1,1,1,0
visma.com,0,0,0,0,0,0,0,0,0,1,0,1,0,0,1,0,0
herokudns.com,0,0,0,0,0,0,0,0,1,1,1,1,1,1,1,1,0
mobolize.com,0,0,0,0,0,0,0,0,0,1,0,1,1,0,1,0,0
mercadolivre.com.br,0,0,0,0,0,0,0,0,0,1,0,1,1,0,1,0,0
usgovcloudapi.net,0,0,0,0,0,0,0,0,1,1,1,1,1,1,1,1,0
shopeemobile.com,0,0,0,0,0,0,0,0,0,1,0,1,1,1,1,1,0
apnews.com,0,0,0,0,0,0,0,0,0,1,0,1,1,0,1,0,0
liadm.com,0,0,0,0,0,0,0,0,1,1,1,1,1,1,1,1,0
orderbox-dns.com,0,0,0,0,0,0,0,1,1,1,1,1,1,1,1,1,0
sc-cdn.net,0,0,0,0,0,0,0,1,1,1,1,1,1,1,1,1,0
adform.net,0,0,0,0,0,0,0,0,0,1,0,1,1,0,1,0,0
welt.de,0,0,0,0,0,0,0,0,0,1,1,1,1,0,1,0,0
porkbun.com,0,0,0,0,0,0,0,0,0,1,0,1,1,0,1,0,0
networkadvertising.org,0,0,0,0,0,0,0,0,0,1,0,0,1,0,1,0,0
mckinsey.com,0,0,0,0,0,0,0,0,0,1,0,1,1,1,1,1,0
wb.ru,0,0,0,0,0,0,0,0,0,1,0,1,1,0,1,0,0
rt.ru,0,0,0,0,0,0,0,0,0,1,0,0,1,0,1,0,0
people.com,0,0,0,0,0,0,0,0,0,1,0,1,1,0,1,0,0
meta.com,0,0,0,0,0,0,0,0,0,1,0,1,1,0,1,0,0
recaptcha.net,0,0,0,0,0,0,0,0,0,1,0,0,1,0,1,0,0
google.com.br,0,0,0,0,0,0,0,0,0,1,0,1,1,0,1,0,0
zoho.com,0,0,0,0,0,0,0,0,0,1,0,1,1,0,1,0,0
no-ip.com,0,0,0,0,0,0,0,1,0,1,0,1,0,0,1,0,0
craigslist.org,0,0,0,0,0,0,0,0,0,1,0,1,0,0,1,1,0
mixpanel.com,0,0,0,0,0,0,0,0,0,1,0,1,1,0,1,0,0
ozone.ru,0,0,0,0,0,0,0,0,0,1,0,0,1,1,1,1,0
rakuten.com,0,0,0,0,0,0,0,0,0,1,0,1,1,0,1,0,0
daum.net,0,0,0,0,0,0,0,0,0,1,0,0,1,0,1,0,0
disneyplus.com,0,0,0,0,0,0,0,0,0,1,0,1,0,0,1,0,0
academia.edu,0,0,0,0,0,0,0,0,0,1,0,1,1,0,1,0,0
erome.com,0,0,0,0,0,0,0,0,0,1,0,1,1,1,1,1,0
teads.tv,0,0,0,0,0,0,0,0,0,1,0,1,1,0,1,0,0
a-mo.net,0,0,0,0,0,0,0,1,0,1,0,1,1,0,1,0,0
akamaitech.net,0,0,0,0,0,0,0,0,1,1,1,1,1,1,1,1,0
unpkg.com,0,0,0,0,0,0,0,0,0,1,0,0,1,0,1,0,0
prnewswire.com,0,0,0,0,0,0,0,0,0,1,0,1,1,0,1,0,0
moloco.com,0,0,0,0,0,0,0,0,0,1,0,1,0,0,1,0,0
discordapp.com,0,0,0,0,0,0,0,0,0,1,0,0,1,0,1,0,0
33across.com,0,0,0,0,0,0,0,0,0,1,0,0,1,0,1,0,0
xbox.com,0,0,0,0,0,0,1,0,0,1,0,0,1,0,1,0,0
queniuaa.com,0,0,0,0,0,0,0,0,1,1,1,1,1,1,1,1,0
cloudsink.net,0,0,0,0,0,0,0,0,1,1,1,1,1,1,1,1,0
zpath.net,0,0,0,0,0,0,0,0,1,1,1,1,1,1,1,1,0
vivo.com.cn,0,0,0,0,0,0,0,0,0,1,0,1,1,0,1,0,0
blackberry.com,0,0,0,0,0,0,0,0,0,1,0,0,1,0,1,1,0
turn.com,0,0,0,0,0,0,0,0,1,1,1,1,1,1,1,1,0
usps.com,0,0,0,0,0,0,0,0,0,1,0,1,0,0,1,0,0
deepl.com,0,0,0,0,0,0,0,0,0,1,0,1,1,0,1,0,0
lefigaro.fr,0,0,0,0,0,0,0,0,0,1,0,0,0,0,1,0,0
buydomains.com,0,0,0,0,0,0,0,0,0,1,0,1,1,1,1,1,0
focus.de,0,0,0,0,0,0,0,0,0,1,1,1,0,0,1,0,0
theverge.com,0,0,0,0,0,0,0,0,0,1,0,0,1,0,1,0,0
me.com,0,0,0,0,0,0,0,0,0,1,0,1,1,0,1,0,0
goskope.com,0,0,0,0,0,0,0,0,1,1,1,1,1,1,1,1,0
lgtvcommon.com,0,0,0,0,0,0,0,0,1,1,1,1,1,1,1,1,0
a-msedge.net,0,0,0,0,0,0,0,1,1,1,1,1,1,1,1,1,0
liftoff.io,0,0,0,0,0,0,0,0,0,1,0,0,1,0,1,0,0
scdn.co,0,0,0,0,0,0,0,0,1,1,1,1,1,1,1,1,0
keenetic.io,0,0,0,0,0,0,0,0,1,1,1,1,1,1,1,1,0
livejournal.com,0,0,0,0,0,0,0,0,0,1,0,1,1,0,1,0,0
zoom.com,0,0,0,0,0,0,0,0,0,1,0,1,0,0,1,0,0
odoo.com,0,0,0,0,0,0,0,0,0,1,0,1,1,0,1,0,0
auvik.com,0,0,0,0,0,0,0,0,0,1,0,0,1,0,1,0,0
onlyfans.com,0,0,0,0,0,0,0,0,0,1,0,1,1,0,1,0,0
usda.gov,0,0,0,0,0,0,0,0,0,1,0,1,1,0,1,0,0
washington.edu,0,0,0,0,0,0,0,0,0,1,0,1,0,0,1,0,0
amazon.com.br,0,0,0,0,0,0,0,0,0,1,0,0,1,0,1,0,0
discogs.com,0,0,0,0,0,0,0,0,0,1,0,1,1,0,1,0,0
hbr.org,0,0,0,0,0,0,0,0,0,1,0,1,1,0,1,0,0
agoda.com,0,0,0,0,0,0,0,0,0,1,0,1,1,0,1,0,0
it.com,0,0,0,0,0,0,1,0,0,1,0,1,1,0,1,0,0
att.net,0,0,0,0,0,0,0,0,0,1,0,0,1,0,1,1,0
ebay.co.uk,0,0,0,0,0,0,0,0,1,1,1,1,1,0,1,0,0
onetag-sys.com,0,0,0,0,0,0,0,1,0,1,0,1,1,0,1,0,0
adgrx.com,0,0,0,0,0,0,1,0,1,1,1,1,1,1,1,1,0
amazon.com.au,0,0,0,0,0,0,0,0,0,1,1,1,1,0,1,0,0
lg.com,0,0,0,0,0,0,0,0,0,1,0,1,1,0,1,0,0
appspot.com,0,0,0,0,0,0,1,0,0,1,0,0,1,0,1,1,0
figma.com,0,0,0,0,0,0,0,0,0,1,0,1,1,0,1,0,0
nbcnews.com,0,0,0,0,0,0,0,0,0,1,0,1,1,0,1,0,0
jetbrains.com,0,0,0,0,0,0,0,0,0,1,0,1,0,0,1,0,0
yellowblue.io,0,0,0,0,0,0,0,0,1,1,1,1,1,1,1,1,0
xvideos.com,0,0,0,0,0,0,0,0,0,1,0,1,1,1,1,1,0
chess.com,0,0,0,0,0,0,0,0,0,1,0,1,1,0,1,0,0
fbsbx.com,0,0,0,0,0,0,1,0,0,1,0,1,1,0,1,0,0
disqus.com,0,0,0,0,0,0,0,0,0,1,0,0,0,0,1,0,0
t-s1-msedge.net,0,0,0,0,0,0,0,1,1,1,1,1,1,1,1,1,0
ebay.de,0,0,0,0,0,0,0,0,0,1,1,1,1,0,1,0,0
azure-devices.net,0,0,0,0,0,0,0,1,1,1,1,1,1,1,1,1,0
mayoclinic.org,0,0,0,0,0,0,0,0,0,1,0,1,1,0,1,0,0
frontiersin.org,0,0,0,0,0,0,0,0,0,1,0,0,0,0,1,0,0
spotifycdn.com,0,0,0,0,0,0,0,0,1,1,1,1,1,1,1,1,0
synology.com,0,0,0,0,0,0,0,0,0,1,0,1,1,0,1,0,0
pexels.com,0,0,0,0,0,0,0,0,0,1,0,1,1,0,1,0,0
ssl-images-amazon.com,0,0,0,0,0,0,0,1,1,1,1,1,1,1,1,1,0
princeton.edu,0,0,0,0,0,0,0,0,0,1,0,1,1,0,1,0,0
gov.br,0,0,0,0,0,0,0,0,0,0,1,1,0,0,1,0,0
biblegateway.com,0,0,0,0,0,0,0,0,0,1,0,1,1,0,1,0,0
usercontent.goog,0,0,0,0,0,0,0,0,0,1,1,1,1,0,1,0,0
arcgis.com,0,0,0,0,0,0,0,0,0,1,0,1,1,0,1,0,0
hilton.com,0,0,0,0,0,0,0,0,0,1,0,0,1,1,1,1,0
life360.com,0,0,0,0,0,0,0,0,0,1,0,0,1,0,1,0,0
ryanair.com,0,0,0,0,0,0,0,0,0,1,0,1,1,0,1,0,0
msftauth.net,0,0,0,0,0,0,0,0,1,1,1,1,1,1,1,1,0
readthedocs.io,0,0,0,0,0,0,0,0,0,1,0,1,1,0,1,1,0
dbankcloud.ru,0,0,0,0,0,0,0,0,1,1,1,1,1,1,1,1,0
worldbank.org,0,0,0,0,0,0,0,0,0,1,0,1,1,0,1,0,0
wyzecam.com,0,0,0,0,0,0,0,0,0,1,0,1,1,0,1,0,0
ys7.com,0,0,0,0,0,0,0,0,0,1,0,1,1,0,1,0,0
kleinanzeigen.de,0,0,0,0,0,0,0,0,0,1,1,1,1,0,1,0,0
bankofamerica.com,0,0,0,0,0,0,0,0,0,1,0,0,1,0,1,0,0
pornhub.com,0,0,0,0,0,0,0,0,0,1,0,1,1,1,1,1,0
herokuapp.com,0,0,0,0,0,0,0,0,0,1,0,1,1,1,1,1,0
agora.io,0,0,0,0,0,0,0,0,0,1,0,1,0,0,1,0,0
dv.tech,0,0,0,0,0,0,0,0,0,1,0,1,1,1,1,1,0
coupang.com,0,0,0,0,0,0,0,0,0,1,0,1,1,0,1,0,0
nintendo.net,0,0,0,0,0,0,0,0,1,1,1,1,1,1,1,1,0
latimes.com,0,0,0,0,0,0,0,0,0,1,0,1,1,0,1,0,0
360safe.com,0,0,0,0,0,0,0,0,0,1,0,1,1,1,1,1,0
pendo.io,0,0,0,0,0,0,0,0,0,1,0,1,0,0,1,0,0
qualtrics.com,0,0,0,0,0,0,0,0,0,1,0,1,0,0,1,0,0
lwsdns.com,0,0,0,0,0,0,0,0,0,1,0,0,1,0,1,0,0
samsungiotcloud.com,0,0,0,0,0,0,0,0,1,1,1,1,1,1,1,1,0
tiktokw.us,0,0,0,0,0,0,0,0,1,1,1,1,1,1,1,1,0
dnse0.com,0,0,0,0,0,0,0,0,1,1,1,1,1,1,1,1,0
eu-1-id5-sync.com,0,0,0,0,0,0,0,1,0,1,0,1,1,1,1,1,0
fwmrm.net,0,0,0,0,0,0,0,0,0,1,0,1,1,0,1,0,0
starlink.com,0,0,0,0,0,0,0,0,0,1,0,1,1,0,1,0,0
samsungosp.com,0,0,0,0,0,0,0,0,1,1,1,1,1,1,1,1,0
paramountplus.com,0,0,0,0,0,0,0,0,0,1,0,0,1,0,1,0,0
seedtag.com,0,0,0,0,0,0,0,0,0,1,0,1,1,0,1,0,0
epa.gov,0,0,0,0,0,0,0,0,0,1,0,1,0,0,1,0,0
aiv-delivery.net,0,0,0,0,0,0,0,1,1,1,1,1,1,1,1,1,0
smartthings.com,0,0,0,0,0,0,0,0,0,1,0,1,1,0,1,0,0
go-mpulse.net,0,0,0,0,0,0,0,1,1,1,1,1,1,1,1,1,0
flashtalking.com,0,0,0,0,0,0,0,0,0,1,0,0,1,1,1,1,0
epam.com,0,0,0,0,0,0,0,0,0,1,0,1,1,0,1,0,0
playrix.com,0,0,0,0,0,0,1,0,0,1,0,1,0,0,1,0,0
deloitte.com,0,0,0,0,0,0,0,0,0,1,0,1,1,0,1,0,0
docker.io,0,0,0,0,0,0,0,0,0,1,0,0,0,0,1,0,0
tbank.ru,0,0,0,0,0,0,0,0,0,1,0,0,1,0,1,0,0
one.com,0,0,0,0,0,0,0,0,0,1,0,1,1,0,1,0,0
webmd.com,0,0,0,0,0,0,0,0,0,1,0,1,1,0,1,0,0
zenecn.net,0,0,0,0,0,0,0,0,1,1,1,1,1,1,1,1,0
miwifi.com,0,0,0,0,0,0,0,0,0,1,0,0,1,1,1,1,0
youku.com,0,0,0,0,0,0,0,0,0,1,0,0,1,1,1,1,0
pccc.com,0,0,0,0,0,0,0,0,0,1,0,0,1,0,1,0,0
volcgslb.com,0,0,0,0,0,0,0,0,1,1,1,1,1,1,1,1,0
sentinelone.net,0,0,0,0,0,0,0,0,0,1,0,1,1,1,1,1,0
bytefcdn.com,0,0,0,0,0,0,0,0,1,1,1,1,1,1,1,1,0
state.gov,0,0,0,0,0,0,0,0,0,1,0,1,1,0,1,0,0
lowes.com,0,0,0,0,0,0,0,0,0,1,0,1,1,0,1,0,0
mailchi.mp,0,0,0,0,0,0,0,0,1,1,1,1,1,0,1,0,0
eporner.com,0,0,0,0,0,0,0,0,0,1,0,1,1,1,1,1,0
netlify.app,0,0,0,0,0,0,0,0,0,1,1,1,0,0,1,0,0
magnit.ru,0,0,0,0,0,0,0,0,0,1,0,0,1,0,1,0,0
character.ai,0,0,0,0,0,0,0,0,0,1,0,1,1,0,1,0,0
opera-api2.com,0,0,0,0,0,0,0,1,0,1,0,0,1,1,1,1,0
investopedia.com,0,0,0,0,0,0,0,0,0,1,0,1,1,0,1,0,0
leiniao.com,0,0,0,0,0,0,0,0,0,1,0,1,1,1,1,1,0
mercadolibre.com.ar,0,0,0,0,0,0,0,0,0,1,0,1,1,0,1,0,0
kunluncan.com,0,0,0,0,0,0,0,0,0,1,0,1,1,1,1,1,0
immedia-semi.com,0,0,0,0,0,0,0,1,1,1,1,1,1,1,1,1,0
tailscale.com,0,0,0,0,0,0,0,0,0,1,0,1,1,0,1,0,0
hm.com,0,0,0,0,0,0,0,0,0,1,0,1,1,0,1,0,0
ubnt.com,0,0,0,0,0,0,1,0,0,1,0,1,1,0,1,0,0
change.org,0,0,0,0,0,0,0,0,0,1,0,1,1,0,1,0,0
repubblica.it,0,0,0,0,0,0,0,0,0,1,0,0,1,0,1,0,0
internetwarriors.net,0,0,0,0,0,0,0,0,0,1,0,0,1,0,1,0,0
ubi.com,0,0,0,0,0,0,0,0,0,1,0,1,1,0,1,1,0
note.com,0,0,0,0,0,0,0,0,0,1,0,1,1,0,1,0,0
jd.com,0,0,0,0,0,0,0,0,0,1,0,1,1,0,1,0,0
webhostbox.net,0,0,0,0,0,0,0,0,1,1,1,1,1,1,1,1,0
onet.pl,0,0,0,0,0,0,0,0,0,1,0,0,1,1,1,1,0
fidelity.com,0,0,0,0,0,0,0,0,0,1,0,1,1,0,1,0,0
thenai.org,0,0,0,0,0,0,0,0,0,1,0,1,1,0,1,0,0
ancestry.com,0,0,0,0,0,0,0,0,0,1,0,1,1,0,1,0,0
ln-msedge.net,0,0,0,0,0,0,0,1,1,1,1,1,1,1,1,1,0
dnse2.com,0,0,0,0,0,0,0,0,1,1,1,1,1,1,1,1,0
nexusmods.com,0,0,0,0,0,0,0,0,0,1,0,1,1,0,1,0,0
tsyndicate.com,0,0,0,0,0,0,0,0,0,1,0,1,1,0,1,0,0
corriere.it,0,0,0,0,0,0,0,0,0,1,0,1,1,0,1,0,0
xhamster46.desi,0,0,0,0,0,0,0,0,1,1,1,1,1,0,1,0,0
healthline.com,0,0,0,0,0,0,0,0,0,1,0,1,0,0,1,0,0
t-mobile.com,0,0,0,0,0,0,0,1,0,1,0,0,1,1,1,1,0
4dex.io,0,0,0,0,0,0,0,0,1,1,1,1,1,1,1,1,0
nationalgeographic.com,0,0,0,0,0,0,0,0,0,1,0,1,1,0,1,0,0
tplinknbu.com,0,0,0,0,0,0,0,0,1,1,1,1,1,1,1,1,0
xerox.com,0,0,0,0,0,0,1,0,0,1,0,0,0,0,1,0,0
weforum.org,0,0,0,0,0,0,0,0,0,1,0,0,1,0,1,0,0
xnxx.com,0,0,0,0,0,0,1,0,0,1,0,1,1,1,1,1,0
btloader.com,0,0,0,0,0,0,0,0,0,1,0,1,1,0,1,0,0
segment.io,0,0,0,0,0,0,0,0,0,1,0,1,0,0,1,0,0
otto.de,0,0,0,0,0,0,0,0,0,1,1,1,1,0,1,0,0
sofascore.com,0,0,0,0,0,0,0,0,0,1,0,1,1,0,1,0,0
transsion-os.com,0,0,0,0,0,0,0,1,1,1,1,1,1,1,1,1,0
pixiv.net,0,0,0,0,0,0,0,0,0,1,0,1,0,0,1,0,0
stbid.ru,0,0,0,0,0,0,0,0,0,1,0,0,1,1,1,1,0
ddns.net,0,0,0,0,0,0,0,0,0,1,0,1,1,1,1,1,0
presage.io,0,0,0,0,0,0,0,0,0,1,0,1,1,1,1,1,0
kwai.com,0,0,0,0,0,0,0,0,0,1,0,1,1,1,1,1,0
mybluehost.me,0,0,0,0,0,0,0,0,0,1,0,1,1,1,1,1,0
cdn-vk.ru,0,0,0,0,0,0,0,1,1,1,1,1,1,1,1,1,0
bytefcdn-ttpus.com,0,0,0,0,0,0,0,1,1,1,1,1,1,1,1,1,0
elmundo.es,0,0,0,0,0,0,0,0,0,1,1,1,1,0,1,0,0
xhcdn.com,0,0,0,0,0,0,0,0,0,1,0,1,1,0,1,0,0
opera-api.com,0,0,0,0,0,0,0,1,0,1,0,1,1,1,1,1,0
bol.com,0,0,0,0,0,0,0,0,0,1,0,0,1,1,1,1,0
app-ads-services.com,0,0,0,0,0,0,0,1,0,1,0,0,1,0,1,0,0
nextlgsdp.com,0,0,0,0,0,0,0,0,1,1,1,1,1,1,1,1,0
trendyol.com,0,0,0,0,0,0,0,0,0,1,0,1,1,0,1,0,0
faphouse.com,0,0,0,0,0,0,0,0,0,1,0,1,1,1,1,1,0
binance.com,0,0,0,0,0,0,0,0,0,1,0,1,1,0,1,0,0
b-msedge.net,0,0,0,0,0,0,0,1,1,1,1,1,1,1,1,1,0
amagi.tv,0,0,0,0,0,0,0,0,0,1,0,1,1,1,1,1,0
onesignal.com,0,0,0,0,0,0,0,0,0,1,0,1,0,0,1,0,0
ox.ac.uk,0,0,0,0,0,0,0,0,1,1,1,1,1,0,1,0,0
flipkart.com,0,0,0,0,0,0,1,0,0,1,0,1,1,0,1,0,0
heytapmobi.com,0,0,0,0,0,0,0,0,0,1,0,1,0,0,1,0,0
tiktokpangle.us,0,0,0,0,0,0,0,0,1,1,1,1,1,1,1,1,0
umich.edu,0,0,0,0,0,0,0,0,0,1,0,1,1,0,1,0,0
theatlantic.com,0,0,0,0,0,0,0,0,0,1,0,1,1,0,1,0,0
xing.com,0,0,0,0,0,0,0,0,0,1,0,1,1,0,1,0,0
whitehouse.gov,0,0,0,0,0,0,0,0,0,1,0,1,0,0,1,0,0
ltwebstatic.com,0,0,0,0,0,0,0,0,0,1,0,1,1,0,1,0,0
freepik.com,0,0,0,0,0,0,0,0,0,1,0,1,1,0,1,0,0
flightradar24.com,0,0,0,0,0,0,0,0,0,1,0,0,1,0,1,0,0
kwcdn.com,0,0,0,0,0,0,0,0,1,1,1,1,1,1,1,1,0
youronlinechoices.com,0,0,0,0,0,0,0,0,0,1,0,0,1,0,1,0,0
ecosia.org,0,0,0,0,0,0,0,0,0,1,0,1,1,0,1,0,0
cdnhwc2.com,0,0,0,0,0,0,0,0,1,1,1,1,1,1,1,1,0
nextcloud.com,0,0,0,0,0,0,0,0,0,1,0,0,1,0,1,0,0
eu.com,0,0,0,0,0,0,0,0,1,1,1,1,1,1,1,1,0
costco.com,0,0,0,0,0,0,0,0,0,1,0,1,1,0,1,0,0
letterboxd.com,0,0,0,0,0,0,0,0,0,1,0,1,1,0,1,0,0
spamhaus.org,0,0,0,0,0,0,0,0,0,1,0,1,0,0,1,0,0
vk-analytics.ru,0,0,0,0,0,0,0,1,1,1,1,1,1,1,1,1,0
columbia.edu,0,0,0,0,0,0,0,0,0,1,0,1,1,0,1,0,0
docomo.ne.jp,0,0,0,0,0,0,0,0,0,1,1,1,1,0,1,0,0
interia.pl,0,0,0,0,0,0,0,0,0,1,0,1,0,0,1,0,0
infobae.com,0,0,0,0,0,0,0,0,0,1,0,1,0,0,1,0,0
