URL,Domain
http://1337x.to/torrent/1154311/Battle-For-Skyark-2015-English-Movies-DVDRip-XviD-AAC-with-Sample-rDX/,1337x.to
http://189.cn/dqmh/userCenter/myOrderInfoList.do?method=listMyOrderInfo_new&isVs=no,189.cn
http://2gis.ru/moscow/search/%D0%93%D0%BE%D1%81%D1%82%D0%B8%D0%BD%D0%B8%D1%86%D1%8B/zoom/11,2gis.ru
https://500px.com/photo/13311139/rojo-pasi%C3%B3n-4-by-dragox-photo-?from=set&set_id=386725,500px.com
http://9gag.tv/p/a9arrN/watching-these-guys-try-to-pick-up-girls-while-high-on-shrooms-will-make-you-lau,9gag.tv
http://abc.go.com/shows/shows/movies-and-specials/%20http:/abc.go.com/shows/once-upon-a-time/episode-guide/season-04/,abc.go.com
http://abcnews.go.com/US/wireStory/regulators-delays-georgia-nuclear-plant-31020059,abcnews.go.com
http://adultfriendfinder.com/css/live_cd/ffadult/english/0/font_face-1427390957.css,adultfriendfinder.com
https://ahrefs.com/content-explorer/overview/v3/table/all/all/200/publish_time_desc,ahrefs.com
http://akhbarelyom.com/news/newdetails/411409/1/%D8%AA%D9%86%D9%81%D9%8A%D8%B0-36-%D9%82%D8%B1%D8%A7.html,akhbarelyom.com
http://alfalfalfa.com/tag/%E3%82%B8%E3%83%A7%E3%82%B8%E3%83%A7%E3%81%AE%E5%A5%87%E5%A6%99%E3%81%AA%E5%86%92%E9%99%BA,alfalfalfa.com
http://aljazeera.net/festival/2013/12/10/%D8%B9%D9%86-%D8%A7%D9%84%D9%85%D9%87%D8%B1%D8%AC%D8%A7%D9%86,aljazeera.net
http://all-free-download.com/free-vector/download/festive_background_with_three_disco_balls_and_glares_312632.html,all-free-download.com
http://allegro.pl/listing/listing.php?id=10&order=m&string=%7Bstring%7D&bmatch=seng-ps-mp-p-sm-isqm-2-e-0402,allegro.pl
http://allrecipes.com/Recipe/To-Die-For-Blueberry-Muffins/Detail.aspx?evt19=1&referringHubId=1,allrecipes.com
http://alohatube.com/ktm/view.cgi?i=1141785844&u=http://xhamster.com/movies/4178584/teen_rimming_and_plays_with_ass.html,alohatube.com
http://alwafd.org/ad/www/delivery/avw.php?zoneid=2&cb=INSERT_RANDOM_NUMBER_HERE&n=a6fb58b4,alwafd.org
http://ameblo.jp/summary/keyword/%E3%82%A2%E3%82%B8%E3%82%A2%E5%A4%AA%E5%B9%B3%E6%B4%8B,ameblo.jp
http://amoory.com/touch?t=The+advertising+blocks+the+buttons+I+need+for+using+the+website,amoory.com
http://anandtech.com/show/6830/cpu-air-cooler-roundup-six-coolers-from-noctua-silverstone-and-cooler-master,anandtech.com
http://anysex.com/albums/172/malvika-adhikari-presents-hot-babes-in-chennai-escorts/,anysex.com
http://ap.org/Content/Press-Release/2013/AP-to-showcase-images-of-daily-life-worldwide-at-Tokyo-gallery,ap.org
https://archive.org/search.php?query=mediatype:texts&sort=-publicdate&and[]=subject%3A%22argentina%22,archive.org
http://archiveofourown.org/tags/kagami%20is%20rlly%20nice%20but%20wants%20to%20punch%20aomine%20in%20the%20face/works,archiveofourown.org
http://arstechnica.com/cars/2015/04/chevrolets-autonomous-electric-concept-car-has-a-swivel-chair-drivers-seat/?comments=1,arstechnica.com
https://asana.com/guide/videos/%22//fast.wistia.net/embed/iframe/nfi3dx4h43?plugin%5Bchapters%5D%5Bch_1_title%5D=Intro%3A%20Workspace%20or%20Organization%3F&plugin%5Bchapters%5D%5Bch_1_time%5D=15&plugin%5Bchapters%5D%5Bch_2_title%5D=My%20Tasks%20and%20Inbox&plugin%5Bchapters%5D%5Bch_2_time%5D=63&plugin%5Bchapters%5D%5Bch_3_title%5D=Today%2C%20Upcoming%2C%20and%20Later&plugin%5Bchapters%5D%5Bch_3_time%5D=96&plugin%5Bchapters%5D%5Bch_4_title%5D=Inbox&plugin%5Bchapters%5D%5Bch_4_time%5D=112&plugin%5Bchapters%5D%5Bch_5_title%5D=Turn%20off%20activity%20Emails&plugin%5Bchapters%5D%5Bch_5_time%5D=145&plugin%5Bchapters%5D%5Bch_6_title%5D=Hierarchy%20in%20Asana&plugin%5Bchapters%5D%5Bch_6_time%5D=165&plugin%5Bchapters%5D%5Bch_7_title%5D=Sections&plugin%5Bchapters%5D%5Bch_7_time%5D=220&plugin%5Bchapters%5D%5Bch_8_title%5D=Account%20Settings&plugin%5Bchapters%5D%5Bch_8_time%5D=256&plugin%5Bchapters%5D%5Bch_9_title%5D=Team%20Membership&plugin%5Bchapters%5D%5Bch_9_time%5D=282&plugin%5Bchapters%5D%5Bch_10_title%5D=Members%20vs.%20Guests&plugin%5Bchapters%5D%5Bch_10_time%5D=320&plugin%5Bchapters%5D%5Bch_11_title%5D=Inviting%20Guests&plugin%5Bchapters%5D%5Bch_11_time%5D=407&plugin%5Bchapters%5D%5Bch_12_title%5D=Project%20Options&plugin%5Bchapters%5D%5Bch_12_time%5D=505&plugin%5Bchapters%5D%5Bch_13_title%5D=Project%20Sort%20Views&plugin%5Bchapters%5D%5Bch_13_time%5D=612&plugin%5Bchapters%5D%5Bch_14_title%5D=Task%20Pane%20Options&plugin%5Bchapters%5D%5Bch_14_time%5D=661&plugin%5Bchapters%5D%5Bch_15_title%5D=Followers%20and%20Notifications&plugin%5Bchapters%5D%5Bch_15_time%5D=784&plugin%5Bchapters%5D%5Bch_16_title%5D=Specific%20Features%3A%20Hypertext&plugin%5Bchapters%5D%5Bch_16_time%5D=821&plugin%5Bchapters%5D%5Bch_17_title%5D=Multi-Home%20Tasks&plugin%5Bchapters%5D%5Bch_17_time%5D=958&plugin%5Bchapters%5D%5Bch_18_title%5D=Search%20Views&plugin%5Bchapters%5D%5Bch_18_time%5D=1089&plugin%5Bchapters%5D%5Bch_19_title%5D=Batch%20Actions%20&plugin%5Bchapters%5D%5Bch_19_time%5D=1231&plugin%5Bchapters%5D%5Bch_20_title%5D=Keyboard%20Shortcuts&plugin%5Bchapters%5D%5Bch_20,asana.com
http://askubuntu.com/questions/521465/how-can-i-repeat-the-content-of-a-file-n-times,askubuntu.com
http://atwiki.jp/wiki/%E3%83%9D%E3%82%B1%E3%83%A2%E3%83%B3%20%E3%83%8B%E3%83%83%E3%82%AF%E3%83%8D%E3%83%BC%E3%83%A0%20%E3%83%86%E3%83%83%E3%82%AB%E3%83%8B%E3%83%B3,atwiki.jp
http://aucfan.com/search1/q-~a5aaa1bca5b9a5c8a5eaa5c3a5c120a5d0a5c3a5b020a5ada5e3a5e1a5eb/s-mix/,aucfan.com
http://auto.ru/cars/bmw/5er/all/?search%5Bstate%5D=1&search%5Bperiod%5D=0&search%5Bcustom%5D=1&search%5Bsection_id%5D=0&search%5Bmark%5D%5B0%5D=30&search%5Bmark-folder%5D%5B0%5D=30-384_2792,auto.ru
http://avxhome.se/software/software_type/multimedia/Mixing_Multitracking/AMixCraft.7.1.272.html,avxhome.se
http://b9dm.com/index.php/video/index.php/video/show/cid/56/order/video/index.php/video/show/cid/56/order/video/show,b9dm.com
http://babal.net/women/view/66/%D8%B7%D8%B1%D9%8A%D9%82%D8%A9-%D8%B9%D9%85%D9%84-%D8%B3%D9%84%D8%B7%D8%A9-%D8%A7%D9%84%D8%B0%D8%B1%D8%A9,babal.net
https://bandcamp.com/EmbeddedPlayer/album=1671405386/size=large/bgcol=ffffff/linkcol=0687f5/tracklist=false/artwork=small/transparent=true/,bandcamp.com
http://bankmellat.ir/WebResource.axd?d=YJy3YuSKca2xsU8CX_eVmeHpjiSfw5M4xwGVZLFt489ZCLuGUoHeDg-y5NwdgYXjUM2FJOz-UD7MQe0hM-WpaEoRmTJWe7YesHEdYrbXUpwOruY-fxDjQIpwbEsVOU-LyHhdJCChZ03zGdP9NShuZedojkXE1zbYze2frT_PUnA1&t=635377285820000000,bankmellat.ir
http://bdnews24.com/bangladesh/2015/05/13/bangladesh-displays-military-capabilities-in-qatar-ferocious-falcon-drills,bdnews24.com
http://bestblackhatforum.com/Forum-Support-Centre&datecut=0&sortby=lastpost&order=desc,bestblackhatforum.com
http://bgr.com/2012/08/16/the-bgr-show-grooveshark-ceo-on-empowering-musicians-and-beating-the-labels/,bgr.com
http://bigcinema.tv/tag/%D0%98%D1%80%D0%B8%D0%BD%D0%B0%20%D0%9A%D0%B8%D1%80%D0%B5%D0%B5%D0%B2%D0%B0,bigcinema.tv
https://bitbucket.org/btubbs/trollop/pull-request/9/get-file-name-from-name-attribute-or,bitbucket.org
http://bleacherreport.com/articles/2460699-big-ten-football-ranking-the-top-15-players-heading-into-2015,bleacherreport.com
http://blog.com/themes/page/2/?features%5B0%5D=premium-theme&link_filter=premium&paged=1,blog.com
http://bluegape.com/relationships/sakshee_joshi/10-things-you-should-do-only-with-your-best-friends/video/youtube,bluegape.com
http://bmi.ir/bundles/scripts/jquery?v=wq4aYkXnBCANLJN6pKyWJUyurcuVviPBZFgqzJGmSHQ1,bmi.ir
http://bongda88.info/category/bong-da/bong-da-quoc-te/bong-da-ngoai-hang-anh/page/21/,bongda88.info
https://buffer.com/pablo?utm_source=inapp&utm_medium=footer&utm_campaign=pablosoftlaunchfooter,buffer.com
http://buzzfil.net/article/5515/animaux/la-plus-grosse-araignee-de-la-planete-9.html?href=inner_website,buzzfil.net
http://caixa.gov.br/voce/habitacao/financiamento/aquisicao-imovel-usado/Paginas/default.aspx,caixa.gov.br
http://censor.net.ua/photo_news/334999/tyajelo_ranenyyi_boets_ato_arsen_boyarchuk_nujdaetsya_v_srochnom_lechenii_i_reabilitatsii_volonter_katerina,censor.net.ua
https://chaturbate.com/tipping/spy_on_private_show_tokens_per_minute/fivedollarshake/,chaturbate.com
http://cheezburger.com/70984449/superheroes-alan-more-watchmen-thug-notes?ref=leftarrow&siteId=91,cheezburger.com
http://ck101.com/forum.php?mod=misc&action=recommend&do=subtract&tid=3256546&hash=b5160424,ck101.com
http://clien.net/cs2/bbs/register.php?url=%2Fcs2%2Fbbs%2Fboard.php%3Fbo_table%3Dcm_iphonien,clien.net
http://coccoc.com/vi/news/trinh-duyet-internet-cua-viet-nam-vuot-moc-11-trieu-luot-tai,coccoc.com
http://codecanyon.net/item/phpsfp-schedule-facebook-posts/full_screen_preview/5177393,codecanyon.net
http://codepen.io/potatoDie/blog/rotating-the-canvas-grid-to-draw-symmetrical-figures,codepen.io
http://comicbook.com/blog/2014/07/30/exclusive-guardians-of-the-galaxys-vin-diesel-talks-previous-mar/,comicbook.com
http://conservativetribune.com/civil-rights-leader-sharpton-jackson-are-the-villain/,conservativetribune.com
http://cookpad.com/assets/themes/recipe/large_photo.js?269e24f343c322ba18944b4f13455749,cookpad.com
http://correios.com.br/para-voce/avisos/aumento-do-prazo-de-entrega-do-sedex-e-do-malote,correios.com.br
http://couchtuner.eu.com/2014/01/the-neighbors-s2-e12-fear-and-loving-in-new-jersey.html,couchtuner.eu.com
http://cox.com/ibill/sign-in.cox?onsuccess=https%3A%2F%2Fcox.com%2Fibill%2Fhome.cox&onfailure=http%3A%2F%2Fcox.com%2Fibill%2Fsign-in.cox,cox.com
https://creativemarket.com/benharman/229510-Comic-Parchment-Font-CENSORED/screenshots/,creativemarket.com
https://css-tricks.com/lodge/learn-jquery/01-welcome-to-the-learning-jquery-course/,css-tricks.com
http://dantri.com.vn/dien-dan/thu-tuong-chi-dao-tap-trung-ung-cuu-nan-nhan-vu-sap-ham-thuy-dien-1008871.htm,dantri.com.vn
http://deadspin.com/5941110/rob-gronkowski-dreams-to-one-day-own-his-own-party-bus-and-more,deadspin.com
http://dealnews.com/features/VIDEO-Our-Google-Chromecast-Review-Reveals-Some-Caveats/dealnews/json,dealnews.com
http://delicious.com/save?v=5&noui&jump=close&url='+encodeURIComponent(location.href)+'&title='+encodeURIComponent(document.title),delicious.com
http://depositphotos.com/login.html?url=%2Fsubscribe.html%3FbackURL%255Bpage%255D%3D%252Fstock-vectors.html%26backURL%255Bexclude%255D%255B0%255D%3Dlogin,depositphotos.com
http://digg.com/video/this-video-is-called-portland-and-thats-exactly-whats-happening,digg.com
http://diply.com/diply-news/nail-biting-found-linked-to-perfectionism-not-nerves/104803,diply.com
http://distractify.com/post/related/id/5553577b4a0c4b7e1246c506/skip/10/limit/10/back/0,distractify.com
http://doodle.com/premium?utm_source=doodle&utm_medium=home&utm_campaign=premiumHome,doodle.com
https://dribbble.com/shots/1865158-Step-Pedometer-App-Concept?list=shots&sort=popular&timeframe=now&offset=164,dribbble.com
http://dropbooks.tv/search/index/word:%E3%81%8A%E4%BB%95%E7%BD%AE%E3%81%8D/term:no/page:2,dropbooks.tv
http://duckduckgo.com/locales/en_US/LC_MESSAGES/duckduckgo-duckduckgo+sprintf+gettext+locale-simple.20150511.141452.js,duckduckgo.com
http://ecnavi.jp/redirect/?url=http://px.a8.net/svt/ejp?a8mat=25TJ71+EFRFW2+2RQA+BXIYP&id1=%user_id%,ecnavi.jp
http://eenadu.net/Specialpages/ruchulu/Ruchuluinner.aspx?qry=cakes_bakery13042015-1,eenadu.net
https://eksisozluk.com/?q=15+haziran+2008+t%c3%bcrkiye+%c3%a7ek+cumhuriyeti+ma%c3%a7%c4%b1,eksisozluk.com
http://elcomercio.pe/lima/ciudad/costa-verde-policias-desalojan-tablistas-pampilla-noticia-1807653?ref=portada_lima&ft=mod_click&e=foto,elcomercio.pe
http://elevenia.co.id/product/SellerProductDetail/getSellerProductDetailPostList.do,elevenia.co.id
http://elitedaily.com/life/culture/4-creeper-habits-fall-obsess-exs-new-girl/1010650/,elitedaily.com
http://elwatannews.com/bundles/innerJs?v=-xvoGMg6qEiLxmcRM_bIt_evgVENmDFmxj8laC7Uk381,elwatannews.com
http://emgn.com/tv/watch-this-beautiful-but-eerie-sunken-town-at-lake-resia-will-give-you-the-chills/,emgn.com
http://ero-advertising.com/blog/eroadvertising-launches-secure-api-to-export-stats-data,ero-advertising.com
http://ero-video.net/js/ZeroClipboard.js?sbuf=9adc1cc15bdb0e24e457076f15d16d97e2010ca8,ero-video.net
http://espn.go.com/blog/nflnation/post/_/id/168845/inside-slant-deflategate-marches-on-as-nfl-struggles-with-conflict-resolution,espn.go.com
http://esporte.uol.com.br/futebol/campeonatos/libertadores/ultimas-noticias/2015/05/05/aguirre-nega-problema-no-pubis-de-aranguiz-noticia-de-dois-meses-atras.htm,esporte.uol.com.br
http://europa.eu/about-eu/agencies/regulatory_agencies_bodies/policy_agencies/frontex/index_en.htm,europa.eu
https://evernote.com/intl/de/register?upgrade=plus&itemCode=plus-1year&offer=www_pricing_CTA,evernote.com
http://extratorrent.cc/torrent_download/4188710/Tenorshare+iOS+Data+Recovery+6.5.5.0+%28menin%29.torrent,extratorrent.cc
http://faithtap.com/2987/brother-and-sister-roller-skating-team-perform-on-britains-got-talent/,faithtap.com
http://fanpage.gr/family/gineka/14-%cf%80%ce%b1%ce%bd%ce%ad%ce%be%cf%85%cf%80%ce%bd%ce%b1-%cf%84%cf%81%ce%b9%ce%ba-%ce%b3%ce%b9%ce%b1-%ce%bd%ce%b1-%ce%b4%ce%b9%ce%b1%cf%84%ce%b7%cf%81%ce%b5%ce%af%cf%84%ce%b5-%ce%ba%ce%b1%ce%b9%ce%bd/,fanpage.gr
http://fazenda.gov.br/divulgacao/noticias/2015/janeiro/governo-devera-continuar-a-fazer-ajustes-para-retomar-crescimento-diz-levy-em-davos,fazenda.gov.br
http://fc2.com/careers/ja/index.html?utm_source=fc2com_ja_pc&utm_medium=left_menu_bnr&utm_campaign=v1_ja,fc2.com
https://feedly.com/d/%E2%80%9Dhttps://plus.google.com/+feedly%22/scripts/module.adz.js,feedly.com
http://fetlife.com/support?utm_source=in_house_ad&utm_medium=in_house_ad&utm_campaign=in_house_ad&utm_banner=got_support&pcta=ad&id=viagra,fetlife.com
http://filehippo.com/es/download_camtasia_studio/download/646671bc11a0e388579189c71858e073/,filehippo.com
http://findagrave.com/php/famous.php?page=date&globalSearchCriteria=&globalSearchType=&FSlastinitial=&FSstateid=0&FSctf=0&firstName=&lastName=&FScemeteryid=0&FScityid=0&FScountryid=0&FScountyid=0&FSstartrow=21&FSbirthmonth=5&FSbirthday=14&FSbirthyear=0&FSdeathmonth=0&FSdeathday=0&FSdeathyear=0,findagrave.com
http://fishki.net/video/1531916-sobaka-nauchilas-sheptat.html?pid=1531916&gid=2004668,fishki.net
http://flirchi.com/touch?t=The+advertising+blocks+the+buttons+I+need+for+using+the+website,flirchi.com
http://fortune.com/2015/03/31/the-geek-of-chic-aims-high-as-yoox-merges-with-net-a-porter/,fortune.com
http://fotostrana.ru/app/totem?ref=blink555308831f57dz&from=play.feed.passButton&fromType=1,fotostrana.ru
https://foursquare.com/v/%D1%80%D0%B8%D0%B6%D1%81%D0%BA%D0%B8%D0%B9-%D0%B2%D0%BE%D0%BA%D0%B7%D0%B0%D0%BBrizhsky-rail-terminal/4befa00696edc9b644fb4af2,foursquare.com
http://gawker.com/5983926/heres-a-supercut-of-all-the-dry-mouth-noises-marco-rubio-made-during-last-nights-response,gawker.com
http://genius.com/4352143/Sam-altman-lecture-1-how-to-start-a-startup/Like-being-poor-and-unknown-are-actually-huge-assets-when-it-comes-to-starting-a-startup,genius.com
http://getpocket.com/blog/2014/09/coming-soon-in-ios-8-a-faster-way-to-save-with-pocket-5-6/,getpocket.com
http://gfycat.com/javascript/new_account/common/angular-modal-app/modal-uploads.html,gfycat.com
http://giphy.com/services/oembed/?url=http://media.giphy.com/media/5OYkW05aJezgQ/giphy.gif,giphy.com
http://gizmodo.com/5875439/reddit-is-having-a-blackout-on-18-january-in-protest-against-sopa,gizmodo.com
https://www.gov.uk/government/organisations/civil-service-government-science-engineering,gov.uk
http://grantland.com/hollywood-prospectus/shark-tank-abc-tv-show-business-pitch-america/,grantland.com
http://graphicriver.net/item/2013-new-years-eve-party-flyer/3512530?ref=saltshaker911,graphicriver.net
https://gravatar.com/avatar/ebb8ce8b7b6fde6d20864547dac4d671?d=https%3A%2F%2Fidenticons.github.com%2Fb21abf93ccc1ab70fe86909590b68175.png&r=x,gravatar.com
http://gtbank.com/modules/mod_image_show_gk4/styles/gk_supersized/css/supersized.css,gtbank.com
http://h2porn.com/videos/rui-shiina-looks-dashing-with-her-shaved-pussy-nailed-right/,h2porn.com
http://haberler.com/cumhurbaskani-erdogan-dan-arnavutluk-a-paralel-7307483-haberi-yorumlari/,haberler.com
http://habrahabr.ru/?utm_source=tm_habrahabr&utm_medium=tm_top_panel&utm_campaign=tm_promo,habrahabr.ru
http://haraj.com.sa/users/%D8%A7%D8%A7%D8%A7%D8%A8%D9%88%20%D8%B9%D8%A8%D8%AF%D8%A7%D8%A7%D9%84%D8%B1%D8%AD%D9%85%D9%86,haraj.com.sa
http://hdfcbank.com/htdocs/wholesale/fit/banks/clearing_sub_membership/Clearing_Sub_Membership.htm,hdfcbank.com
http://hihi2.com/category/borussia-dortmund-news?utm_source=hihi2&utm_medium=DeskTopLogo&utm_campaign=BVB,hihi2.com
http://himado.in/?keyword=%E3%81%BE%E3%81%BB%E3%82%89%E3%81%B0%E3%80%9CHeartful+days,himado.in
http://hollywoodlife.com/2010/03/08/oscar-backstage-monique-reveals-why-she-wore-royal-blue-sandra-wants-a-nap-and-more/,hollywoodlife.com
https://hootsuite.com/ja-jp/%E3%82%BD%E3%83%AA%E3%83%A5%E3%83%BC%E3%82%B7%E3%83%A7%E3%83%B3,hootsuite.com
https://housing.com/in/pune/new-projects/16532-mantra-magic-by-mantra-properties-in-chimbli,housing.com
http://how-old.net/bundles/javascript?v=dqe6oCDSl16i2PlHZDiYY5yqvOdk7qjZhl3i40PJffI1,how-old.net
http://huawei.com/ru/ucmf/groups/public/documents/webasset/group_search_rest_query_words.js,huawei.com
https://hubpages.com/signin?explain=follow+Hubs&url=%2Fhub%2FHiking-RenoTahoe-Jones-Whites-Creek-Loop,hubpages.com
http://icicibank.com/Personal-Banking/offers/offer-detail.page?id=offer-hungama-20150201130854312,icicibank.com
http://iconosquare.com/contest/ypg/15-favs-for-a-chance-to-win-5000-towards-tuition,iconosquare.com
https://ifttt.com/recipe_embed_use/194008-if-i-send-ifttt-a-text-tagged-ac-then-turn-on-my-air-conditioner,ifttt.com
http://indianexpress.com/article/india/india-others/aipmt-leak-case-kingpin-aide-arrested/,indianexpress.com
http://infospace.com/partners/sdk/xml/serp-layout/serpheader-logo-centered/index.htm,infospace.com
http://ink361.com/app/users/ig-343112610/disneyland/photos/ig-984113624310664752_343112610,ink361.com
https://instagram.com/oauth/authorize?client_id=d9494686198d4dfeb954979a3e270e5e&redirect_uri=http%3A%2F%2Ficonosquare.com%3FredAftLog%3Dhttp%253A%252F%252Ficonosquare.com%252Ftag%252Fnewyork&response_type=code&scope=likes+comments+relationships,instagram.com
http://interpark.com/displaycorner/FreeMarket.do?_method=itemCateList&free1=pc&free2=007001008014&free3=item&disp_no=007001008014,interpark.com
http://io9.com/marvel-debuts-their-new-phase-3-movies-including-capta-1651832265/+stephentotilo,io9.com
http://irecommend.ru/content/komplekt-aliexpress-top-i-sharovary-dlya-malenkikh-modnits-2013-free-shipping-summer-child-b,irecommend.ru
http://isna.ir/redirect?a=1&ids=43419425&u=http://isna.ir/fa/tag/4eeba9012f448221703c8f612c29f4a6/,isna.ir
http://jalopnik.com/360541/performance-art-and-the-automobile-chris-burden-crucifed-on-beetle-1974,jalopnik.com
http://jezebel.com/5043214/single-parent-families-give-rise-to-successful-spawn--new-bill-in-kenya-sparks-abortion-debate,jezebel.com
http://jugem.jp/smartphone/pages/fortune_detail.php/?sign=%E7%89%A1%E7%BE%8A%E5%BA%A7,jugem.jp
http://kakaku.com/kaden/dry-battery/ranking_7725/pricedown/div-gpt-ad-k/header_text,kakaku.com
http://katproxy.com/dc-week-05-13-2015-vertigo-aka-new-52-week-193-nem-t10640710.html,katproxy.com
http://kdnet.net/redirect.asp?id=4746&url=http://club.kdnet.net/dispbbs.asp?boardid=1[amp]id=8647244[amp]replyID=11260222[amp]page=1[amp]1=1,kdnet.net
http://kenh14.vn/xa-hoi/phong-cach-doi-lap-cua-hai-biet-phu-hang-dau-viet-nam-20150508034138511.chn,kenh14.vn
http://khabaronline.ir/(X(1)S(eec3vj00uqdqzt3ms3s30xki))/detail/416168/multimedia/picture,khabaronline.ir
http://kickass.to/driverpack-solution-14-15-2-full-driverpack-s-15-02-2-team-os-hkrg-t10224076.html,kickass.to
http://kienthuc.net.vn/de-thi-dap-an/de-thi-thu-thpt-quoc-gia-mon-sinh-chuyen-nguyen-chi-thanh-486838.html,kienthuc.net.vn
http://kizi.com/videos/danny-padilla-ally-hills-its-the-hard-knock-life-loop-pedal-cover,kizi.com
http://kotaku.com/5843832/doritos-creator-arch-west-takes-his-cheesy-legacy-to-the-grave,kotaku.com
https://lastpass.com/newwpsite/wp-content/themes/lastpass/css/fonts/ss-social-regular/webfonts/ss-social-regular.css,lastpass.com
http://lenovo.com/ISS_Static/WW/site/scripts/fancybox/jquery.fancybox-1.3.4.pack.js,lenovo.com
http://lifehacker.com/5908180/how-can-i-hit-the-ground-running-when-i-return-from-vacation,lifehacker.com
http://likemag.com/sr/bahati-navijac-vredao-novaka-dokovica-na-treningu-u-rimu-onda-mu-je-novak-uzvratio,likemag.com
http://livestream.com/streamingcafekelowna/LovecoastPaperboyandTheMessengersmay23rd,livestream.com
http://livetv.sx/bg/lenta/35229_triumviratt_v_barselona_golovo_caruvane_i_asistirane/,livetv.sx
https://mainichi.jp/auth/check_login.php?url=http%3A%2F%2Fmainichi.jp%2Farea%2Fkanagawa%2Fnews%2F20150513ddlk14100178000c.html,mainichi.jp
http://manager.co.th/Banner/AdBanner/ShwBanner.aspx?FarmID=10&ZoneID=1&BannerID=0&PositionID=1&t=201505141320181406250,manager.co.th
http://mangafox.me/manga/mahouka_koukou_no_rettousei_kyuukousen_hen/v02/c007/1.html,mangafox.me
http://mapy.cz/static/js/lib/jak/widgets/androidAppPromotion/img?_escaped_fragment_=,mapy.cz
http://marvel.com/news/comics/23582/amazing_spider-man_renew_your_vows_-_summer_2015,marvel.com
http://mashable.com/category/international-space-station/2014/09/04/3d-printer-space,mashable.com
http://maybank2u.com.my/mbb_info/m2u/public/personalChannel01.do?channelId=OTS-OtherServices&chCatId=/mbb/Personal/OTS-OtherServices,maybank2u.com.my
http://mediaset.it/mediasetextra/articoli/la-donna-del-mistero-le-trame-dal-23-al-26-marzo_11684.shtml,mediaset.it
https://medium.com/@gregisenberg/startups-entrepreneurs-youre-never-fundraising-10c6d359f8d4?source=latest,medium.com
http://megafilmeshd.net/the-internets-own-boy-the-story-of-aaron-swartz/Histats.start,megafilmeshd.net
http://megogo.net/ru/news/view/1840441-v-makedonii-oppoziciya-vyvodit-lyudey-na-ulicy.html,megogo.net
http://mentalfloss.com/article/63491/creepy-anti-littering-campaign-uses-dna-shame-litterbugs,mentalfloss.com
http://metro.co.uk/2015/05/11/bookie-suspends-bets-on-niall-horan-being-next-to-quit-one-direction-after-major-gamble-in-his-home-county-5192062/,metro.co.uk
http://mic.com/articles/117566/the-how-to-spot-afeminist-twitter-trend-shows-how-little-conservatives-understand-feminism,mic.com
http://mightytext.net/prod-assets/features-app/script/history/scripts/bundled/html4+html5/dojo.history.js,mightytext.net
http://mirtesen.ru/composition/20891761766?utm_campaign=composition&utm_source=mirtesen&utm_medium=page_1,mirtesen.ru
http://mixi.jp/static/js/lib/prototype-effects-1.6.0.2-1.8.1-compress.js?1428372075,mixi.jp
http://momoshop.com.tw/category/LgrpCategory.jsp?l_code=2106500000&mdiv=1000900000-bt_5_023_10&ctype=B&mdiv=1000900000-bt_5_023_10&ctype=B,momoshop.com.tw
http://motherless.com/login?back=%252Fcredits%252Fsend%253Fu%253Dcornettoeis1%2526back%253Dhttp%253A%252F%252Fmotherless.com%252Fm%252Fcornettoeis1,motherless.com
http://motthegioi.vn/thoi-su/chay-ven-ho-linh-quang-toi-ve-den-nha-thi-da-chay-het-roi-188348.html,motthegioi.vn
http://moviepilot.com/posts/2014/03/21/fox-releases-movie-lineup-hints-at-blade-runner-sequel-1284503,moviepilot.com
https://moz.com/blog/rebrand-or-redirect-my-site-consolidate-multiple-sites-whiteboard-friday,moz.com
http://mtsindia.in/Circles_VAS.html?keepThis=true&TB_iframe=true&height=210&width=150,mtsindia.in
http://myanimelist.net/manga.php?sd=29&sm=4&sy=2015&em=0&ed=0&ey=0&o=2&w=1&c[]=d&c[]=a&cv=1,myanimelist.net
http://myegy.to/Mobiles/226055/%D9%85%D8%B1%D8%A7%D8%AC%D8%B9%D9%87_%D9%84%D9%87%D8%A7%D8%AA%D9%81_%D8%A7%D9%86%D9%81%D9%8A%D9%86%D9%83%D8%B3_%D9%87%D9%88%D8%AA_Infinix_Hot_X507,myegy.to
http://mylust.com/videos/10974/my-horny-mature-neighbor-got-cunnilingus-before-i-banged-her-in-the-kitchen/,mylust.com
https://myspace.com/article/2015/5/8/the-early-november-ace-enders-joe-marro-new-album-imbue,myspace.com
http://nametests.com/test/what-does-your-name-reveal-about-your-guardian-angel/695/,nametests.com
http://nesn.com/2015/02/liverpool-bolton-live-reds-visit-trotters-in-fa-cup-fourth-round-replay/,nesn.com
http://nguyentandung.org/bo-truong-nguyen-bac-son-se-manh-tay-ngan-chan-tin-nhan-rac.html,nguyentandung.org
http://www.nhs.uk/news/2015/05May/Pages/eating-little-and-often-no-better-for-dieters-than-fewer-feasts.aspx,nhs.uk
http://nih.gov/js/Universal-Federated-Analytics-Min.1.0.js?agency=HHS&subagency=NIH&pua=UA-22075261-1&sp=find&yt=true&exts=doc,nih.gov
http://noticias.uol.com.br/ultimas-noticias/bbc/2015/05/13/mulher-tem-parto-milagroso-apos-ficar-soterrada-no-nepal.htm,noticias.uol.com.br
http://nrk.no/hurtigruten/js/src/3rdParty/jquery.fancybox-1.3.4/fancybox/jquery.fancybox-1.3.4.pack.js,nrk.no
http://nymag.com/thecut/2014/03/see-glamorous-old-photos-of-mid-century-cuba/slideshow/2014/03/26/cuba_then_rare_andclassicimages,nymag.com
http://nypost.com/2015/05/05/mens-fitness-deal-collapses-over-disparate-evaluations/,nypost.com
http://olx.co.id/i2/hobi-olahraga/olahraga/peralatan-fitness/hobi-olahraga/olahraga/peralatan-fitness,olx.co.id
http://olx.in/hi/item/house-sales-in-mariyam-college-near-koduvayur-palakkad-IDTTn9x.html,olx.in
http://olx.pl/i2/muzyka-edukacja/kursy-warsztaty/prawo-jazdy/muzyka-edukacja/kursy-warsztaty/prawo-jazdy,olx.pl
http://olx.ro/i2/auto-masini-moto-ambarcatiuni/autoturisme/renault/auto-masini-moto-ambarcatiuni/autoturisme/renault,olx.ro
http://olx.ua/uk/list/q-%D1%81%D1%83%D0%BC%D0%BA%D0%B0/bIE64RPKp0urlDE3vSbHw8dRLeUY1kOFK2_KOEmw9UT.A7,olx.ua
http://onedio.com/haber/verdikleri-mesajlarla-elalemi-fena-yemisler-dedirten-20-zirva-otesi-sigara-reklami-507348,onedio.com
http://oneplus.net/ca_en/support/answer/does-oneplus-collect-and-store-my-credit-card-details,oneplus.net
http://otomoto.pl/oferta/liebherr-lyzka-511-544-564-576szufla-komatsu-cat-ID5soCvq.html,otomoto.pl
http://pantip.com/tag/Big_Game_%28%E0%B8%A0%E0%B8%B2%E0%B8%9E%E0%B8%A2%E0%B8%99%E0%B8%95%E0%B8%A3%E0%B9%8C%29,pantip.com
http://patch.com/new-york/babylonvillage/3400-pound-great-white-shark-visiting-long-island/,patch.com
https://paytm.com/offer/blog/faq/did-not-receive-product-even-though-status-showed-delivered/,paytm.com
http://pchome.com.tw/counter/1905641*http://travel.pchome.com.tw/travel/Traffic/car_map,pchome.com.tw
http://pelis24.com/estrenos/20851-dragon-ball-z-la-resurreccion-de-freezer-2015-online.html,pelis24.com
http://perezhilton.com/2015-05-12-simon-cowell-reportedly-creating-new-show-for-fox/?from=readmore_perezhilton&,perezhilton.com
http://persianblog.ir/tags/8816/1/%d8%a7%d9%85%d8%a7%d9%85_%d8%ae%d8%a7%d9%85%d9%86%d9%87_%d8%a7%db%8c/,persianblog.ir
http://pikabu.ru/tag/%D0%BC%D1%83%D0%BB%D1%8C%D1%82%D1%84%D0%B8%D0%BB%D1%8C%D0%BC/hot,pikabu.ru
http://pinterest.com/pin/create/button/?url=http://allrecipes.com/recipe/cabbage-fat-burning-soup/detail.aspx&description=Cabbage%20Fat-Burning%20Soup%20Allrecipes.com&media=http://media-cache-ec0.pinimg.com/600x/a7/8b/e3/a78be32bcafb280072857d8e2597bdd1.jpg,pinterest.com
http://pitchfork.com/features/rising/9631-adrenaline-addict-inside-sokos-manic-pop-dreamworld/,pitchfork.com
http://plarium.com/en/strategy-games/stormfall-age-of-war/news/summon-vampires-at-your-castle/,plarium.com
https://pogo.com/login/entry.jsp?site=pogo&redr=http%3A%2F%2Fpogo.com%2F%3Fsite%3Dpogo,pogo.com
http://popupads.ir/blog/?tag=%da%a9%d8%a7%d9%87%d8%b4-%d9%85%d9%88%d9%82%d8%aa%db%8c-%d9%be%d8%a7%d9%be-%d8%a2%d9%be-%d8%a7%d9%88%d9%84-%d8%a8%d9%87-15-%d8%b1%db%8c%d8%a7%d9%84,popupads.ir
http://pornsharing.com/layla-sin-licks-cum-off-her-lips-after-gloryhole-fuck_v34848,pornsharing.com
https://prezi.com/support/article/creating/editing-content-with-the-transformation-tool/,prezi.com
https://privatbank.ua/ua/business/universalnyje-reshenija/strahovanie-kollektivov/gtm.start,privatbank.ua
https://proboards.com/press-releases/forum-hosting-giant-offers-trial-of-pioneering-forum-software,proboards.com
http://putlocker.is/watch-geordie-shore-tvshow-season-4-episode-3-online-free-putlocker.html,putlocker.is
http://qingdaonews.com/images/attachement/jpg/site1/20140624/240a64c9848d15136b1710.jpg,qingdaonews.com
https://quizlet.com/sign-up?redir=https%3A%2F%2Fquizlet.com%2Fsign-up%3Fredir%3Dhttps%253A%252F%252Fquizlet.com%252Fcreate-set%252Fnew,quizlet.com
http://qz.com/397487/carl-icahn-loves-apple-ceo-tim-cook-feels-bad-for-everybody-else/,qz.com
http://ringring.vn/lmht-thong-tin-thu-vi-ve-cac-vi-tuong-duoc-su-dung-o-midseason-invitational-118349.html,ringring.vn
http://rocketnews24.com/tag/%e3%81%b2%e3%81%a8%e3%82%8a%e3%81%bc%e3%81%a3%e3%81%a1/,rocketnews24.com
http://rozetka.com.ua/computers-notebooks-accessories/c80256/Portal/computers-notebooks/computers-notebooks-accessories,rozetka.com.ua
http://rt.com/in-vision/baltimore-protest-freddie-justice/2015-may-maryland-baltimore/,rt.com
http://say-move.org/comesearch.php?q=&sort=toukoudate&genre=&sitei=&mode=&err_flg=0&p=1,say-move.org
http://sberbank.ru/portalserver/static/sb-bundle/containers/standalone_grids/SBRF_Base_Grid/js/container.js,sberbank.ru
https://screencast.com/ScriptResource.axd?d=TaWbhFgPoIYUMbyhR2Mrb9gp7_vQlT8kyH7XcAAmaqLJN4VTk20q1ETjhc9KgWwp2gIPXbPcgenx9cwABWnIOKhKwQqmH7cyA_dXiow00zXxM5Lo0&t=3a1336b1,screencast.com
http://screenrant.com/batman-vs-superman-difference-between-ben-affleck-christian-bale/,screenrant.com
http://searchengineland.com/google-launches-major-push-to-get-local-businesses-online-217406,searchengineland.com
http://searchengines.guru/forumdisplay.php?f=10&daysprune=365&order=desc&sort=replycount,searchengines.guru
http://seasonvar.ru/serial-10872-National_Geographic_80-e_Desyatiletie_kotoroe_sotvorilo_nas.html,seasonvar.ru
http://seekingalpha.com/author/simple-investment-ideas/research?source=follow_top_learn_more,seekingalpha.com
http://seesaawiki.jp/pathofexile/d/%a5%b8%a5%a7%a5%e0%a4%ce%a5%ec%a5%d9%a5%eb%a5%a2%a5%c3%a5%d7,seesaawiki.jp
http://serverfault.com/questions/685548/how-to-configure-iptables-when-running-docker,serverfault.com
http://sfglobe.com/2015/03/27/footage-from-after-a-deadly-car-accident-appears-to-capture-an-apparition/,sfglobe.com
http://shareba.com/static/jscript/jquery/jquery.js?v=1bdefddca5f39810cfb31de087fe3c88,shareba.com
http://shop-pro.jp/magazine/wp-content/themes/cmsp_magazine/js/jquery-ui-1.10.4.custom.js,shop-pro.jp
http://skyrock.com/videos/eHBwd254OjEz-Les-metiers-de-la-sante-Psychomotricien.html?top=4&period=weekly,skyrock.com
https://slack.com/jobs/a455f95c/software-engineer-in-test-quality-assurance-engineer,slack.com
http://slashdot.org/submission/2558915/gandalfmagneto-to-officiate-at-picardprofessor-x-wedding,slashdot.org
http://slickdeals.net/forums/forumdisplay.php?f=9&daysprune=1&order=desc&sort=voteavg,slickdeals.net
http://smallseotools.com/blog/how-to-drive-traffic-with-facebook-mobile-advertisements/,smallseotools.com
http://so-net.ne.jp/access/hikari/collaboration/diversion.html?SmRcid=nss_s_ad_top_swaku_collabo_withf,so-net.ne.jp
https://soundcloud.com/hand144/see-you-again-paul-walker-tribute-fast-and-furious-8,soundcloud.com
http://sourceforge.net/directory/audio-video/add_facet_filter?facet=language&constraint=Visual+Basic+.NET,sourceforge.net
http://spankbang.com/56fg/video/sexy+horny+wife+calls+husband+s+buddy+over+to+fuck+her+hard+with+his+huge+bbc+in+front+of+him,spankbang.com
http://sprint.com/business/solutions/mobile_workforce_management/mobile_payment/index.html,sprint.com
http://sputniknews.com/voiceofrussia_uk/2014_10_20/UK-Politics-Can-Labour-recreate-its-election-success-of-40-years-ago-7105/audio/f4a,sputniknews.com
http://squarespace.com/press/2014/10/22/small-army-of-british-firms-land-in-new-york,squarespace.com
http://ssa.gov/disabilityfacts/materials.html?utm_source=3dptyHomePage&utm_medium=image_link&utm_campaign=ssdifacts,ssa.gov
http://stackexchange.com/newsletters/newsletter?site=worldbuilding.stackexchange.com,stackexchange.com
http://stackoverflow.com/questions/2153871/javascript-window-close-works-in-one-case-but-doesnt-in-another,stackoverflow.com
http://statcounter.com/yahoo_commerce_site_yahoo_online_store/?PHPSESSID=fmrlipmv2jq8im30iiudkav5r5,statcounter.com
http://steamcommunity.com/app/440/discussions/0/620713633843267544/%22http://steamcommunity.com/greenlight/%22,steamcommunity.com
http://subscene.com/subtitles/sensory-couple--a-girl-who-sees-smells/english/1115196,subscene.com
http://superuser.com/questions/864016/stacked-transparent-windows-with-program-name-tabs-slid-down-screen-while-window,superuser.com
http://suumo.jp/tokushu/single_dinks/mansion_kansai/index.html?vos=nsuualap20121126002,suumo.jp
http://syosetu.com/searchuser/search/index.php?name1st=%E3%81%AF&all=1&all2=1&all3=1&all4=1&p=11,syosetu.com
http://taboola.com/press-release/taboola-inks-deal-ndtv-convergence-lead-content-discovery-india,taboola.com
http://tebyan.net/ScriptResource.axd?d=xon0jAegAtt2wZRVG1avTFXFu9UISBjuBdo-BjGM-RkuaHnKbmlWCe_Uk4w3Imtn3ID2KXSVP314AAgVrO1GlD4ubymeCfQQNr1DPRq4mjKCni1lUCKE4Yc_6FY0I7mFJCD6t4Y9Wrl3KfrSL4dB8Xp0yopfYWcLFCTIgo0BsWHmslLv8luJWlUdF9hBDMke0&t=ffffffffb53e74b8,tebyan.net
http://techcrunch.com/2015/05/07/whos-viewed-your-posts-linkedin-adds-analytics-to-its-publishing-platform/,techcrunch.com
http://teespring.com/balanceiskey?utm_campaign=balanceiskey&utm_medium=oembed&utm_source=wordpress,teespring.com
http://telegraf.com.ua/mir/drugie/1887615-politsiya-ekvadora-konfiskovala-2-2-tonnyi-kokaina.html,telegraf.com.ua
http://thechive.com/2015/05/13/a-woman-stabbed-30-times-finally-gets-the-happy-ending-she-deserves-13-photos-video/,thechive.com
http://themeforest.net/item/natural-shop-responsive-woocommerce-theme/full_screen_preview/11047108,themeforest.net
http://thenextweb.com/media/2015/05/07/with-great-youtube-traffic-comes-great-responsibility/gtm.start,thenextweb.com
http://tinnhanh360.net/7-mon-canh-ngon-mua-he-sieu-don-gian-cho-cac-ba-noi-tro-ban-ron.html,tinnhanh360.net
http://tinypic.com/join.php?utm_source=login&utm_medium=button&utm_campaign=login_page,tinypic.com
http://tiu.ru/Avtomobilnye-akkumulyatory?sort=-popularity&presence_available=true&price_unit__gte=1000,tiu.ru
http://tobogo.net/cdsb/board.php?board=diet&bm=view&no=108&category=&auth=&page=1&search=&keyword=&recom=,tobogo.net
http://torcache.net/torrent/05FA764BA998C17796FF808CE96D77D377D0E348.torrent?title=[kickass.to]run.all.night.2015.hc.hdrip.xvid.ac3.etrg,torcache.net
http://torrentdn.com/bbs/s.php?bo_table=torrent_variety&wr_id=113884&k=%ED%81%AC%EB%9D%BC%EC%9E%84&page=1,torrentdn.com
https://trello.com/amendment-to-trello-terms-of-service-applicable-to-government-users,trello.com
https://tsite.jp/login/index.pl?xpg=PCUI0401&ret=https%3a%2f%2ftsite%2ejp%2frank%2f,tsite.jp
http://tune.pk/video/6051324/public-opinion-kya-hukumat-dehshatgardi-kuchalne-main-kamyab-ho-paye-gi-13-may-2015,tune.pk
http://tunein.com/radio/eTVnet-Chanson-s142179/15480783/ca-pub-1542925551861702/Station,tunein.com
https://tutsplus.com/sign_in?redirect_to=https%3A%2F%2Ftutsplus.com%2Fsubscription_sign_up%2Fmonthly,tutsplus.com
https://twitter.com/home?status=%E3%83%8C%E3%81%91%E3%82%8B%EF%BC%81%E3%80%90%E5%B7%A8%E4%B9%B3%E3%80%91+http%3A%2F%2Fero-video.net%2Ft%2Frw1auj8yNScjaF9R+%E7%BE%8E%E5%B7%A8%E4%B9%B3%E3%83%91%E3%82%A4%E3%82%BA%E3%83%AA%E5%B0%84%E7%B2%BE+%23ero+%23douga+%23agesage,twitter.com
http://tympanus.net/codrops/2015/05/13/inspiration-for-text-styles-and-hover-effects/,tympanus.net
http://udn.com/news/story/6816/873642-%E8%8E%AB%E6%96%AF%E7%A7%91%E6%AE%96%E6%B0%91%E4%B8%BB%E7%BE%A9%E8%80%85,udn.com
http://unam.mx/referencia/proponerReferencia.html?url=http://unam.mx/pagina/es/36/preguntas-frecuentes,unam.mx
http://unity3d.com/learn/tutorials/modules/beginner/tips/asset-store-search-from-project,unity3d.com
http://uproxx.com/tv/2015/05/whats-on-tonight-modern-family-does-david-after-dentist-and-a-csi-jewelry-heisthomicide/,uproxx.com
http://userscloud.com/assets/library/icons/fontawesome/assets/css/font-awesome.min.css,userscloud.com
http://variety.com/2015/film/news/joss-whedon-jurassic-world-sexist-tweet-1201472164/,variety.com
http://venturebeat.com/2014/08/12/site-builder-startup-squarespace-launches-blogging-note-taking-apps-on-android/,venturebeat.com
http://videomega.tv/assets/plugins/revolution_slider/rs-plugin/js/jquery.themepunch.plugins.min.js,videomega.tv
http://vnexpress.net/tin-tuc/phap-luat/hai-phu-nu-mua-ban-tre-o-chua-bo-de-bi-truy-to-3218025.html,vnexpress.net
http://voyeurhit.com/videos/in-nature-s-garb-beach-public-handjobs-with-pierced-nipps/,voyeurhit.com
http://vz.ru/redir/?source=vz_menu_links&nomain=1&id=745146&vzurl=http://www.vz.ru/news/2015/5/14/745146.html,vz.ru
http://watch-series-tv.to/serie/Commanding_Heights%3A_The_Battle_for_the_World_Economy,watch-series-tv.to
http://wav.tv/m/6912287/l4_is_porn_integration_successes_amp_failures_189_sex_japans_quake_then_imovie,wav.tv
http://weathernews.jp/smart/sora_mission/0/glance.html?missionid=1431484304.67676&fm=sw&fmdotop=2,weathernews.jp
http://web.de/magazine/digital/sicher-im-netz/china-sperrt-1-8-millionen-nutzerkonten-netz-30086562,web.de
http://web.tv/liveCategory/30/language/1/index/changeLanguage/newshared/searchAutoComplete,web.tv
http://weheartit.com/targarien_greenleaf/collections/91935162-littles-specials-things,weheartit.com
http://wikimapia.org/32988068/ru/%D0%90%D0%B4%D0%BC%D0%B8%D0%BD%D0%B8%D1%81%D1%82%D1%80%D0%B0%D1%82%D0%B8%D0%B2%D0%BD%D1%8B%D0%B9-%D0%BA%D0%BE%D1%80%D0%BF%D1%83%D1%81-%D0%A5%D0%B8%D1%82%D1%80%D0%BE%D1%83,wikimapia.org
http://wikiwiki.jp/sample/?%A5%C7%A5%B6%A5%A4%A5%F3%A5%C6%A5%F3%A5%D7%A5%EC%A1%BC%A5%C8%2Fdefault_green_s,wikiwiki.jp
https://wmaraci.com/forum/hosting-bilgi-alisverisi/film-sitesi-icin-hosting-secimi-nasil-olmali-234665.html,wmaraci.com
https://wordpress.org/news/wp-content/plugins/jetpack/_inc/postmessage.js?ver=3.3.3,wordpress.org
http://worldoftanks.ru/ru/content/guide/payments_instruction/mobile-payments-mts-belarus/,worldoftanks.ru
http://wpengine.com/2015/05/11/digital-shoreditch-trusts-wp-engine-for-scalability-reliability-case-study/,wpengine.com
http://xhamster.com/movies/4552393/kinky_chubby_ebony_nanny_masturbation_at_work.html,xhamster.com
http://xossip.com/showthread.php?s=1a0185aef96dc82d1f523a00d7134802&goto=newpost&t=1347719,xossip.com
http://xueqiu.com/n/%E5%88%98%E5%BB%BA%E4%BD%8D%E5%A4%A9%E5%A4%A9%E5%AD%A6%E4%B9%A0%E5%B7%B4%E8%8F%B2%E7%89%B9,xueqiu.com
http://xvideo-jp.com/archives/category/%E3%81%AF/%E7%BE%BD%E7%94%B0%E3%81%82%E3%81%84,xvideo-jp.com
http://yourlust.com/videos/drunk-guy-fucks-aunt-in-the-bath-while-his-friend-is-sleeping.html,yourlust.com
http://zozo.jp/shop/asknowas/?price=proper&p_ssy=2015&p_ssm=5&p_ssd=13&p_sey=2015&p_sem=5&p_sed=13&dstk=2,zozo.jp
http://1337x.to/torrent/1159234/Grand-Theft-Auto-V-2015-Ultra-Repack-MULTi11-FitGirl/,1337x.to
http://189.cn/dqmh/businessHandle/thirdToFourth/jquery-ui-css/jquery-ui-1.8.23.custom.css,189.cn
http://2gis.ru/moscow/search/%D0%A8%D0%B8%D0%BD%D0%BE%D0%BC%D0%BE%D0%BD%D1%82%D0%B0%D0%B6/tab/firms/zoom/11,2gis.ru
https://500px.com/photo/4889473/vino-de-mi-tierra-by-dragox-photo-?from=set&set_id=252278,500px.com
http://9gag.tv/p/aK3ygg/apparently-kid-noah-s-interview-is-now-mashed-up-to-a-song-songify-this,9gag.tv
http://abc.go.com/shows/the-chew/episode-guide/2015-05/14-the-ultimate-american-menu,abc.go.com
http://abcnews.go.com/US/wireStory/minnesota-school-testing-interrupted-hacking-31025798,abcnews.go.com
https://ahrefs.com/content-explorer/overview/v3/table/all/all/7/rank_desc?topic=site%3Awww.boredpanda.com,ahrefs.com
http://akhbarelyom.com/news/ArticleSectionList/267/1/%D8%B4%D8%B1%D9%8A%D9%81-%D8%AE%D9%81%D8%A7%D8%AC%D9%8A.html,akhbarelyom.com
http://alfalfalfa.com/tag/%E8%8F%85%E7%BE%A9%E5%81%89%E5%AE%98%E6%88%BF%E9%95%B7%E5%AE%98,alfalfalfa.com
http://aljazeera.net/news/reportsandinterviews/2015/5/9/-%D9%83%D9%86%D8%A7-%D8%B9%D8%A7%D9%8A%D8%B4%D9%8A%D9%86-%D8%B3%D8%AE%D8%B1%D9%8A%D8%A9-%D9%85%D9%86-%D9%88%D8%A7%D9%82%D8%B9-%D8%A7%D9%84%D8%B3%D9%88%D8%B1%D9%8A%D9%8A%D9%86-%D9%82%D8%A8%D9%84-%D8%A7%D9%84%D8%AB%D9%88%D8%B1%D8%A9,aljazeera.net
http://allegro.pl/listing/user/listing.php?us_id=29195999&order=m&string=DRZWI+PRYSZNICOWE+&search_scope=userItems-29195999&bmatch=seng-v10-p-sm-isqm-2-o-0113&price_from=758&price_to=758&price_enabled=1&sh_dwh_token=d0b6dd74a8394345128e20d296cb1c5e,allegro.pl
http://allrecipes.com/Recipe/Midwest-Salisbury-Steak/Detail.aspx?soid=recs_recipe_9,allrecipes.com
http://alwafd.org/ad/www/delivery/avw.php?zoneid=5&cb=INSERT_RANDOM_NUMBER_HERE&n=ae1a938c,alwafd.org
http://ameblo.jp/summary/keyword/%E3%83%87%E3%83%B3%E3%82%BF%E3%83%AB%E3%82%B1%E3%82%A2,ameblo.jp
http://anandtech.com/show/8872/new-at-ces-2015-coolchip-technologies-and-cooler-master-join-forces-,anandtech.com
http://anysex.com/albums/179/female-to-male-full-body-to-body-massage-parlour-in-delhi-ncr-yogi-00/,anysex.com
http://ap.org/Content/Press-Release/2014/AP-exec-editor-addresses-Reporters-Committee-for-Freedom-of-the-Press,ap.org
https://archive.org/search.php?query=mediatype:texts&sort=-publicdate&and[]=subject%3A%22%E4%B8%AD%E5%9C%8B%22,archive.org
http://archiveofourown.org/stylesheets/skins/skin_873_archive_2_0/8_site_screen_IE5.css,archiveofourown.org
http://arstechnica.com/tech-policy/2015/05/appeals-court-man-who-fired-laser-at-plane-didnt-deserve-30-month-sentence/?comments=1,arstechnica.com
http://askubuntu.com/questions/595898/q-music-server-application-with-youtube-playlist-support-with-support-of-androi,askubuntu.com
http://atwiki.jp/wiki/%E5%95%86%E5%B7%A5%20%E6%A8%9F%E5%8D%97%E7%AC%AC%EF%BC%92%E9%AB%98,atwiki.jp
http://auto.ru/cars/all?advanced_search=1&search%5Bstate%5D=1&search%5Bcustom%5D=1&show_sales=1,auto.ru
http://avxhome.se/software/software_type/internet_tools/Download_Managers/SuperMp3Download.5.0.7.6.html,avxhome.se
http://b9dm.com/index.php/video/index.php/video/show/cid/56/order/video/video/index.php/video/show/cid/56/order/2,b9dm.com
http://babal.net/news/view/111879/%D8%B3%D8%B1%D9%82%D8%A9-%D9%85%D9%88%D8%A8%D8%A7%D9%8A%D9%84-%D9%83%D9%88%D9%85%D8%A8%D8%A7%D8%B1%D8%B3-%D8%AA%D8%AD%D9%88%D9%84-%D9%85%D9%88%D9%82%D8%B9-%D8%AA%D8%B5%D9%88%D9%8A%D8%B1-%D9%85%D8%B3%D9%84%D8%B3%D9%84-%D8%B8%D8%B1%D9%81-%D8%A3%D8%B3%D9%88%D8%AF-%D9%84%D9%82%D8%B3%D9%85-%D8%B4%D8%B1%D8%B7%D8%A9,babal.net
http://bankmellat.ir/Public/11/Bankmellat/Omoore_saham/Sorathaie_mali/financial_statements_1388.pdf,bankmellat.ir
http://bdnews24.com/entertainment/2015/05/09/us-jury-clears-hbo-of-libel-in-india-child-labour-story,bdnews24.com
http://bestblackhatforum.com/Thread-SEO-Book-What-s-Working-RIGHT-NOW-at-super-low-cost--170504,bestblackhatforum.com
http://bgr.com/2015/04/29/kickstarter-nexpaq-modular-case-for-iphone-6-and-galaxy-s6/,bgr.com
http://bigcinema.tv/tag/%D0%94%D0%B5%D0%BD%D0%B8%D1%81%20%D0%91%D1%83%D1%80%D0%B3%D0%B0%D0%B7%D0%BB%D0%B8%D0%B5%D0%B2,bigcinema.tv
https://bitbucket.org/btubbs/appsettings/pull-request/1/pass-positional-args-to-base-class-for,bitbucket.org
http://bleacherreport.com/articles/2463671-wild-helio-castroneves-crash-from-multiple-angles-makes-for-scary-footage,bleacherreport.com
http://bluegape.com/relationships/sakshee_joshi/10-things-you-should-do-only-with-your-best-friends/message.send,bluegape.com
http://bmi.ir/Fa/Skins/default/skins/Template/uploadedfiles/multimediafiles/book/index.html,bmi.ir
http://bongda88.info/a-han-bi-chi-trich-vo-tam-vi-khoe-nguoi-yeu-moi-ngay-sau-khi-chia-tay-minh-tu/,bongda88.info
http://buzzfil.net/article/5374/lol/l-armee-russe-reprend-barbie-girl-d-aqua-le-resultat-est-enorme-1.html?href=inner_website,buzzfil.net
http://caixa.gov.br/beneficios-trabalhador/pis/perguntas-frequentes//Paginas/default.aspx,caixa.gov.br
http://censor.net.ua/quotes/all/page/1/hero/0/category/175/interval/5/author/0/sortby/date,censor.net.ua
https://chaturbate.com/tipping/spy_on_private_show_tokens_per_minute/crazysexycuple/,chaturbate.com
http://cheezburger.com/66567/video-games-you-have-got-be-joking-me?ref=leftarrow&siteId=16760,cheezburger.com
http://ck101.com/forum.php?mod=forumdisplay&fid=3422&filter=typeid&typeid=2736&ref=nav,ck101.com
http://clien.net/cs2/bbs/board.php?bo_table=cm_iphonien&sca=%5B%EC%A7%88%EB%AC%B8%5D,clien.net
http://coccoc.com/vi/news/coc-coc-ra-mat-trinh-duyet-internet-rieng-cho-thi-truong-viet-nam,coccoc.com
http://codecanyon.net/item/smart-grid-gallery-responsive-wp-gallery-plugin/full_screen_preview/8365014,codecanyon.net
http://codepen.io/api/oembed?url=http%3A%2F%2Fcodepen.io%2Fanon%2Fpen%2FQbNqgv&format=json,codepen.io
http://comicbook.com/blog/category/star-wars?utm_campaign=rbm&utm_medium=popularcat5&utm_source=home,comicbook.com
http://conservativetribune.com/alert-benghazi-eyewitnesses-unable-testify-horrifying/,conservativetribune.com
http://cookpad.com/category/premium/%E7%BE%8E%E5%AE%B9%E3%83%BB%E3%83%80%E3%82%A4%E3%82%A8%E3%83%83%E3%83%88,cookpad.com
http://correios.com.br/english/the-brazil-post/who-we-are/who-is-who/regional-directions-1,correios.com.br
http://couchtuner.eu.com/2014/08/anger-management-s2-e69-charlie-does-time-with-the-hot-warden.html,couchtuner.eu.com
http://cox.com/residential/support/internet/articles.cox?catId=p2_connection_problems&catName=Q29ubmVjdGlvbiBQcm9ibGVtcw7r2o07r2o0c9o5x&prodId=p1_internet,cox.com
https://creativemarket.com/SalomeNJ/90995-Watercolor-flower-DIY-pack-Vol.2/screenshots/,creativemarket.com
http://css-tricks.com/quick-css-trick-how-to-center-an-object-exactly-in-the-center/,css-tricks.com
http://dantri.com.vn/eu--nga/hinh-anh-ro-net-nhat-ve-ke-khung-bo-na-dan-o-paris-1017006.htm,dantri.com.vn
http://deadspin.com/5987555/you-dont-have-to-act-like-a-baby-mike-milbury-goes-off-on-alex-ovechkin,deadspin.com
http://dealnews.com/features/Running-With-Scissors-7-Myths-About-Cutting-the-Cable-Cord/dealnews/json,dealnews.com
http://depositphotos.com/login.html?url=%2F26073901%2Fstock-photo-beach-fun-couple-travel.html,depositphotos.com
http://digg.com/video/jon-stewart-rips-on-france-for-their-hypocritical-censorship-stance,digg.com
http://diply.com/diply-news/popemobile-pizza-pickup-pontiff-pope-gets-custom-pie-pizzeria/106993,diply.com
http://distractify.com/post/related/id/55477d114a0c4ba030941a7a/skip/10/limit/10/back/0,distractify.com
http://doodle.com/ca/premium?utm_source=doodle&utm_medium=home&utm_campaign=premiumHome,doodle.com
http://dribbble.com/shots/935911-Accordion-preview-for-NBC-Sports-Network-4?list=buckets,dribbble.com
http://dropbooks.tv/search/index/word:%E3%82%B9%E3%82%BF%E3%82%B8%E3%82%AA%E3%83%BB%E3%83%AF%E3%83%A9%E3%83%93%E3%83%BC/term:no/page:2,dropbooks.tv
http://duckduckgo.com/d.js?q=Privacy%20in%20the%20United%20States&t=C&l=wt-wt&p=1&s=0&ck=news_the%20united%20states&ct=CA,duckduckgo.com
http://ecnavi.jp/redirect/?url=http://ad-4244.affit.jp/c.ts/39w.2/-/1g.html?mu=%user_id%,ecnavi.jp
http://eenadu.net/Specialpages/ruchulu/Ruchuluinner.aspx?qry=cakes_bakery13042015-2,eenadu.net
https://eksisozluk.com/6-haziran-2015-juventus-barcelona-maci--4768432?focusto=51302822,eksisozluk.com
http://elcomercio.pe/mundo/actualidad/dia-fotos-alemania-eeuu-nepal-y-mas-noticia-1810992?ref=portada_&ft=megamenu&e=foto_8,elcomercio.pe
http://elevenia.co.id/loyalty/AuthChipGiftDtls/getChipDtls.do?isSSL=Y&CHOICEMENU=B03,elevenia.co.id
http://elitedaily.com/life/culture/things-dont-feel-guilty-about-in-college/997001/,elitedaily.com
http://elwatannews.com/bundles/sectionJs?v=4EJp1v8eS6aPgDK6YNTpOkXf0CDrzuEUB0y7MyClUrY1,elwatannews.com
http://emgn.com/entertainment/this-tiny-icon-was-found-on-google-maps-zoom-in-and-nothing-will-prepare-you-for-what-you-will-find/,emgn.com
http://ero-advertising.com/blog/eroadvertising-named-xbiz-la-corporate-sponsor-xbiz-awards-gold-sponsor,ero-advertising.com
http://ero-video.net/js/jquery-1.7.min.js?sbuf=d948c650bf374f060e41eca8d55451e237b5e0a6,ero-video.net
http://espn.go.com/blog/nflnation/post/_/id/168721/inside-slant-think-specialization-aids-nfl-draft-journey-guess-again,espn.go.com
http://esporte.uol.com.br/futebol/ultimas-noticias/2015/04/11/seguranca-de-felipao-e-cia-os-vira-latas-guardioes-do-ct-do-gremio.htm,esporte.uol.com.br
http://europa.eu/about-eu/agencies/regulatory_agencies_bodies/policy_agencies/efsa/index_en.htm,europa.eu
http://evernote.com/intl/fr/register/?upgrade=premium&itemCode=premium-1year&offer=www_pricing_CTA,evernote.com
http://extratorrent.cc/torrent/4190583/Android+Apps+%26+Games+%2809%2610+May-15%29.html,extratorrent.cc
http://faithtap.com/Content/custom/all30?v=IliN8wzIXPR_kMlzGUrBUICwAVQd3zW0k-OT5JWzJm01,faithtap.com
http://fanpage.gr/stories/%cf%8c%cf%84%ce%b1%ce%bd-%ce%bc%ce%b5%ce%b3%ce%b1%ce%bb%cf%8e%cf%83%cf%89-%ce%b8%ce%ad%ce%bb%cf%89-%ce%bd%ce%b1-%ce%b3%ce%af%ce%bd%cf%89-%ce%b5%cf%85%cf%84%cf%85%cf%87%ce%b9%cf%83%ce%bc%ce%ad/,fanpage.gr
http://fazenda.gov.br/divulgacao/noticias/2014-1/abril/inflacao-em-2014-nao-vai-ultrapassar-meta-garante-mantega,fazenda.gov.br
http://fc2.com/careers/en/index.html?utm_source=fc2com_en_pc&utm_medium=left_menu_bnr&utm_campaign=v1_en,fc2.com
http://filehippo.com/download_camtasia_studio/download/646671bc11a0e388579189c71858e073/,filehippo.com
http://findagrave.com/cgi-bin/fg.cgi?page=cr&GSim=1&CRid=2364737&pt=Veterans%20Memorial%20Park&,findagrave.com
http://fishki.net/1525879-25-otvratitelnyh-zhenskih-privychek-glazami-muzhchin.html?mode=recent,fishki.net
http://flirchi.com/touch?t=How+to+block+a+user+%28add+to+your+%22blacklist%22%29%3F,flirchi.com
http://fortune.com/2014/04/29/lowes-goes-big-on-home-improvement-startup-porch-com/,fortune.com
http://fotostrana.ru/rating/my/?buyviews=rating&from=play.feed.passButton&fromType=1,fotostrana.ru
https://foursquare.com/v/%D1%82%D1%80%D0%B0%D1%82%D1%82%D0%BE%D1%80%D0%B8%D0%B0/4e79dc7e52b1fc6a4b166baf,foursquare.com
http://gawker.com/5725664/murdered-bush-official-tried-to-burn-neighbors-house-down,gawker.com
http://genius.com/Boredborderlinegenius-my-interpretation-of-to-pimp-a-butterfly-lyrics,genius.com
https://getpocket.com/signup?mode=socialmode&route=http://getpocket.com/p/pocket-topics/design,getpocket.com
http://gfycat.com/javascript/new_account/common/angular-modal-app/modal-how-tos.html,gfycat.com
http://giphy.com/posts/10-things-we-wish-had-been-in-the-jem-and-the-holograms-trailer-in-gifs,giphy.com
http://gizmodo.com/a-plane-took-a-wrong-turn-and-ended-up-in-a-cloud-of-an-1704051139/module/,gizmodo.com
https://www.gov.uk/government/organisations/united-kingdom-reserve-forces-association,gov.uk
http://grantland.com/hollywood-prospectus/hollywood-prospectus-podcast-mad-men-game-of-thrones-and-batman-v-superman/,grantland.com
http://graphicriver.net/search?category=add-ons&date=this-month&length_max=&length_min=&price_max=&price_min=&rating_min=&sales=&sort=sales&term=&utf8=%E2%9C%93&view=list,graphicriver.net
http://gtbank.com/media-centre/gtbank-in-the-news/14-media/press-releases/537-gtbank-launches-1-click-top-up-enhancing-customer-experience-with-new-digital-payment-solution,gtbank.com
http://h2porn.com/videos/cock-sucking-angel-strokes-cock-and-lets-it-cum-in-her-throat/,h2porn.com
http://haberler.com/iran-genelkurmay-baskan-yardimcisi-yardim-gemileri-7303778-haberi/,haberler.com
http://haraj.com.sa/__/%D8%AD%D8%B1%D8%A7%D8%AC%20%D8%A7%D9%84%D8%B9%D9%82%D8%A7%D8%B1,haraj.com.sa
http://hdfcbank.com/personal/credit_card/credit-card/jetprivilege-hdfc-bank-world/h54vq7yy,hdfcbank.com
http://hihi2.com/category/barcelona-news?utm_source=hihi2&utm_medium=DeskTopLogo&utm_campaign=Barca,hihi2.com
http://himado.in/?keyword=%E3%81%AA%E3%81%AE%E3%81%AF%E3%82%B7%E3%83%AA%E3%83%BC%E3%82%BA,himado.in
https://hollywoodlife.com/2015/05/13/kylie-jenner-tyga-baby-would-be-cuter-than-north-west/,hollywoodlife.com
https://hootsuite.com/ja-jp/%E3%82%BD%E3%83%AA%E3%83%A5%E3%83%BC%E3%82%B7%E3%83%A7%E3%83%B3/%E3%82%BD%E3%83%BC%E3%82%B7%E3%83%A3%E3%83%AB%E3%83%9E%E3%83%BC%E3%82%B1%E3%83%86%E3%82%A3%E3%83%B3%E3%82%B0,hootsuite.com
https://housing.com/in/hyderabad/new-projects/240-janapriya-lake-front-by-janapriya-engineers-syndicate-in-sainikpuri,housing.com
http://how-old.net/bundles/bootstrap?v=iuA1wfRQF7ISkian7NCXNyqiD0SLcjqt9L7Sq-jNZKo1,how-old.net
http://hubpages.com/signin/?explain=follow+Hubs&url=%2Fhub%2Fspicy-sausage-naan-bread-sandwiches,hubpages.com
http://icicibank.com/wealth-management/offers/offer-detail.page?id=offer-mainland-china-20140504120732990,icicibank.com
http://iconosquare.com/contest/pzpx/support-cancer-councils-pink-ribbon-and-win-thomas-sabo-jewellery,iconosquare.com
https://ifttt.com/recipes/54781-save-all-the-photos-that-i-upload-on-facebook-to-google-drive,ifttt.com
http://indianexpress.com/article/news-archive/web/jail-term-for-refusing-to-file-fir-centre/,indianexpress.com
http://infospace.com/partners/sdk/xml/serp-layout/serpheader-textbox-results/index.htm,infospace.com
http://ink361.com/app/users/ig-244908573/jonathanmay_/photos/ig-984271607108720775_244908573,ink361.com
https://instagram.com/oauth/authorize?client_id=d9494686198d4dfeb954979a3e270e5e&redirect_uri=http%3A%2F%2Ficonosquare.com%3FredAftLog%3Dhttp%253A%252F%252Ficonosquare.com%252Ftag%252Finstagramtips&response_type=code&scope=likes+comments+relationships,instagram.com
http://interpark.com/product/MallDisplay.do?_method=Detail&sc.shopNo=0000100000&sc.dispNo=001930&sc.prdNo=3194404509&bm1=mid&bm2=hotsale_prd,interpark.com
http://io9.com/a-fan-video-that-celebrates-marvels-quieter-moments-1627790029/module/,io9.com
http://irecommend.ru/content/shapochka-aliexpress-2014-newborn-spring-winter-new-unisex-baby-boy-girl-toddler-infant-colo,irecommend.ru
http://isna.ir/fa/imageReport/94022011602/%D9%85%D9%87%D8%A7%D8%AC%D8%B1%D8%AA-%DB%8C%DA%A9-%D8%AF%D8%A7%D9%86%D8%B4%D8%AC%D9%88,isna.ir
http://jalopnik.com/toyota-wont-face-another-unintended-acceleration-probe-1701972643,jalopnik.com
http://jezebel.com/watch-this-video-of-baltimore-gang-members-explaining-t-1700667791?utm_source=recirculation&utm_medium=recirculation&utm_campaign=tuesdayPM,jezebel.com
http://jugem.jp/mono/search.php?service=amazon&aws_mode=All&words=%B9%AD%CB%F6%CE%C3%BB%D2,jugem.jp
http://kakaku.com/fitness/pedometer/ranking_6579/pricedown/div-gpt-ad-k/header_text,kakaku.com
http://katproxy.com/kmspico-v10-0-4-office-and-windows-activator-techtools-t9934404.html,katproxy.com
http://kenh14.vn/fashion/zoom-in-lan-da-ngay-cang-trang-min-cua-angela-phuong-trinh-20130827025822415.chn,kenh14.vn
http://khabaronline.ir/(X(1)S(0vpjhjtd02z3pdvgdfyukshr))/detail/416422/Economy/financial-market,khabaronline.ir
http://kickass.to/empire-cast-original-soundtrack-from-season-1-of-empire-deluxe-2015-mp3-vbuc-t10326875.html,kickass.to
http://kienthuc.net.vn/diem-thi/diem-chuan-nam-2014-cua-dai-hoc-thuy-loi-482418.html,kienthuc.net.vn
http://kizi.com/videos/blank-space-taylor-swift-cover-by-ali-brustofski-with-lyrics,kizi.com
http://kotaku.com/we-do-apologize-life-at-sony-customer-service-during-t-1677612560/+tcberman,kotaku.com
https://lastpass.com/index.php?&ac=1&from_uri=%2Fenterprise_users.php&fromwebsite=1&newvault=1&nk=1,lastpass.com
http://lifehacker.com/how-to-choose-the-best-over-the-air-antenna-for-free-hd-1569752514,lifehacker.com
http://likemag.com/sr/stavlja-sir-u-hleb-kada-budete-videli-zasto-radi-pozelecete-da-napravite-ovo-za-veceru,likemag.com
http://livestream.com/accounts/8724297/events/4006503/player?width=560&height=315&autoPlay=false&mute=true,livestream.com
http://livetv.sx/bg/lenta/35226_santa_fe_se_klasira_za_chetvrtfinalite_na_kopa_libertadores/,livetv.sx
http://mangafox.me/manga/shukufuku_no_kuro_to_hametsu_no_shiro_dragon_knights_2/v01/c003/1.html,mangafox.me
http://marvel.com/news/comics/2014/7/16/22895/its_time_for_an_all-new_captain_america,marvel.com
http://mashable.com/category/marketing/2015/04/17/marketing-strategies-relevant-ads,mashable.com
http://maybank2u.com.my/mbb_info/m2u/public/personalChannel01.do?channelId=LOA-Loans&chCatId=/mbb/Personal/LOA-Loans,maybank2u.com.my
http://mediaset.it/rete4/articoli/ricette-all-italiana-torta-langhirola_12102.shtml,mediaset.it
https://medium.com/bright/how-sesame-street-helps-kids-grow-in-tough-times-e2a95c98863a,medium.com
http://megafilmeshd.net/scooby-doo-13-contos-assustadores-dia-de-surf/Histats.start,megafilmeshd.net
http://megogo.net/ru/news/view/1840261-velikobritaniya-pervoe-zasedanie-novogo-pravitelstva.html,megogo.net
http://mentalfloss.com/article/63186/article/63186/what-do-those-symbols-iphone-mean,mentalfloss.com
http://metro.co.uk/2015/05/13/half-of-2014s-top-selling-games-were-open-world-5194707/,metro.co.uk
http://mic.com/articles/116618/13-lyrics-that-prove-nicki-minaj-is-legitimately-a-great-rapper,mic.com
http://mirtesen.ru/url?e=simple_click&blog_post_id=43249139246&url=http%3A%2F%2Fshkola-v-blog.ru%2Fblog%2F43249139246%2FSamouvlazhnyaemyie-kolbyi,mirtesen.ru
https://mixi.jp/static/ssl/js/lib/prototype-effects-1.6.0.2-1.8.1-compress.js?1428372075,mixi.jp
http://momoshop.com.tw/category/LgrpCategory.jsp?l_code=2102000000&Area=tooth&FTOOTH=21&mdiv=1000900000-bt_5_023_02&ctype=B,momoshop.com.tw
http://motherless.com/login?back=%252Fcredits%252Fsend%253Fu%253DAncientgit%2526back%253Dhttp%253A%252F%252Fmotherless.com%252Fm%252FAncientgit,motherless.com
http://motthegioi.vn/quoc-te/chinh-khach-my-len-an-nuoc-my-day-nga-ve-trung-quoc-188409.html,motthegioi.vn
http://moviepilot.com/posts/2014/05/08/is-john-diggle-really-going-to-be-green-lantern-on-arrow-1410728,moviepilot.com
http://myanimelist.net/anime.php?sd=29&sm=4&sy=2015&em=0&ed=0&ey=0&o=2&w=&c[]=a&c[]=d&cv=1,myanimelist.net
http://myegy.to/EnglishSeries/226017/%D8%A7%D9%84%D8%AD%D9%84%D9%82%D8%A9_22%D8%A7%D9%84%D9%85%D9%86%D8%AA%D8%B8%D8%B1%D8%A9_%D8%A8%D8%B4%D8%AF%D8%A9_%D9%85%D9%86_%D8%A7%D9%84%D9%85%D8%B3%D9%84%D8%B3%D9%84_%D8%A7%D9%84%D8%B1%D8%A7%D8%A6%D8%B9_%D8%A8%D8%B1%D9%82_The_Flash_S01E22,myegy.to
http://mylust.com/videos/226506/lustful-hot-young-german-girlfriend-drizzled-with-cum/,mylust.com
https://myspace.com/article/2015/4/24/watch-the-trailer-for-m-night-shyamalans-the-visit,myspace.com
http://nametests.com/test/numerology-discover-what-your-name-reveals-about-you/679/,nametests.com
http://nesn.com/2015/05/report-tom-brady-suspended-four-games-patriots-lose-draft-picks/,nesn.com
http://nguyentandung.org/tu-112016-co-the-dang-ky-ho-tich-o-bat-cu-dia-phuong-nao.html,nguyentandung.org
http://www.nhs.uk/aboutNHSChoices/aboutnhschoices/termsandconditions/Pages/Privacypolicy.aspx,nhs.uk
http://noticias.uol.com.br/cotidiano/ultimas-noticias/2015/05/13/numero-de-assassinatos-com-arma-de-fogo-no-brasil-e-o-maior-desde-1980.htm,noticias.uol.com.br
http://nrk.no/hurtigruten/js/src/3rdParty/jquery.fancybox-1.3.4/fancybox/jquery.fancybox-1.3.4.css,nrk.no
http://nymag.com/daily/intelligencer/2015/05/sy-hersh-bin-laden-new-yorker-lrb.html,nymag.com
http://nypost.com/2015/05/05/huffington-post-turns-10-but-its-profits-are-still-a-mystery/,nypost.com
http://olx.co.id/i2/elektronik-gadget/aksesoris-hp-tablet/aksesoris-lainnya/elektronik-gadget/aksesoris-hp-tablet/aksesoris-lainnya,olx.co.id
http://olx.in/hi/rss/q-%7Bq%7D/?utm_source=google&utm_medium=search&utm_campaign=search_organic,olx.in
http://olx.pl/nieruchomosci/kategorie/JOcK7gzdoyrcIT2176iLzhCz8UoPOGcT6Y1ax8FNTPf.l7,olx.pl
http://olx.ro/i2/imobiliare/apartamente-garsoniere-de-inchiriat/1-camera/imobiliare/apartamente-garsoniere-de-inchiriat/1-camera,olx.ro
http://olx.ua/uk/account/?origin=observepopup&ref%5B0%5D%5Baction%5D=ads&ref%5B0%5D%5Bmethod%5D=index&ref%5B0%5D%5Bparams%5D%5Bq%5D=%D0%B4%D0%B6%D0%B8%D0%BD%D1%81%D1%8B,olx.ua
http://onedio.com/haber/amasya-belediyesi-selfie-ceken-sehzade-heykeli-dikti-504882,onedio.com
http://oneplus.net/ca_en/support/answer/how-do-i-submit-a-cyanogenmod-11s-software-bug,oneplus.net
http://otomoto.pl/oferta/dacia-logan-spalanie-5-l-super-stan-zobacz-okazja-ID6y53YN.html,otomoto.pl
http://pantip.com/tag/%E0%B8%81%E0%B8%B2%E0%B8%A3%E0%B9%80%E0%B8%A1%E0%B8%B7%E0%B8%AD%E0%B8%87,pantip.com
http://patch.com/california/losalamitos/police-snatch-piper-wonder-cat-jaws-coyote/,patch.com
https://paytm.com/blog/paytm-app-offer-for-upto-rs-60-cash-back-on-recharges/?share=email,paytm.com
http://pchome.com.tw/counter/113759*http://www.rakuya.com.tw/?utm_source=PChome&utm_medium=icon&utm_campaign=icon,pchome.com.tw
http://pelis24.com/peliculas-mas-vistas/12909-iron-man-3-ironman-3-2013-online.html,pelis24.com
http://perezhilton.com/cocoperez/galleries/kim-khloe-kourtney-kardashian-kendall-jenner-kylie-jenner-kris-jenner-butts-famous-assets-photos-gallery/?id=452107,perezhilton.com
http://persianblog.ir/tags/111/24/%da%a9%d8%a7%d9%85%d9%be%db%8c%d9%88%d8%aa%d8%b1/,persianblog.ir
http://pikabu.ru/tag/%D0%9A%D0%BE%D0%BE%D0%BF%D0%B5%D1%80%D0%B0%D1%82%D0%B8%D0%B2/hot,pikabu.ru
http://pinterest.com/pin/create/button/?url=http://allrecipes.com/Recipe/Peanut-Butter-Banana-Smoothie/Detail.aspx&description=Peanut%20Butter%20Banana%20Smoothie%20Allrecipes.com&media=http://media-cache-ak0.pinimg.com/600x/06/0e/4a/060e4a8c74804c01d92fa9131264f0fd.jpg,pinterest.com
http://pitchfork.com/features/staff-lists/6400-the-200-greatest-songs-of-the-1960s/,pitchfork.com
http://plarium.com/de/strategiespiele/sparta-war-of-empires/news/eine-persische-list/,plarium.com
http://popupads.ir/blog/?tag=%da%a9%d8%b3%d8%a8-%d8%af%d8%b1%d8%a2%d9%85%d8%af-%d8%a7%d8%b2-%d8%b3%d8%a7%db%8c%d8%aa-%d9%be%d8%a7%d9%be-%d8%a2%d9%be,popupads.ir
http://pornsharing.com/blonde-with-apple-ass-jasmine-r-takes-dick-doggystyle_v73820,pornsharing.com
https://prezi.com/support/article/account/upgrade-your-license-and-keep-your-presentations-private/,prezi.com
https://privatbank.ua/ua/business/universalnyje-reshenija/klyuch-k-schetu/gtm.start,privatbank.ua
http://putlocker.is/watch-winning-the-racing-life-of-paul-newman-online-free-putlocker.html,putlocker.is
https://quizlet.com/login?redir=https%3A%2F%2Fquizlet.com%2Fsign-up%3Fredir%3D%252F6396803%252Frecreate-set%252Fnew,quizlet.com
http://qz.com/373538/the-rise-and-fall-of-us-labor-unions-and-why-they-still-matter/,qz.com
http://ringring.vn/9x-dong-nai-xinh-dep-nuoi-heo-kiem-tien-khung-50-trieuthang-118129.html,ringring.vn
http://rocketnews24.com/tag/%e3%83%a9%e3%83%b3%e3%83%81%e3%83%91%e3%83%83%e3%82%af/,rocketnews24.com
http://rozetka.com.ua/pad_acc/c108714/Portal/computers-notebooks/computers-notebooks-accessories/pad_acc,rozetka.com.ua
http://rt.com/in-vision/chile-calbuco-volcano-eruption/chile-geology-eruption-lava/,rt.com
http://say-move.org/comesearch.php?q=%E3%82%A2%E3%83%9E%E3%82%AC%E3%83%9FSS&mode=tag&p=1,say-move.org
http://sberbank.ru/portalserver/sb-portal-ru/ru/person/paymentsandremittances/remittance/in/beznal_rus/beznal_cs_rus,sberbank.ru
http://screencast.com/ScriptResource.axd?d=PjnAawi3lroQVKv1o5_ACoHJrUO-zhHI80KBkPQXHW-nHY5mzLozP64CbfOGJlb5uiv8kKYoVa8n9nb5Gs49KGekgJ9R4r1Pzb2um1e3EZXAXVPOUxTKu4XLaFUcEIxjuKO718dV_O9tlpgdzBr0ZbN-FVcT-kxrapRKG8QjGwGhQ4Re67fTKfE06Z_oxKDXuHKcojUYHfesGs_KV2ErCwppykw1,screencast.com
http://screenrant.com/marvel-netflix-deal-tv-shows-daredevil-luke-cage-iron-fist-jessica-jones/,screenrant.com
http://searchengineland.com/google-panda-refresh-on-august-19th-version-3-9-1-131284,searchengineland.com
http://searchengines.guru/forumdisplay.php?f=60&daysprune=-1&order=desc&sort=voteavg,searchengines.guru
http://seasonvar.ru/serial-11358-Desyatyj_-_spetcial_nyj_otdel_rassledovaniya_prestuplenij-2-season.html,seasonvar.ru
http://seekingalpha.com/news/2518396-pimco-cio-worst-stage-of-bond-selloff-has-ended,seekingalpha.com
http://seesaawiki.jp/pathofexile/d/%a5%a2%a5%af%a5%c6%a5%a3%a5%d6%a5%b9%a5%ad%a5%eb,seesaawiki.jp
http://serverfault.com/questions/214366/virtual-machine-for-software-renting-service,serverfault.com
http://sfglobe.com/2015/03/31/a-journalist-uses-the-internet-to-help-her-find-her-doppelgnger/,sfglobe.com
http://shareba.com/index.php?do=/mobile/event/489/%E5%8D%88%E5%BE%8C%E9%99%A3%E9%9B%A8/,shareba.com
http://shop-pro.jp/magazine/wp-content/plugins/contact-form-7/includes/js/jquery.form.min.js?ver=3.51.0-2014.06.20,shop-pro.jp
http://skyrock.com/videos/eHhpeTExOjEz-Harlem-Shake-Skyrock-com-Edition.html?top=4&period=daily,skyrock.com
http://slashdot.org/story/15/03/29/128253/arduino-dispute-reaches-out-to-distributors,slashdot.org
http://slickdeals.net/article/buying-guide/xbox-one-vs-playstation-4-buying-guide-2015,slickdeals.net
http://smallseotools.com/blog/3-ways-to-consistently-increase-your-conversion-rate/,smallseotools.com
https://soundcloud.com/ffrr-records/oliver-heldens-last-all-night-koala-feat-kstewart,soundcloud.com
http://sourceforge.net/directory/communications/add_facet_filter?facet=license&constraint=OSI-Approved+Open+Source+%3A%3A+Apache+License+V2.0,sourceforge.net
http://spankbang.com/3dkm/video/sensual+veronika+s+my+special+private+tape+aaatalentsearch+13,spankbang.com
http://sprint.com/business/solutions/mobile_workforce_management/index.html?INTNAV=ATG:HE:MobWrkforceMgmt,sprint.com
http://sputniknews.com/trend/Freddie_Gray_Death_Triggers_Mass_Protests_in_Baltimore/,sputniknews.com
http://squarespace.com/press/2015/1/28/wk-jeff-bridges-make-you-sleepy-for-squarespace,squarespace.com
http://stackexchange.com/newsletters/newsletter?site=expressionengine.stackexchange.com,stackexchange.com
http://stackoverflow.com/questions/15059626/spring-integration-channel-message-count,stackoverflow.com
http://statcounter.com/sign-up-step/?htmlname=yahoo_commerce_site_yahoo_online_store,statcounter.com
http://steamcommunity.com/id/RandomNameChanger/myworkshopfiles/?section=guides&appid=440,steamcommunity.com
http://subscene.com/subtitles/sensory-couple--a-girl-who-sees-smells/english/1115198,subscene.com
http://superuser.com/questions/914385/kali-linux-gives-me-an-error-message-when-i-try-to-use-setup?answertab=active,superuser.com
http://syosetu.com/searchuser/search/index.php?name1st=%E3%81%95&all=1&all2=1&all3=1&all4=1&p=11,syosetu.com
http://taboola.com/press-release/taboola-inks-strategic-partnership-mcclatchy-company-iconic-newspaper-group-more-40,taboola.com
http://tebyan.net/ScriptResource.axd?d=PsVUm5cEtF5YzMRiIRx5tX4q-RBDC-bHdnHDa5W1_0JRyXAETEx0cSBXTFKXEydpL7ukglAu91PmDpwJyVfB309j9Zpl-Exy6sjN8Re5ODrIMCoe6i4hYUOzyngVAcJbIIQs9iyszaQCdeiyR_sDXsxoxHClVrC2OYWRYRQOHlW1e7OLj6NMYPA0gfToDJ8J0&t=ffffffffb53e74b8,tebyan.net
http://techcrunch.com/video/ron-conway-backstage-interview-tc-disrupt-ny-2015/518804577/,techcrunch.com
http://teespring.com/de/dmb?utm_campaign=dmb&utm_medium=oembed&utm_source=wordpress,teespring.com
http://telegraf.com.ua/kultura/muzyika/1887545-metric-vernulis-s-novyim-trekom.html,telegraf.com.ua
http://thechive.com/2015/05/11/big-bird-shares-one-boys-heart-wrenching-story-7-photos/,thechive.com
http://themeforest.net/item/open-heart-multipurpose-charitynonprofitfundraising-wordpress-theme/10964040,themeforest.net
http://thenextweb.com/ca/2012/11/30/500pxs-new-iphone-app-sees-over-100k-downloads-in-48-hours-average-sessions-above-angry-birds/?fromcat=all,thenextweb.com
http://tinnhanh360.net/doc-quyen-demi-lovato-tan-cong-fan-viet-voi-give-your-heart-a-break.html,tinnhanh360.net
http://tinypic.com/join.php?utm_source=fullview&utm_medium=button&utm_campaign=fullview_ballon,tinypic.com
http://tobogo.net/cdsb/board.php?board=dailystory&bm=view&no=22381&category=&auth=&page=1&search=&keyword=&recom=,tobogo.net
http://torcache.net/torrent/451D8BC1BC6B0129E4682A4B304CA379C71251B7.torrent?title=[kickass.to]horriblesubs.fate.stay.night.unlimited.blade.works.18.720p.mkv,torcache.net
http://torrentdn.com/bbs/s.php?bo_table=torrent_ani&wr_id=41744&k=%EB%82%98%EB%A3%A8%ED%86%A0&page=1,torrentdn.com
http://tsite.jp/r/cpn/monster/?utm_source=monster&utm_medium=shorturl&utm_campaign=0016509,tsite.jp
http://tune.pk/video/6046470/happy-hippie-presents-peace-will-come-according-to-plan-featuring-melanie-safka,tune.pk
http://tunein.com/radio/Vanakkam-FM-1027-s162374/15480783/ca-pub-1542925551861702/Station,tunein.com
http://tutsplus.com/courses/photoshop-actions-to-showcase-projects/lessons/psd-construction-mobile-gui-showcase,tutsplus.com
https://twitter.com/home?status=%E3%83%8C%E3%81%91%E3%82%8B%EF%BC%81%E3%80%90%E5%B7%A8%E4%B9%B3%E3%80%91+http%3A%2F%2Fero-video.net%2Ft%2FGL3AjY1AcN7miSHO+%E6%A1%9C%E7%94%B0%E4%BD%B3%E5%AD%90%E3%80%80%E5%B7%A8%E4%B9%B3%E3%83%AC%E3%83%BC%E3%82%B9%E3%82%AF%E3%82%A4%E3%83%BC%E3%83%B3+%23ero+%23douga+%23agesage,twitter.com
http://udn.com/news/story/7318/901242-%E9%80%A3%E7%BA%8C%E5%81%B7%E5%BD%A9%E5%88%B8-%E5%A5%B3%E8%B3%8A%E8%A2%AB%E9%80%AE,udn.com
http://unam.mx/enviarAUnAmigo.html?url=http://unam.mx/pagina/es/36/preguntas-frecuentes,unam.mx
http://unity3d.com/sites/default/files/js/js_2Nx_nSkPCY2flxiR-iYpfW0Zrymlf31nk5jf4jQ1lSY.js,unity3d.com
http://uproxx.com/dimemag/2015/01/video-kawhi-leonard-stone-face-barack-obama-cracks-bonner-blogging-joke/,uproxx.com
https://userscloud.com/assets/library/icons/fontawesome/assets/css/font-awesome.min.css,userscloud.com
http://variety.com/2015/film/news/cate-blanchett-lesbian-carol-cannes-todd-haynes-women-in-hollywood-1201492632/?replytocom=1297094,variety.com
http://venturebeat.com/2014/08/05/tripit-like-a-real-trip-the-customer-journey-is-not-a-bunch-of-episodes/,venturebeat.com
http://videomega.tv/assets/plugins/jQuery-File-Upload/js/jquery.blueimp-gallery.min.js,videomega.tv
http://vnexpress.net/tin-tuc/giao-duc/tre-kham-pha-khoa-hoc-cong-nghe-bang-tieng-anh-3202333.html,vnexpress.net
http://voyeurhit.com/videos/sdms-891-no-nude-season2-summer-series-officer-working-a-beautiful-older-sister/,voyeurhit.com
http://vz.ru/redir/?source=vz_teasers_main2&id=745168&vzurl=news/2015/5/14/745168.html&exturl=http://www.vz.ru/news/2015/5/14/745168.html&nomain=1,vz.ru
http://watch-series-tv.to/serie/Betrayal_Knows_My_Name_Uragiri_wa_Boku_no_Namae_o_Shitteiru,watch-series-tv.to
http://weathernews.jp/smart/sora_mission/0/glance_opinion.html?missionid=1423437831.19672,weathernews.jp
http://web.de/magazine/politik/trotz-bnd-affaere-haelt-thomas-de-maiziere-amt-30616688,web.de
http://web.tv/liveCategory/10/language/1/index/changeLanguage/newshared/searchAutoComplete,web.tv
http://weheartit.com/entry/147661151?utm_campaign=share&utm_medium=image_share&utm_source=tumblr,weheartit.com
http://wikimapia.org/32988041/fa/%D9%85%D9%86%D8%B2%D9%84-%D8%B4%D8%AE%D8%B5%DB%8C-%D8%AF%D8%A7%D9%88%D8%AF-%D8%B1%D9%88%D8%AD%DB%8C,wikimapia.org
http://wikiwiki.jp/sample/?%BA%B9%CA%AC%A4%AB%A4%E9%A5%C7%A1%BC%A5%BF%A4%F2%CC%E1%A4%B9,wikiwiki.jp
https://wmaraci.com/forum/sosyal-medya-ticareti/sosyal-medya-blog-paylasimi-yapacak-editor-araniyor-234692.html,wmaraci.com
https://wordpress.org/showcase/associated-students-inc-sacramento-state-university/,wordpress.org
http://worldoftanks.ru/b4r/877/go?to=http://worldoftanks.ru/ru/news/pc-browser/11/team_battle_missions/,worldoftanks.ru
http://wpengine.com/2015/04/06/security-support-give-web-agency-atilus-peace-of-mind-case-study/,wpengine.com
http://xhamster.com/movies/4563447/we_need_to_train_your_ass_for_a_real_black_cock.html,xhamster.com
http://xossip.com/forumdisplay.php?s=1a0185aef96dc82d1f523a00d7134802&f=4&sort=dateline,xossip.com
http://xueqiu.com/n/%E9%BB%91%E7%90%83%E5%A4%A7%E5%B8%9D%E7%80%9A%E6%BC%A0%E6%8A%95%E8%B5%84,xueqiu.com
http://xvideo-jp.com/archives/category/%e5%90%89%e5%b7%9d%e3%81%82%e3%81%84%e3%81%bf,xvideo-jp.com
http://yourlust.com/videos/marvin-from-columbia-buy-prostitute-and-she-give-shim-blowjob.html,yourlust.com
http://zozo.jp/shop/actuel/?price=proper&p_ssy=2015&p_ssm=5&p_ssd=13&p_sey=2015&p_sem=5&p_sed=13&dstk=2,zozo.jp
http://1337x.to/torrent/318051/American-Idol-S11E21-10-Finalists-Compete-HDTV-XviD-FQM-ettv/,1337x.to
http://189.cn/dqmh/tianyiMall/searchMallAction.do?method=shopPhone&cityCode=fj&shopId=10014&pinpai=%E8%8B%B9%E6%9E%9C,189.cn
http://2gis.ru/moscow/search/%D0%9F%D0%BE%D0%B5%D1%81%D1%82%D1%8C/tab/firms/zoom/11,2gis.ru
https://500px.com/photo/14969907/tenerife-colors-by-tristan-shu?from=set&set_id=316267,500px.com
http://9gag.tv/p/a9pAGe/what-would-you-do-bike-theft-white-black-guy-pretty-girl-witnesses-experiment,9gag.tv
http://abc.go.com/shows/the-bachelorette/video/britt-nilsson-season-19-bachelor-highlights/VDKA0_p0u3ixdj,abc.go.com
http://abcnews.go.com/International/us-helicopter-missing-nepal-earthquake-trace/story?id=31023391,abcnews.go.com
https://ahrefs.com/content-explorer/overview/v3/table/all/all/1/twitter_desc?topic=site%3Awww.boredpanda.com,ahrefs.com
http://akhbarelyom.com/news/newdetails/411458/1/%D8%AC%D9%86%D8%A7%D9%8A%D8%A7%D8%AA-%D8%A7%D9%84%D9%85%D9%86%D9%8A.html,akhbarelyom.com
http://alfalfalfa.com/tag/%E3%82%A4%E3%83%B3%E3%82%BF%E3%83%BC%E3%83%8D%E3%83%83%E3%83%88,alfalfalfa.com
http://aljazeera.net/programs/behindthenews/2015/5/7/%D8%AA%D8%AF%D8%A7%D8%B9%D9%8A%D8%A7%D8%AA-%D8%B6%D9%85-%D8%A7%D9%84%D9%86%D8%AE%D9%8A%D8%A8-%D8%B9%D9%84%D9%89-%D8%A3%D9%85%D9%86-%D8%A7%D9%84%D8%B3%D8%B9%D9%88%D8%AF%D9%8A%D8%A9,aljazeera.net
http://allegro.pl/ciaza-i-macierzynstwo-78013?limit=180&order=m&string=%7Bstring%7D&bmatch=seng-v10-p-sm-pers-isqm-chl-moda-0414,allegro.pl
http://allrecipes.com/Recipe/Baked-Teriyaki-Chicken/Detail.aspx?evt19=1&referringHubId=1,allrecipes.com
http://alwafd.org/ad/www/delivery/avw.php?zoneid=11&cb=INSERT_RANDOM_NUMBER_HERE&n=afc8025c,alwafd.org
http://ameblo.jp/summary/keyword/%E3%82%B7%E3%83%B3%E3%83%97%E3%83%AB%E3%82%BB%E3%83%83%E3%83%88,ameblo.jp
http://anandtech.com/show/9199/lg-announces-the-g4-5-5-inch-qhd-with-snapdragon-808,anandtech.com
http://anysex.com/albums/174/with-a-head-full-of-sexual-thoughts-i-thought-i-would-share-them-with-you-if-you-re-interested/,anysex.com
http://ap.org/Content/Press-Release/2013/War-photography-then-and-now-A-discussion-with-the-AP-at-the-Newseum,ap.org
https://archive.org/details/universallibrary?and[]=mediatype:texts&sort=-publicdate,archive.org
http://archiveofourown.org/tags/Jonathan%20Strange%20*a*%20Mr*d*%20Norrell%20-%20All%20Media%20Types/works,archiveofourown.org
http://arstechnica.com/science/2015/04/falcon-9-successfully-lifts-off-will-it-land/,arstechnica.com
http://askubuntu.com/questions/482438/having-an-issue-with-ubuntu-on-my-samsung-chromebook,askubuntu.com
http://atwiki.jp/wiki/%E6%93%AC%E4%BA%BA%E3%82%AB%E3%83%AC%E3%82%B7%20sing%20rain%20day%20%E5%A5%87%E4%BA%BA,atwiki.jp
http://auto.ru/cars/bmw/1er/all/?search%5Bstate%5D=1&search%5Bperiod%5D=0&search%5Bcustom%5D=1&search%5Bsection_id%5D=0&search%5Bmark%5D%5B0%5D=30&search%5Bmark-folder%5D%5B0%5D=30-4277_2708,auto.ru
http://avxhome.se/comics/batman_-_arkham_knight_004_2015_digital_print_version.html,avxhome.se
http://b9dm.com/index.php/video/show/cid/5/time/0/order/index.php/video/show/cid/56/order/2,b9dm.com
http://babal.net/games/view/731/%D8%A7%D9%84%D8%B9%D8%A7%D8%A8-%D8%A7%D9%84%D9%82%D8%B7%D8%B7-%D8%A7%D9%84%D8%B4%D9%82%D9%8A%D8%A9,babal.net
http://bankmellat.ir/ScriptResource.axd?d=yTUole7GAiBEW1V_KKPHJO8ATE028o-vqcx9cJ7011tR0O9dulJ9VkuQSsjzpXA3O19ZafX4Hg_20-JQCql14t-8xI1qbjADKSF-SaWxS8mfuujiIVDeiZ0Rys4GWLB1ZWSRlmPrzy8oJHVD2G2xQA2&t=ffffffffa526678b,bankmellat.ir
http://bdnews24.com/science/2015/04/30/a-pigeon-size-dinosaur-with-bat-wings-strange-but-true,bdnews24.com
http://bestblackhatforum.com/Thread-%E2%9C%AA%E2%9C%AA%E2%9C%AA-Earn-70-day-After-10-Days-Solo-Ads-Business-Guarantee-Results-Only-10-Seats-AVAILABLE?page=3,bestblackhatforum.com
http://bgr.com/2012/03/27/digital-music-sales-grew-8-in-2011-now-total-31-of-industry-revenue/,bgr.com
http://bigcinema.tv/tag/%D0%B8%D1%80%D0%BE%D0%BD%D0%B8%D1%87%D0%B5%D1%81%D0%BA%D0%B8%D0%B9,bigcinema.tv
https://bitbucket.org/tortoisehg/thg/issue/869/tortoisehg-nautilus-doesnt-work-at-all,bitbucket.org
http://bleacherreport.com/articles/2316358-ravens-vs-steelers-latest-odds-and-stat-predictions-for-top-fantasy-stars,bleacherreport.com
http://bluegape.com/travel/scorpion25/places-i-wish-to-visit-before-turning-30/1.8em,bluegape.com
http://bmi.ir/wEPDwUJODU5NTc0MDkwD2QWAmYPZBYCAgMPZBYCAgEPZBYCAgEPZBYCAgEPZBYCAgEPFgIeBFRleHQFOtii2LHZhSDYqNin2YbZgyDZhdmE2Yog2Ygg2obZhtivINin2LXZhNin2K0g2q/Ysdin2YHZitmD2YpkZJYmMnzHr5Vj95eHvEgXfiu6ML2f,bmi.ir
http://bongda88.info/ky-dieu-thai-nhi-14-tuan-tuoi-vo-tay-theo-nhip-bai-hat-trong-bung-me/,bongda88.info
http://buzzfil.net/article/5404/vdm/incroyables-ces-japonais-arrivent-a-faire-rentrer-5-pick-up-dans-un-conteneur-9.html?href=inner_website,buzzfil.net
http://caixa.gov.br/voce/habitacao/financiamento/aquisicao-terreno-construcao/Paginas/default.aspx,caixa.gov.br
http://censor.net.ua/video_news/335595/my_ispolnyaem_bratskiyi_dolg_gruzinskie_dobrovoltsy_na_peredovoyi_v_shirokino_rasskazali_pochemu_voyuyut,censor.net.ua
https://chaturbate.com/tipping/spy_on_private_show_tokens_per_minute/allissonhotbb/,chaturbate.com
http://cheezburger.com/8491886848/trolling-zat-not-le-eiffel-tower?ref=whatspopularvotes,cheezburger.com
http://ck101.com/forum.php?mod=misc&action=recommend&do=subtract&tid=2476480&hash=b5160424,ck101.com
http://clien.net/cs2/bbs/board.php?bo_table=cm_iphonien&sca=%5B%EC%82%AC%EC%9A%A9%ED%8C%81%5D,clien.net
http://coccoc.com/vi/news/nha-nha-mot-doi-thu-canh-tranh-voi-google-maps-tai-viet-nam-vua-duoc-ra-mat-tren-kho-ung-dung-ios,coccoc.com
http://codecanyon.net/item/accordion-for-layers-wordpress-theme/full_screen_preview/11183315,codecanyon.net
http://codepen.io/shaman_tito/blog/how-to-create-a-cross-browser-favicon-for-your-html5-website,codepen.io
http://comicbook.com/2015/05/14/arrow-easter-eggs-and-dc-comics-references-in-my-name-is-oliver-/,comicbook.com
http://conservativetribune.com/victory-this-huge-sponsor-is-publicly-defending-phil-robertson/,conservativetribune.com
http://cookpad.com/login?rt=%2Fcategory%2Frecommend%2F66%3Frt%3D%252Fcategory%252F66,cookpad.com
http://correios.com.br/para-voce/correios-de-a-a-z/spe-sistema-de-postagem-eletronica,correios.com.br
http://couchtuner.eu.com/2015/04/the-lizzie-borden-chronicles-s1-e1-acts-of-borden.html,couchtuner.eu.com
http://cox.com/ibill/sign-in.cox?onsuccess=https%3A%2F%2Fcox.com%2Fibill%2Fhome.cox,cox.com
https://creativemarket.com/mucahitgayiran/83407-Art-Equipments-Scene-Generator-V4/screenshots/,creativemarket.com
https://css-tricks.com/lodge/learn-jquery/08-preventdefault-stoppropagation-return-false/,css-tricks.com
http://dantri.com.vn/tet-viet-xa-xu/nhieu-nguoi-viet-o-mien-dong-ukraine-don-tet-khong-tron-ven-1035400.htm,dantri.com.vn
http://deadspin.com/ufc-gets-a-reebok-deal-possibly-no-longer-aestheticall-1665761256,deadspin.com
http://dealnews.com/features/The-Best-and-Worst-Things-to-Buy-in-April/dealnews/json,dealnews.com
http://depositphotos.com/52330913/stock-video-background-colorful-street-decorationmadrid.html,depositphotos.com
http://digg.com/video/adorable-animated-music-video-takes-place-over-slew-of-apple-devices,digg.com
http://diply.com/different-solutions/ranger-cookies-recipe-law-students-wife/106331,diply.com
http://distractify.com/post/related/id/553921a64a0c4b3066c842c5/skip/30/limit/10/back/0,distractify.com
http://doodle.com/de/premium?utm_source=doodle&utm_medium=home&utm_campaign=premiumHome,doodle.com
http://dribbble.com/shots/762317-Textured-Background-Squares?hex=ff9900&list=color&percent=30&variance=50,dribbble.com
http://dropbooks.tv/search/index/word:%E3%83%AD%E3%83%BC%E3%82%BC%E3%83%B3%E3%83%A1%E3%82%A4%E3%83%87%E3%83%B3/term:no/page:2,dropbooks.tv
http://duckduckgo.com/d.js?q=Hardware%20restriction&t=A&l=wt-wt&p=1&s=0&dl=en&ct=CA,duckduckgo.com
http://ecnavi.jp/redirect/?url=http://click.j-a-net.jp/161196/524919/UI%user_id%IT57242FR15,ecnavi.jp
http://eenadu.net/Specialpages/ruchulu/Ruchuluinner.aspx?qry=tiffins_snacks-117032015-02,eenadu.net
https://eksisozluk.com/?q=ek%c5%9fi%20s%c3%b6zl%c3%bck%20kullan%c4%b1m%20ko%c5%9fullar%c4%b1%2f1,eksisozluk.com
http://elcomercio.pe/casa-y-mas/ideas-y-diseno/artista-usa-llaves-y-monedas-viejas-crear-estos-objetos-noticia-1810284?ref=portada_casa-y-mas&ft=mod_losmas&e=nota_1,elcomercio.pe
https://elevenia.co.id/login.do?returnURL=%2Fproduct%2FMyProductQnaAction%2FupdatePrdQnaCnt.do&isSSL=Y,elevenia.co.id
http://elitedaily.com/sports/5-reasons-why-washington-wizards-championship-contenders-video/1023188/,elitedaily.com
http://elwatannews.com/content/css/style?v=Fr4M_FmcdmQiZECrnJfW3sMQbRWjDm-8tK8EqlDdZ-g1,elwatannews.com
http://emgn.com/entertainment/when-riina-found-out-that-her-dog-was-terminally-ill-she-did-something-truly-amazing/,emgn.com
http://ero-advertising.com/blog/eroadvertising-is-announcing-a-fully-renewed-website,ero-advertising.com
http://ero-video.net/js/flowslider.jquery.js?sbuf=b9a116d293b35eb47265f4affc4bac3f7bed7f3c,ero-video.net
http://espn.go.com/college-football/story/_/id/12878199/dennis-norfleet-currently-suspended-not-dismissed-michigan-wolverines,espn.go.com
http://esporte.uol.com.br/futebol/ultimas-noticias/2015/05/09/gremio-elogia-lorenzetti-e-meia-da-u-de-chile-vira-opcao-de-reforco.htm,esporte.uol.com.br
http://europa.eu/about-eu/agencies/regulatory_agencies_bodies/security_agencies/eda/index_en.htm,europa.eu
http://evernote.com/register/?upgrade=plus&itemCode=plus-1year&offer=www_pricing_CTA,evernote.com
http://extratorrent.cc/torrent_download/4189578/Assorted+Magazines+Bundle+-+May+13+2015+%28True+PDF%29.torrent,extratorrent.cc
http://faithtap.com/3016/baby-receives-major-surgery-while-still-inside-the-womb-born-twice/,faithtap.com
http://fanpage.gr/family/pedi/%ce%b2%ce%bb%ce%ad%cf%80%ce%b5%ce%b9-%cf%84%ce%bf%ce%bd-%ce%b5%ce%b1%cf%85%cf%84%cf%8c-%cf%84%ce%bf%cf%85-%cf%83%cf%84%ce%bf%ce%bd-%ce%ba%ce%b1%ce%b8%cf%81%ce%ad%cf%86%cf%84%ce%b7-%ce%b3%ce%b9%ce%b1/,fanpage.gr
http://fazenda.gov.br/divulgacao/agenda/2015/abril/agenda-das-5/agenda-dos-funcionarios-d.a.s-5-09.04.2015/?searchterm=ministro,fazenda.gov.br
http://filehippo.com/jp/download_google_chrome/download/534c8eb6a3f3f6253cb20dc4eaec0aa7/,filehippo.com
http://fishki.net/1530139-podvodnoe-kladbiwe-samoletov-vremen-vtoroj-mirovoj-vojny.html,fishki.net
http://fortune.com/2014/11/06/for-profit-colleges-sue-obama-admin-over-irrational-new-guildelines/,fortune.com
https://foursquare.com/v/%D1%81%D0%B0%D0%B2%D0%B5%D0%BB%D0%BE%D0%B2%D1%81%D0%BA%D0%B8%D0%B9-%D0%B2%D0%BE%D0%BA%D0%B7%D0%B0%D0%BB--savyolovsky-rail-terminal/4bbf8718b492d13a0acea260,foursquare.com
http://gawker.com/5961767/american-music-awards-edm-is-the-hottest-new-thing-in-music,gawker.com
http://genius.com/5030932/Genius-founders-introducing-geniuscom/Crucial-step-forward-in-the-mission-to-annotate,genius.com
http://getpocket.com/signup?mode=socialmode&route=http://getpocket.com/p/pocket-topics/science,getpocket.com
http://giphy.com/services/oembed/?url=http://media.giphy.com/media/U2sRHJWyehtPq/giphy.gif,giphy.com
http://gizmodo.com/one-year-after-the-first-snowden-leak-whats-really-cha-1586213046/all,gizmodo.com
https://www.gov.uk/government/organisations/civil-service-corporate-finance-profession-cfp,gov.uk
http://grantland.com/hollywood-prospectus/songs-of-the-week-lets-speculate-wildly-about-what-frank-oceans-new-lp-will-sound-like/,grantland.com
http://graphicriver.net/item/infographic-vector-elements/6190991?WT.ac=category_thumb&WT.seg_1=category_thumb&WT.z_author=Kilik,graphicriver.net
http://gtbank.com/media-centre/gtbank-in-the-news/14-media/press-releases/532-gtbank-adjudged-2014-african-bank-of-the-year-wins-for-the-2nd-time-in-a-row,gtbank.com
http://h2porn.com/videos/insolent-teen-blows-cock-and-enjoys-warm-jizz-in-her-mouth/,h2porn.com
http://haberler.com/ilahiyat-dekani-ndan-soma-yorumu-uyusturucu-7307635-haberi-yorumlari/,haberler.com
http://haraj.com.sa/__/%D8%AD%D8%B1%D8%A7%D8%AC%20%D8%A7%D9%84%D8%B3%D9%8A%D8%A7%D8%B1%D8%A7%D8%AA,haraj.com.sa
http://hdfcbank.com/personal/products/accounts-and-deposits/current-accounts/merchant-advantage-plus-current-account,hdfcbank.com
http://himado.in/?keyword=%E6%94%BE%E8%AA%B2%E5%BE%8C%E3%81%AE%E3%83%97%E3%83%AC%E3%82%A2%E3%83%87%E3%82%B9,himado.in
http://hollywoodlife.com/2015/05/08/jennifer-lopez-american-idol-hair-half-top-knot/,hollywoodlife.com
https://hootsuite.com/ja-jp/%E3%82%BD%E3%83%AA%E3%83%A5%E3%83%BC%E3%82%B7%E3%83%A7%E3%83%B3/%E3%82%BD%E3%83%BC%E3%82%B7%E3%83%A3%E3%83%AB%E3%82%BB%E3%83%AA%E3%83%B3%E3%82%B0,hootsuite.com
https://housing.com/in/pune/new-projects/5531-mantra-moments-by-mantra-properties-in-moshi,housing.com
http://hubpages.com/topics/sports-and-recreation/hiking-and-camping/campsites-and-hiking-trails/5218,hubpages.com
http://icicibank.com/wealth-management/personal/jetairways-sapphiro-card-overview.page,icicibank.com
http://iconosquare.com/contest/pppy/estore-singapore-colour-my-hari-raya-facebook-photo-contest,iconosquare.com
https://ifttt.com/recipes/165029-keep-a-log-of-the-sms-messages-i-receive-so-i-can-search-them,ifttt.com
http://indianexpress.com/article/opinion/columns/rear-view-how-narasimha-rao-became-pm/,indianexpress.com
http://infospace.com/partners/sdk/xml/serp-layout/serpregion-attribution-shading-2/index.htm,infospace.com
http://ink361.com/app/users/ig-305626649/natandalex/photos/ig-984104433843030506_305626649,ink361.com
https://instagram.com/oauth/authorize?client_id=d9494686198d4dfeb954979a3e270e5e&redirect_uri=http%3A%2F%2Ficonosquare.com&response_type=code&scope=likes+comments+relationships,instagram.com
http://interpark.com/displaycorner/FreeMarket.do?_method=itemCateList&free1=pc&free2=007001011005&free3=item&disp_no=007001011005,interpark.com
http://io9.com/5952017/the-best-way-to-re-interpret-the-ending-to-the-movie-sinister,io9.com
http://irecommend.ru/content/videoregistrator-aliexpress-dvr-6000k-blackbox-full-hd,irecommend.ru
http://isna.ir/fa/news/92070603714/%D8%B1%D9%88%D9%86%D9%85%D8%A7%DB%8C%DB%8C-%D8%A7%D8%B2-%D8%AC%D8%A7%D9%85-%D8%B3%DB%8C%D9%85%DB%8C%D9%86-%D8%B4%DB%8C%D8%B1%D8%AF%D8%A7%D9%84-%D8%AF%D8%B1-%D8%AA%D9%87%D8%B1%D8%A7%D9%86,isna.ir
http://jalopnik.com/attention-suv-drivers-stop-avoiding-potholes-1702336573?utm_source=recirculation&utm_medium=recirculation&utm_campaign=tuesdayPM,jalopnik.com
http://jezebel.com/hillary-clinton-vows-to-address-problems-she-her-husb-1701241476/+LeahBeckmann,jezebel.com
http://jugem.jp/smartphone/pages/fortune_detail.php/?sign=%E7%89%A1%E7%89%9B%E5%BA%A7,jugem.jp
http://kakaku.com/camera/remote-shutter/ranking_1083/pricedown/div-gpt-ad-k/header_text,kakaku.com
http://katproxy.com/empire-cast-original-soundtrack-from-season-1-of-empire-deluxe-2015-mp3-vbuc-t10326875.html,katproxy.com
http://kenh14.vn/musik/khanh-ly-nghen-ngao-khi-nhac-ve-chong-qua-co-20150514114027661.chn,kenh14.vn
http://khabaronline.ir/(X(1)S(0vpjhjtd02z3pdvgdfyukshr))/detail/416425/ict/hardware,khabaronline.ir
http://kickass.to/leopard-raws-hibike-euphonium-06-raw-kbs-1280x720-x264-aac-mp4-t10637650.html,kickass.to
http://kienthuc.net.vn/tin-tuc/nhung-truong-dai-hoc-xa-hoa-quy-tu-toan-con-nha-giau-1-491338.html,kienthuc.net.vn
http://kizi.com/videos/girl-in-a-country-song-tyler-ward-megan-nicole-holiday-remix-my-country-nation,kizi.com
http://kotaku.com/people-are-scamming-walmart-with-bogus-cheap-ps4-listin-1660150939/module/,kotaku.com
https://lastpass.com/index.php?&ac=1&from_uri=%2Fsess.php&fromwebsite=1&newvault=1&nk=1&nk=1,lastpass.com
http://lifehacker.com/5985565/how-and-why-to-intentionally-set-yourself-up-for-failure,lifehacker.com
http://likemag.com/es/la-forma-que-tiene-esta-nina-de-calmar-su-hermanita-recien-nacida-es-lo-mas-dulce-que-veras-hoy,likemag.com
http://livestream.com/reset_password/new?post_action%5Baction%5D=root&post_action%5Bpopup%5D=&post_action%5Bredirect%5D=http%3A%2F%2Flivestream.com%2F,livestream.com
http://livetv.sx/bg/lenta/35231_oficialno_lk_obavi_pred_sportalbg_koga_she_kazhe_dali_cska_i_levski_vzimat_licenz/,livetv.sx
http://mangafox.me/manga/yugawara_kun_wa_ooyamada_danshi_koukou_de_moteru_houhou_o_kangaeteita_ga/,mangafox.me
http://marvel.com/news/movies/23549/captain_marvel_soars_into_the_marvel_cinematic_universe,marvel.com
http://mashable.com/people/sandra-gonzalez/2015/05/11/once-upon-a-time-season-4-finale-recap,mashable.com
http://maybank2u.com.my/mbb_info/m2u/public/promoChannel.do?cntTypeId=1&channelId=PRO-Promotions&programId=PRO13-MaybankardPlatinum&chCatId=/mbb/Personal/PRO-Promotions,maybank2u.com.my
http://mediaset.it/rete4/ditelavostra/risultati/12/i-viaggi-di-donnavventura.shtml?page=,mediaset.it
https://medium.com/@roem/heartbreaking-maddening-6a0ca2cc0ce2?source=has-recommended,medium.com
http://megogo.net/ru/news/view/1840361-v-yemene-nachalsya-rezhim-prekrashcheniya-ognya.html,megogo.net
http://mentalfloss.com/article/62285/how-brilliant-intelligence-officer-used-monopoly-free-wwii-pows,mentalfloss.com
http://metro.co.uk/2015/05/12/in-japan-they-love-ramen-noodles-so-much-they-bathe-in-them-5193196/,metro.co.uk
http://mic.com/articles/117628/this-scientific-study-of-17-904-songs-just-revealed-the-most-important-genre-in-history,mic.com
http://mirtesen.ru/url?e=simple_click&blog_post_id=43211148088&url=http%3A%2F%2Fvaryarukodelnitsa.ru%2Fblog%2F43211148088%2FSHveynyie-hitrosti,mirtesen.ru
http://mixi.jp/share.pl?u=http://alfalfalfa.com/articles/117915.html&k=e09afc106e473491952cfe324aa83aabe5b07446,mixi.jp
http://momoshop.com.tw/category/LgrpCategory.jsp?l_code=2110700000&Area=tooth&FTOOTH=21&mdiv=1000900000-bt_5_023_06&ctype=B,momoshop.com.tw
http://motherless.com/credits/send?u=switches&back=http://motherless.com/m/switches,motherless.com
http://motthegioi.vn/kinh-te/doi-cho/thit-noi-khoc-rong-vi-bi-thit-ngoai-de-bep-tren-san-nha-188028.html,motthegioi.vn
http://moviepilot.com/quizzes/2015/03/11/which-star-wars-character-are-you--3-2771568,moviepilot.com
http://myegy.to/UndergroundMusic/219494/Bruno_Mars_In_Unorthodox_Jukebox_Full_Album,myegy.to
http://mylust.com/videos/105313/my-well-stacked-arabian-wife-gets-her-sugar-snatch-nailed/,mylust.com
https://myspace.com/fiveminutestothestage/video/walk-the-moon-five-minutes-to-the-stage/109767466,myspace.com
http://nesn.com/2015/05/carl-willis-red-soxs-rotation-needs-to-know-pitch-to-its-strengths-video/,nesn.com
http://nguyentandung.org/hag-hoi-phuc-sau-tin-chu-tich-mua-co-phieu-co-phieu-o-to-tang-manh.html,nguyentandung.org
http://www.nhs.uk/aboutNHSChoices/aboutnhschoices/termsandconditions/Pages/commentspolicy.aspx,nhs.uk
http://noticias.uol.com.br/cotidiano/ultimas-noticias/2014/11/26/por-r-150-coletor-de-agua-de-chuva-ajuda-a-reduzir-conta-pela-metade.htm,noticias.uol.com.br
http://nymag.com/thecut/2015/02/sjp-definitely-unafraid-of-this-icy-puddle/slideshow/2012/07/23/sarah_jessica_parkerlookbook,nymag.com
http://nypost.com/2015/05/11/new-yorkers-life-spans-improved-during-bloombergs-tenure-study/,nypost.com
http://olx.co.id/q-%7Bq%7D/kalimantan-barat?utm_source=google&utm_medium=search&utm_campaign=search_organic&mappingUrl=1,olx.co.id
http://olx.in/hi/all-results/q-%7Bq%7D/?utm_source=google&utm_medium=search&utm_campaign=search_organic&page=10,olx.in
http://olx.pl/i2/motoryzacja/opony-felgi/pozostale/motoryzacja/opony-felgi/pozostale,olx.pl
http://olx.ro/i2/mama-si-copilul/haine-incaltaminte-copii/haine-gravide/mama-si-copilul/haine-incaltaminte-copii/haine-gravide,olx.ro
http://olx.ua/uk/list/q-%D1%84%D1%83%D1%82%D0%B1%D0%BE%D0%BB%D0%BA%D0%B0/bIE64RPKp0urlDE3vSbHw8dRLeUY1kOFK2_KOEmw9UT.A7,olx.ua
http://onedio.com/haber/turkiye-televizyonlara-damgasini-vuran-unutulmaz-kavgalar-503024,onedio.com
http://oneplus.net/ca_en/support/answer/when-will-the-oneplus-one-be-available-in-my-country,oneplus.net
http://otomoto.pl/maszyny-budowlane/zDfrqTAAJK5c4QL_rZFz4IaA3yhdJmLqx2vQR7MPgD3.m7/gtm.js,otomoto.pl
http://pantip.com/tag/%E0%B8%81%E0%B8%B2%E0%B8%A3%E0%B8%9E%E0%B8%B1%E0%B8%92%E0%B8%99%E0%B8%B2%20Desktop%20Application,pantip.com
http://patch.com/new-hampshire/bedford-nh/bedford-police-help-out-body-recovery-manchester,patch.com
https://paytm.com/blog/our-new-paytm-wallet-features-are-here-transfer-money-online-or-deposit-cash/,paytm.com
http://pchome.com.tw/counter/590*http://www.photofast.com.tw/default.asp?cpurl=pchome,pchome.com.tw
http://pelis24.com/peliculasvose/17065-marvel-agentes-de-shield-agentes-de-shield-2x01-shadows-2013-online.html,pelis24.com
http://perezhilton.com/2015-05-13-guess-the-celeb-bella-hadid-sexy-stewardess-hair-extensions/?from=readmore_perezhilton&,perezhilton.com
http://persianblog.ir/tags/111/11/%da%a9%d8%a7%d9%85%d9%be%db%8c%d9%88%d8%aa%d8%b1/,persianblog.ir
http://pikabu.ru/story/ot_nyutona_do_yeynshteynovskoy_spetsialnoy_teorii_otnositelnosti_3103926,pikabu.ru
http://pinterest.com/pin/create/button/?url=http%3A%2F%2Fwww.ria.ru%2F&description=%D0%A0%D0%98%D0%90%20%D0%9D%D0%BE%D0%B2%D0%BE%D1%81%D1%82%D0%B8%20(rianovosti)%20on%20Pinterest,pinterest.com
http://pitchfork.com/features/update/9618-perennially-contentious-the-return-of-faith-no-more/,pitchfork.com
http://plarium.com/en/strategy-games/total-domination/news/engage-hostiles-feature/,plarium.com
http://popupads.ir/blog/wp-content/themes/all-tutorial/js/jquery.lightbox-0.5.min.js,popupads.ir
http://pornsharing.com/thick-ass-rose-red-tyrell-does-the-splits-with-no-panties_v78320,pornsharing.com
https://prezi.com/support/article/sharing/sharing-and-setting-the-privacy-state-of-your-prezis/,prezi.com
https://privatbank.ua/ua/business/universalnyje-reshenija/prijem-platezhej-ot-naselenija/,privatbank.ua
http://putlocker.is/watch-turn-washingtons-spies-tvshow-season-2-episode-6-online-free-putlocker.html,putlocker.is
https://quizlet.com/sign-up?redir=https%3A%2F%2Fquizlet.com%2Flogin%3Fredir%3D%252F6396803%252Frecreate-set%252Fnew,quizlet.com
http://qz.com/389339/mark-zuckerberg-explains-his-distinct-visions-for-whatsapp-and-messenger/,qz.com
http://ringring.vn/viet-huong-khoc-nac-khi-thay-cau-be-bi-xe-can-qua-nguoi-117512.html,ringring.vn
http://rocketnews24.com/2009/07/16/%e7%be%8e%e3%81%97%e3%81%99%e3%81%8e%e3%82%8b%e5%a5%b3%e5%88%91%e5%8b%99%e5%ae%98%e3%81%8c%e4%b8%8d%e5%bd%93%e8%a7%a3%e9%9b%87%ef%bc%9f/,rocketnews24.com
http://rozetka.com.ua/notebook-bags/c80036/Catalog/computers-notebooks/computers-notebooks-accessories/notebook-bags,rozetka.com.ua
http://rt.com/in-vision/parade-rehearsal-moscow-victory/red-tower-background-moscows/,rt.com
http://say-move.org/comesearch.php?q=%E3%82%A2%E3%82%A4%E3%83%89%E3%83%AB%E3%83%9E%E3%82%B9%E3%82%BF%E3%83%BC&mode=tag&p=1,say-move.org
http://sberbank.ru/ru/person/bank_cards/debet/uek/pro100/ru/person/bank_cards/help/,sberbank.ru
http://screencast.com/ScriptResource.axd?d=TaWbhFgPoIYUMbyhR2Mrb9gp7_vQlT8kyH7XcAAmaqLJN4VTk20q1ETjhc9KgWwp2gIPXbPcgenx9cwABWnIOKhKwQqmH7cyA_dXiow00zXxM5Lo0&t=3a1336b1,screencast.com
http://screenrant.com/pitch-perfect-2-story-details-elizabeth-banks/?replytocom=1211209,screenrant.com
http://searchengineland.com/advertisers-reporting-big-google-adwords-quality-score-declines-217574,searchengineland.com
http://searchengines.guru/forumdisplay.php?f=60&daysprune=-1&order=asc&sort=lastpost&pp=25&page=1,searchengines.guru
http://seasonvar.ru/serial-11268-Velikie_tajny_quotKorallovogo_treugol_nikaquot.html,seasonvar.ru
http://seekingalpha.com/article/3173596-cleco-merger-arbitrage-offers-low-risk-13-percent-annualized-return,seekingalpha.com
http://seesaawiki.jp/w/staff_wiki/d/%a5%b2%a1%bc%a5%e0%a5%b3%a5%de%a5%f3%a5%c9%a4%f2%c6%fe%ce%cf%a4%b9%a4%eb,seesaawiki.jp
http://serverfault.com/questions/610255/issues-with-kerberos-trying-to-log-on-samba-4-active-directory-domain-controller,serverfault.com
http://sfglobe.com/2015/04/16/he-bravely-goes-on-ellen-to-discuss-his-160lb-weight-loss-story/,sfglobe.com
http://shareba.com/module/pages/static/jscript/cpages.js?v=1bdefddca5f39810cfb31de087fe3c88,shareba.com
http://shop-pro.jp/magazine/wp-content/plugins/contact-form-7/includes/js/scripts.js?ver=4.1.1,shop-pro.jp
http://skyrock.com/videos/eDJubHpjazoxMw==-Clash-Bigflo-Vs-Oli-en-live-dans-Planete-Rap.html?top=3&period=monthly,skyrock.com
http://slashdot.org/submission/4407111/the-internet-of-things-will-swamp-the-clouds-capabilities,slashdot.org
http://slickdeals.net/f/7855923-used-space-heaters-1500w-dr-infrared-portable-heater-w-remote-31-amp-more,slickdeals.net
http://smallseotools.com/blog/how-to-get-your-current-e-commerce-customers-to-purchase-more/,smallseotools.com
https://soundcloud.com/irichhomiequan/rich-homie-quan-flex-prod-by-dj-spinz-x-nittibeatz,soundcloud.com
http://sourceforge.net/directory/development/add_facet_filter?facet=developmentstatus&constraint=1+-+Planning,sourceforge.net
http://spankbang.com/56gn/video/sexy+horny+tattooed+babe+lets+boyfriend+fuck+her+hard+on+homemade+video,spankbang.com
http://sprint.com/webcontent/components/shop/planwall/unlimited-family-details.html,sprint.com
http://sputniknews.com/voiceofrussia_uk/2014_10_20/UK-Politics-Can-Labour-recreate-its-election-success-of-40-years-ago-7105/addEventListener/attachEvent,sputniknews.com
http://squarespace.com/press/2014/5/22/website-building-platform-squarespace-raises-another-40-million,squarespace.com
http://stackexchange.com/newsletters/newsletter?site=christianity.stackexchange.com,stackexchange.com
http://stackoverflow.com/questions/45494/mysql-error-1093-cant-specify-target-table-for-update-in-from-clause,stackoverflow.com
http://steamcommunity.com/workshop/filedetails/discussion/441407250/620712999990000297/,steamcommunity.com
http://subscene.com/subtitles/heard-it-through-the-grapevine-heard-it-as-a-rumor-i-heard-a-rumor--poongmooneuro-deuleoss-so/english/1115192,subscene.com
http://superuser.com/questions/849430/building-first-pc-in-7-years-some-confusion-hooking-up-case-i-o-connectors,superuser.com
http://syosetu.com/searchuser/search/index.php?name1st=%E3%81%BB&all=1&all2=1&all3=1&all4=1&p=10,syosetu.com
http://taboola.com/sites/default/files/js/js_EJfCZ52_7IAOsN4g4Q7frrbi9LcBERvKbsCyzUp2Jss.js,taboola.com
http://techcrunch.com/2015/05/04/box-ceo-aaron-levie-on-boxs-multi-pronged-growth-strategy/,techcrunch.com
http://teespring.com/de?c1=GAW_SE_NW&cr5=14920009505&kw=fundraiser_t_shirt_phm&source=USA,teespring.com
http://telegraf.com.ua/anekdots/1886289-luchshie-anekdotyi-dlya-prekrasnogo-nastroeniya-2.html,telegraf.com.ua
http://thechive.com/podcast/mark-paul-gosselaar-joins-thechive-hq-today-for-a-special-podcast/,thechive.com
http://themeforest.net/item/origin-creative-one-page-slant-wordpress-theme/full_screen_preview/11253051,themeforest.net
http://thenextweb.com/in/2014/11/13/uber-introduces-paytm-digital-wallet-payments-india-response-new-e-commerce-ruling/gtm.js/gtm.js,thenextweb.com
http://tinnhanh360.net/con-duong-sa-chan-lam-gai-ban-d-am-cua-sinh-vien-that-nghiep.html,tinnhanh360.net
http://tinypic.com/join.php?utm_source=header&utm_medium=button&utm_campaign=join_button,tinypic.com
http://tobogo.net/cdsb/board.php?board=comic&bm=view&no=223&category=&auth=&page=1&search=&keyword=&recom=,tobogo.net
http://torcache.net/torrent/06EFE3167E4C8A9D094AD2F5246F3942BBAF0833.torrent?title=[kickass.to]hot.tub.time.machine.2010.720p.bluray.x264.nezu,torcache.net
http://torrentdn.com/bbs/s.php?bo_table=torrent_tv&wr_id=83638&k=%EB%83%84%EC%83%88%EB%A5%BC%2B%EB%B3%B4%EB%8A%94%2B%EC%86%8C%EB%85%80&page=1,torrentdn.com
http://tsite.jp/r/cpn/nissen/pre/index.html?utm_source=pre&utm_medium=shorturl&utm_campaign=0016332,tsite.jp
http://tune.pk/video/6051029/pehli-baar-video-song-dil-dhadakne-do-ranveer-singh-anushka-sharma-t-series,tune.pk
http://tunein.com/radio/Spain--Prim---Presented-by-espnW-p678231/15480783/ca-pub-1542925551861702/ProgramTopBanner,tunein.com
http://tutsplus.com/courses/30-days-to-your-first-website-design/lessons/footer-section,tutsplus.com
http://twitter.com/share?url=http%3A//giphy.com/posts/all-around-the-world-the-best-gifs-from-britney-spears-new-mv-pretty-girls?tc=1&via=giphy,twitter.com
http://udn.com/news/story/7002/840880-2015%E5%AD%A3%E5%BE%8C%E8%B3%BD%E5%B0%8D%E6%88%B0%E8%A1%A8%E2%94%80%E8%A5%BF%E5%8D%80,udn.com
http://unity3d.com/sites/default/files/css/css_8KHZZ2KGXCo2aWkD46uFIjvESZUAFKgp6kok3_KWznY.css,unity3d.com
http://uproxx.com/dimemag/2015/05/michael-jordan-has-a-new-gatorade-commercial-to-get-you-hyped/,uproxx.com
https://userscloud.com/assets/css/admin/module.admin.stylesheet-complete.layout_fixed.true.min.css,userscloud.com
http://variety.com/2014/film/news/david-oyelowo-to-star-with-lupita-nyongo-in-americanah-exclusive-1201377306/,variety.com
http://venturebeat.com/2015/02/27/vlc-gets-first-major-release-across-windows-mac-linux-android-ios-windows-phone-windows-rt-and-android-tv/,venturebeat.com
http://vnexpress.net/tin-tuc/oto-xe-may/hai-oto-dam-nhau-vi-su-lieu-linh-cua-xe-may-3210715.html,vnexpress.net
http://voyeurhit.com/videos/hidden-web-camera-clinic-in-massage-room-two-hidden-camera-in-clinic-massage-room-47-03/,voyeurhit.com
http://vz.ru/redir/?source=vz_menu_links&nomain=1&id=745162&vzurl=http://www.vz.ru/news/2015/5/14/745162.html,vz.ru
http://watch-series-tv.to/serie/Ano_Hi_Mita_Hana_no_Namae_wo_Bokutachi_wa_Mada_Shiranai,watch-series-tv.to
http://web.de/magazine/geld-karriere/schuldnerberatung-serioesen-finanzfalle-30189110,web.de
http://web.tv/liveCategory/6/language/1/index/changeLanguage/newshared/searchAutoComplete,web.tv
http://weheartit.com/louisquepariu/collections/92423543-life-couldnt-get-much-sweeter,weheartit.com
http://wikimapia.org/32988083/ar/%D9%85%D9%86%D8%B2%D9%84-%D8%A7%D9%84%D8%A7%D8%B3%D8%AA%D8%A7%D8%B0-%D8%AD%D9%86%D9%81%D9%89-%D9%85%D8%AD%D9%85%D9%88%D8%AF-%D8%A7%D8%A8%D9%88-%D9%83%D8%B1%D9%8A%D9%85,wikimapia.org
http://wikiwiki.jp/sample/?%A5%C7%A5%B6%A5%A4%A5%F3%A5%C6%A5%F3%A5%D7%A5%EC%A1%BC%A5%C8%2Fweb20_simple_blue_z,wikiwiki.jp
https://wmaraci.com/forum/wordpress-tema-onerileri/wp-search-engine-tema-234688.html,wmaraci.com
https://wordpress.org/showcase/future-internet-public-private-partnership-programme/,wordpress.org
http://worldoftanks.ru/ru/content/guide/payments_instruction/megafon-payment-instruction/,worldoftanks.ru
http://wpengine.com/our-difference/automatic-wordpress-backup-and-disaster-recovery-on-wp-engine/,wpengine.com
http://xhamster.com/movies/4578655/casting_of_squirt_mom_in_stocking_hard_sodomized_in_threeway.html,xhamster.com
http://xossip.com/forumdisplay.php?s=1a0185aef96dc82d1f523a00d7134802&f=32&sort=dateline,xossip.com
http://xvideo-jp.com/archives/category/%e3%83%9e%e3%82%b8%e3%83%83%e3%82%af%e3%83%9f%e3%83%a9%e3%83%bc%e5%8f%b7-mm%e5%8f%b7,xvideo-jp.com
http://yourlust.com/videos/busty-japanese-teen-in-yellow-kimono-strips-and-teases.html,yourlust.com
http://zozo.jp/shop/beamswomen/?price=proper&p_ssy=2015&p_ssm=5&p_ssd=13&p_sey=2015&p_sem=5&p_sed=13&dstk=2,zozo.jp
http://1337x.to/torrent/1145373/Spawn-1997-1999-DVDRip-COMPLETE-S01-S03-x264-AC3-5-1-1337x-Noir/,1337x.to
http://189.cn/dqmhSeckill/tianyiMall/newPerfactNumber.do?method=searchFree2Date&freedom=zt_4g&type=6,189.cn
http://2gis.ru/home/jenkins/workspace/release/node_modules/browserify/node_modules/insert-module-globals/node_modules/process/browser.js,2gis.ru
https://500px.com/photo/56839120/city-of-light-by-dragox-photo-?from=set&set_id=1074128,500px.com
http://9gag.tv/p/a5QaGm/this-thinking-out-loud-and-i-m-not-the-only-one-mashup-is-simply-amazing,9gag.tv
http://abc.go.com/shows/shows/general-hospital/%20http:/abc.go.com/shows/once-upon-a-time/episode-guide/season-04/,abc.go.com
http://abcnews.go.com/US/wireStory/found-dead-arizona-home-suspected-murder-suicide-31003828,abcnews.go.com
https://ahrefs.com/content-explorer/overview/v3/table/all/all/1/rank_desc?topic=site:www.boredpanda.com,ahrefs.com
http://akhbarelyom.com/news/newdetails/411519/1/%D8%AE%D8%A8%D9%8A%D8%B1-%D8%B9%D8%B3%D9%83%D8%B1%D9%8A-%D8%A7.html,akhbarelyom.com
http://alfalfalfa.com/tag/%E6%9C%88%E6%97%A5%E7%81%AB%E6%99%82%E5%88%86%E9%85%8D%E4%BF%A1,alfalfalfa.com
http://aljazeera.net/news/scienceandtechnology/2015/5/13/%D8%B3%D9%83%D8%A7%D9%8A%D8%A8-%D8%AA%D8%B7%D9%84%D9%82-%D9%85%D9%8A%D8%B2%D8%A9-%D8%A7%D9%84%D8%AA%D8%B1%D8%AC%D9%85%D8%A9-%D8%A7%D9%84%D9%81%D9%88%D8%B1%D9%8A%D8%A9-%D9%84%D9%84%D9%85%D8%AD%D8%A7%D8%AF%D8%AB%D8%A7%D8%AA-%D9%84%D9%84%D8%AC%D9%85%D9%8A%D8%B9,aljazeera.net
http://allegro.pl/listing/listing.php?bmatch=seng-v10-p-sm-pers-isqm-chl-moda-0414&id=1454&order=q&string=%7Bstring%7D,allegro.pl
http://allrecipes.com/videos/17311/philadelphia-cream-cheese/main.aspx?prop24=VH_Brands,allrecipes.com
http://ameblo.jp/summary/keyword/%E3%82%A2%E3%83%A1%E3%83%AA%E3%82%AB%E5%A4%A7%E9%99%B8,ameblo.jp
http://anandtech.com/show/8840/as-mainstream-as-it-gets-corsair-announces-the-carbine-100r-case,anandtech.com
http://ap.org/Content/AP-In-The-News/2014/AP-names-Josef-Federman-as-Jerusalem-bureau-chief,ap.org
https://archive.org/search.php?query=mediatype:texts&sort=-publicdate&and[]=subject%3A%22%E5%9B%9B%E5%BA%AB%E5%85%A8%E6%9B%B8%22,archive.org
http://archiveofourown.org/tags/The%20Bonny%20Swans%20-%20Loreena%20McKennitt/works,archiveofourown.org
http://arstechnica.com/gaming/2015/05/invisible-inc-review-stylish-sneaking-with-some-tight-time-pressure/?comments=1,arstechnica.com
http://askubuntu.com/questions/596767/how-to-get-rhythmbox-playlist-to-play-correctly-via-rockbox-on-sansa-clip-plus,askubuntu.com
http://atwiki.jp/wiki/%E3%83%90%E3%83%88%E3%83%AB%E3%83%A9%E3%82%A4%E3%83%B3%20%E3%83%8D%E3%83%83%E3%83%88%E5%AF%BE%E6%88%A6,atwiki.jp
http://auto.ru/cars/all/?search%5Bstate%5D=1&search%5Bcustom%5D=1&show_sales=1&output_type=table,auto.ru
http://avxhome.se/software/software_type/multimedia/sound_samples/precisionsound_artificial_d_and_p.html,avxhome.se
http://b9dm.com/index.php/video/show/cid/5/time/0/order/video/video/index.php/video/show/cid/56/order/video/show,b9dm.com
http://babal.net/books/view/774/%D9%85%D8%B9%D9%84%D9%88%D9%85%D8%A7%D8%AA-%D8%B9%D9%86---%D9%83%D8%AA%D8%A7%D8%A8--%D9%83%D8%AA%D8%A7%D8%A8-%D8%A7%D9%84%D9%85%D8%A4%D8%A7%D9%85%D8%B1%D8%A9-%D8%A7%D9%84%D9%83%D8%A8%D8%B1%D9%89,babal.net
http://bankmellat.ir/Public/11/bankmellat/ravabetomoomi/partow/pdf_partow/partow_45_mellat.pdf,bankmellat.ir
http://bdnews24.com/environment/2015/03/22/climate-change-threatens-world-s-iconic-ecosystems,bdnews24.com
http://bestblackhatforum.com/Thread-Earn-0-5-BTC-Daily-Autopilot-Private-Bitcoin-Method-Earn-Guaranteed?action=newpost,bestblackhatforum.com
http://bgr.com/2015/05/13/north-korea-defense-minister-anti-aircraft-gun-execution/,bgr.com
http://bigcinema.tv/tag/%D0%A5%D0%BB%D0%BE%D1%8F%20%D0%A1%D0%B5%D0%B2%D0%B8%D0%BD%D1%8C%D0%B8,bigcinema.tv
https://bitbucket.org/MaksimDmitriev/norootfirewall/src/006f7c33cd1cd4055f372ed3a88664fe2a4be3dd/src/com/norootfw/NoRootFwService.java?at=unix,bitbucket.org
http://bleacherreport.com/articles/2463790-robert-krafts-snapchat-story-shows-his-fallout-with-roger-goodell,bleacherreport.com
http://bluegape.com/relationships/sakshee_joshi/10-things-you-should-do-only-with-your-best-friends/Play/Pause,bluegape.com
http://bmi.ir/App_Themes/Ar/Images/bmi-Ar.swf?url=%2fFa%2fHomePageLogo_Provider.aspx%3fLang%3d2,bmi.ir
http://bongda88.info/02h45-ngay-2901-sheffield-united-vs-tottenham-toi-luc-giant-killers-thanh-nan-nhan/,bongda88.info
http://buzzfil.net/article/4944/lol/voici-un-homme-qui-avait-vraiment-hate-de-divorcer-pour-feter-ca-2.html?href=inner_website,buzzfil.net
http://caixa.gov.br/voce/poupanca-e-investimentos/fundos-investimento/renda-fixa/fi-brasil-irfm-1-titulos-publicos-rf-longo-prazo/Paginas/default.aspx,caixa.gov.br
http://censor.net.ua/video_news/335419/stalin_palach_konfuz_vo_vremya_otkrytiya_esche_odnogo_pamyatnika_stalinu_v_okkupirovannom_krymu_fotoreportajvideo,censor.net.ua
https://chaturbate.com/tipping/spy_on_private_show_tokens_per_minute/antoniamartin1/,chaturbate.com
http://cheezburger.com/8491458048/funny-twitter-emoji-big-lebowski?ref=rightarrow&siteId=49,cheezburger.com
http://ck101.com/forum.php?mod=misc&action=recommend&do=subtract&tid=3256533&hash=b5160424,ck101.com
http://clien.net/cs2/bbs/register.php?url=%2Fcs2%2Fbbs%2Fboard.php%3Fbo_table%3Dimage,clien.net
http://coccoc.com/vi/news/lan-dau-tien-viet-nam-ra-mat-cong-cu-kiem-tra-chinh-ta-tren-internet,coccoc.com
http://codecanyon.net/search?date=this-month&length_max=&length_min=&platform=iOS&price_max=&price_min=&rating_min=&sales=&sort=sales&term=&utf8=%E2%9C%93&view=list,codecanyon.net
http://codepen.io/api/oembed?url=http%3A%2F%2Fcodepen.io%2Fmgmarlow%2Fpen%2FPqZzGR&format=json,codepen.io
http://comicbook.com/2015/05/11/this-super-detailed-lego-millenium-falcon-is-jaw-dropping/?utm_campaign=rbm&utm_medium=toparticle2&utm_source=home,comicbook.com
http://conservativetribune.com/bombshell-whistleblower-comes-forward-to-expose-new-billion-dollar-scandal-in-irs/,conservativetribune.com
http://cookpad.com/login?rt=%2Ftsukurepo%2Fpost%3Fpage_type%3D3%26recipe_id%3D2596485,cookpad.com
http://correios.com.br/para-sua-empresa/exportacao-e-importacao/perguntas-frequentes/receber-objetos-com-origem-internacional,correios.com.br
http://couchtuner.eu.com/2014/01/two-and-a-half-men-s11-e12-baseball-boobs-boobs-baseball.html,couchtuner.eu.com
http://cox.com/residential/support/internet/articles.cox?catId=p2_cox_online_services&catName=Q294IE9ubGluZSBTZXJ2aWNlcw7r2o07r2o0c9o5x&prodId=p1_internet,cox.com
https://creativemarket.com/SalomeNJ/111556-Watercolor-flower-DIY-pack-Vol.3/screenshots/,creativemarket.com
http://css-tricks.com/things-it-might-be-funuseful-to-try-the-universal-selector-on/,css-tricks.com
http://dantri.com.vn/thu-thuat/nhung-ung-dung-tim-dia-diem-an-choi-danh-cho-nguoi-thich-du-lich-1065624.htm,dantri.com.vn
http://deadspin.com/theres-still-nothing-quite-like-a-lebron-james-chasedow-1704166270,deadspin.com
http://dealnews.com/features/Quick-Dirty-Guide-The-Difference-Between-a-Streaming-Stick-Set-Top-Box/1025778.html,dealnews.com
http://depositphotos.com/11959478/stock-illustration-vector-set-of-london-symbols.html,depositphotos.com
http://digg.com/video/mashup-friday-what-marilyn-manson-would-sound-like-if-he-were-in-a-ska-band,digg.com
http://diply.com/Content/static/diply-new-angular/src/css/less/img/ActionText-empty.svg,diply.com
http://distractify.com/post/related/id/5553b0104a0c4b621246c516/skip/50/limit/10/back/0,distractify.com
http://doodle.com/en_GB/premium?utm_source=doodle&utm_medium=home&utm_campaign=premiumHome,doodle.com
https://dribbble.com/shots/1819828-Walle-Finance-App-Android-History-Month-All-Transactions,dribbble.com
http://dropbooks.tv/search/index/word:%E3%82%B3%E3%82%B9%E3%83%97%E3%83%AC/term:no/page:2,dropbooks.tv
http://duckduckgo.com/d.js?q=Intellectual%20property%20activism&t=C&l=wt-wt&p=1&s=0&dl=en&ck=news_intellectual%20property&ct=CA,duckduckgo.com
http://ecnavi.jp/redirect/?url=http://px.a8.net/svt/ejp?a8mat=2HLRVX+9Q2WHE+2FFI+15PEXD&id1=UI%user_id%IT59297FR26,ecnavi.jp
http://eenadu.net/Specialpages/ruchulu/Ruchuluinner.aspx?qry=cakes_bakery13042015-3,eenadu.net
https://eksisozluk.com/eksi-sozluk-kullanim-kosullari--2602576?nr=true&rf=ek%c5%9fi%20s%c3%b6zl%c3%bck%20kullan%c4%b1m%20ko%c5%9fullar%c4%b1%2f1&a=seq&seq=1,eksisozluk.com
http://elcomercio.pe/politica/actualidad/estas-son-10-frases-politicas-que-dejo-semana-noticia-1810056,elcomercio.pe
http://elevenia.co.id/product/ProductQnaReply/insertProductDetailQnaAnswer.do?flag=prdQna,elevenia.co.id
http://elitedaily.com/news/politics/gops-got-99-problems-theyre-hillary-clinton/1006980/,elitedaily.com
http://emgn.com/entertainment/this-artist-creates-mind-boggling-optical-illusion-paintings/,emgn.com
http://ero-advertising.com/blog/eroadvertising-to-introduce-mobile-redirects-with-a-75-pct-revenue-share-for-publishers,ero-advertising.com
http://espn.go.com/blog/jeff-goodman/insider/post/_/id/4899/top-10-transfers-and-complete-transfer-list,espn.go.com
http://esporte.uol.com.br/futebol/campeonatos/copa-do-brasil/ultimas-noticias/2015/05/13/ex-promessa-jean-chera-perde-espaco-no-cuiaba-e-nao-enfrenta-o-vasco.htm,esporte.uol.com.br
http://europa.eu/about-eu/agencies/regulatory_agencies_bodies/policy_agencies/eige/index_en.htm,europa.eu
https://evernote.com/intl/de/register?upgrade=premium&itemCode=premium-1year&offer=www_pricing_CTA,evernote.com
http://extratorrent.cc/torrent/4190584/Antivirus+Pro+-+Android+Security+v7.1.00.00.html,extratorrent.cc
http://faithtap.com/3006/kid-with-cerebral-palsy-was-cheered-by-family-and-classmates/,faithtap.com
http://fanpage.gr/must-watch/%ce%ac%ce%bd%ce%b4%cf%81%ce%b5%cf%82-%ce%ba%ce%b1%ce%b9-%ce%b3%cf%85%ce%bd%ce%b1%ce%af%ce%ba%ce%b5%cf%82-30-%ce%b7%ce%bc%ce%ad%cf%81%ce%b5%cf%82-%cf%87%cf%89%cf%81%ce%af%cf%82-%ce%be%cf%85%cf%81%ce%b1/,fanpage.gr
http://fazenda.gov.br/divulgacao/agenda/2014/setembro/segunda-feira-29-de-setembro-de-2014/?searchterm=agenda,fazenda.gov.br
http://filehippo.com/es/download_wireshark_32/download/2b224f523422550d045d03994b35396e/,filehippo.com
http://fishki.net/1526766-kapello-zajavil-o-bezumii-prezidenta-rfs.html?mode=recent,fishki.net
https://fortune.com/2014/08/13/cisco-tops-earnings-estimates-but-slashes-6000-jobs/,fortune.com
https://foursquare.com/v/%D0%BC%D0%B5%D0%B6%D0%B4%D1%83%D0%BD%D0%B0%D1%80%D0%BE%D0%B4%D0%BD%D1%8B%D0%B9-%D0%BC%D1%83%D0%BB%D1%8C%D1%82%D0%B8%D0%BC%D0%B5%D0%B4%D0%B8%D0%B9%D0%BD%D1%8B%D0%B9-%D0%BF%D1%80%D0%B5%D1%81%D1%81%D1%86%D0%B5%D0%BD%D1%82%D1%80/4db6aa05f7b121c29f767884,foursquare.com
http://gawker.com/surveillance-video-shows-nypd-officer-shooting-hammer-w-1704268158,gawker.com
http://genius.com/2990084/Us-general-services-administration-gsa-mentor-protege-program-subpart-51970/Incentives-for-prime-contractors,genius.com
http://getpocket.com/signup?mode=socialmode&t=1&route=http://getpocket.com/p/pocket-topics/design,getpocket.com
http://giphy.com/services/oembed/?url=http://media.giphy.com/media/6DUdvgpZurqwM/giphy.gif,giphy.com
http://gizmodo.com/the-secretive-scheming-world-of-skyscraper-spire-desig-1703978377,gizmodo.com
https://www.gov.uk/government/organisations/civil-service-government-social-research-profession,gov.uk
http://grantland.com/features/how-universal-soldier-series-became-weirdest-most-indestructible-film-franchise-our-time/,grantland.com
http://graphicriver.net/search?category=infographics&date=this-month&length_max=&length_min=&price_max=&price_min=&rating_min=&sales=&sort=sales&term=&utf8=%E2%9C%93&view=list,graphicriver.net
http://gtbank.com/personalbanking/products/current-accounts/individual-current-account,gtbank.com
http://h2porn.com/videos/girls-out-west-hairy-nerdy-amateur-masturbates-with-vibrator/,h2porn.com
http://haberler.com/uefa-6-super-lig-kulubune-lisans-vermedi-7307041-haberi-yorumlari/,haberler.com
http://haraj.com.sa/tags/%D8%A8%D9%8A%20%D8%A7%D9%85%20%D8%AF%D8%A8%D9%84%D9%8A%D9%88,haraj.com.sa
http://hdfcbank.com/personal/products/investments/distribution-of-financial-products,hdfcbank.com
http://himado.in/?sort=today_view_cnt&cat=%E3%82%A8%E3%83%B3%E3%82%BF%E3%83%A1&mode=search,himado.in
http://hollywoodlife.com/2014/07/17/nick-young-nicki-minaj-iggy-azalea-diss-bet-awards-reaction-brushed-it-off/,hollywoodlife.com
https://hootsuite.com/resources/white-paper/Social-Media-Education-The-New-Edge-for-Success,hootsuite.com
https://housing.com/in/mumbai/new-projects/16080-the-epitome-at-imperial-heights-by-radius-developers-in-goregaon-west,housing.com
http://hubpages.com/hub/WW1-Battles-Gallipoli-Campaign-April-25th-1915-January-9th-1916,hubpages.com
http://icicibank.com/Personal-Banking/offers/offer-detail.page?id=offer-bookmyshow-movie-offer-20151803124244560,icicibank.com
http://iconosquare.com/contest/zwg/instagram-contest-for-the-59th-annual-alumni-bbq,iconosquare.com
https://ifttt.com/recipes/8981-if-your-facebook-profile-picture-changes-then-update-your-twitter-profile-picture-too,ifttt.com
http://indianexpress.com/article/trending/follow-me-series-photographer-puts-out-some-truly-stunning-photos-of-india/,indianexpress.com
http://infospace.com/partners/sdk/xml/serp-layout/serpregion-attribution-text/index.htm,infospace.com
http://ink361.com/app/users/ig-20458579/beach.in.the.am/photos/ig-984246056465724319_20458579,ink361.com
https://instagram.com/oauth/authorize?client_id=d9494686198d4dfeb954979a3e270e5e&redirect_uri=http%3A%2F%2Ficonosquare.com%3FredAftLog%3Dhttp%253A%252F%252Ficonosquare.com%252Ftag%252Ficonosquareinterview&response_type=code&scope=likes+comments+relationships,instagram.com
http://interpark.com/displaycorner/FreeMarket.do?_method=itemAreaList&area1=%EC%84%9C%EC%9A%B8%ED%8A%B9%EB%B3%84%EC%8B%9C&area2=%EA%B8%88%EC%B2%9C%EA%B5%AC,interpark.com
http://io9.com/10-things-in-the-cinematic-marvel-universe-that-make-n-1560243876/templates/closure/,io9.com
http://irecommend.ru/content/aliexpress-1-pcs-wide-angle-macro-067x-camera-lens-mobile-phones-iphone-and-tablets-wholesal,irecommend.ru
http://jalopnik.com/is-it-okay-to-leave-your-kid-in-a-car-if-youre-not-an-i-1702237113/module/,jalopnik.com
http://jezebel.com/this-week-in-tabloids-kim-kardashian-is-pregnant-and-i-1704229450/templates/closure/,jezebel.com
http://jugem.jp/smartphone/pages/fortune_detail.php/?sign=%E7%8D%85%E5%AD%90%E5%BA%A7,jugem.jp
http://kakaku.com/outdoor/camp-burner/ranking_6588/pricedown/div-gpt-ad-k/header_text,kakaku.com
http://katproxy.com/microsoft-office-professional-plus-2013-64-bit-english-rareabyss-t10091322.html,katproxy.com
http://kenh14.vn/sport/fan-real-tan-cong-va-si-nhuc-bale-lien-tiep-lanh-an-phat-nang-2015032702072538.chn,kenh14.vn
http://khabaronline.ir/(X(1)S(ip14m3xd2sehsdi0d3mx2imz))/detail/416422/Economy/financial-market,khabaronline.ir
http://kickass.to/ludacris-ludaversal-deluxe-explicit-2015-mp3-320-kbps-vbuc-t10424711.html,kickass.to
http://kienthuc.net.vn/tin-tuc-tuyen-sinh/nghe-a-hau-thuy-van-ke-noi-vat-va-cua-nghe-truyen-hinh-490549.html,kienthuc.net.vn
http://kizi.com/videos/taylor-swift-shake-it-off-tyler-ward-kingbach-toby-randall-princess-lauren-reggie-couz-cover,kizi.com
http://kotaku.com/5953890/excerpts-from-an-erotic-shadow-the-hedgehogborderlands-fan-ficton,kotaku.com
https://lastpass.com/delete_account.php?cmd=showdeletenp&token=MTQzMTU3ODU1MC4zNjQ2Lb%2BxLxaxlBCTm3UiKD%2B%2BjAg8q6UQIbnLpZysX2Tv01Wv,lastpass.com
http://lifehacker.com/soon-all-versions-of-chrome-will-block-non-web-store-e-1704248493,lifehacker.com
http://likemag.com/de/sie-wickelt-zeitung-und-ein-klebeband-um-das-weinglas-dein-nachster-gedanke-das-will-ich-auch,likemag.com
http://livestream.com/join/new?post_action%5Baction%5D=root&post_action%5Bpopup%5D=&post_action%5Bredirect%5D=%2F,livestream.com
http://livetv.sx/bg/lenta/35228_lcho_tanev_raboti_za_transfer_na_blgarin_v_posoka_barselona/,livetv.sx
http://marvel.com/news/movies_tv/2013/12/21/21680/official_vin_diesel_to_voice_groot_in_marvels_guardians_of_the_galaxy,marvel.com
http://mashable.com/people/55229c08519840114904cb2a/2015/05/12/destiny-nightfall-weekly-heroic-may-12,mashable.com
http://maybank2u.com.my/mbb_info/m2u/public/personalDetail04.do?channelId=CRD-Cards&cntTypeId=0&cntKey=CRD02.01&programId=CRD02-ChargeCards&chCatId=/mbb/Personal/CRD-Cards,maybank2u.com.my
http://mediaset.it/canale5/articoli/il-segreto-le-trame-dal-12-al-17-gennaio_10956.shtml,mediaset.it
https://medium.com/brasil/que-tipo-de-trabalho-fazem-os-engenheiros-de-software-que-ganham-500-mil-por-ano-3481ec1c6823?source=featured,medium.com
http://megogo.net/ru/news/view/1840341-katmandu-massovyy-ishod-zhiteley-posle-novogo-zemletryaseniya.html,megogo.net
http://mentalfloss.com/mm%E2%80%99s-stands-%E2%80%9Cmars-murrie%E2%80%99s%E2%80%9D-last-names-candy%E2%80%99s-founders,mentalfloss.com
http://metro.co.uk/2014/10/22/jilted-lover-spends-a-week-in-kfc-to-try-and-get-over-her-ex-4916143/,metro.co.uk
http://mic.com/articles/107642/nypd-officers-have-once-again-turned-their-backs-on-mayor-de-blasio,mic.com
http://mirtesen.ru/url?e=simple_click&blog_post_id=43328343806&url=http%3A%2F%2F4vkusa.mirtesen.ru%2Fblog%2F43328343806%2FTomlyonaya-telyatina-%22Po-kupecheski%22,mirtesen.ru
http://mixi.jp/share.pl?u=http://alfalfalfa.com/articles/117849.html&k=e09afc106e473491952cfe324aa83aabe5b07446,mixi.jp
http://momoshop.com.tw/category/LgrpCategory.jsp?l_code=2113500000&Area=tooth&FTOOTH=21&mdiv=1000900000-bt_5_023_05&ctype=B,momoshop.com.tw
http://motherless.com/login?back=%252Fcredits%252Fsend%253Fu%253Dgrangible%2526back%253Dhttp%253A%252F%252Fmotherless.com%252Fm%252Fgrangible,motherless.com
http://motthegioi.vn/thoi-su-facebook/lo-xe-bat-tay-tai-xe-dam-o-nu-khach-giang-ho-cam-dao-bat-con-an-com-188364.html,motthegioi.vn
http://moviepilot.com/posts/2015/05/11/the-death-and-rebirth-of-barbara-gordon-in-the-killing-joke-2925864,moviepilot.com
http://myegy.to/AnimeMovies/225977/%D8%A7%D9%84%D8%AF%D9%81%D8%B9%D8%A9_%D8%A7%D9%84%D8%AB%D8%A7%D9%86%D9%8A%D8%A9_%D9%85%D9%86_%D9%86%D8%A7%D8%B1%D9%88%D8%AA%D9%88_%D8%B4%D9%8A%D8%A8%D9%88%D8%AF%D9%86_Naruto_Shippuden_101_200_%D9%85%D8%AA%D8%B1%D8%AC%D9%85_%D8%A8%D8%A7%D8%AD%D8%AA%D8%B1%D8%A7%D9%81%D9%8A%D8%A9,myegy.to
http://mylust.com/videos/232931/big-breasted-anime-nympho-is-having-sex-by-the-pool/,mylust.com
https://myspace.com/fiveminutestothestage/post/activity_profile_38238870_1b75492598474701a046f8cd1a0b6762/comments,myspace.com
http://nesn.com/2015/05/red-sox-remain-slim-underdogs-for-series-against-struggling-athletics/,nesn.com
http://nguyentandung.org/2-cay-sua-co-thu-2-cong-van-trai-phap-luat-cua-quan-chuc-thanh-pho-ha-noi.html,nguyentandung.org
http://www.nhs.uk/news/2015/05May/Pages/Media-hypes-molecular-blood-pressure-regulation-discovery.aspx,nhs.uk
http://noticias.uol.com.br/saude/ultimas-noticias/estado/2014/07/22/aspirador-de-mosquito-ajuda-no-combate-a-dengue-diz-estudo.htm,noticias.uol.com.br
http://nymag.com/daily/intelligencer/2014/10/what-liberals-get-wrong-about-football.html,nymag.com
http://nypost.com/2015/05/11/wealthy-new-yorkers-say-goodbye-to-suburbs-hello-to-city/,nypost.com
http://olx.co.id/i2/hobi-olahraga/koleksi/koleksi-orang-terkenal/hobi-olahraga/koleksi/koleksi-orang-terkenal,olx.co.id
http://olx.in/hi/item/2bhk-in-puranik-home-town-kasarvadvli-g-b-road-in-rs-13000-IDWjzbz.html,olx.in
http://olx.pl/i2/muzyka-edukacja/korepetycje/korepetycje-chemia/muzyka-edukacja/korepetycje/korepetycje-chemia,olx.pl
http://olx.ro/i2/anunturi-agricole/animale-domestice-pasari/alte-animale-domestice/js/spring.js,olx.ro
http://olx.ua/uk/list/q-%d0%bf%d0%bb%d0%b0%d1%82%d1%8c%d0%b5/bIE64RPKp0urlDE3vSbHw8dRLeUY1kOFK2_KOEmw9UT.A7/,olx.ua
http://onedio.com/haber/sizin-nasil-bir-cift-oldugunuzu-tahmin-edebilecek-miyiz--505485,onedio.com
http://oneplus.net/ca_en/support/answer/what-is-the-deal-with-the-import-duties-in-canada,oneplus.net
http://otomoto.pl/osobowe/skoda/octavia/i-1996-2011/?search%5Bfilter_enum_color%5D%5B0%5D=black,otomoto.pl
http://pantip.com/tag/DIY%20%E0%B9%80%E0%B8%84%E0%B8%A3%E0%B8%B7%E0%B9%88%E0%B8%AD%E0%B8%87%E0%B9%83%E0%B8%8A%E0%B9%89%E0%B9%83%E0%B8%99%E0%B8%9A%E0%B9%89%E0%B8%B2%E0%B8%99,pantip.com
http://patch.com/florida/newportrichey/slain-tarpon-springs-officer-remembered-washington-dc,patch.com
https://paytm.com/blog/breaking-thourgh-the-clutter-paytm-takes-delhi-metro-route-to-reach-potential-customers/,paytm.com
http://pchome.com.tw/counter/571*http://webhosting.pchome.com.tw/activity/officemail/index.html,pchome.com.tw
http://pelis24.com/series/17445-marvel-agentes-de-shield-agentes-de-shield-2x09-ye-who-enter-here-2014-online.html,pelis24.com
http://perezhilton.com/2015-03-31-ellie-goulding-dougie-poynter-skull-and-bones-matching-tattoo-instagram/?from=post,perezhilton.com
http://persianblog.ir/tags/42383/13/%d8%af%d8%a7%d8%b3%d8%aa%d8%a7%d9%86_%da%a9%d9%88%d8%aa%d8%a7%d9%87/,persianblog.ir
http://pikabu.ru/tag/%D1%80%D0%B0%D0%B7%D0%BE%D0%B1%D0%BB%D0%B0%D1%87%D0%B5%D0%BD%D0%B8%D0%B5/hot,pikabu.ru
http://pinterest.com/pin/create/button/?url=http://allrecipes.com/Recipe/Greek-Style-Garlic-Chicken-Breast/Detail.aspx&description=Greek%20Style%20Garlic%20Chicken%20Breast%20Allrecipes.com&media=http://media-cache-ak0.pinimg.com/600x/d9/94/8a/d9948a9ae564d1b4dd4c850e9638c803.jpg,pinterest.com
http://pitchfork.com/features/interviews/9621-the-proverbial-wisdom-of-earl-sweatshirt/,pitchfork.com
http://plarium.com/it/giochi-di-strategia/stormfall-age-of-war/notizie/nuova-funzione-missioni-giornaliere/,plarium.com
http://popupads.ir/blog/?tag=%da%a9%d8%b3%d8%a8-%d8%af%d8%b1%d8%a2%d9%85%d8%af-%d8%a7%d8%b2-%d8%a7%db%8c%d9%86%d8%aa%d8%b1%d9%86%d8%aa,popupads.ir
http://pornsharing.com/delicious-big-black-sausage-for-white-kitty-sofie-carter_v78646,pornsharing.com
https://prezi.com/signup/public/?utm_source=prezi&utm_medium=web&utm_content=notification-bar&utm_campaign=newreg,prezi.com
https://privatbank.ua/ua/business/universalnyje-reshenija/sms-banking-for-business/gtm.start,privatbank.ua
http://putlocker.is/watch-dragons-dawn-of-the-dragon-racers-online-free-putlocker.html,putlocker.is
https://quizlet.com/sign-up?redir=https%3A%2F%2Fquizlet.com%2Flogin%3Fredir%3Dhttps%253A%252F%252Fquizlet.com%252Fcreate-set%252Fnew,quizlet.com
http://qz.com/384744/these-incredibly-simple-apple-watch-apps-will-control-the-world-around-you/,qz.com
http://ringring.vn/hoa-hau-nguyen-thi-huyen-va-thu-thao-ai-dep-nhat-viet-nam-118398?detect=mobile,ringring.vn
http://rocketnews24.com/tag/%e3%82%b9%e3%83%aa%e3%83%a9%e3%83%b3%e3%82%ab%e8%88%aa%e7%a9%ba/,rocketnews24.com
http://rozetka.com.ua/usb-flash-memory/c80045/Catalog/computers-notebooks/usb-flash-memory,rozetka.com.ua
http://rt.com/in-vision/baltimore-protest-freddie-justice/baltimore-2015-may-maryland/,rt.com
http://say-move.org/comesearch.php?q=%E3%83%AA%E3%83%B3%E3%82%AF%E5%88%87%E3%82%8C&mode=tag&p=1,say-move.org
http://sberbank.ru/portalserver/sb-portal-ru/ru/person/paymentsandremittances/remittance/in/beznal_rus/beznal_sc_rus,sberbank.ru
http://screencast.com/ScriptResource.axd?d=CRAt81ezfZYkqX0aSIUIXDCs6s-QKwDRFEN4JfAUPlCcOL7x9F3B4r3zGDtTSBcy-O-YgiPTIKGo9h5FGBbJvZb-C6iFw7kGmErumauBG_ku6bSTrOa8TW-z8RtZa6O-U-lePtFCiQa41DidgDQvUOfG4Gdn-AAfYV4uCJ-6kLQIdc5KbGz3IU3_hgiyXG1ukKrrNTmIkXgxCqXlRIzq9aJqx0nItEbzMKVFdJi-5Esw4wiX7ld7yJ5_7GYPDHQjB7NsQjxPwQ5KJ1Ba_yGdF3Q6Dth70QoXuU1Aay_kCLN5MgYVluIHUMoP6WAFKjrIV934l_Bpaq1KVSzlok2o1r73Ezg1veRIjKp-o4bvz9DjH3oKhCTauUC8ucY2MU83eIOMOyWRXVZPQ-FOBu0Wje8wqQ_YBsvfn9VawsK-ZeUn1msjcVtdOcatsq1W0OfZGTJ3_I2c9t1YBgLZMawzZi6OOn3SwmXQIP6VpYNhUC8YUU-iCQoIwpHqc-IVRbNrsCQCGEB4MRK1fLA6nxoo5uwZtWdXdKiPJgSuuHX0t4y1EmrK_byTfnBSnNdH9QfgNiBqXPna1aOx_o3ZalX5Udzdg0UzJlDrV8FAyjWn1CtaIU-mm-_Ic6RLj5UFQvn-QOJT_o3idvS95JV2i43aWprSDLs1,screencast.com
http://screenrant.com/batman-vs-superman-difference-between-ben-affleck-christian-bale/comment-page-3/,screenrant.com
http://searchengineland.com/google-still-dominant-but-baidu-benefitting-from-google-ban-in-china-says-emarketer-217745,searchengineland.com
http://searchengines.guru/forumdisplay.php?f=80&daysprune=-1&order=asc&sort=lastpost&pp=25&page=1,searchengines.guru
http://seasonvar.ru/serial-9581-Bol_nitca_na_okraine_goroda_dvadtcat__let_spustya.html,seasonvar.ru
http://seekingalpha.com/news/2521886-alcatel-lucent-plans-to-sell-italian-plant-to-flextronics,seekingalpha.com
http://seesaawiki.jp/pathofexile/d/Armour%a1%ca%a5%b9%a5%c6%a1%bc%a5%bf%a5%b9%a1%cb,seesaawiki.jp
http://serverfault.com/questions/502172/how-to-tell-the-task-scheduler-mmc-to-remember-the-column-widths-of-the-history,serverfault.com
http://sfglobe.com/2015/05/04/seems-like-a-normal-painting-when-i-looked-closer-i-was-blown-away/?src=home_feed,sfglobe.com
http://shareba.com/index.php?do=/mobile/event/495/ao%E5%8F%B2%E5%AF%86%E6%96%AF%E7%86%B1%E6%B3%B52015%E4%B8%96%E8%B2%BF%E5%B1%95-5-14-17-%E4%B8%96%E8%B2%BF%E4%B8%80%E9%A4%A8-%E6%AB%83%E8%99%9F-a334-336/,shareba.com
http://shop-pro.jp/func/%E3%83%95%E3%82%A9%E3%83%AD%E3%83%BC%E3%83%A1%E3%83%BC%E3%83%AB/,shop-pro.jp
http://skyrock.com/videos/eDJjb2w0OToxMw==-Jennifer-Aniston-l-interview-Comment-tuer-son-boss-2-Skyrock-com.html?top=4&period=,skyrock.com
http://slashdot.org/submission/4299331/boradband-isp-betrayal-forces-homeowner-to-sell-new-house,slashdot.org
http://slickdeals.net/index.php?s=5bdef27f613a4e32d321f070a247b476&amp;to=2015-05-13&page=2,slickdeals.net
http://smallseotools.com/blog/setting-realistic-expectations-for-your-seo-campaign/,smallseotools.com
https://soundcloud.com/housemusic/summertime-sadness-by-lana-del-cedric-gervais-remix,soundcloud.com
http://sourceforge.net/directory/development/add_facet_filter?facet=license&constraint=OSI-Approved+Open+Source+%3A%3A+GNU+General+Public+License+version+3.0+%28GPLv3%29,sourceforge.net
http://spankbang.com/56p6/video/allgirlmassage+carter+cruise+riley+reid+massage+class+secrets,spankbang.com
http://sprint.com/mysprint/zipcode_intercept.jsp?showZipPTNSection=false&redirectURL=http%3A%2F%2Fsprint.com%2Fmysprint%2Fshop%2Fglobal%2FupgradeDevicesList.jsp&_requestid=151743,sprint.com
http://sputniknews.com/voiceofrussia_uk/2014_10_20/UK-Politics-Can-Labour-recreate-its-election-success-of-40-years-ago-7105/removeEventListener/detachEvent,sputniknews.com
http://squarespace.com/press/2014/5/22/safe-heart-develops-ideas-by-listening-to-customers,squarespace.com
http://stackexchange.com/newsletters/newsletter?site=networkengineering.stackexchange.com,stackexchange.com
http://stackoverflow.com/questions/5574217/using-htaccess-to-serve-index-html-or-index-php,stackoverflow.com
http://steamcommunity.com/app/440/discussions/0/620713633843267544/%22http://steamcommunity.com/my/wishlist/%22,steamcommunity.com
http://subscene.com/subtitles/sensory-couple--a-girl-who-sees-smells/english/1115199,subscene.com
http://superuser.com/questions/412147/tcp-ip-networking-working-as-expected-but-cant-access-windows-shares,superuser.com
http://syosetu.com/searchuser/search/index.php?name1st=%E3%81%A8&all=1&all2=1&all3=1&all4=1&p=2,syosetu.com
http://taboola.com/press-release/media-advisory-experience-world%E2%80%99s-leading-content-discovery-platform-taboola-ces-2015,taboola.com
http://techcrunch.com/2015/05/13/on-demand-laundry-service-cleanly-hangs-up-2-3-million-in-seed-funding/,techcrunch.com
http://teespring.com/en-AU/atp-shirt?utm_campaign=atp-shirt&utm_medium=oembed&utm_source=wordpress,teespring.com
http://telegraf.com.ua/rossiya-i-sng/1887445-moskovskiy-sud-ostavil-navalnomu-uslovnyiy-srok.html,telegraf.com.ua
https://thechive.com/2015/02/12/the-very-best-things-uttered-by-dr-leo-spaceman-33-photos/,thechive.com
http://themeforest.net/item/thefox-responsive-multipurpose-wordpress-theme/11099136,themeforest.net
http://thenextweb.com/apps/2012/04/10/500px-aims-to-take-out-flickr-with-20year-plan-unlimited-storage-market-function-and-mac-uploader/gtm.js,thenextweb.com
http://tinnhanh360.net/angela-phuong-trinh-gui-hoa-den-muon-vo-duy-nhan-nghi-moi-chuyen-la-mo.html,tinnhanh360.net
http://tinypic.com/join.php?utm_source=login&utm_medium=link&utm_campaign=login_page,tinypic.com
http://tobogo.net/cdsb/board.php?board=qaetc&bm=view&no=7287&category=&auth=&page=1&search=&keyword=&recom=,tobogo.net
http://torcache.net/torrent/FBF03B09C18D05FC64757ADB341DA0DEF3BF9185.torrent?title=[kickass.to]blacklist.pro.v3.5.build.310.patched.android,torcache.net
http://torrentdn.com/bbs/s.php?bo_table=torrent_tv&wr_id=83648&k=%EB%83%84%EC%83%88%EB%A5%BC%2B%EB%B3%B4%EB%8A%94%2B%EC%86%8C%EB%85%80&page=1,torrentdn.com
https://tsite.jp/login/index.pl?xpg=PCUI0401&ret=https%3a%2f%2ftsite%2ejp%2fcoupon%2findex%2epl,tsite.jp
https://tune.pk/video/3065388/%D0%BF%D0%BE%D0%BA%D1%83%D0%BF%D0%BA%D0%B0-%D1%81%D1%82%D0%B0%D1%82%D1%83%D1%81%D0%B0-%D0%B2%D1%81%D0%B5%D0%BB%D0%B5%D0%BD%D0%BD%D0%B0%D1%8F-universepromo,tune.pk
http://tunein.com/radio/National-News-g3124/15480783/ca-pub-1542925551861702/TuneInSearch,tunein.com
http://tutsplus.com/courses/psd-to-wordpress-minimal-portfolio-theme/lessons/homepage-the-portfolio-area,tutsplus.com
https://twitter.com/share?url=http%3A%2F%2Fhubpages.com%2Fhub%2FRomantic-Winter-Getaway-Newport-Rhode-Island-Mansion-Tours&text=Newport+Rhode+Island+Mansion+Tours+%26+Lodging,twitter.com
http://udn.com/news/story/7088/899121-%E7%99%BC%E7%8F%BE%E5%9C%B0%E7%90%83%E5%85%A7%E5%A4%96%E6%A0%B8-Google%E5%A1%97%E9%B4%89%EF%BC%9A%E4%B8%B9%E9%BA%A5%E5%9C%B0%E9%9C%87%E5%AD%B8%E5%AE%B6%E5%86%A5%E8%AA%95,udn.com
http://unity3d.com/learn/tutorials/modules/beginner/live-training-archive/sound-effects-in-unity-5,unity3d.com
http://uproxx.com/prowrestling/2015/04/watch-the-first-glorious-video-for-ec3s-tna-world-heavyweight-championship-campaign/,uproxx.com
http://userscloud.com/assets/library/icons/glyphicons/assets/css/glyphicons_regular.css,userscloud.com
http://variety.com/2015/film/news/broken-hollywood-the-bizs-top-players-call-out-ways-industry-needs-to-change-1201416866/2015/tv/news/anthony-anderson-black-talent-cant-wait-for-change-need-to-bank-on-themselves-1201416520/,variety.com
http://venturebeat.com/2010/07/14/squarespace-lands-38-5m-to-expand-its-web-publishing-platform/,venturebeat.com
http://vnexpress.net/tin-tuc/oto-xe-may/nhung-kieu-phu-nu-sang-duong-khien-tai-xe-ton-tho-3209162.html,vnexpress.net
http://vz.ru/redir/?source=top_opinions&nomain=1&id=745061&vzurl=opinions/2015/5/14/745061.html,vz.ru
http://watch-series-tv.to/serie/Agatha_Christie_s_Great_Detectives_Poirot_and_Marple,watch-series-tv.to
http://web.de/magazine/wissen/blog/brynja-adam-radmanic/sanfte-pestizide-pflanzenschutzmittel-guide-hobbygaertner-30289954,web.de
http://web.tv/liveCategory/31/language/1/index/changeLanguage/newshared/searchAutoComplete,web.tv
http://weheartit.com/entry/135421192?utm_campaign=share&utm_medium=image_share&utm_source=tumblr,weheartit.com
http://wikimapia.org/32988077/ar/%D7%9E%D7%95%D7%95%D7%AA-%D7%9C%D7%99%D7%94%D7%95%D7%93%D7%99%D7%9D-%D8%A7%D9%84%D9%85%D9%88%D8%AA-%D9%84%D9%84%D9%8A%D9%87%D9%88%D8%AF,wikimapia.org
http://wikiwiki.jp/sample/?%A5%A2%A5%AF%A5%BB%A5%B9%B2%F2%C0%CF%A4%F2%C0%DF%C3%D6%A4%B9%A4%EB,wikiwiki.jp
https://wmaraci.com/forum/arama-motoru-optimizasyonu/onerebileceginiz-ucretli-search-engine-optimization-kaynaklari-234644.html,wmaraci.com
https://wordpress.org/showcase/wp-content/themes/showcase/js/jquery.cycle.min.js?ver=4.3-alpha-32500,wordpress.org
http://worldoftanks.ru/ru/content/guide/general/tank-crew-training-on-different-types-of-tanks/,worldoftanks.ru
http://wpengine.com/2015/05/13/venom-vulnerability-maintenance-may-cause-brief-downtime-for-some-wp-engine-customers/,wpengine.com
http://xhamster.com/movies/3903262/rubateen_big_perky_titty_russian_gets_a_massage.html?promo=1,xhamster.com
http://xossip.com/forumdisplay.php?s=1a0185aef96dc82d1f523a00d7134802&f=53&sort=voteavg,xossip.com
http://xvideo-jp.com/archives/tag/%e9%87%8e%e5%a4%96%e3%83%bb%e9%9c%b2%e5%87%ba/page/2,xvideo-jp.com
http://yourlust.com/videos/small-tittied-red-head-jerks-off-big-cock-slowly-in-the-shower.html,yourlust.com
http://zozo.jp/shop/apartbylowrys/?price=proper&p_ssy=2015&p_ssm=5&p_ssd=13&p_sey=2015&p_sem=5&p_sed=13&dstk=2,zozo.jp
http://1337x.to/torrent/1160418/Mariah-Carey-1-to-Infinity-2015-MP3-320KBPS-H4CKUS-GloDLS/,1337x.to
http://189.cn/dqmh/tianyiMall/goodNumAction.do?method=getProvAreaForSelect&shopCode=10014&pageSize=24&headNum=133,189.cn
http://2gis.ru/moscow/search/%D0%A8%D0%B8%D0%BD%D0%BE%D0%BC%D0%BE%D0%BD%D1%82%D0%B0%D0%B6/zoom/11,2gis.ru
https://500px.com/photo/15666647/jumping-legends-with-candide-thovex-&-guerlain-chicherit-by-tristan-shu,500px.com
http://9gag.tv/p/aVYvxp/girls-if-you-want-something-to-cheer-you-up-or-need-some-motivations,9gag.tv
http://abc.go.com/shows/abc-updates/news/local-stations/contact-your-local-abc-station,abc.go.com
http://abcnews.go.com/US/boston-marathon-bomber-dzhokhar-tsarnaevs-fate-left-jurors/story?id=31002014,abcnews.go.com
https://ahrefs.com/content-explorer/overview/v3/trends/all/all/1/rank_desc?topic=site%3Awww.boredpanda.com,ahrefs.com
http://akhbarelyom.com/news/newdetails/411406/1/%D8%AC%D9%86%D8%A7%D9%8A%D8%A7%D8%AA-%D8%A7%D9%84%D9%82%D8%A7%D9%87.html,akhbarelyom.com
http://alfalfalfa.com/tag/%E3%83%86%E3%83%8B%E3%82%B9%E3%81%AE%E7%8E%8B%E5%AD%90%E6%A7%98,alfalfalfa.com
http://aljazeera.net/news/presstour/2015/4/21/%D9%88%D8%A7%D8%B4%D9%86%D8%B7%D9%86-%D8%A8%D9%88%D8%B3%D8%AA-%D8%AD%D9%84-%D8%A3%D8%B2%D9%85%D8%A9-%D8%A7%D9%84%D9%85%D9%87%D8%A7%D8%AC%D8%B1%D9%8A%D9%86-%D8%A8%D9%8A%D8%AF-%D8%A3%D9%88%D8%B1%D9%88%D8%A8%D8%A7,aljazeera.net
http://allegro.pl/listing/listing.php?id=2&order=m&string=%7Bstring%7D&bmatch=seng-ps-mp-p-sm-isqm-2-e-0402,allegro.pl
http://allrecipes.com/Recipe/Baked-Pork-Chops-I/Detail.aspx?evt19=1&referringHubId=1,allrecipes.com
http://ameblo.jp/summary/keyword/%E9%81%8A%E6%88%AF%E7%8E%8B%E3%82%AB%E3%83%BC%E3%83%89,ameblo.jp
http://anandtech.com/show/8657/logitech-k480-multidevice-bluetooth-keyboard-capsule-review,anandtech.com
http://ap.org/Content/AP-In-The-News/2014/Acclaimed-photographer-Anja-Niedringhaus-dies,ap.org
https://archive.org/search.php?query=mediatype:texts&sort=-publicdate&and[]=subject%3A%22data.gov.in%22,archive.org
http://archiveofourown.org/stylesheets/skins/skin_873_archive_2_0/A.1_site_screen_.css.pagespeed.cf.kC5A2kqFP3.css,archiveofourown.org
http://arstechnica.com/gadgets/2015/05/google-temporarily-shuts-down-map-maker-due-to-vandalism/,arstechnica.com
http://askubuntu.com/questions/622765/how-can-i-install-nvidia-driver-331-113-on-ubuntu-gnome-15-04,askubuntu.com
http://atwiki.jp/wiki/%E3%82%A2%E3%82%B5%E3%82%B7%E3%83%B3%E3%82%AF%E3%83%AA%E3%83%BC%E3%83%89%EF%BC%93%E3%81%A9%E3%82%93%E3%81%AA%E3%82%B2%E3%83%BC%E3%83%A0%EF%BC%9F,atwiki.jp
http://auto.ru/cars/bmw/x1/all/?search%5Bstate%5D=1&search%5Bperiod%5D=0&search%5Bcustom%5D=1&search%5Bsection_id%5D=0&search%5Bmark%5D%5B0%5D=30&search%5Bmark-folder%5D%5B0%5D=30-48682_2920,auto.ru
http://avxhome.se/software/software_type/multimedia/Burning_copying/BurningStudio2015v1.15.3.html,avxhome.se
http://b9dm.com/index.php/video/show/cid/5/time/0/order/video/index.php/video/show/cid/56/order/video/show,b9dm.com
http://babal.net/women/view/1127/%D9%87%D9%84-%D8%B7%D9%81%D9%84%D9%83-%D9%85%D8%AE%D9%88%D9%91%D9%84-%D8%A7%D9%84%D8%A8%D9%82%D8%A7%D8%A1-%D8%A8%D9%85%D9%81%D8%B1%D8%AF%D9%87-%D9%81%D9%8A-%D8%A7%D9%84%D9%85%D9%86%D8%B2%D9%84%D8%9F,babal.net
http://bankmellat.ir/WebResource.axd?d=G71PTd43BP5eT1VmJ3oiIRnRd8VXBrwjy0fSd2LXxjk3AjQWh5Gj_nrpebs11EPyjl2V9aQly-lack0TK21nFKHZoZQYqRjMK6HSfmaIxGypjYK-AQVTkzonprrqEBtgPyqNw7MHgZ-ifTi7eb5Mi30bqaTVvBbeePYAv9PxRi41&t=635377285820000000,bankmellat.ir
http://bdnews24.com/entertainment/2015/05/10/avengers-age-of-ultron-tops-with-77.2-million-hot-pursuit-flounders,bdnews24.com
http://bestblackhatforum.com/Thread-%E2%9C%AA%E2%9C%AA%E2%9C%AA-Earn-70-day-After-10-Days-Solo-Ads-Business-Guarantee-Results-Only-10-Seats-AVAILABLE,bestblackhatforum.com
http://bgr.com/2012/03/28/see-through-3d-computer-with-gesture-controls-gives-us-a-glimpse-of-the-future-video/,bgr.com
http://bigcinema.tv/tag/%D0%90%D0%BD%D0%BD%D0%B0%20%D0%A1%D0%BE%D0%BB%D0%BE%D0%B2%D0%B5%D0%B9%D1%87%D0%B8%D0%BA,bigcinema.tv
https://bitbucket.org/tortoisehg/thg/pull-request/7/fix-nautilus-extension-execution-and,bitbucket.org
http://bleacherreport.com/articles/2463645-nfl-spring-meetings-latest-rule-proposals-comments-and-reaction,bleacherreport.com
http://bluegape.com/relationships/sakshee_joshi/10-things-you-should-do-only-with-your-best-friends/,bluegape.com
http://bmi.ir/WebResource.axd?d=vIcsQ5fIh0NaZUkAr0VHwmPbEiNTuyjLxRfb4os508BGK1CKc7ATWEcHSjWCVIlxv1OGEoD9v5bEg5qRtYaKkOQd7x9VdC6m47fZ9fr_z3U1&t=633614073745652635,bmi.ir
http://bongda88.info/do-nhat-nam-lot-danh-sach-thi-sinh-dat-diem-cao-nhat-ky-thi-act/,bongda88.info
http://buzzfil.net/article/5681/non-classe/quand-ils-enlevent-leurs-deguisements-les-usagers-du-metro-en-deviennent-fous-2.html?href=inner_website,buzzfil.net
http://caixa.gov.br/empresa/credito-financiamento/financiamentos/producard-empresa/,caixa.gov.br
http://censor.net.ua/resonance/335305/starshiyi_ofitser_iz_alfy_eto_byl_nash_pervyyi_bolshoyi_boyi_nikto_ne_drognul_5_maya_2014go_goda_istoriya,censor.net.ua
https://chaturbate.com/tipping/spy_on_private_show_tokens_per_minute/natalielovescum/,chaturbate.com
http://cheezburger.com/8491916288/funny-school-picture-shes-just-passionate-about-the-game?ref=leftarrow&siteId=12237,cheezburger.com
http://ck101.com/forum.php?mod=misc&action=recommend&do=subtract&tid=3256489&hash=b5160424,ck101.com
http://clien.net/cs2/bbs/register.php?url=%2Fcs2%2Fbbs%2Fboard.php%3Fbo_table%3Dcm_mac,clien.net
http://coccoc.com/vi/news/coc-coc-ra-mat-tinh-nang-giai-hoa-hoc-thong-minh-dau-tien-tai-viet-nam,coccoc.com
http://codecanyon.net/item/clickr-the-link-and-download-counter/full_screen_preview/58344,codecanyon.net
http://codepen.io/api/oembed?url=http%3A%2F%2Fcodepen.io%2Fnszp%2Fpen%2FMwYybM&format=json,codepen.io
http://comicbook.com/2015/03/19/agents-of-s-h-i-e-l-d-comics-ad-teases-olmos-as-real-s-h-i-e-l-d,comicbook.com
http://conservativetribune.com/wp-content/themes/NewsReport/lib/shortcodes/css/bootstrap.css?ver=4.1.5,conservativetribune.com
http://cookpad.com/login?rt=%2Fcategory%2Frecommend%2F590%3Frt%3D%252Fcategory%252F590,cookpad.com
http://correios.com.br/sobre-correios/sustentabilidade/vertente-ambiental/reducao-de-gases-do-efeito-estufa,correios.com.br
http://couchtuner.eu.com/2014/07/hot-in-cleveland-s5-e13-people-feeding-people.html,couchtuner.eu.com
http://cox.com/residential/speed-test.cox?campcode=landing_internet_speedtest_offer2_3,cox.com
https://creativemarket.com/IconDeposit/2517-Love.ly-Personal-Designer-Template/screenshots/,creativemarket.com
https://css-tricks.com/video-screencasts/139-explaining-the-server-side-mustard-cut/,css-tricks.com
http://dantri.com.vn/event-2635/thu-hoi-nha-dat-cua-ong-tran-van-truyen/trang-2.htm,dantri.com.vn
http://deadspin.com/what-it-was-like-to-play-for-the-80s-clippers-the-wors-1702555640/1702663516/templates/closure/,deadspin.com
http://dealnews.com/features/The-Best-and-Worst-Things-to-Buy-in-December/dealnews/json,dealnews.com
http://depositphotos.com/login.html?url=%2F1036396%2Fstock-photo-modern-interior-of-a-hall.html,depositphotos.com
http://digg.com/video/seth-meyers-dog-competes-against-a-champion-italian-greyhound,digg.com
http://diply.com/diply-news/on-this-day-feature-like-time-machine-for-facebook/107790,diply.com
http://distractify.com/mark-pygas/ryan-gosling-pays-tribute-to-guy-who-tried-to-feed-him-cereal/,distractify.com
http://doodle.com/nl/premium?utm_source=doodle&utm_medium=home&utm_campaign=premiumHome,doodle.com
https://dribbble.com/shots/916819-DEPTH-WP-new-creative-WordPress-Theme-by-Dream-Theme,dribbble.com
http://dropbooks.tv/search/index/word:%E3%82%B9%E3%83%88%E3%83%83%E3%82%AD%E3%83%B3%E3%82%B0/term:no/page:2,dropbooks.tv
http://duckduckgo.com/d.js?q=Electronic%20Frontiers%20Australia&t=A&l=wt-wt&p=1&s=0&ct=CA,duckduckgo.com
http://ecnavi.jp/redirect/?url=http://ck.jp.ap.valuecommerce.com/servlet/referral?sid=2151297&pid=883471328&vcptn=UI%user_id%IT59316FR28,ecnavi.jp
http://eenadu.net/Specialpages/ruchulu/Ruchuluinner.aspx?qry=tiffins_snacks020315-3,eenadu.net
https://eksisozluk.com/kadinlarin-sekse-ihtiyac-duymamasi--4751825?focusto=51291551,eksisozluk.com
http://elcomercio.pe/deporte-total/futbol-mundial/copa-libertadores-santa-fe-costas-clasificacion-noticia-1810442?ref=portada_&ft=megamenu&e=foto_6,elcomercio.pe
http://elevenia.co.id/loyalty/AuthCouponGiftDtls/getCouponDtls.do?isSSL=Y&CHOICEMENU=B01,elevenia.co.id
http://elitedaily.com/life/culture/3-people-3-places-4-things-make-people-boston-strong/1007436/,elitedaily.com
http://emgn.com/entertainment/australians-tell-muslims-illridewithyou-in-an-incredible-display-of-solidarity-during-a-hostage-crisis/,emgn.com
http://ero-advertising.com/blog/eroadvertising-launches-regional-geo-ip-targeting-filter,ero-advertising.com
http://espn.go.com/college-football/story/_/id/12880007/ncaa-prohibits-promotion-satellite-camps-via-social-media,espn.go.com
http://esporte.uol.com.br/futebol/campeonatos/gaucho/ultimas-noticias/2015/05/12/contraprova-de-exame-antidoping-da-positivo-e-magrao-tera-que-provar-doenca.htm,esporte.uol.com.br
http://europa.eu/about-eu/agencies/regulatory_agencies_bodies/pol_agencies/europol/index_en.htm,europa.eu
https://evernote.com/intl/it/register?upgrade=plus&itemCode=plus-1year&offer=www_pricing_CTA,evernote.com
http://extratorrent.cc/torrent/4184963/Casino+Royale+%5BUnCut%5D+%282006%29+BDRip+720p+x264+%5BDual+Audio%5D%5BDD+384+Kbps%5D%5BHindi+5.1+English+5.1%5D--prisak%7E%7E%7BHKRG%7D.html,extratorrent.cc
http://faithtap.com/2956/becky-obrien-a-mom-with-five-kids-in-abusive-marriage-on-britains-got-talent/,faithtap.com
http://fanpage.gr/life/style/%cf%84%ce%bf-%ce%bc%ce%b5%cf%84%ce%b1%ce%bb%ce%bb%ce%b9%ce%ba%cf%8c-%cf%84%ce%b1%cf%84%ce%bf%cf%85%ce%ac%ce%b6-%ce%b1%ce%bd%ce%b1%ce%bc%ce%ad%ce%bd%ce%b5%cf%84%ce%b1%ce%b9-%ce%bd%ce%b1-%ce%b3%ce%af/,fanpage.gr
http://fazenda.gov.br/portal_css/Portal%20MF%20Tema/resourceplone.app.jquerytools.overlays-cachekey8911.css,fazenda.gov.br
http://filehippo.com/es/download_filezilla/download/f4834a6d1da8c5e8f5fcde74d297b469/,filehippo.com
http://fishki.net/1531301-jetot-kitajskij-biznesmen-otpravil-6400-rabochih-v-otpusk-vo-franciju.html,fishki.net
http://fortune.com/2015/03/03/female-company-president-im-sorry-to-all-the-mothers-i-used-to-work-with/,fortune.com
https://foursquare.com/v/%D1%88%D0%BE%D0%BA%D0%BE%D0%BB%D0%B0%D0%B4%D0%BD%D0%B8%D1%86%D0%B0/4ec220236d8654fb64378036,foursquare.com
http://gawker.com/we-made-a-missouri-reps-incredibly-boring-intern-sexts-1704250151,gawker.com
http://genius.com/6315479/Genius-founders-introducing-geniuscom/In-retrospect-this-was-inevitable,genius.com
http://getpocket.com/signup?mode=socialmode&route=http://getpocket.com/p/pocket-topics/startups,getpocket.com
http://giphy.com/posts/all-around-the-world-the-best-gifs-from-britney-spears-new-mv-pretty-girls,giphy.com
http://gizmodo.com/a-plane-took-a-wrong-turn-and-ended-up-in-a-cloud-of-an-1704051139/layer/,gizmodo.com
https://www.gov.uk/government/organisations/advisory-council-on-the-misuse-of-drugs,gov.uk
http://grantland.com/hollywood-prospectus/girls-in-hoodies-podcast-utopia-apple-keynote-and-going-deep-with-guest-david-rees/,grantland.com
http://graphicriver.net/item/trust-business-powerpoint-presentation-template/11146006,graphicriver.net
http://gtbank.com/media-centre/gtbank-in-the-news/50-media/subsidiary-news/518-gtbank-expands-to-cape-coast,gtbank.com
http://haberler.com/7-cumhurbaskani-evren-in-cenaze-toreni-7301526-haberi-yorumlari/,haberler.com
http://haraj.com.sa/tags/%D9%85%D9%88%D8%A7%D8%B4%D9%8A%20%D9%88%D8%AD%D9%8A%D9%88%D8%A7%D9%86%D8%A7%D8%AA%20%D9%88%D8%B7%D9%8A%D9%88%D8%B1,haraj.com.sa
http://hdfcbank.com/wholesale/corporates/large_corporates/value_added_services/cash_management_services/cash_management_services.htm,hdfcbank.com
http://himado.in/?keyword=%E9%9F%BF%E3%81%91%EF%BC%81%E3%83%A6%E3%83%BC%E3%83%95%E3%82%A9%E3%83%8B%E3%82%A2%E3%83%A0,himado.in
http://hollywoodlife.com/2013/06/04/hailee-steinfeld-cfda-awards-makeup-2013-lipstick/,hollywoodlife.com
https://hootsuite.com/resources/white-paper/Turning-Insight-Into-Action-The-Journey-to-Social-Media-Intelligence,hootsuite.com
https://housing.com/in/pune/new-projects/16531-mantra-residency-by-mantra-properties-in-nighoje,housing.com
http://hubpages.com/topics/books-literature-and-writing/commercial-and-creative-writing/628,hubpages.com
http://icicibank.com/Personal-Banking/loans/construction-equipment-loan/construction-equipment-loan-interest-rate.page,icicibank.com
http://iconosquare.com/contest/xxg/magicalholiday-instagram-contest/%7B%7Bmedia_id%7D%7D,iconosquare.com
https://ifttt.com/recipes/99550-articles-saved-for-later-in-feedly-get-saved-for-later-in-pocket-too,ifttt.com
http://indianexpress.com/article/lifestyle/health/one-billion-smokers-in-the-world-now-study/,indianexpress.com
http://infospace.com/partners/sdk/xml/serp-layout/serpregion-attribution-separator/index.htm,infospace.com
http://ink361.com/app/users/ig-9291868/sophiaabrahao/photos/ig-984104416982153207_9291868,ink361.com
https://instagram.com/oauth/authorize?client_id=d9494686198d4dfeb954979a3e270e5e&redirect_uri=http%3A%2F%2Ficonosquare.com%3FredAftLog%3Dhttp%253A%252F%252Ficonosquare.com%252Ftag%252Fmarketing&response_type=code&scope=likes+comments+relationships,instagram.com
http://interpark.com/displaycorner/FreeMarket.do?_method=itemAreaList&area1=%EC%84%9C%EC%9A%B8%ED%8A%B9%EB%B3%84%EC%8B%9C&area2=%EC%84%9C%EB%8C%80%EB%AC%B8%EA%B5%AC&area3=%ED%99%8D%EC%A0%9C%EB%8F%99,interpark.com
http://io9.com/5900269/watch-saturday-night-lives-hunger-games-puppy-bowl-doggies-with-knives,io9.com
http://irecommend.ru/sites/default/files/css/css_ae9327e31dc70625816533b9ff3baa11.css,irecommend.ru
http://jalopnik.com/if-squids-ruled-earth-what-would-their-cars-be-like-1703146203/1703200856/+ericlimer,jalopnik.com
http://jezebel.com/kylie-jenner-kim-kardashian-send-messages-of-support-t-1700149150,jezebel.com
http://kakaku.com/camera/camera-pouch/ranking_1057/pricedown/div-gpt-ad-k/header_text,kakaku.com
http://katproxy.com/super-hot-indian-hooker-sex-in-a-hotel-with-audio-recorded-by-a-friend-avi-t10633322.html,katproxy.com
http://kenh14.vn/video/thoi-su-vtv-dau-chua-hoa-chat-cuc-doc-de-doa-vinh-ha-long-88872.chn,kenh14.vn
http://khabaronline.ir/(X(1)S(gtj1kt1m13f2ftc5q0sovjsy))/detail/415193/ict/hardware,khabaronline.ir
http://kickass.to/j-cole-2014-forest-hills-drive-explicit-version-2014-mp3-320-kbps-t10260756.html,kickass.to
http://kienthuc.net.vn/soi-xet/sach-luyen-tri-thong-minh-bang-cac-vu-giet-nguoi-rung-ron-480320.html,kienthuc.net.vn
http://kizi.com/videos/the-heart-wants-what-it-wants-megan-nicole-cover-selena-gomez,kizi.com
http://kotaku.com/eight-months-later-destiny-players-are-still-hunting-f-1704169849/layer/,kotaku.com
https://lastpass.com/misc_login.php?&from_uri=%2Fmisc_challenge.php&newvault=1&nk=1&nk=1,lastpass.com
http://lifehacker.com/google-settings-is-a-super-useful-android-app-youve-pro-1699448508/templates/closure/,lifehacker.com
http://likemag.com/sites/default/files/css/css_3rrXCx_UDNGR0MdezGq-vt8EhX8Bq8sxaNr8hpoF1rM.css,likemag.com
https://livestream.com/reset_password/new?post_action%5Bpopup%5D=&post_action%5Bredirect%5D=https%3A%2F%2Flivestream.com%2Fmy_account%2Fplans,livestream.com
http://livetv.sx/bg/lenta/35224_rozberg_ochakvam_da_prodlzha_s_pobedite_i_v_domashnata_gp_na_monako/,livetv.sx
http://marvel.com/news/movies/24586/marvel_studios_begins_production_on_marvels_captain_america_civil_war,marvel.com
http://mashable.com/category/entertainment/2015/05/13/britney-spears-iggy-azalea-pretty-girls-video,mashable.com
http://maybank2u.com.my/mbb_info/m2u/public/promoDetail.do?channelId=PRO-Promotions&cntTypeId=1&cntKey=PRO05.08&programId=PRO05-Loans&chCatId=/mbb/Personal/PRO-Promotions,maybank2u.com.my
http://mediaset.it/canale5/articoli/il-segreto-le-trame-dal-23-al-28-marzo_11677.shtml,mediaset.it
https://medium.com/@nycmedialab/thirty-demos-one-night-567b480d2817?source=has-recommended,medium.com
http://megogo.net/ru/view/1343101-bolshoy-boks-umar-salamov-georgiy-beroshvili.html,megogo.net
http://mentalfloss.com/article/62232/article/62232/how-nintendo-conquered-manhattan-1985,mentalfloss.com
http://metro.co.uk/2015/05/13/dogs-in-swings-are-the-best-thing-weve-seen-like-ever-5195202/,metro.co.uk
http://mic.com/articles/117810/the-department-of-justice-is-launching-an-investigation-into-baltimore-s-police-tactics,mic.com
http://mirtesen.ru/url?e=simple_click&blog_post_id=43670825107&url=http%3A%2F%2Fmedvejiyugol.mirtesen.ru%2Fblog%2F43670825107%2FPrekrasnyiy-kontslager,mirtesen.ru
http://mixi.jp/share.pl?u=http://alfalfalfa.com/articles/117919.html&k=e09afc106e473491952cfe324aa83aabe5b07446,mixi.jp
http://momoshop.com.tw/category/LgrpCategory.jsp?l_code=2106700000&Area=tooth&FTOOTH=21&mdiv=1000900000-bt_5_023_05&ctype=B,momoshop.com.tw
http://motherless.com/credits/send?u=leotard_girlie&back=http://motherless.com/m/leotard_girlie,motherless.com
http://motthegioi.vn/suckhoe/tin-suc-khoe/thue-do-boi-o-cong-vien-nuoc-tiem-an-nguy-co-gay-benh-188316.html,motthegioi.vn
http://moviepilot.com/posts/2015/05/13/wait-the-new-female-thor-is-already-in-the-mcu-2929853,moviepilot.com
http://myegy.to/b182/225911/%D8%B4%D8%A7%D9%87%D8%AF_%D9%81%D9%8A%D9%84%D9%85_%D8%A7%D9%84%D8%A7%D9%86%D9%8A%D9%85%D9%8A%D8%B4%D9%86_%D8%A7%D9%84%D9%85%D8%AF%D8%A8%D9%84%D8%AC_DuckTales_theMovie_Treasure_of_the_Lost_Lamp_1990,myegy.to
http://mylust.com/videos/236028/extremely-hot-webcam-model-in-fishnet-stockings-loves-masturbating/,mylust.com
https://myspace.com/article/2015/4/23/four-color-zack-unconventional-party-playlist,myspace.com
http://nesn.com/2015/05/report-ex-patriot-kyle-arrington-ravens-top-target-at-cornerback/,nesn.com
http://nguyentandung.org/voa-giam-doc-nsa-keu-goi-de-chinh-phu-tiep-can-du-lieu-dien-thoai.html,nguyentandung.org
http://www.nhs.uk/news/2015/05May/Pages/Having-a-sweet-tooth-could-increase-your-Alzheimers-risk.aspx,nhs.uk
http://noticias.uol.com.br/saude/album/2014/01/24/veja-dicas-para-combater-a-proliferacao-do-mosquito-transmissor-da-dengue.htm,noticias.uol.com.br
http://nymag.com/daily/intelligencer/2014/10/silicon-valley-meet-organized-labor.html,nymag.com
http://nypost.com/2015/04/26/brangelina-changing-the-world-one-child-at-a-time/?share=email,nypost.com
http://olx.co.id/i2/elektronik-gadget/games-console/portable/elektronik-gadget/games-console/portable,olx.co.id
http://olx.in/hi/tripura/q-%7Bq%7D/?utm_source=google&utm_medium=search&utm_campaign=search_organic,olx.in
http://olx.pl/i2/motoryzacja/dostawcze-ciezarowe/autobusy/motoryzacja/dostawcze-ciezarowe/autobusy,olx.pl
http://olx.ro/i2/electronice-si-electrocasnice/tv-audio-video/player-digital/gtm.start,olx.ro
http://olx.ua/uk/list/q-%D0%B2%D0%B5%D0%BB%D0%BE%D1%81%D0%B8%D0%BF%D0%B5%D0%B4/?page=9,olx.ua
http://onedio.com/haber/-turkiye-de-insan-hayati-ne-kadar-ucuz-dedirten-12-olay-507256,onedio.com
http://oneplus.net/ca_en/support/answer/my-phone-flashlight-gets-activated-in-my-pocket,oneplus.net
http://otomoto.pl/maszyny-rolnicze/inny/cthFLQcE2ThXqvCIWmXC_IXCPzJdCiMYobd26gNQ8Ab.g7,otomoto.pl
http://pantip.com/tag/Home_%28%E0%B8%A0%E0%B8%B2%E0%B8%9E%E0%B8%A2%E0%B8%99%E0%B8%95%E0%B8%A3%E0%B9%8C%29,pantip.com
http://patch.com/sites/default/files/js/js_LEAWfCGE9maXAxQElxw_ItIKvlhi8m7xddOE4zoKZHo.js,patch.com
https://paytm.com/blog/dollykidoli-contest-meet-dolly-aka-sonam-kapoor/?share=email,paytm.com
http://pelis24.com/series-mas-vistas/17086-arrow-tercera-temporada-2014-online.html,pelis24.com
http://perezhilton.com/2015-05-13-american-idol-ending-paula-abdul-nigel-lythgoe-brian-dunkleman-comments/?from=readmore_perezhilton&,perezhilton.com
http://persianblog.ir/tags/42604/1/%d8%b3%d9%87%d8%b1%d8%a7%d8%a8_%d8%b3%d9%be%d9%87%d8%b1%db%8c/,persianblog.ir
http://pikabu.ru/tag/%D0%B7%D0%BD%D0%B0%D0%BC%D0%B5%D0%BD%D0%B8%D1%82%D0%BE%D1%81%D1%82%D0%B8/hot,pikabu.ru
http://pinterest.com/pin/create/button/?url=http://allrecipes.com/recipe/eggs-on-the-grill/detail.aspx&description=Eggs%20on%20the%20Grill%20Allrecipes.com&media=http://media-cache-ec0.pinimg.com/600x/04/e8/02/04e802288188566b60e91f308eafb2d7.jpg,pinterest.com
http://pitchfork.com/reviews/albums/12331-johnny-cash-at-folsom-prison-legacy-edition/,pitchfork.com
http://plarium.com/en/strategy-games/stormfall-age-of-war/news/academy-in-each-league/,plarium.com
http://popupads.ir/blog/?tag=%d8%a8%d9%87%d8%aa%d8%b1%db%8c%d9%86-%d8%b3%d8%a7%db%8c%d8%aa-%d9%be%d8%a7%d9%be-%d8%a2%d9%be,popupads.ir
http://pornsharing.com/white-girl-riley-reed-is-in-the-mood-for-big-black-dick_v79180,pornsharing.com
https://prezi.com/eqc55twu27f-/let-me-tell-you-why-i-would-make-a-great-prezi-ambassador/,prezi.com
https://privatbank.ua/ua/business/universalnyje-reshenija/kreditovanie-biznesa/gtm.start,privatbank.ua
http://putlocker.is/watch-the-spongebob-movie-sponge-out-of-water-online-free-putlocker.html,putlocker.is
https://quizlet.com/login?redir=https%3A%2F%2Fquizlet.com%2Flogin%3Fredir%3Dhttps%253A%252F%252Fquizlet.com%252Fcreate-set%252Fnew,quizlet.com
http://qz.com/384376/how-companies-motivate-employees-when-there-are-no-promotions-to-hand-out/,qz.com
http://ringring.vn/loi-sam-truyen-cua-pep-hay-messi-khong-phai-dang-vua-dau-117820.html,ringring.vn
http://rocketnews24.com/2009/08/31/%e8%88%aa%e7%a9%ba%e5%88%b8%e3%81%af%e8%88%aa%e7%a9%ba%e4%bc%9a%e7%a4%be%e3%81%a7%e8%b2%b7%e3%81%a3%e3%81%9f%e3%81%bb%e3%81%86%e3%81%8c%e6%bf%80%e5%ae%89%e6%97%85%e8%a1%8c%e4%bb%a3%e7%90%86%e5%ba%97/,rocketnews24.com
http://rozetka.com.ua/notebook_stands/c183690/Catalog/computers-notebooks/computers-notebooks-accessories/notebook_stands,rozetka.com.ua
http://rt.com/in-vision/air-canada-plane-crash-skidded/624-halifax-airport-stanfield/,rt.com
http://say-move.org/comesearch.php?q=%E3%82%A8%E3%82%A6%E3%83%AC%E3%82%AB%E3%82%BB%E3%83%96%E3%83%B3&mode=tag&p=1,say-move.org
http://sberbank.ru/moscow/ru/person/investments/broker_service/marketsandservices/otc/,sberbank.ru
http://screencast.com/ScriptResource.axd?d=ald3yUb92QbAmXOh5TYVuLOEzGOxRl458RgHff4roqNhkoQcim7URu5qWxIzhhF5SmskJya8PX3gO8oUdhIUXQYIkp6GpSvzY4pGLVV5KHv-EgGwhRsADQ6kjCsAscLTVW3eDQ2&t=3a1336b1,screencast.com
http://screenrant.com/quicksilver-x-men-days-of-future-past-avengers-2-evan-peters/,screenrant.com
http://searchengineland.com/google-testing-value-alert-notice-in-google-shopping-ads-220587,searchengineland.com
http://searchengines.guru/forumdisplay.php?f=10&daysprune=365&order=desc&sort=voteavg,searchengines.guru
http://seasonvar.ru/serial-11021-National_Geographic_Tajny_zatonuvshih_korablej-2-season.html,seasonvar.ru
http://seekingalpha.com/author/seeking-early-retirement/research?source=follow_top_learn_more,seekingalpha.com
http://seesaawiki.jp/pathofexile/d/Path%20of%20Exile%20%a4%ce12%b7%ee%a4%cePvP%a5%a2%a5%c3%a5%d7%a5%c7%a1%bc%a5%c8,seesaawiki.jp
http://serverfault.com/questions/672424/receiving-empty-mails-from-three-different-windows-pcs-since-12-january-2015?answertab=active,serverfault.com
http://sfglobe.com/2015/05/05/mom-makes-a-sickening-discovery-after-posting-pictures-of-her-kids-online/?src=home_feed,sfglobe.com
http://shareba.com/index.php?do=/event/490/%E6%81%A9%E7%B4%8D%E2%80%AC%E9%A6%99%E6%B0%B4%E5%8D%A0%E5%8D%9C-%E6%89%BE%E5%B0%8B%E5%80%8B%E4%BA%BA%E5%B0%88%E5%B1%AC%E9%A6%99%E6%B0%9B/,shareba.com
http://shop-pro.jp/func/%e7%84%a1%e6%96%99-%e3%82%a2%e3%82%a4%e3%82%b3%e3%83%b3%e3%83%bb%e7%b4%a0%e6%9d%90/,shop-pro.jp
http://skyrock.com/videos/eDJwODRhNjoxMw==-bug-1186-Nikutu.html?top=3&period=recent,skyrock.com
http://slashdot.org/story/15/04/23/2318223/space-x-ends-latest-mission-but-falcon-again-fails-landing-test?continuous_video=1,slashdot.org
http://slickdeals.net/article/ongoing-slickdeals-redesign-feedback-thread-7732095.html,slickdeals.net
http://smallseotools.com/blog/what-you-should-expect-from-digital-marketing-trends-this-year/,smallseotools.com
https://soundcloud.com/highonmusic1/ed-sheeran-im-in-love-with-the-coco-hitimpulse-remix,soundcloud.com
http://sourceforge.net/directory/business-enterprise/add_facet_filter?facet=license&constraint=OSI-Approved+Open+Source+%3A%3A+GNU+Library+or+Lesser+General+Public+License+version+3.0+%28LGPLv3%29,sourceforge.net
http://spankbang.com/563p/video/sexy+tranny+hooker+will+get+her+boobs+covered+of+sperm,spankbang.com
http://sprint.com/business/solutions/mobility_security_and_management/secure_messaging/index.html,sprint.com
http://sputniknews.com/voiceofrussia_uk/2014_10_20/UK-Politics-Can-Labour-recreate-its-election-success-of-40-years-ago-7105/mm/dd/yy,sputniknews.com
http://squarespace.com/press/2014/7/9/juniper-jones-reveals-better-websites-for-all-with-new-squarespace-commercial,squarespace.com
http://stackexchange.com/newsletters/newsletter?site=windowsphone.stackexchange.com,stackexchange.com
http://stackoverflow.com/questions/21009769/web-config-redirect-all-paths-to-index-php-not-working,stackoverflow.com
http://steamcommunity.com/app/440/discussions/0/620713633843193068/%22http://steamcommunity.com/market/%22,steamcommunity.com
http://subscene.com/subtitles/three-kingdoms-san-guo-tam-quc-complete-series/farsi_persian/1115188,subscene.com
http://superuser.com/questions/885929/laptop-performance-much-slower-after-blowing-out-fans,superuser.com
http://syosetu.com/searchuser/search/index.php?name1st=%E3%82%8D&all=1&all2=1&all3=1&all4=1&p=2,syosetu.com
http://taboola.com/news/adexchanger-reader%E2%80%99s-digest-association%E2%80%99s-move-beyond-standard-banners,taboola.com
http://techcrunch.com/2015/04/16/etsy-stock-surges-86-percent-at-close-of-first-day-of-trading-to-30-per-share/,techcrunch.com
http://teespring.com/en-CA/SOJA?utm_campaign=SOJA&utm_medium=oembed&utm_source=wordpress,teespring.com
http://telegraf.com.ua/zhizn/zhurnal/1887094-pevitsa-ledi-gaga-vozmet-familiyu-supruga.html,telegraf.com.ua
http://thechive.com/2015/03/30/another-workweek-means-we-all-need-a-healthy-batch-of-flbp-50-photos/,thechive.com
http://themeforest.net/item/solus-single-property-site-template/full_screen_preview/11403928,themeforest.net
http://thenextweb.com/offers/2015/05/13/learn-to-code-with-94-off-this-course-bundle/,thenextweb.com
http://tinnhanh360.net/can-canh-nhan-sac-nguoi-yeu-cua-le-roi-sau-khi-vao-showbiz.html,tinnhanh360.net
http://tinypic.com/join.php?utm_source=favorites&utm_medium=link&utm_campaign=favorites_page,tinypic.com
http://tobogo.net/cdsb/board.php?board=notice&bm=view&no=68&category=&auth=&page=1&search=&keyword=&recom=,tobogo.net
http://torcache.net/torrent/3DD7F658D4F884D1E44DBA363F88CDB1BDCF584A.torrent?title=[kickass.to]gotham.s01e21.hdtv.xvid.fum.ettv,torcache.net
http://torrentdn.com/bbs/s.php?bo_table=torrent_tv&wr_id=83971&k=%ED%99%94%EC%A0%95&page=1,torrentdn.com
http://tsite.jp/r/cpn/cld/index.html?utm_source=stamp&utm_medium=shorturl&utm_campaign=0019249,tsite.jp
http://tune.pk/video/6051012/girls-day-hello-bubble-mv-english-subs-romanization-hangul-hd,tune.pk
http://tunein.com/radio/The-Freddie-Coleman-Show-p334540/15480783/ca-pub-1542925551861702/ProgramTopBanner,tunein.com
https://twitter.com/home?status=%E3%83%8C%E3%81%91%E3%82%8B%EF%BC%81%E3%80%90%E5%B7%A8%E4%B9%B3%E3%80%91+http%3A%2F%2Fero-video.net%2Ft%2FQXgVGKyzMDlGfPzP+%E5%B7%A8%E4%B9%B3%E7%BE%8E%E5%A5%B3%E3%82%92%E3%83%AC%E3%82%A4%E3%83%97%EF%BC%88%EF%BC%B6%E3%82%B7%E3%83%8D%EF%BC%89+%23ero+%23douga+%23agesage,twitter.com
http://udn.com/news/story/7323/898767-%E5%8C%97%E5%B8%82%E9%87%8D%E9%99%BD%E7%AF%80%E6%95%AC%E8%80%81%E9%87%91-%E4%BB%8A%E5%B9%B4%E6%94%B9%E6%8E%A1%E5%8C%AF%E6%AC%BE,udn.com
http://unity3d.com/sites/default/files/css/css_--Z2ebmzrukbpHeqaDSYz2tLyvNx9r_LHPCezBnGAPg.css,unity3d.com
http://uproxx.com/movies/2015/05/diego-luna-reportedly-joins-star-wars-rogue-one-in-a-leading-role/,uproxx.com
http://userscloud.com/assets/css/admin/module.admin.stylesheet-complete.layout_fixed.true.min.css,userscloud.com
http://variety.com/2015/film/markets-festivals/michael-fassbender-x-men-not-leaving-macbeth-steve-jobs-1201493611/,variety.com
http://venturebeat.com/2015/05/13/google-blocks-extensions-not-listed-in-the-chrome-web-store-for-all-windows-users-will-expand-to-mac-in-july/,venturebeat.com
http://vnexpress.net/tin-tuc/oto-xe-may/nguoi-dep-nga-dap-mat-vi-lai-moto-3208647.html,vnexpress.net
http://vz.ru/redir/?source=vz_menu_links&nomain=1&id=745189&vzurl=http://www.vz.ru/news/2015/5/14/745189.html,vz.ru
http://watch-series-tv.to/serie/the_franchise%3A_a_season_with_the_san_francisco_giants,watch-series-tv.to
http://web.de/magazine/gesundheit/blog/ulli-goebl/fuenf-leckere-desserts-gesund-30586072,web.de
http://web.tv/liveCategory/2/language/1/index/changeLanguage/newshared/searchAutoComplete,web.tv
http://wikimapia.org/32988095/ar/%D8%A7%D9%84%D8%AD%D8%A7%D8%AC-%D9%86%D8%A7%D8%AC%D9%89-%D8%A7%D8%A8%D9%88%D8%A7%D9%84%D8%B9%D9%84%D8%A7,wikimapia.org
http://wikiwiki.jp/sample/?%A5%C7%A5%B6%A5%A4%A5%F3%A5%C6%A5%F3%A5%D7%A5%EC%A1%BC%A5%C8%2Fofficial_silver_orange_s,wikiwiki.jp
http://wmaraci.com/forum/seo-isleri/search-engine-optimization-googleda-ilk-sayfa-205276.html,wmaraci.com
https://wordpress.org/showcase/department-of-environmental-science-policy-management-at-uc-berkeley/,wordpress.org
http://worldoftanks.ru/ru/content/guide/payments_instruction/terminaly-ibox-ukraina/,worldoftanks.ru
http://wpengine.com/2015/05/13/power-your-brand-with-the-four-ss-of-managed-wordpress-hosting-webinar/,wpengine.com
http://xhamster.com/movies/4580153/bbc_teased_whipped_denied_milked_on_glory_hole_by_ms._sadie.html,xhamster.com
http://xossip.com/forumdisplay.php?s=1a0185aef96dc82d1f523a00d7134802&f=4&sort=voteavg,xossip.com
http://xvideo-jp.com/archives/tag/%E3%82%BB%E3%83%BC%E3%83%A9%E3%83%BC%E6%9C%8D/page/2,xvideo-jp.com
http://yourlust.com/videos/skinny-teen-with-flat-tits-and-tiny-butt-showers-on-camera.html,yourlust.com
http://zozo.jp/category/swimwear-kimono-yukata/traditional-japanese-clothing-accessories/,zozo.jp
http://1337x.to/torrent/1160248/Chicago-Fire-S03E23-720p-HDTV-X264-DIMENSION-GloDLS/,1337x.to
http://189.cn/dqmh/tianyiMall/searchMallAction.do?method=goToSearch&shopId=10014&searchtext=%E5%AE%BD%E5%B8%A6,189.cn
http://2gis.ru/moscow/search/%D0%9D%D0%BE%D0%B2%D0%BE%D1%81%D1%82%D1%80%D0%BE%D0%B9%D0%BA%D0%B8/zoom/11,2gis.ru
https://500px.com/photo/15721933/galeria-lafayette-by-dragox-photo-?from=set&set_id=1074128,500px.com
http://9gag.tv/p/a50B8j/tom-hanks-enjoys-pentatonix-s-a-capella-gift-at-kennedy-center-honors,9gag.tv
http://abc.go.com/shows/general-hospital/news/gh-news/150509-tony-geary-luke-spencer-leaves-general-hospital,abc.go.com
http://abcnews.go.com/Business/starbucks-moves-ethos-water-sourcing-california-due-drought/story?id=30911183,abcnews.go.com
https://ahrefs.com/content-explorer/overview/v3/table/all/all/1/publish_time_desc?topic=site%3Awww.boredpanda.com,ahrefs.com
http://akhbarelyom.com/news/ArticleSectionList/262/1/%D9%8A%D8%A7%D8%B3%D8%B1-%D8%B1%D8%B2%D9%82.html,akhbarelyom.com
http://alfalfalfa.com/tag/%E3%82%B3%E3%83%B3%E3%83%88%E3%83%AD%E3%83%BC%E3%83%A9%E3%83%BC,alfalfalfa.com
http://aljazeera.net/programs/arab-present-situation/2015/4/20/%D9%88%D8%A7%D9%82%D8%B9-%D8%A7%D9%84%D9%85%D9%83%D9%88%D9%86-%D8%A7%D9%84%D8%B3%D9%86%D9%8A-%D9%81%D9%8A-%D8%A7%D9%84%D8%B9%D8%B1%D8%A7%D9%82-%D9%88%D8%B9%D9%84%D8%A7%D9%82%D8%A7%D8%AA%D9%87-%D8%A8%D8%AF%D9%88%D9%84-%D8%A7%D9%84%D8%A5%D9%82%D9%84%D9%8A%D9%85,aljazeera.net
http://allegro.pl/listing/listing.php?bmatch=seng-v10-p-sm-pers-isqm-chl-moda-0414&id=10&order=m&p=2&string=%7Bstring%7D,allegro.pl
http://allrecipes.com/video/567/how-to-broil-lobster-tails/detail.aspx?prop24=VH_Popular,allrecipes.com
http://ameblo.jp/summary/keyword/%E3%83%95%E3%82%A9%E3%83%AC%E3%82%B9%E3%83%88%E3%82%AC%E3%83%BC%E3%83%87%E3%83%B3,ameblo.jp
http://anandtech.com/bundles/javascript?v=3zoMUnHQHQfKEAEU_MI-Vwh0i7NhmCdIOW4S7phdnJo1,anandtech.com
http://ap.org/Content/Press-Release/2015/Associated-Press-joins-media-accelerator-Matter,ap.org
https://archive.org/search.php?query=mediatype:texts&sort=-publicdate&and[]=subject%3A%22bub_upload%22,archive.org
http://archiveofourown.org/tags/Kirisaki%20Daiichi%20players%20were%20never%20friends/works,archiveofourown.org
http://arstechnica.com/information-technology/2015/05/ibm-demos-first-fully-integrated-monolithic-silicon-photonics-chip/?comments=1,arstechnica.com
http://askubuntu.com/questions/601054/ubuntu-14-04-logitech-bluetooth-adapter-works-but-is-ceasing,askubuntu.com
http://atwiki.jp/wiki/%E3%83%89%E3%83%A9%E3%82%AF%E3%82%A8%20%E6%AD%A6%E5%99%A8%20wiki,atwiki.jp
http://auto.ru/cars/bmw/5er/all/?search%5Bstate%5D=1&search%5Bperiod%5D=0&search%5Bcustom%5D=1&search%5Bsection_id%5D=0&search%5Bmark%5D%5B0%5D=30&search%5Bmark-folder%5D%5B0%5D=30-384_2776,auto.ru
http://avxhome.se/video/Format/documentary/BBC-Bringing_Books_to_Life_2_Learning_Zone_2013.html,avxhome.se
http://b9dm.com/index.php/video/show/cid/5/time/0/order/index.php/video/show/cid/56/order/video/show,b9dm.com
http://babal.net/news/view/111897/%D8%A7%D9%84%D9%85%D8%B5%D8%B1%D9%8A%D9%8A%D9%86-%D8%A7%D9%84%D8%A3%D8%AD%D8%B1%D8%A7%D8%B1:-%D9%85%D8%A7%D8%B3%D8%A8%D9%8A%D8%B1%D9%88-%D9%88%D8%A8%D8%B9%D8%B6-%D8%A7%D9%84%D8%B5%D8%AD%D9%81-%D8%A7%D9%84%D9%82%D9%88%D9%85%D9%8A%D8%A9-%D9%8A%D9%83%D8%A8%D8%AF%D9%88%D9%86-%D8%A7%D9%84%D8%AF%D9%88%D9%84%D8%A9-%D8%AE%D8%B3%D8%A7%D8%A6%D8%B1-%D9%81%D8%A7%D8%AF%D8%AD%D8%A9,babal.net
http://bankmellat.ir/WebResource.axd?d=1swBpFBWPUaIKK7UxCSZuH8UahFakpEYb4QpI93xT-L5V0seHqc3wOD1LbzqdQN9nrkH-BEW5fUqXJKSEKoUtjTKhbKR5b_5LPSFv_Xuzp8aRX8v7P-qYPoyT6I3pZgmfWXiW8bxEFzutsgMaFRLHw2&t=635377285820000000,bankmellat.ir
http://bdnews24.com/bangladesh/2015/05/10/wife-tied-to-a-tree-and-tortured-in-narail,bdnews24.com
http://bestblackhatforum.com/Thread-GET-Angela-Backlinks-April-2015-MF?action=newpost,bestblackhatforum.com
http://bgr.com/2012/09/12/new-iphone-5-announcement-apple-event-4-inch-display-4g-lte/,bgr.com
http://bigcinema.tv/tag/%D1%8E%D0%BC%D0%BE%D1%80%D0%B8%D1%81%D1%82%D0%B8%D1%87%D0%B5%D1%81%D0%BA%D0%BE%D0%B5%20%D1%82%D0%B2-%D1%88%D0%BE%D1%83,bigcinema.tv
https://bitbucket.org/btubbs/trollop/pull-request/10/m-changed-stickiness-of-lazy-objects-and,bitbucket.org
http://bleacherreport.com/articles/2458019-theres-no-such-thing-as-a-race-card-lesean-mccoy-played-himself,bleacherreport.com
http://bluegape.com/travel/scorpion25/places-i-wish-to-visit-before-turning-30/message.send,bluegape.com
http://bmi.ir/App_Themes/En/Images/bmi-en.swf?url=%2fFa%2fHomePageLogo_Provider.aspx%3fLang%3d1,bmi.ir
http://bongda88.info/wp-content/plugins/contact-form-7/includes/js/jquery.form.min.js?ver=3.51.0-2014.06.20,bongda88.info
http://buzzfil.net/article/5295/vdm/ils-se-trompent-en-plantant-du-cannabis-a-la-place-du-gazon-le-resultat-est-epoustouflant-9.html?href=inner_website,buzzfil.net
http://caixa.gov.br/programas-sociais/auxilio-financeiro-emergencial/Paginas/default.aspx,caixa.gov.br
http://censor.net.ua/video_news/334828/za_volyu_za_rdnu_ukranu_boyitsy_polka_ares_iz_natsgvardii_gotovyatsya_k_zaschite_rodiny_video,censor.net.ua
https://chaturbate.com/tipping/spy_on_private_show_tokens_per_minute/princemarchand/,chaturbate.com
http://cheezburger.com/8490197760/video-games-friendly-reminder-regarding-assassins-creed-victory,cheezburger.com
http://ck101.com/forum.php?mod=misc&action=recommend&do=subtract&tid=3256804&hash=b5160424,ck101.com
http://clien.net/cs2/bbs/board.php?bo_table=coupon&sca=%5B%EB%AC%B4%EB%A3%8C%EC%9D%B4%EC%9A%A9%EA%B6%8C%5D,clien.net
http://coccoc.com/vi/news/coc-coc-thu-nghiem-dich-vu-giai-toan-thong-minh-dau-tien-tai-viet-nam,coccoc.com
http://codecanyon.net/item/captain-opening-hours-wordpress-plugin-widget/full_screen_preview/8051120,codecanyon.net
http://codepen.io/TheLarkInn/blog/angularjs-directive-labs-allowpattern-directive-more-fun-with-keycodes,codepen.io
http://comicbook.com/blog/2014/07/22/marvels-kevin-feige-studio-wont-be-pressured-into-more-diversity/,comicbook.com
http://conservativetribune.com/jordan-releases-footage-of-bombers-raining-down-99-seconds-of-raw-hell-on-isis/,conservativetribune.com
http://cookpad.com/login?rt=%2Fcategory%2Frecommend%2F529%3Frt%3D%252Fcategory%252F529,cookpad.com
http://correios.com.br/para-sua-empresa/marketing-direto/o-poder-da-mala-direta/modalidades-de-mala-direta-postal,correios.com.br
http://couchtuner.eu.com/2015/05/undateable-s2-e9-10-an-angry-judge-walks-into-a-bar.html,couchtuner.eu.com
http://cox.com/residential/support/tv/articles.cox?catId=p2_dvr_settings&catName=RFZSIFJlY29yZGluZw7r2o07r2o0c9o5x&prodId=p1_tv,cox.com
https://creativemarket.com/Vadim.Sherbakov/51308-16-HeroHeader-images-Vol.1/screenshots/,creativemarket.com
https://css-tricks.com/inheriting-box-sizing-probably-slightly-better-best-practice/,css-tricks.com
http://dantri.com.vn/chinh-tri/dau-tich-chi-bo-cong-san-viet-nam-ngay-ay-bay-gio-1028436.htm,dantri.com.vn
http://deadspin.com/senators-coach-is-issuing-threats-after-just-one-game-1698184913/1698236303/layer/,deadspin.com
http://dealnews.com/features/VIDEO-Our-Google-Chromecast-Review-Reveals-Some-Caveats/811857.html,dealnews.com
http://depositphotos.com/login.html?url=%2F66981739%2Fstock-video-businesspeople-using-at-laptop-computer.html,depositphotos.com
http://digg.com/video/exploring-the-difference-between-violence-and-sadism-in-video-games,digg.com
http://diply.com/diply-news/ashton-kutcher-makes-petition-to-get-equally-accessible-baby-changing-tables-in-restrooms/107813,diply.com
http://distractify.com/post/related/id/551eb0724a0c4b4e7d30aecb/skip/20/limit/10/back/0,distractify.com
http://doodle.com/pt/premium?utm_source=doodle&utm_medium=home&utm_campaign=premiumHome,doodle.com
http://dribbble.com/shots/1353113-UI-for-Upcoming-GEO-Project-Pop-Up/attachments/192526,dribbble.com
http://dropbooks.tv/search/index/word:%E9%87%A3%E3%82%8A%E3%82%AD%E3%83%81%E5%90%8C%E7%9B%9F,dropbooks.tv
http://duckduckgo.com/d.js?q=Secure%20Hypertext%20Transfer%20Protocol&t=A&l=wt-wt&p=1&s=0&ct=CA,duckduckgo.com
http://ecnavi.jp/redirect/?url=http://px.a8.net/svt/ejp?a8mat=2HLRVX+9TNI42+2FFI+1BNQZ5&id1=%user_id%,ecnavi.jp
http://eenadu.net/Specialpages/ruchulu/Ruchuluinner.aspx?qry=cakes_bakery13042015-4,eenadu.net
https://eksisozluk.com/sozlukculerin-ben-de-oradaydim-dedigi-olaylar--4493165?a=popular,eksisozluk.com
http://elcomercio.pe/whatsapp/sucesos/whatsapp-invaden-paradero-metropolitano-exhibir-autos-noticia-1810822?ref=portada_home&ft=mod_losmas&e=nota_4,elcomercio.pe
https://elevenia.co.id/login.do?returnURL=%2Fproduct%2FProductQnaForm%2FgetProductQnaDetail.do%3Fflag%3DprdQna&isSSL=Y,elevenia.co.id
http://elitedaily.com/humor/kids-using-old-computers-prove-how-far-technology-has-come-video/608447/,elitedaily.com
http://emgn.com/entertainment/7-animal-mysteries-you-will-never-have-to-argue-about-again/,emgn.com
http://ero-advertising.com/en/blog/details/article/eroadvertising-is-announcing-new-website.html,ero-advertising.com
http://espn.go.com/blog/bigten/post/_/id/119043/which-first-year-b1g-coach-has-biggest-first-year,espn.go.com
http://esporte.uol.com.br/futebol/campeonatos/libertadores/ultimas-noticias/2015/05/13/cruzeirense-colorado-vai-ao-mineirao-buscando-classificacao-dupla-na-noite.htm,esporte.uol.com.br
http://europa.eu/about-eu/agencies/regulatory_agencies_bodies/policy_agencies/acer/index_en.htm,europa.eu
https://evernote.com/intl/es/register?upgrade=plus&itemCode=plus-1year&offer=www_pricing_CTA,evernote.com
http://extratorrent.cc/torrent_download/4190219/Mariah+Carey+-+%231+to+Infinity+%5B2015%5D+%5BMP3-320KBPS%5D+%5BH4CKUS%5D+%5BGloDLS%5D.torrent,extratorrent.cc
http://faithtap.com/1852/mitchell-brunings-audition-redemption-song-on-the-voice-holland/,faithtap.com
http://fanpage.gr/family/gineka/%cf%80%cf%89%cf%82-%ce%b8%ce%b1-%ce%b5%ce%af%ce%bd%ce%b1%ce%b9-%ce%ac%cf%81%ce%b1%ce%b3%ce%b5-%cf%84%ce%bf-%cf%83e%ce%be-%cf%83%cf%84%ce%bf-%ce%bc%ce%ad%ce%bb%ce%bb%ce%bf%ce%bd/,fanpage.gr
http://fazenda.gov.br/divulgacao/noticias/2014-1/setembro/mantega-anuncia-350-mil-novas-unidades-do-mcmv,fazenda.gov.br
http://filehippo.com/download_google_chrome/download/534c8eb6a3f3f6253cb20dc4eaec0aa7/,filehippo.com
http://fishki.net/1525386-otzyvy-inostrancev-o-sovetskih-i-rossijskih-voennyh-filmah.html?mode=recent,fishki.net
http://fortune.com/2015/04/01/tesla-shares-get-late-boost-on-april-fools-press-release/,fortune.com
https://foursquare.com/rianru/list/%D0%B3%D0%BE%D1%80%D0%BE%D0%B4%D0%B0-%D1%80%D0%BE%D1%81%D1%81%D0%B8%D0%B8%D0%B8,foursquare.com
http://gawker.com/kerry-says-the-administration-has-evidence-assad-used-s-1236159661/templates/closure/,gawker.com
http://genius.com/2990160/Us-general-services-administration-gsa-mentor-protege-program-subpart-51970/Gsa-form-3695,genius.com
https://getpocket.com/signup?mode=socialmode&t=1&route=http://getpocket.com/p/pocket-topics/travel,getpocket.com
http://giphy.com/services/oembed/?url=http://media.giphy.com/media/p6xB68dEjGt1K/giphy.gif,giphy.com
http://gizmodo.com/5273939/wiimotish-xbox-360-gametrak-freedom-dated-for-october-15,gizmodo.com
https://www.gov.uk/government/organisations/national-measurement-and-regulation-office,gov.uk
http://grantland.com/hollywood-prospectus/trailer-breakdown-a-scene-by-scene-analysis-of-nbcs-upcoming-people-are-talking-the-no-1-new-show-where-people-talk-about-things/,grantland.com
http://graphicriver.net/search?category=print-templates&date=this-month&length_max=&length_min=&price_max=&price_min=&rating_min=&sales=&sort=sales&term=&utf8=%E2%9C%93&view=list,graphicriver.net
http://gtbank.com/modules/mod_image_show_gk4/styles/gk_supersized/theme/supersized.shutter.css,gtbank.com
http://haberler.com/basbakan-dan-esenler-e-90-bin-yeni-konut-mujdesi-7299205-haberi/,haberler.com
http://haraj.com.sa/pic/%D8%AE%D8%AF%D9%85%D8%A7%D8%AA%20%D8%AA%D8%B9%D9%82%D9%8A%D8%A8,haraj.com.sa
http://hdfcbank.com/personal/ways-to-bank/bank-with-your-phone/mobilebanking/mobilebanking-app-for-iphone,hdfcbank.com
http://himado.in/?keyword=%E7%81%BC%E7%9C%BC%E3%81%AE%E3%82%B7%E3%83%A3%E3%83%8A%0D%E7%81%BC%E7%9C%BC%E3%81%AE%E3%82%B7%E3%83%A3%E3%83%8AII%EF%BC%88Second%EF%BC%89,himado.in
http://hollywoodlife.com/2015/01/28/marshawn-lynch-super-bowl-commercial-2015-progressive-skittles-superbowl-ad/,hollywoodlife.com
https://hootsuite.com/ja-jp/%E3%82%B5%E3%83%BC%E3%83%93%E3%82%B9/%E3%82%B5%E3%83%9D%E3%83%BC%E3%83%88,hootsuite.com
https://housing.com/in/mumbai/new-projects/85-krishna-residences-by-vijay-khetan-group-in-andheri-east,housing.com
http://hubpages.com/topics/books-literature-and-writing/comics-and-graphic-novels/546,hubpages.com
http://icicibank.com/Personal-Banking/offers/offer-detail.page?id=offer-justa-hotels-offer-20143110112955397,icicibank.com
http://iconosquare.com/contest/yq/capta-tu-vida-en-la-universidad-plasmala-compartela,iconosquare.com
https://ifttt.com/recipes/182388-keep-yourself-informed-get-a-weekly-digest-of-big-stories-from-the-ny-times,ifttt.com
http://indianexpress.com/article/technology/mobile-tabs/intex-launches-cloud-n-android-kitkat-phone-at-rs-4199/,indianexpress.com
http://infospace.com/partners/sdk/xml/serp-layout/serpregion-attribution-shading/index.htm,infospace.com
http://ink361.com/app/users/ig-613772779/eddyflowoff/photos/ig-984133851987800976_613772779,ink361.com
https://instagram.com/oauth/authorize?client_id=d9494686198d4dfeb954979a3e270e5e&redirect_uri=http%3A%2F%2Ficonosquare.com%3FredAftLog%3Dhttp%253A%252F%252Ficonosquare.com%252Ftag%252Ftourism&response_type=code&scope=likes+comments+relationships,instagram.com
http://interpark.com/displaycorner/FreeMarket.do?_method=itemCateList&free1=pc&free2=007001002005&free3=item&disp_no=007001002005,interpark.com
http://io9.com/5930434/is-the-birth-of-bane-hidden-in-tom-hardys-star-trek-nemesis-screen-test,io9.com
http://irecommend.ru/content/sochini-svoyu-istoriyu-lyubvi-trepetnoe-penie-ptits-ili-samye-teplye-assotsiatsii-kotorye-vy,irecommend.ru
http://jalopnik.com/5941450/russian-authorities-investigating-that-insanely-low-fighter-jet-flyover,jalopnik.com
http://jezebel.com/why-is-walmart-hiding-copies-of-ronda-rouseys-book-from-1696016415/layer/,jezebel.com
http://kakaku.com/kaden/audio-others/ranking_2071/pricedown/div-gpt-ad-k/header_text,kakaku.com
http://katproxy.com/secret-wars-02-of-08-2015-digital-zone-empire-cbr-t10641069.html,katproxy.com
http://kenh14.vn/2-tek/toan-bo-than-may-iphone-co-the-duoc-boc-kinh-trong-tuong-lai-20140708093615834.chn,kenh14.vn
http://khabaronline.ir/(X(1)S(zv0jvfqnirzv02vdv33nlcia))/detail/328992/science/astronomy,khabaronline.ir
http://kickass.to/learn-french-language-ebooks-audio-book-mega-collection-t6667751.html,kickass.to
http://kienthuc.net.vn/tam-soat-ung-thu/anh-sang-ban-dem-tiep-tay-cho-benh-ung-thu-phat-trien-467023.html,kienthuc.net.vn
http://kizi.com/videos/radiojh-audrey-minecraft-stone-series-2-mini-figures-surprise,kizi.com
http://kotaku.com/5621377/from-game-boy-to-virtual-boy-an-exhibit-of-gunpei-yokois-legacy/,kotaku.com
https://lastpass.com/signup2.php?ac=1&from_uri=%2Fsignup2.php%3Fac%3D1%26from_uri%3D%252Fsignup2.php%253Fac%253D1%2526from_uri%253D%25252Fsignup2.php%25253Fac%25253D1%252526from_uri%25253D%2525252Fsignup2.php%2525253Fac%2525253D1%25252526from_uri%2525253D%252525252Fsignup2.php%252525253Fac%252525253D1%2525252526from_uri%252525253D%25252525252Fsignup2.php%25252525253Fac%25252525253D1%252525252526from_uri%25252525253D%2525252525252Fsignup2.php%2525252525253Fac%2525252525253D1%25252525252526from_uri%2525252525253D%252525252525252Fsignup2.php%252525252525253Fac%252525252525253D1%2525252525252526from_uri%252525252525253D%25252525252525252Fsignup2.php%25252525252525253Fac%25252525252525253D1%252525252525252526from_uri%25252525252525253D%2525252525252525252Fsignup2.php%2525252525252525253Fac%2525252525252525253D1%25252525252525252526from_uri%2525252525252525253D%252525252525252525252Fsignup2.php%252525252525252525253Fac%252525252525252525253D1%2525252525252525252526from_uri%252525252525252525253D%25252525252525252525252Fsignup2.php%25252525252525252525253Fac%25252525252525252525253D1%252525252525252525252526from_uri%25252525252525252525253D%2525252525252525252525252Fsignup2.php%2525252525252525252525253Fac%2525252525252525252525253D1%25252525252525252525252526from_uri%2525252525252525252525253D%252525252525252525252525252Fsignup2.php%252525252525252525252525253Fac%252525252525252525252525253D1%2525252525252525252525252526from_uri%252525252525252525252525253D%25252525252525252525252525252Fsignup2.php%25252525252525252525252525253Fac%25252525252525252525252525253D1%252525252525252525252525252526from_uri%25252525252525252525252525253D%2525252525252525252525252525252Fsignup2.php,lastpass.com
http://lifehacker.com/5976689/the-pietenna-hd-antenna-looks-terrible-but-gets-great-signal,lifehacker.com
http://likemag.com/sr/kada-je-pas-po-prvi-put-u-zivotu-ugledao-bebu-i-okrenuo-se-tacno-smo-znali-sta-ce-se-desiti,likemag.com
http://livestream.com/accounts/256352/events/1586501/videos/4684055/player?width=960&height=540&autoPlay=true&mute=false,livestream.com
http://livetv.sx/en/betsadvice/?resultfilter=&a_1086063=on&date_from=14.05.2014&date_to=14.05.2015,livetv.sx
http://marvel.com/news/tv/24029/marvels_agent_carter_explores_the_origins_of_the_black_widow_program,marvel.com
http://mashable.com/category/international-space-station/2015/03/25/inflatable-habitat-for-space,mashable.com
http://maybank2u.com.my/mbb_info/m2u/public/promoDetail.do?channelId=PRO-Promotions&cntTypeId=1&cntKey=PRO08.31&programId=PRO08-ContestsWinners&chCatId=/mbb/Personal/PRO-Promotions,maybank2u.com.my
http://mediaset.it/mediasetextra/articoli/la-donna-del-mistero-le-trame-dal-2-al-6-marzo_11496.shtml,mediaset.it
https://medium.com/@nathancoppedge/excellent-article-genius-typology-4e1a8317457e?source=has-recommended,medium.com
http://megogo.net/ru/view/1360191-kavkazskaya-plennica-ili-novye-priklyucheniya-shurika.html,megogo.net
http://mentalfloss.com/article/51367/10-things-know-about-anne-franks-diary-young-girl,mentalfloss.com
http://metro.co.uk/2015/05/13/16-products-for-80s-kids-who-havent-stopped-loving-labyrinth-5185126/,metro.co.uk
http://mic.com/articles/117346/the-story-of-how-fka-twigs-became-famous-will-make-you-like-her-even-more,mic.com
http://mirtesen.ru/url?e=simple_click&blog_post_id=43974882477&url=http%3A%2F%2Fsmi2.mirtesen.ru%2Fblog%2F43974882477%2FItaliya-glazami-nashih-klientov.-Novyiy-otzyiv%21,mirtesen.ru
http://mixi.jp/system/app_beacon.pl?beacon_params=cmFua2luZ19hbGxfdG9wLDQwNzUyIDQwNzk2IDQwODAyIDQwNzk5IDQwNjAwIDQwMzI0IDM5ODI4IDM5MTg5IDQwMzg1IDM5NzMzIDQwNzkxIDI1NjY5IDMyMjkxIDQwNDEzIDM5ODMxIDMyMDAyIDQwNDg4IDQwNzcwIDM1MzU1IDMxOTU5,mixi.jp
http://momoshop.com.tw/category/LgrpCategory.jsp?l_code=2100800000&Area=tooth&FTOOTH=21&mdiv=1000900000-bt_5_023_01&ctype=B,momoshop.com.tw
http://motherless.com/credits/send?u=Ancientgit&back=http://motherless.com/m/Ancientgit,motherless.com
http://motthegioi.vn/luxury-living/thoi-trang/dong-ho-cartier-cle-de-cartier-dinh-cao-danh-vong-187742.html,motthegioi.vn
http://moviepilot.com/posts/2014/12/08/chris-pratt-shares-a-heartwarming-story-about-his-premature-son-2491436,moviepilot.com
http://myegy.to/b182/225469/%D8%B4%D8%A7%D9%87%D8%AF_%D9%81%D9%8A%D9%84%D9%85_%D8%A7%D9%84%D8%A3%D9%83%D8%B4%D9%86_%D9%88%D8%A7%D9%84%D8%AC%D8%B1%D9%8A%D9%85%D9%87_Furious_7_2015,myegy.to
http://mylust.com/videos/23157/interracial-action-of-my-svelte-pale-skin-girl-with-brutal-black-stud/,mylust.com
https://myspace.com/article/2015/5/1/its-friday-and-miley-cyrus-dyed-her-armpit-hair-pink,myspace.com
http://nesn.com/2013/02/pedro-martinez-thinks-rubby-de-la-rosa-could-become-one-of-baseballs-elite-players/,nesn.com
http://nguyentandung.org/nhung-cong-trinh-thay-doi-dien-mao-tp-ho-chi-minh-qua-net-ve-hoa-si-h-e.html,nguyentandung.org
http://www.nhs.uk/NHSEngland/AboutNHSservices/mental-health-services-explained/Pages/accessing%20services.aspx,nhs.uk
http://noticias.uol.com.br/ultimas-noticias/agencia-estado/2015/04/27/morador-recebe-agua-contaminada-na-zona-norte-de-sp.htm,noticias.uol.com.br
http://nymag.com/thecut/2014/05/see-all-the-looks-from-the-2014-met-gala/slideshow/2014/05/05/met_gala_2014_,nymag.com
http://nypost.com/2015/05/01/shareholders-say-hedge-fund-purposely-steering-american-apparel-to-bankruptcy/,nypost.com
http://olx.co.id/i2/hobi-olahraga/buku-majalah/teknik-dan-keahlian/hobi-olahraga/buku-majalah/teknik-dan-keahlian,olx.co.id
http://olx.in/hi/m/item/sigmatel-dual-sim-in-good-condition-IDTIAFP.html?code=bd4a7dc7d3,olx.in
http://olx.pl/i2/motoryzacja/dostawcze-ciezarowe/pozostale/motoryzacja/dostawcze-ciezarowe/pozostale,olx.pl
http://olx.ro/i2/electronice-si-electrocasnice/electrocasnice/aragazuri-cuptoare-si-hote/,olx.ro
http://olx.ua/slando-landing/gtm.js/0nHqv6tj9z5nRfsmP697J6RuLbo6IEODmOw0yRKw6PX.67/,olx.ua
http://onedio.com/haber/idam-edilisinin-43-yilinda-deniz-gezmis-in-babasina-yazmis-oldugu-mektuplar-502706,onedio.com
http://oneplus.net/ca_en/support/answer/will-rooting-or-unlocking-the-bootloader-void-my-warranty,oneplus.net
http://otomoto.pl/osobowe/skoda/superb/i-2001-2008/?search%5Bfilter_enum_financial_option%5D%5B0%5D=1,otomoto.pl
http://pantip.com/tag/x+y_%28%E0%B8%A0%E0%B8%B2%E0%B8%9E%E0%B8%A2%E0%B8%99%E0%B8%95%E0%B8%A3%E0%B9%8C%29,pantip.com
http://patch.com/maryland/silverspring/only-porch-basement-left-after-home-collapse-photos/,patch.com
https://paytm.com/blog/paytm-is-the-online-recharge-partner-for-dolly-ki-doli/?share=email,paytm.com
http://pelis24.com/series/17076-supernatural-decima-temporada-2014-2015-online.html,pelis24.com
http://perezhilton.com/2015-05-12-melissa-gorga-real-housewives-of-new-jersey-boobs-breast-implants-surgeryits/?from=readmore_perezhilton&,perezhilton.com
http://persianblog.ir/tags/42383/%D8%AF%D8%A7%D8%B3%D8%AA%D8%A7%D9%86_%DA%A9%D9%88%D8%AA%D8%A7%D9%87,persianblog.ir
http://pikabu.ru/tag/%D0%9B%D0%B5%D0%BE%D0%BD%D0%B8%D0%B4%20%D0%9A%D1%83%D1%80%D0%B0%D0%B2%D0%BB%D1%91%D0%B2/hot,pikabu.ru
http://pinterest.com/pin/create/button/?url=http://allrecipes.com/Recipe/Overnight-Bubble-Bread/Detail.aspx&description=Overnight%20Bubble%20Bread%20Allrecipes.com&media=http://media-cache-ak0.pinimg.com/600x/e4/53/42/e453427c3f918afbed837fd670132650.jpg,pinterest.com
http://pitchfork.com/thepitch/736-record-store-day-and-the-ambivalent-branding-of-independence/?utm_source=twitter&utm_medium=general&utm_campaign=thepitch,pitchfork.com
http://plarium.com/de/strategiespiele/sparta-war-of-empires/news/rabatt-fur-ressourcengebaude/,plarium.com
http://popupads.ir/blog/?tag=%d8%b3%db%8c%d8%b3%d8%aa%d9%85-%d9%be%d8%a7%d9%be-%d8%a2%d9%be,popupads.ir
http://pornsharing.com/adorable-brunette-gives-head-and-gets-facialized-in-pov_v49859,pornsharing.com
http://prezi.com/login_or_register_to_view/cpwyp44vgckw/?next=/cpwyp44vgckw/prezi-is-growing/?auth_key=3f6ec2e9cfd554f1d23b718b1462307266561a05,prezi.com
https://privatbank.ua/ua/business/srednemu-i-krupnomu-biznesu/vekselnie-operacii/gtm.start,privatbank.ua
http://putlocker.is/watch-thomas-and-friends-the-christmas-engines-online-free-putlocker.html,putlocker.is
https://quizlet.com/login?redir=https%3A%2F%2Fquizlet.com%2Fsign-up%3Fredir%3Dhttps%253A%252F%252Fquizlet.com%252F6396803%252Fmetric-prefixes-flash-cards%252F,quizlet.com
http://qz.com/404225/europes-new-plan-for-relocating-migrants-includes-a-country-by-country-quota-system/,qz.com
http://ringring.vn/tan-binh-depay-va-cuoc-cach-mang-kim-tien-cua-man-utd-117921.html,ringring.vn
http://rocketnews24.com/2011/06/22/%e9%9f%93%e5%9b%bd%e4%ba%ba%e3%80%8c%e6%97%a5%e6%9c%ac%e4%ba%ba%e3%81%a3%e3%81%a6%e6%9c%ac%e5%bd%93%e3%81%ab%e9%9f%93%e5%9b%bd%e3%81%ae%e3%81%93%e3%81%a8%e5%ab%8c%e3%81%84%e3%81%aa%e3%81%ae%ef%bc%9f/,rocketnews24.com
http://rozetka.com.ua/power_units/c180768/Catalog/computers-notebooks/computers-notebooks-accessories/power_units,rozetka.com.ua
http://rt.com/in-vision/baltimore-protest-freddie-justice/2015-maryland-may-baltimore/,rt.com
http://say-move.org/comesearch.php?q=%E3%81%91%E3%81%84%E3%81%8A%E3%82%93%EF%BC%81%EF%BC%81&mode=tag&p=1,say-move.org
http://sberbank.ru/portalserver/sb-portal-ru/ru/person/paymentsandremittances/payments/mobile/autopayment/,sberbank.ru
http://screencast.com/wEPDwULLTIwNDQ0NDYyMzkPZBYCAgEPZBYIAgMPFgIeBFRleHQFAjEwZAIFDxYCHwAFATFkAgcPFgIfAAUBMGQCCQ8WAh8ABSFodHRwOi8vZ2V0LmFkb2JlLmNvbS9mbGFzaHBsYXllci9kZL07piV3vMQi1HDTJd2ZZvsiMa9q,screencast.com
http://screenrant.com/quicksilver-x-men-avengers-2-fox-marvel-dead/2/?replytocom=1621238,screenrant.com
http://searchengineland.com/google-officially-launches-the-new-search-analytics-report-in-webmaster-tools-220421,searchengineland.com
http://searchengines.guru/forumdisplay.php?f=80&daysprune=-1&order=desc&sort=voteavg,searchengines.guru
http://seasonvar.ru/serial-7971-Geroem_ya_ne_stal_tak_chto_mne_prishlos__iskat__rabotu.html,seasonvar.ru
http://seekingalpha.com/news/2520516-tencent-beats-q1-estimates-online-ad-sales-surge,seekingalpha.com
http://seesaawiki.jp/pathofexile/d/Trap%a1%ca%a5%b5%a5%dd%a1%bc%a5%c8%a5%b8%a5%a7%a5%e0%a1%cb,seesaawiki.jp
http://serverfault.com/questions/479694/windows-server-in-utc-need-task-scheduler-to-shift-tasks-with-summer-time,serverfault.com
http://sfglobe.com/2015/04/16/hes-deaf-so-his-sister-went-above-and-beyond-to-make-him-feel-special/,sfglobe.com
http://shareba.com/index.php?do=/event/495/ao%E5%8F%B2%E5%AF%86%E6%96%AF%E7%86%B1%E6%B3%B52015%E4%B8%96%E8%B2%BF%E5%B1%95-5-14-17-%E4%B8%96%E8%B2%BF%E4%B8%80%E9%A4%A8-%E6%AB%83%E8%99%9F-a334-336/,shareba.com
http://skyrock.com/videos/eHlqcnVsOjEz-SADEK-L-interview-1-mot-1-reponse.html?top=4&period=daily,skyrock.com
http://slashdot.org/submission/2323495/the-eight-geekiest-ideas-for-halloween-costumes,slashdot.org
http://slickdeals.net/f/7856749-sharkk-boombox-portable-bluetooth-wireless-speaker-18-hours-playtime-49-99-shipped?src=pdw,slickdeals.net
http://smallseotools.com/blog/the-most-common-myths-surrounding-responsive-web-design/,smallseotools.com
https://soundcloud.com/marckinchen/wankelmut-emma-louise-my-head-is-a-jungle-mk-remix,soundcloud.com
http://sourceforge.net/directory/development/add_facet_filter?facet=natlanguage&constraint=French,sourceforge.net
http://spankbang.com/56hn/video/brazzersexxtra+peta+jensen+peta+pays+your+cock+a+visit,spankbang.com
http://sprint.com/legal/terms_conditions_spp.html?INTNAV=CMS:LGL:SPP:ConsumerTermsConditions,sprint.com
http://sputniknews.com/voiceofrussia_uk/2014_10_20/UK-Politics-Can-Labour-recreate-its-election-success-of-40-years-ago-7105/,sputniknews.com
http://squarespace.com/press-releases/2014/2/4/squarespace-launches-recruiting-campaign-to-lure-design-and-engineering-talent-to-nyc,squarespace.com
http://stackexchange.com/newsletters/newsletter?site=matheducators.stackexchange.com,stackexchange.com
http://stackoverflow.com/questions/30115866/how-to-properly-check-if-all-form-elements-are-filled-with-javascript,stackoverflow.com
http://steamcommunity.com/app/440/discussions/0/620713633843193068/%22http://store.steampowered.com/news/%22,steamcommunity.com
http://subscene.com/subtitles/enrique-iglesias-donde-estan-corazon/farsi_persian/1115185,subscene.com
http://superuser.com/questions/752816/windows-computer-getting-blue-screen-of-death-bsod-after-a-fall,superuser.com
http://syosetu.com/searchuser/search/index.php?name1st=%E3%81%91&all=1&all2=1&all3=1&all4=1&p=10,syosetu.com
http://taboola.com/press-release/taboola-brings-its-content-recommendation-platform-asia-pacific-market,taboola.com
http://techcrunch.com/2015/05/12/credit-monitoring-and-debt-management-service-credit-sesame-raises-16-million/,techcrunch.com
http://teespring.com/nl/atp-shirt?utm_campaign=atp-shirt&utm_medium=oembed&utm_source=wordpress,teespring.com
http://telegraf.com.ua/nauka/1886919-nasa-pokazalo-kartu-oblachnyih-i-suhih-mest-na-planete.html,telegraf.com.ua
http://thechive.com/2015/05/13/the-wisdom-of-jack-donaghy-is-like-a-straight-shot-of-whiskey-34-photos/,thechive.com
http://themeforest.net/item/allec-bootstrapless-template-with-site-builder/full_screen_preview/8986248,themeforest.net
http://thenextweb.com/insider/2014/10/21/mind-candy-founder-michael-acton-smith-last-year-half-really-tough/,thenextweb.com
http://tinnhanh360.net/dong-dat-lon-chinh-tri-gia-nepal-thao-chay-khoi-quoc-hoi.html,tinnhanh360.net
http://tobogo.net/cdsb/board.php?board=funnyvideo&bm=view&no=11584&category=&auth=&page=1&search=&keyword=&recom=,tobogo.net
http://torcache.net/torrent/30F2543E10BDC6D9E1ED8DD9654467E2FCCB1C2B.torrent?title=[kickass.to]demonic.2015.dvdrip.xvid.evo,torcache.net
http://torrentdn.com/bbs/s.php?bo_table=torrent_util&wr_id=15023&k=%ED%8F%AC%ED%86%A0%EC%83%B5&page=1,torrentdn.com
https://tsite.jp/login/index.pl?xpg=PCUI0401&ret=%3cemburl_PCRL02%3e%3fxpg%3dPCRL0209%26rally_id%3d0000000782,tsite.jp
https://tune.pk/video/6046470/happy-hippie-presents-peace-will-come-according-to-plan-featuring-melanie-safka,tune.pk
http://tunein.com/radio/CFAM-950-s31111/15480783/ca-pub-1542925551861702/StationLeader,tunein.com
https://twitter.com/share?text=%D0%A4%D0%BE%D1%82%D0%BE%D0%BF%D0%BE%D0%B4%D0%B1%D0%BE%D1%80%D0%BA%D0%B0+%D0%B7%D0%B0+29.04.2015&url=http%3A%2F%2Ffishki.net%2Fphoto%2F1517170-fotopodborka-za-29042015.html%2Fgallery-1952352%2F,twitter.com
http://udn.com/news/story/7332/900290-%E5%BB%A3%E5%B7%9E%E9%BA%A5%E7%95%B6%E5%8B%9E-%E6%8B%92%E7%B5%95%E7%B2%B5%E8%AA%9E%E5%8F%AB%E5%A4%96%E8%B3%A3%EF%BC%9F,udn.com
http://unity3d.com/sites/default/files/css/css_UubOywsJNqUV4wLPEe1lNxvesO2-xs94HWh4fkg8ahU.css,unity3d.com
http://uproxx.com/prowrestling/2015/05/dark-match-dungeon-sami-zayn-generically-speaking/,uproxx.com
https://userscloud.com/assets/library/icons/glyphicons/assets/css/glyphicons_regular.css,userscloud.com
http://variety.com/2015/film/news/broken-hollywood-the-bizs-top-players-call-out-ways-industry-needs-to-change-1201416866/2015/biz/news/chris-mcgurk-tailor-content-to-the-way-young-viewers-watch-it-or-be-prepared-to-fail-1201416771/,variety.com
http://venturebeat.com/2014/12/11/prezi-now-lets-you-deliver-and-watch-presentations-in-real-time-directly-from-your-mobile/,venturebeat.com
http://vnexpress.net/tin-tuc/the-gioi/thu-linh-he-tu-tuong-al-qaeda-bi-tieu-diet-3196904.html,vnexpress.net
http://web.de/magazine/sport/formel-1/formel-1-test-barcelona-schnellster-rosberg-uhrwerk-30635436,web.de
http://web.tv/registration/choose-channel/channel/index/changeLanguage/index/changeLanguage/,web.tv
http://wikimapia.org/32988060/ar/%D8%A7%D9%85%D9%84%D8%A7%D9%83-%D8%A7%D9%88%D9%84%D8%A7%D8%AF-%D8%A7%D9%84%D8%AD%D8%A7%D8%AC-%D9%85%D8%AD%D9%85%D9%88%D8%AF-%D8%AD%D8%B3%D9%8A%D9%86-%D8%A7%D8%A8%D9%88%D9%83%D8%B1%D9%8A%D9%85,wikimapia.org
http://wikiwiki.jp/sample/?%A5%C7%A5%B6%A5%A4%A5%F3%A5%C6%A5%F3%A5%D7%A5%EC%A1%BC%A5%C8%2Fdefault_blue_s,wikiwiki.jp
https://wmaraci.com/forum/ucretsiz-script-istekleri/ucretsiz-video-scripti-linktekine-benzer-234519.html,wmaraci.com
https://wordpress.org/news/wp-content/plugins/jetpack/modules/sharedaddy/sharing.js?ver=3.3.3,wordpress.org
http://worldoftanks.ru/ru/content/guide/account_security/fraudsters_in_social_networks_sec/,worldoftanks.ru
http://wpengine.com/2015/02/03/arnette-eyewear-wp-engine-geoip-guarantees-accurate-personalized-web-experience/,wpengine.com
http://xhamster.com/movies/4581725/japanese_lesbian_schoolgirls_with_small_tits.html,xhamster.com
http://xossip.com/forumdisplay.php?s=1a0185aef96dc82d1f523a00d7134802&f=10&sort=voteavg,xossip.com
http://xvideo-jp.com/archives/category/%e5%b0%8f%e6%b2%a2%e7%9c%9f%e7%90%86%e5%a5%88,xvideo-jp.com
http://yourlust.com/videos/bosomy-teen-is-all-alone-in-the-woods-bangs-her-pussy-with-dildo.html,yourlust.com
http://zozo.jp/shop/ambush/?price=proper&p_ssy=2015&p_ssm=5&p_ssd=13&p_sey=2015&p_sem=5&p_sed=13&dstk=2,zozo.jp
http://1337x.to/torrent/740717/Marvel-Agents-Of-SHIELD-S01E13-T-R-A-C-K-S-1080p-WEB-DL-DD5-1-H-264-ECI-PublicHD/,1337x.to
http://189.cn/dqmh/ssoLink.do?method=skip&platNo=10014&toStUrl=http://fj.189.cn/service2/actions/Package.action?fluxAccept=&OFFER_ID=902936243,189.cn
http://2gis.ru/moscow/search/%D0%93%D0%BE%D1%81%D1%82%D0%B8%D0%BD%D0%B8%D1%86%D1%8B/tab/firms/zoom/11,2gis.ru
https://500px.com/photo/89579971/burg-lichtenstein-by-wladimir-grigoruk?from=set&set_id=1853441,500px.com
http://9gag.tv/p/a5wj1A/will-you-still-watch-pirates-of-the-caribbean-5-after-this-honest-trailer,9gag.tv
http://abc.go.com/shows/shows/once-upon-a-time/%20http:/abc.go.com/shows/once-upon-a-time/episode-guide/season-04/,abc.go.com
http://abcnews.go.com/Lifestyle/woman-calls-discourteous-passenger-aboard-airasia-flight-open/story?id=31000535,abcnews.go.com
https://ahrefs.com/content-explorer/overview/v3/table/all/all/5/rank_desc?topic=site%3Awww.boredpanda.com,ahrefs.com
http://akhbarelyom.com/news/ArticleSectionList/268/1/%D8%A3%D9%8A%D9%85%D9%86-%D8%A8%D8%AF%D8%B1%D8%A9.html,akhbarelyom.com
http://alfalfalfa.com/tag/%E3%82%AA%E3%83%90%E3%83%9E%E7%B1%B3%E5%A4%A7%E7%B5%B1%E9%A0%98,alfalfalfa.com
http://aljazeera.net/news/arabic/2015/5/13/%D8%AA%D9%86%D8%B8%D9%8A%D9%85-%D8%A7%D9%84%D8%AF%D9%88%D9%84%D8%A9-%D9%8A%D8%B3%D9%8A%D8%B7%D8%B1-%D8%B9%D9%84%D9%89-%D8%B5%D9%85%D8%A7%D9%85-%D8%A3%D9%85%D8%A7%D9%86-%D9%85%D8%B7%D8%A7%D8%B1-%D8%AF%D9%8A%D8%B1-%D8%A7%D9%84%D8%B2%D9%88%D8%B1,aljazeera.net
http://allegro.pl/listing/listing.php?bmatch=seng-v10-p-sm-pers-isqm-chl-moda-0414&id=76593&order=m&p=2&string=%7Bstring%7D,allegro.pl
http://allrecipes.com/Recipe/Best-Big-Fat-Chewy-Chocolate-Chip-Cookie/Detail.aspx?evt19=1&referringHubId=1,allrecipes.com
http://ameblo.jp/summary/keyword/%E3%82%AA%E3%83%AB%E3%83%95%E3%82%A7%E3%82%A6%E3%82%B9,ameblo.jp
http://anandtech.com/bundles/comments?v=4dsDdpYDBE_hkYPqV3fRU23zZmeXjfy10FIyxvSlyEk1,anandtech.com
http://ap.org/Content/Press-Release/2012/President-Obama-IMF-chief-Lagarde-to-speak-at-AP-annual-meeting-and-lunch,ap.org
https://archive.org/search.php?query=mediatype:texts&sort=-publicdate&and[]=subject%3A%22ERIC%20Archive%22,archive.org
http://archiveofourown.org/tags/So%20I%20wanted%20to%20write%20a%20long%20conversation%20and%20I%20wrote%20a%20conversation/works,archiveofourown.org
http://arstechnica.com/tech-policy/2012/04/twitters-no-lawsuit-pledge-we-will-not-join-the-patent-wars/,arstechnica.com
http://askubuntu.com/questions/219342/no-sound-output-from-headphone-jack-ubuntu12-04,askubuntu.com
http://atwiki.jp/wiki/%E7%A4%BE%E5%93%A1%E3%81%8C%E6%94%B9%E7%AB%84%20%E5%81%BD%E8%A8%88%E6%A5%AD%E5%8B%99%E5%A6%A8%E5%AE%B3,atwiki.jp
http://auto.ru/cars/bmw/3er/all/?search%5Bstate%5D=1&search%5Bperiod%5D=0&search%5Bcustom%5D=1&search%5Bsection_id%5D=0&search%5Bmark%5D%5B0%5D=30&search%5Bmark-folder%5D%5B0%5D=30-365_2736,auto.ru
http://avxhome.se/comics/the_dark_tower_-_the_drawing_of_the_three_-_house_of_cards_03_of_05_2015.html,avxhome.se
http://b9dm.com/index.php/video/show/cid/5/time/0/order/video/index.php/video/show/cid/56/order/2,b9dm.com
http://babal.net/news/view/111886/%D8%A7%D9%84%D8%B3%D8%AC%D9%86-3-%D8%B3%D9%86%D9%88%D8%A7%D8%AA-%D9%84%D9%82%D9%8A%D8%A7%D8%AF%D9%89-%D8%A8%D9%80%D8%A7%D9%84%D8%A5%D8%AE%D9%88%D8%A7%D9%86-%D8%A7%D9%84%D8%A5%D8%B1%D9%87%D8%A7%D8%A8%D9%8A%D8%A9-%D9%88%D8%A8%D8%B1%D8%A7%D8%A1%D8%A9-%D8%A2%D8%AE%D8%B1-%D8%A8%D8%A7%D9%84%D9%88%D8%A7%D8%AF%D9%89-%D8%A7%D9%84%D8%AC%D8%AF%D9%8A%D8%AF,babal.net
http://bankmellat.ir/ScriptResource.axd?d=ifjjHsxuw1KCuBiKtl8eSIgZFV2EFjvuc0BE45RNLpcM8dOqyTNYG7ApZYrK5B9FuN9N58wW7rIw5J6pq9qh3TR1EQssbVRS6cJdg790ndOeLfzTW-Naha8c_xNTwg0WlJMwM3xSq1WKbpxxGCWgWnHSUpe1631dDIXiWIV-GJFonQKdRFQx0m2xlD2NqmPa0&t=7e632e9f,bankmellat.ir
http://bdnews24.com/economy/2015/05/07/political-turmoil-in-early-2015-hits-exports-hard,bdnews24.com
http://bestblackhatforum.com/Thread-PR4-Backlinks-Free-Comments-Backlink?action=newpost,bestblackhatforum.com
http://bgr.com/2015/04/09/the-boy-genius-report-podcast-episode-6-galaxy-s6-htc-one-reviews/,bgr.com
http://bigcinema.tv/tag/%D0%9A%D1%80%D0%B8%D1%81%D1%82%D0%B8%D0%BD%20%D0%92%D0%B0%D0%BD%D1%87%D0%BE%D0%BD,bigcinema.tv
https://bitbucket.org/btubbs/appsettings/pull-request/4/allow-config-file-to-be-empty-or-all,bitbucket.org
http://bleacherreport.com/articles/2417798-fantasy-football-way-too-early-preview-for-rbs-ready-to-break-out-on-new-teams,bleacherreport.com
http://bluegape.com/travel/scorpion25/places-i-wish-to-visit-before-turning-30/Play/Pause,bluegape.com
http://bongda88.info/co-bap-cuon-cuon-cua-ong-lao-62-tuoi-khien-thanh-nien-phai-ghen-ti/,bongda88.info
http://buzzfil.net/article/5237/buzz/une-brillante-invention-pour-proteger-les-cyclistes-en-pleine-nuit-1.html?href=inner_website,buzzfil.net
http://caixa.gov.br/empresa/credito-financiamento/credito-rural/custeio-pronamp-cooperativas,caixa.gov.br
http://censor.net.ua/quotes/all/page/9/hero/0/category/0/interval/5/author/0/sortby/date,censor.net.ua
https://chaturbate.com/tipping/spy_on_private_show_tokens_per_minute/angelinejones/,chaturbate.com
http://cheezburger.com/8490251008/geek-memes-luna-lovegood-dating-james-potter?ref=whatspopularfooter,cheezburger.com
http://ck101.com/forum.php?mod=misc&action=recommend&do=add&tid=3070736&hash=b5160424,ck101.com
http://clien.net/cs2/bbs/board.php?bo_table=cm_lego&sca=%5B%EC%A7%80%EB%A6%84%EC%8B%A0%EA%B3%A0%5D,clien.net
http://codecanyon.net/item/layers-easy-pie-chart-extension/full_screen_preview/11409652,codecanyon.net
https://codepen.io/anon/embed/qdZPVv?height=300&slug-hash=qdZPVv&default-tab=result&host=http%3A%2F%2Fcodepen.io,codepen.io
http://comicbook.com/2015/05/11/x-men-apocalypse-casting-notice-reveals-synopsis-might-confirm-g/,comicbook.com
http://conservativetribune.com/barack-obama-just-admitted-that-he-lied-to-get-elected-watch-video/,conservativetribune.com
http://cookpad.com/login?rt=%2Fcategory%2Frecommend%2F70%3Frt%3D%252Fcategory%252F70,cookpad.com
http://correios.com.br/para-sua-empresa/marketing-direto/solucoes-de-marketing-direto/solucoes-de-envio,correios.com.br
http://couchtuner.eu.com/2014/08/pretty-little-liars-s5-e12-taking-this-one-to-the-grave.html,couchtuner.eu.com
http://cox.com/residential/support/tv/article.cox?articleId=565a9f10-69b9-11df-5fca-000000000000,cox.com
https://creativemarket.com/?utm_source=dribbble&utm_medium=banner&utm_campaign=dribbble-meetup-sponsorship,creativemarket.com
https://css-tricks.com/tales-of-a-non-unicorn-a-story-about-the-trouble-with-job-titles-and-descriptions/,css-tricks.com
http://dantri.com.vn/video-29787/gan-160-trieu-dong-den-voi-4-hoan-canh-nhan-ai-o-nghe-an-p2.htm,dantri.com.vn
http://deadspin.com/5974245/the-nhl-barely-dodged-a-putin-backed-russian-mutiny-but-the-league-might-not-be-out-of-the-woods-yet,deadspin.com
http://dealnews.com/features/The-Best-and-Worst-Things-to-Buy-in-December/524966.html,dealnews.com
http://depositphotos.com/login.html?url=%2F70174459%2Fstock-photo-creativity-team-working-together.html,depositphotos.com
http://digg.com/video/kristen-schaal-returns-to-the-daily-show-to-talk-about-gender-equality,digg.com
http://diply.com/different-solutions/nfl-player-inspirational-figure-trent-shelton/106098/2,diply.com
http://distractify.com/post/related/id/55033a0c4a0c4bc821caa830/skip/30/limit/10/back/0,distractify.com
http://doodle.com/fr/premium?utm_source=doodle&utm_medium=home&utm_campaign=premiumHome,doodle.com
https://dribbble.com/shots/2061607--Detail-Oregon-The-Beaver-State?list=shots&offset=163&sort=popular&timeframe=now,dribbble.com
http://dropbooks.tv/search/index/word:%E3%82%A2%E3%83%AB%E3%82%AB%E3%83%8A%E3%83%8F%E3%83%BC%E3%83%88/term:no/page:2,dropbooks.tv
http://duckduckgo.com/d.js?q=Electronic%20Frontier%20Canada&t=A&l=wt-wt&p=1&s=0&ct=CA,duckduckgo.com
http://ecnavi.jp/redirect/?url=http://ad2.trafficgate.net/t/r/23/5738/86513_86513/0/AX%user_id%,ecnavi.jp
http://eenadu.net/ScriptResource.axd?d=UIVq7k_WkmmvBpEpvwi3-6Sqah3ZCaKj4lqWn7OomRswqBLzmD4BZIoT6fQ3lLq_tx3t6_a6ySuRO3d-8UrOwEk1V0vrNfnN9mGjJt4hLzFjQkgWEsbF1aBJ5ZDFJj4S1i5R2yL_4jQmTtI3XnW4w9jVwOU1&t=2e2045e2,eenadu.net
https://eksisozluk.com/kasisten-yavas-gecmedi-diye-otobus-soforu-dovmek--4781892?a=popular,eksisozluk.com
http://elcomercio.pe/politica/elecciones/otra-vez-andres-elecciones-2016-tunel-noticia-1809700?ref=portada_politica&ft=mod_click&e=foto,elcomercio.pe
https://elevenia.co.id/login.do?returnURL=%2Floyalty%2FAuthCouponGiftDtls%2FgetCouponDtls.do%3FCHOICEMENU%3DB01%26isSSL%3DY&isSSL=Y,elevenia.co.id
http://elitedaily.com/money/16-quick-and-painless-actions-to-take-to-help-start-your-business/1016411/,elitedaily.com
http://emgn.com/entertainment/20-of-the-happiest-animals-ever-if-they-can-be-happy-why-cant-we/,emgn.com
http://ero-advertising.com/blog/wins-the-xbiz-awards-2012-traffic-service-company-of-the-year,ero-advertising.com
http://espn.go.com/college-football/story/_/id/12874730/bobby-bowden-former-florida-state-seminoles-coach-calls-jameis-winston-embarrassment-school,espn.go.com
http://esporte.uol.com.br/videos/2015/05/13/marcos-rocha-e-duvida-para-jogo-contra-o-inter.video.htm,esporte.uol.com.br
http://europa.eu/about-eu/agencies/regulatory_agencies_bodies/security_agencies/satcen/index_en.htm,europa.eu
https://evernote.com/intl/pt-br/register?upgrade=plus&itemCode=plus-1year&offer=www_pricing_CTA,evernote.com
http://extratorrent.cc/torrent/4189624/%5BDigital+Play+Ground%5DYoung+And+Delicious.html,extratorrent.cc
http://faithtap.com/2963/isaac-waddington-sings-shes-always-a-woman-on-britains-got-talent/,faithtap.com
http://fanpage.gr/must-watch/k%ce%b9-%cf%8c%ce%bc%cf%89%cf%82-%ce%b1%cf%85%cf%84%cf%8c-%cf%80%ce%bf%cf%85-%ce%b2%ce%bb%ce%ad%cf%80%ce%b5%cf%84%ce%b5-%cf%83%cf%84%ce%bf-%ce%ba%cf%8c%ce%ba%ce%ba%ce%b9%ce%bd%ce%bf-%ce%ba%cf%85%ce%ba/,fanpage.gr
http://fazenda.gov.br/divulgacao/agenda/agenda_dia_view?year:int=2015&month:int=3&day:int=13,fazenda.gov.br
http://filehippo.com/download/file/5736e83be26e022ba7bf41989d52a596011998063a27d24621b4f3f5f6f228fe/,filehippo.com
http://fishki.net/video/1526225-obman-mozga-velosiped-s-invertirovannym-upravleniem.html?pid=1526225&gid=1984630,fishki.net
http://fortune.com/2014/08/25/mcdonalds-struggling-to-stay-relevant-with-millennials/,fortune.com
https://foursquare.com/v/%D0%BF%D0%B0%D0%B2%D0%B5%D0%BB%D0%B5%D1%86%D0%BA%D0%B8%D0%B9-%D0%B2%D0%BE%D0%BA%D0%B7%D0%B0%D0%BB--paveletskiy-rail-terminal/4ba754cdf964a520268c39e3,foursquare.com
http://gawker.com/the-interview-makes-15m-working-from-the-computer-with-1675880632,gawker.com
http://genius.com/4782739/Ol-dirty-bastard-never-before-seen-ol-dirty-bastard-raw-and-uncut-interview/The-kids-how-many-kids-do-i-have,genius.com
http://getpocket.com/signup?mode=socialmode&t=1&route=http://getpocket.com/p/pocket-topics/tech,getpocket.com
http://giphy.com/gifs/clothes-fabulous-OFcP2ojNIAkec?utm_source=iframe&utm_medium=embed&utm_campaign=tag_click,giphy.com
http://gizmodo.com/5781456/privacy-could-headline-google-circles-social-network-reveal-later-today,gizmodo.com
https://www.gov.uk/government/organisations/civil-service-government-property-profession,gov.uk
http://grantland.com/hollywood-prospectus/a-movie-by-movie-guide-to-marvels-phase-3-from-civil-war-to-infinity-wars/,grantland.com
http://graphicriver.net/item/terrano-multipurpose-powerpoint-presentation-template/10458755,graphicriver.net
http://gtbank.com/media-centre/gtbank-in-the-news/14-media/press-releases/565-gtbank-is-best-bank-in-nigeria-for-2014-by-the-banker,gtbank.com
http://haberler.com/sehit-madencinin-cocugunda-1-yil-sonra-babasina-7306963-haberi-yorumlari/,haberler.com
http://haraj.com.sa/117520038/%D9%83%D9%81%D8%B1%D8%A7%D8%AA_%D8%AD%D8%AC%D8%B1%D9%8A%D8%A9_/,haraj.com.sa
http://hdfcbank.com/personal/products/accounts-and-deposits/salary-accounts/defence-salary-account,hdfcbank.com
http://himado.in/?keyword=%E3%83%97%E3%83%AA%E3%83%86%E3%82%A3%E3%83%BC%E3%83%AA%E3%82%BA%E3%83%A0%285%E6%9C%9F%29,himado.in
http://hollywoodlife.com/2011/06/06/mtv-movie-awards-ashley-greene-wedding-cfda-awards/,hollywoodlife.com
https://hootsuite.com/ja-jp/%E3%82%B5%E3%83%BC%E3%83%93%E3%82%B9/%E6%95%99%E8%82%B2%E3%82%B5%E3%83%BC%E3%83%93%E3%82%B9,hootsuite.com
https://housing.com/in/hyderabad/new-projects/239-arcadia-by-janapriya-engineers-syndicate-in-kowkur,housing.com
http://hubpages.com/hub/New-Apocalypse-40k-Mission-Special-Rules-Part-3-Strategic-Assets-Reserves-and-Divine-Intervention,hubpages.com
http://icicibank.com/Personal-Banking/cards/Consumer-Cards/Credit-Card/low-interest-emi-products/plcc/index.page,icicibank.com
http://iconosquare.com/contest/zgg/no-nonsense-shopping-spree-in-new-york-with-jill-martin,iconosquare.com
https://ifttt.com/recipes/54658-log-rain-in-your-city-to-a-spreadsheet-as-it-happens,ifttt.com
http://indianexpress.com/article/world/neighbours/un-us-condemn-killing-of-shia-ismaili-muslims-in-pakistan/,indianexpress.com
http://ink361.com/app/users/ig-247944034/beyonce/photos/ig-984133042161258256_247944034,ink361.com
https://instagram.com/oauth/authorize?client_id=d9494686198d4dfeb954979a3e270e5e&redirect_uri=http%3A%2F%2Ficonosquare.com%3FredAftLog%3Dhttp%253A%252F%252Ficonosquare.com%252Ftag%252Finstastats&response_type=code&scope=likes+comments+relationships,instagram.com
http://interpark.com/displaycorner/FreeMarket.do?_method=itemCateList&free1=pc&free2=007001008001&free3=item&disp_no=007001008001,interpark.com
http://io9.com/popular-exercises-to-avoid-at-all-costs-unless-you-do-t-1702870104/layer/,io9.com
http://irecommend.ru/content/karandash-dlya-gub-letual-karandash-dlya-podvodki-gub-lingerie,irecommend.ru
http://jalopnik.com/the-2015-vw-gti-is-best-car-to-get-if-you-cant-afford-e-1576674580,jalopnik.com
http://jezebel.com/new-york-comic-con-signs-declare-cosplay-is-not-consent-1644428744/templates/closure/,jezebel.com
http://kakaku.com/kaden/sphygmomanometer/ranking_6577/pricedown/div-gpt-ad-k/header_text,kakaku.com
http://katproxy.com/horriblesubs-shinmai-maou-no-testament-06-720p-mkv-t10208504.html,katproxy.com
http://kenh14.vn/kham-pha/video-dieu-gi-xay-ra-khi-con-nguoi-bien-mat-khoi-trai-dat-20150208042920698.chn,kenh14.vn
http://khabaronline.ir/(X(1)S(wqjktzvr4hfvidbzr3fs4dsd))/detail/416412/comic/cartoon,khabaronline.ir
http://kickass.to/desktop-wallpapers-miscellaneous-1680x1050-2560x1600-118-p-2015-jpg-t10320505.html,kickass.to
http://kienthuc.net.vn/hoi-dap-ve-tuyen-sinh/chon-nghe-luong-cao-tien-nhieu-phai-tra-gia-the-nao-491038.html,kienthuc.net.vn
http://kizi.com/videos/free-to-touch-headless-zombie-2-walkthrough-all-levels-complete-1-20,kizi.com
http://kotaku.com/what-the-cast-of-game-of-thrones-did-before-game-of-thr-1699840060/templates/closure/,kotaku.com
https://lastpass.com/index.php?&ac=1&from_uri=%2Ffeatures_joinpremiumxmarks2.php&fromwebsite=1&newvault=1&nk=1,lastpass.com
http://lifehacker.com/google-settings-is-a-super-useful-android-app-youve-pro-1699448508/layer/,lifehacker.com
http://likemag.com/de/auch-schon-mal-gefragt-wofur-das-extra-loch-im-schuh-ist-wenn-du-joggst-musst-du-das-wissen,likemag.com
http://marvel.com/news/movies/24469/nicole_perlman_meg_lefauve_to_write_marvels_captain_marvel,marvel.com
http://mashable.com/category/small-business/2015/05/04/bethenny-frankel-skinnygirl-brand-emotional,mashable.com
http://maybank2u.com.my/mbb_info/m2u/public/etiqaContent01.do?cntTypeId=3&cntKey=eINS02.04.02.01&programId=eINS02.04.02-Above45&chCatId=/mbb/Personal/eINS-Insurance/eINS02-FindPlan/eINS02.04-PA,maybank2u.com.my
http://mediaset.it/rete4/ditelavostra/vota/48/donnavventura-speciale-expo.shtml?page=,mediaset.it
https://medium.com/ted-fellows/an-unexpected-family-photo-album-1d03520f9910?source=trending,medium.com
http://megogo.net/ru/news/view/1839381-novyy-sovmestnyy-film-dzholi-i-pitta-poluchil-datu-reliza.html,megogo.net
http://mentalfloss.com/article/30826/date-1974-clevelands-ten-cent-beer-night-went-horribly-wrong,mentalfloss.com
http://metro.co.uk/2015/05/13/arsenal-lead-transfer-chase-for-juventus-defender-daniele-rugani-5195343/,metro.co.uk
http://mic.com/articles/99614/these-brilliant-teen-girls-just-helped-solve-world-hunger-at-a-science-fair,mic.com
http://mirtesen.ru/url?e=simple_click&blog_post_id=43611409690&url=http%3A%2F%2Fobshestvomt.ru%2Fblog%2F43611409690%2FStalin-v-protsentnom-sootnoshenii,mirtesen.ru
http://mixi.jp/share.pl?u=http://alfalfalfa.com/articles/117912.html&k=e09afc106e473491952cfe324aa83aabe5b07446,mixi.jp
http://momoshop.com.tw/category/LgrpCategory.jsp?l_code=1799900000&FTOOTH=17&Area=tooth&cid=T17&oid=L17999&mdiv=1000100000-bt_0_157_01&ctype=B,momoshop.com.tw
http://motherless.com/credits/send?u=grangible&back=http://motherless.com/m/grangible,motherless.com
http://motthegioi.vn/khoa-hoc-giao-duc/du-hoc/gioi-ngoai-ngu-moi-di-du-hoc-hay-nguoc-lai-183182.html,motthegioi.vn
http://moviepilot.com/posts/2014/09/16/matt-damon-and-paul-greengrass-reuniting-for-new-bourne-film-in-2016-2274205,moviepilot.com
http://myegy.to/ArabicMovies/219413/I_HD_720p_I_%D9%85%D8%AD%D9%85%D9%88%D8%AF_%D8%AD%D9%85%D9%8A%D8%AF%D8%A9_%D9%88%D9%85%D8%AD%D9%85%D8%AF_%D9%81%D8%B1%D8%A7%D8%AC_%D9%81%D9%8A_%D9%81%D9%8A%D9%84%D9%85_%D9%82%D8%B7_%D9%88%D9%81%D8%A7%D8%B1,myegy.to
http://mylust.com/videos/203878/cute-brunette-with-really-pretty-eyes-masturbates-on-cam/,mylust.com
https://myspace.com/article/2015/4/28/royce-wood-junior-jim-wood-ashen-tang-london-interview,myspace.com
http://nesn.com/2014/08/patriots-preparing-for-joint-practices-against-redskins-video/,nesn.com
http://nguyentandung.org/pho-thu-tuong-vu-duc-dam-tra-loi-phong-van-truyen-hinh-my.html,nguyentandung.org
http://www.nhs.uk/Conditions/online-clinics/Pages/online-clinic-on-sexual-health.aspx,nhs.uk
http://noticias.uol.com.br/ultimas-noticias/erratas/2015/05/14/home-page-preso-na-lava-jato-empreiteiro-da-utc-vai-pagar-multa-de-r-50-milhoes.htm,noticias.uol.com.br
http://nymag.com/thecut/2015/05/prince-harry-is-ready-to-put-a-baby-in-somebody.html,nymag.com
http://nypost.com/2015/05/10/inside-fidel-castros-luxurious-life-on-his-secret-island-getaway/,nypost.com
http://olx.co.id/q-%7Bq%7D/sumatera-utara?utm_source=google&utm_medium=search&utm_campaign=search_organic&mappingUrl=1,olx.co.id
http://olx.in/hi/i2/item/cce-required-for-domestic-inbond-calls-reciving-workfresher-require-IDWjztw.html,olx.in
http://olx.pl/i2/rolnictwo/maszyny-rolnicze/kosiarki/rolnictwo/maszyny-rolnicze/kosiarki,olx.pl
http://olx.ro/i2/hobby-sport-turism/biciclete-fitness/suplimente-alimentare/hobby-sport-turism/biciclete-fitness/suplimente-alimentare,olx.ro
http://olx.ua/uk/list/q-%D0%B2%D0%B5%D0%BB%D0%BE%D1%81%D0%B8%D0%BF%D0%B5%D0%B4%D1%8B/gtm.js,olx.ua
http://onedio.com/haber/erdogan-turk-gemisine-saldiranlari-ortaya-cikartacagiz--506979,onedio.com
http://oneplus.net/ca_en/support/answer/warranty-service-for-oneplus-one-chinese-version,oneplus.net
http://otomoto.pl/oferta/daf-85-400-manual-big-axle-euro-2-cifa-25m-p-ID2bGutQ.html,otomoto.pl
http://pantip.com/tag/%E0%B8%81%E0%B8%B2%E0%B8%A3%E0%B8%9E%E0%B8%B1%E0%B8%92%E0%B8%99%E0%B8%B2%20Mobile%20Application,pantip.com
http://patch.com/massachusetts/foxborough/darrelle-revis-leaves-new-england-signs-jets-0,patch.com
https://paytm.com/blog/exclusively-mahindra-two-wheelers-available-on-paytm-only/?share=email,paytm.com
http://pelis24.com/series-mas-vistas/17087-marvel-agentes-de-shield-segunda-temporada-2014-online.html,pelis24.com
http://perezhilton.com/2015-05-12-prince-harry-baby-fever-adorable-new-zealand-visit/?from=featured,perezhilton.com
http://persianblog.ir/tags/3091/1/%d9%81%d8%a7%d8%b6%d9%84_%d9%86%d8%b8%d8%b1%db%8c/,persianblog.ir
http://pikabu.ru/tag/%D0%B1%D1%8D%D1%82%D0%BC%D0%B5%D0%BD%20%D0%BF%D1%80%D0%BE%D1%82%D0%B8%D0%B2%20%D1%81%D1%83%D0%BF%D0%B5%D1%80%D0%BC%D0%B5%D0%BD%D0%B0/hot,pikabu.ru
http://pinterest.com/pin/create/button/?url=http://allrecipes.com/Recipe/Luau-Punch/Detail.aspx&description=Luau%20Punch%20Allrecipes.com&media=http://media-cache-ak0.pinimg.com/600x/95/58/da/9558dacd0ce9ea805e2dae6f2412b943.jpg,pinterest.com
http://pitchfork.com/news/59572-faith-no-more-perform-easy-and-superhero-on-the-tonight-show/,pitchfork.com
http://plarium.com/de/strategiespiele/stormfall-age-of-war/news/koalitions-neuigkeiten/,plarium.com
http://popupads.ir/blog/?tag=%d8%b3%d8%a7%db%8c%d8%aa-%d9%be%d8%a7%d9%be-%d8%a2%d9%be,popupads.ir
http://pornsharing.com/big-titted-redhead-milf-veronica-avluv-fucking-with-passion_v78862,pornsharing.com
http://prezi.com/embed/qro-2tzdjaro/?bgcolor=ffffff&lock_to_path=0&autoplay=no&autohide_ctrls=0,prezi.com
https://privatbank.ua/ua/business/universalnyje-reshenija/kliring-v-privat24/gtm.start,privatbank.ua
http://putlocker.is/watch-geordie-shore-tvshow-season-4-episode-5-online-free-putlocker.html,putlocker.is
https://quizlet.com/57623131/english-1102-drama-terminology-flash-cards/Hubris/Hybris,quizlet.com
http://qz.com/398897/this-paypal-offshoot-thinks-millennials-will-be-the-generation-to-break-americas-addiction-to-credit-cards/,qz.com
http://ringring.vn/mac-sui-mao-ga-tu-dong-nghiep-co-vo-tre-am-tham-chiu-dung-118198.html,ringring.vn
http://rocketnews24.com/2010/08/25/%e8%b6%85%e3%82%a4%e3%82%b1%e3%83%a1%e3%83%b3%e3%81%99%e3%81%8e%e3%82%8b%e3%83%9b%e3%83%bc%e3%83%a0%e3%83%ac%e3%82%b9%e3%81%82%e3%82%89%e3%82%8f%e3%82%8b%ef%bc%81-%e3%81%9d%e3%81%ae%e5%90%8d%e3%82%82/,rocketnews24.com
http://rozetka.com.ua/protect_skin/c146202/23448=72894/Catalog/phones-mp3-gps/mobile-smart-accessories/protect_skin,rozetka.com.ua
http://rt.com/in-vision/christians-celebrate-good-friday/good-friday-central-durban/,rt.com
http://sberbank.ru/portalserver/sb-portal-ru/ru/investor_relations/disclosure/shareholders,sberbank.ru
https://screencast.com/ScriptResource.axd?d=ald3yUb92QbAmXOh5TYVuLOEzGOxRl458RgHff4roqNhkoQcim7URu5qWxIzhhF5SmskJya8PX3gO8oUdhIUXQYIkp6GpSvzY4pGLVV5KHv-EgGwhRsADQ6kjCsAscLTVW3eDQ2&t=3a1336b1,screencast.com
http://screenrant.com/avengers-2-ultron-spoilers-easter-eggs-comic-references/2/?replytocom=1621275,screenrant.com
http://searchengineland.com/starting-shopping-campaign-adwords-forget-know-keywords-191042,searchengineland.com
http://searchengines.guru/forumdisplay.php?f=10&daysprune=365&order=asc&sort=postusername,searchengines.guru
http://seasonvar.ru/serial-189-ZHenskij_Klub_po_rassledovaniyu_ubijstv-1-season.html,seasonvar.ru
http://seekingalpha.com/article/3179946-hercules-technology-growth-capital-what-comes-next,seekingalpha.com
http://seesaawiki.jp/pathofexile/d/%a5%de%a5%c3%a5%d7%a1%ca%a5%a2%a5%a4%a5%c6%a5%e0%a1%cb,seesaawiki.jp
http://serverfault.com/questions/532994/graphical-glitch-outlook-2013-on-a-2008-r2-remote-desktop-server-as-a-remote-a,serverfault.com
http://sfglobe.com/2015/04/30/baltimore-police-conclude-investigation-into-freddie-grays-death/?src=home_feed,sfglobe.com
http://shareba.com/static/jscript/wysiwyg/tiny_mce/tiny_mce.js?v=1bdefddca5f39810cfb31de087fe3c88,shareba.com
http://skyrock.com/videos/eG10aXVuOjEz-Interview-1-mot-1-reponse-avec-Amel-Bent.html?top=4&period=daily,skyrock.com
http://slashdot.org/submission/4426717/electronic-memory-may-bring-bionic-brain-one-step-closer,slashdot.org
http://slickdeals.net/f/7854195-12-pack-1-8oz-raw-revolution-organic-live-food-bars-various-flavors-11-and-free-shipping?src=pdw,slickdeals.net
http://smallseotools.com/blog/improving-your-referral-traffic-through-social-sharing/,smallseotools.com
https://soundcloud.com/jamaicandancehall/gyptian-feat-nicki-minaj-hold-yuh-remix-fme-humbless-21st,soundcloud.com
http://sourceforge.net/directory/business-enterprise/add_facet_filter?facet=language&constraint=ASP.NET,sourceforge.net
http://spankbang.com/56es/video/very+sexy+lustful+blonde+wife+wants+husband+to+film+getting+bred+by+well+hung+stranger+s+huge+bbc,spankbang.com
http://sprint.com/business/solutions/fleet_and_asset_management/commercial_transportation/index.html,sprint.com
http://sputniknews.com/voiceofrussia_uk/2014_10_20/UK-Politics-Can-Labour-recreate-its-election-success-of-40-years-ago-7105/onpopstate/onhashchange,sputniknews.com
http://squarespace.com/press/2015/2/2/listen-to-jeff-bridges-sleeping-tapes-album-and-dream-with-the-dude,squarespace.com
http://stackexchange.com/newsletters/newsletter?site=hermeneutics.stackexchange.com,stackexchange.com
http://stackoverflow.com/questions/30118010/file-was-built-for-arm64-which-is-not-the-architecture-being-linked-x86-64,stackoverflow.com
http://steamcommunity.com/stats/TF2/achievements/%22http://steamcommunity.com/greenlight/%22,steamcommunity.com
http://superuser.com/questions/759543/amd-fx8350-cpu-coolermaster-silencio-650-case-new-water-cooling-system,superuser.com
http://syosetu.com/searchuser/search/index.php?name1st=%E3%81%99&all=1&all2=1&all3=1&all4=1&p=2,syosetu.com
http://taboola.com/press-release/penske-media-corporation-rolls-out-red-carpet-taboola-adds-personalized-content,taboola.com
http://techcrunch.com/2014/08/15/a-qa-with-smartthings-ceo-alex-hawkinson-after-selling-to-samsung-for-200m/,techcrunch.com
http://teespring.com/nl/SOJA?utm_campaign=SOJA&utm_medium=oembed&utm_source=wordpress,teespring.com
http://telegraf.com.ua/zhizn/muzhchinyi/1887631-akteryi-syigravshie-rol-betmena-foto.html,telegraf.com.ua
http://thechive.com/2015/05/09/turns-out-rihanna-is-into-mario-party-cosplay-12-photos/,thechive.com
http://themeforest.net/item/andy-parker-creative-photography-portfolio-wordpress-theme/9584600,themeforest.net
http://thenextweb.com/apps/2011/07/24/the-complete-list-of-top-instagram-apps/instaprint/gtm.js,thenextweb.com
http://tinnhanh360.net/john-kerry-sang-nga-gap-putin-de-%E2%80%98lam-lanh%E2%80%99-.html,tinnhanh360.net
http://tobogo.net/cdsb/board.php?board=mylife&bm=view&no=439&category=&auth=&page=1&search=&keyword=&recom=,tobogo.net
http://torcache.net/torrent/F0B99DFF80A29F5434BFA802D99B9A5160CB3BF1.torrent?title=[kickass.to]taken.2.2012.720p.bluray.x264.nezu,torcache.net
http://torrentdn.com/bbs/s.php?bo_table=torrent_variety&wr_id=113360&k=%ED%81%AC%EB%9D%BC%EC%9E%84%EC%94%AC&page=1,torrentdn.com
https://tsite.jp/login/index.pl?xpg=PCUI0401&ret=https%3a%2f%2ftsite%2ejp%2fentry%2findex%2epl%3fxpg%3dPCEC0102%26pid%3d00026,tsite.jp
http://tune.pk/video/6048880/manchester-city-vs-west-ham-2-0-2014-all-goals-amp-highlights-11-05-2014,tune.pk
http://tunein.com/radio/On-Stage-Classics-p664102/15480783/ca-pub-1542925551861702/ProgramTopBanner,tunein.com
http://twitter.com/home?status=%E3%83%8C%E3%81%91%E3%82%8B%EF%BC%81%E3%80%90%E7%BE%8E%E5%B0%91%E5%A5%B3%E3%80%91+http%3A%2F%2Fero-video.net%2Ft%2FX8FqdYuhTzCqk3Ra+%E5%80%89%E6%9C%AC%E3%81%BE%E3%81%84+%E7%84%A1%E4%BF%AE%E6%AD%A3+%23ero+%23douga+%23agesage,twitter.com
http://udn.com/news/story/6655/901371-%E6%96%B0%E8%88%9E%E8%87%BA%E6%A1%88%EF%BC%8F%E5%8C%97%E5%B8%82%EF%BC%9A%E7%B6%AD%E6%8C%81%E8%A1%A8%E6%BC%94-%E4%B8%AD%E4%BF%A1%E9%87%91%EF%BC%9A%E5%B0%8A%E9%87%8D,udn.com
http://unity3d.com/sites/default/files/css/css_s8aDOJaEiQ8axKoK-g_has6h59GOa6ZIicGFJ-0LdjM.css,unity3d.com
http://uproxx.com/webculture/2015/04/stop-everything-right-now-because-these-koalas-are-riding-on-an-airplane/,uproxx.com
http://variety.com/2015/film/news/cate-blanchett-lesbian-carol-cannes-todd-haynes-women-in-hollywood-1201492632/?replytocom=1296792,variety.com
http://venturebeat.com/2014/01/28/medium-raises-25m-so-founder-ev-williams-doesnt-have-to-keep-funding-it-himself/,venturebeat.com
http://vnexpress.net/tin-tuc/thoi-su/giao-thong/bo-giao-thong-thi-die-m-cho-xe-phan-kho-i-lo-n-va-o-cao-to-c-3218022.html,vnexpress.net
http://web.de/magazine/reise/blog/claudia-ottilie/faeroeer-inseln-bisschen-regen-30625386,web.de
http://web.tv/liveCategory/17/language/1/index/changeLanguage/newshared/searchAutoComplete,web.tv
http://wikimapia.org/32988101/ru/%D0%9A%D0%BE%D0%BD%D0%BD%D1%8B%D0%B9-%D0%BA%D0%BB%D1%83%D0%B1-%C2%AB%D0%A2%D0%B0%D0%BB%D0%B8%D1%81%D0%BC%D0%B0%D0%BD%C2%BB,wikimapia.org
http://wikiwiki.jp/sample/?%A5%C7%A5%B6%A5%A4%A5%F3%A5%C6%A5%F3%A5%D7%A5%EC%A1%BC%A5%C8%2Fdefault_s,wikiwiki.jp
https://wmaraci.com/forum/uygulama-gelistirme/sitede-android-uygulamam-gozuksun-234398.html,wmaraci.com
https://wordpress.org/themes/wp-content/themes/pub/wporg-themes/js/theme.min.js?ver=3,wordpress.org
http://worldoftanks.ru/ru/content/guide/payments_instruction/terminals-national-credit-bank/,worldoftanks.ru
http://wpengine.com/2015/04/21/search-faster-search-accurately-with-wp-engine-search/,wpengine.com
http://xhamster.com/movies/4582669/asian_gloryhole_fun_with_cumlicking_solo_babe.html,xhamster.com
http://xossip.com/showthread.php?s=1a0185aef96dc82d1f523a00d7134802&goto=newpost&t=1356374,xossip.com
http://xvideo-jp.com/archives/category/%e9%9d%92%e5%b1%b1%e3%83%ad%e3%83%bc%e3%83%a9,xvideo-jp.com
http://yourlust.com/videos/frisky-teenager-with-dyed-hair-sensually-masturbates-in-gymnasium.html,yourlust.com
http://zozo.jp/shop/archives/?price=proper&p_ssy=2015&p_ssm=5&p_ssd=13&p_sey=2015&p_sem=5&p_sed=13&dstk=2,zozo.jp
http://1337x.to/torrent/972026/Marvels-Agents-of-S-H-I-E-L-D-S02E06-HDTV-x264-KILLERS-ettv/,1337x.to
http://2gis.ru/moscow/search/%D0%9D%D0%BE%D0%B2%D0%BE%D1%81%D1%82%D1%80%D0%BE%D0%B9%D0%BA%D0%B8/tab/firms/zoom/11,2gis.ru
https://500px.com/photo/31645961/endless-lines-with-antoine-montant-by-tristan-shu?from=set&set_id=492385,500px.com
http://9gag.tv/p/aV7wrO/miley-cyrus-award-winner-video-of-the-year-mtv-vma-2014-official-full-show,9gag.tv
http://abc.go.com/shows/shows/american-crime/%20http:/abc.go.com/shows/once-upon-a-time/episode-guide/season-04/,abc.go.com
http://abcnews.go.com/US/georgia-veteran-accused-smashing-car-window-save-dog/story?id=31014261,abcnews.go.com
https://ahrefs.com/content-explorer/overview/v3/table/all/all/1/linkedin_desc?topic=site%3Awww.boredpanda.com,ahrefs.com
http://akhbarelyom.com/news/newdetails/411442/1/%D9%88%D8%B1%D9%82%D8%A9-%D8%B9%D9%85%D9%84-%D9%84%D8%AD%D9%85.html,akhbarelyom.com
http://alfalfalfa.com/tag/%E6%BC%AB%E7%94%BB%E3%81%A8%E3%81%8B%E3%81%AE%E8%83%8C%E6%99%AF%E3%81%AE%E3%80%81%E6%A3%AE%E3%81%AE%E7%B5%B5%E3%81%AE%E6%9B%B8%E3%81%8D%E8%BE%BC%E3%81%BF%E6%96%B9%E3%82%92%E6%95%99%E3%81%88%E3%81%A6%E3%81%8F%E3%82%93%E3%82%8D%EF%BC%81,alfalfalfa.com
http://aljazeera.net/news/humanrights/2015/4/21/%D9%85%D8%AD%D8%A7%D9%83%D9%85-%D8%A7%D9%84%D8%AA%D9%81%D8%AA%D9%8A%D8%B4-%D8%A7%D9%84%D8%A8%D9%88%D8%B0%D9%8A%D8%A9,aljazeera.net
http://allegro.pl/listing/listing.php?order=d&p=2&string=%7Bstring%7D&bmatch=seng-v10-p-sm-pers-isqm-chl-2-moda-0331,allegro.pl
http://allrecipes.com/Recipe/Peanut-Butter-Banana-Smoothie/Detail.aspx?soid=home_pins_7,allrecipes.com
http://ameblo.jp/summary/keyword/INAC%E7%A5%9E%E6%88%B8%E3%83%AC%E3%82%AA%E3%83%8D%E3%83%83%E3%82%B5,ameblo.jp
http://anandtech.com/show/8841/corsair-debuts-the-hydro-h110i-gt-aio-cooler-and-hg10-n780-edition-gpu-cooling-bracket,anandtech.com
http://ap.org/Content/AP-In-The-News/2014/AP-names-Tom-Berman-as-Central-regional-editor,ap.org
https://archive.org/search.php?query=mediatype:texts&sort=-publicdate&and[]=subject%3A%22UMTS%22,archive.org
http://archiveofourown.org/tags/Seto%20Kentarou*s*Hanamiya%20Makoto*s*Furuhashi%20Koujirou/works,archiveofourown.org
http://arstechnica.com/gaming/2015/05/retro-vgs-console-aims-to-revive-the-humble-video-game-cartridge/,arstechnica.com
http://askubuntu.com/questions/551504/installing-ubuntu-14-04-on-uefi-dell-laptop-3446-vostro,askubuntu.com
http://atwiki.jp/wiki/%E3%81%8A%E3%81%95%E3%82%89%E3%81%84%E3%83%87%E3%83%A5%E3%82%A8%E3%83%AB%20%E6%94%BB%E7%95%A5%20%E9%81%8A%E6%88%AF%E7%8E%8B,atwiki.jp
http://auto.ru/cars/bmw/6er/all/?search%5Bstate%5D=1&search%5Bperiod%5D=0&search%5Bcustom%5D=1&search%5Bsection_id%5D=0&search%5Bmark%5D%5B0%5D=30&search%5Bmark-folder%5D%5B0%5D=30-395_2852,auto.ru
http://avxhome.se/software/software_type/office/Text_Editors/EditPlus.3.80.1194.html,avxhome.se
http://b9dm.com/index.php/video/index.php/video/show/cid/56/order/video/video/index.php/video/show/cid/56/order/video/show,b9dm.com
http://babal.net/books/view/1166/%D9%83%D8%AA%D8%A7%D8%A8-%D8%A7%D9%84%D8%B5%D9%84%D8%A7%D8%A9-%D9%88-%D8%A3%D8%AD%D9%83%D8%A7%D9%85-%D8%AA%D8%A7%D8%B1%D9%83%D9%87%D8%A7,babal.net
http://bankmellat.ir/ScriptResource.axd?d=iIyCMpFVnn3JmW0soDD8NO9k2sWlu45OHuUCJo_LYOE3w4iYYlgnGCLUcEZGUsBYVbE1OCBSaTF73ztjncFbw0jhn8TVsy5K8TOHUGh7IWmcuhE_kk45z5mBUoh-gMrJAV2JPvLxQUtR5q25_FyJcg2&t=ffffffffa526678b,bankmellat.ir
http://bdnews24.com/economy/2015/04/29/bangladesh-s-forex-reserves-top-24-billion-on-strong-exports-remittance-growth,bdnews24.com
http://bestblackhatforum.com/Thread-Help-How-do-i-summit-a-Guest-Post-to-a-particular-blog?action=newpost,bestblackhatforum.com
http://bgr.com/2011/03/03/exclusive-blackberry-messenger-will-launch-on-android-and-ios/,bgr.com
http://bigcinema.tv/tag/%D0%90%D0%BD%D0%B4%D1%80%D0%B5%D0%B9%20%D0%9E%D0%BB%D0%B8%D1%84%D0%B5%D1%80%D0%B5%D0%BD%D0%BA%D0%BE,bigcinema.tv
https://bitbucket.org/btubbs/appsettings/pull-request/3/replace-hyphens-with-underscores-so-that,bitbucket.org
http://bleacherreport.com/articles/2463241-boston-herald-runs-front-page-claiming-deflategate-is-about-envy,bleacherreport.com
http://bluegape.com/relationships/sakshee_joshi/10-things-you-should-do-only-with-your-best-friends/Captions/Subtitles,bluegape.com
http://bongda88.info/wp-content/plugins/contact-form-7/includes/js/scripts.js?ver=4.1.2,bongda88.info
http://buzzfil.net/article/4747/buzz/elle-arrive-a-s-echapper-de-le-coree-du-nord-et-raconte-sa-terrifiante-histoire-2.html?href=inner_website,buzzfil.net
http://caixa.gov.br/empresa/credito-financiamento/imoveis/financiamento-para-producao-imoveis/apoio-a-producao,caixa.gov.br
http://censor.net.ua/photo_news/244514/zaharchenko_obnovil_avtopark_mvd_na_1220_novenkih_toyota_prius_fotoreportaj,censor.net.ua
https://chaturbate.com/tipping/spy_on_private_show_tokens_per_minute/xveryhotcouple/,chaturbate.com
http://cheezburger.com/71011841/video-game-news-attack-titan-humanity-chains-gameplay?ref=leftarrow&siteId=56831,cheezburger.com
http://ck101.com/forum.php?mod=misc&action=recommend&do=add&tid=3256533&hash=b5160424,ck101.com
http://clien.net/cs2/bbs/register.php?url=%2Fcs2%2Fbbs%2Fboard.php%3Fbo_table%3Dlecture,clien.net
http://codecanyon.net/item/social-buzz-wordpress-plugin-social-share-graphs/full_screen_preview/8638526,codecanyon.net
https://codepen.io/anon/embed/QbNqgv?height=300&slug-hash=QbNqgv&default-tab=result&host=http%3A%2F%2Fcodepen.io,codepen.io
http://comicbook.com/2015/03/30/the-walking-deads-lennie-james-answers-what-happened-to-morgan-k/,comicbook.com
http://conservativetribune.com/wp-content/themes/NewsReport/lib/shortcodes/css/shortcodes.css?ver=4.1.5,conservativetribune.com
http://cookpad.com/login?rt=%2Fcategory%2Frecommend%2F544%3Frt%3D%252Fcategory%252F544,cookpad.com
http://correios.com.br/sobre-correios/sustentabilidade/vertente-ambiental/ecopostal,correios.com.br
http://couchtuner.eu.com/2014/08/young-and-hungry-s1-e10-young-thirty-and-getting-married.html,couchtuner.eu.com
http://cox.com/residential/internet/wifi-hotspots.cox?campcode=landing_hsi_hotspots_learn1_3,cox.com
http://dantri.com.vn/su-kien-giai-tri/kim-quyen-nu-phi-hanh-gia-tren-con-tau-trai-dat-1033414.htm,dantri.com.vn
http://deadspin.com/tom-brady-earns-xx-game-suspension-for-role-in-deflatin-1703306193/layer/,deadspin.com
http://dealnews.com/features/The-Best-and-Worst-Things-to-Buy-in-March/dealnews/json,dealnews.com
http://depositphotos.com/affiliate.html?backURL%5Bpage%5D=%2F7911830%2Fstock-photo-public-space-in-bank-office.html&backURL%5Bexclude%5D%5B0%5D=login,depositphotos.com
http://digg.com/video/anna-wintour-has-secretly-been-executive-producing-late-night-with-seth-meyers,digg.com
http://diply.com/ilovemydog/puppies-are-little-troublemakers-in-a-cute-cloak/119633,diply.com
http://distractify.com/post/related/id/55368d8a4a0c4b55748a2a71/skip/20/limit/10/back/0,distractify.com
http://doodle.com/pl/premium?utm_source=doodle&utm_medium=home&utm_campaign=premiumHome,doodle.com
http://dribbble.com/shots/270456-Pittsburgh-PA-Gowalla-City-Guide-Postcard?list=searches&tag=alan_defibaugh,dribbble.com
http://dropbooks.tv/search/index/word:%E3%81%B2%E3%81%AA%E3%81%AF%E3%82%89%E5%B1%8B%E6%95%B7,dropbooks.tv
http://duckduckgo.com/d.js?q=Internet%2Drelated%20activism&t=C&l=wt-wt&p=1&s=0&ct=CA,duckduckgo.com
http://ecnavi.jp/redirect/?url=http://ck.jp.ap.valuecommerce.com/servlet/referral?sid=2151297&pid=881973587&vcptn=%user_id%,ecnavi.jp
https://eksisozluk.com/?q=%c3%a7al%c4%b1%c5%9f%c4%b1lan+pozisyonlar+ve+maa%c5%9flar%c4%b1%2f%2351256070,eksisozluk.com
http://elcomercio.pe/peru/la-libertad/libertad-frustraron-asesinato-fiscal-trujillo-noticia-1809333?ref=flujo_peru&ft=bajada,elcomercio.pe
https://elevenia.co.id/login.do?returnURL=%2Fproduct%2FProductQnaReply%2FinsertProductDetailQnaAnswer.do%3Fflag%3DprdQna&isSSL=Y,elevenia.co.id
http://elitedaily.com/life/culture/what-i-wished-i-was-told-as-a-graduating-senior/1017222/,elitedaily.com
http://emgn.com/movies/disney-has-been-keeping-a-secret-known-as-a113-and-its-in-100s-of-their-movies-you-will-never-guess-what-it-means/,emgn.com
http://ero-advertising.com/blog/eroadvertising-hires-nicolas-wendisch-to-expand-international-sales-team,ero-advertising.com
http://espn.go.com/nfl/draft2015/story/_/id/12821010/2015-nfl-draft-analyzing-draft-class-all-32-teams,espn.go.com
http://esporte.uol.com.br/videos/2015/05/11/presidente-do-gremio-aprova-jogo-do-brasileirao-as-11h-da-manha.video.htm,esporte.uol.com.br
http://europa.eu/about-eu/agencies/regulatory_agencies_bodies/security_agencies/iss/index_en.htm,europa.eu
https://evernote.com/register?upgrade=plus&itemCode=plus-1year&offer=www_pricing_CTA,evernote.com
http://extratorrent.cc/torrent_download/4189581/Outlander+S01e08%5BBDmux+-+720p+-+H264+-+Ita+Eng+Ac3+-+Sub+Ita+Eng%5D+By+iGM+CREW+%2B+GiuseppeTnT.torrent,extratorrent.cc
http://faithtap.com/2871/mom-discovered-how-to-put-a-baby-to-sleep-in-less-than-a-minute/,faithtap.com
http://fanpage.gr/family/gineka/8-%cf%80%cf%81%ce%ac%ce%b3%ce%bc%ce%b1%cf%84%ce%b1-%cf%80%ce%bf%cf%85-%ce%b4%ce%b5%ce%bd-%cf%80%cf%81%ce%ad%cf%80%ce%b5%ce%b9-%ce%bd%ce%b1-%ce%ba%ce%ac%ce%bd%ce%b5%ce%b9%cf%82-%cf%83%ce%b5-%ce%bc/,fanpage.gr
http://fazenda.gov.br/divulgacao/noticias/2015/maio/levy-destaca-importancia-da-aprovacao-de-ajustes-para-o-equilibrio-fiscal-do-pais,fazenda.gov.br
http://filehippo.com/pl/download_google_chrome/download/534c8eb6a3f3f6253cb20dc4eaec0aa7/,filehippo.com
http://fishki.net/auto/1530861-pjanyj-podpolkovnik-fsb-protaranil-8-mashin.html?pid=1530861&gid=2001043,fishki.net
http://fortune.com/2015/03/03/exclusive-warby-parker-co-founder-launching-growth-equity-firm/,fortune.com
https://foursquare.com/v/%D0%B6%D0%B4-%D0%B2%D0%BE%D0%BA%D0%B7%D0%B0%D0%BB-%D1%81%D0%BE%D1%87%D0%B8--sochi-railway-station/4c3c894eb36ac92815330486,foursquare.com
http://gawker.com/kanye-and-kim-k-basically-sexted-each-other-in-public-l-1446959169,gawker.com
http://genius.com/6382234/Genius-contributor-guidelines/Some-users-have-been-around-longer-than-others-and-theyre-here-to-help-you,genius.com
http://getpocket.com/blog/2012/01/what-devices-did-read-it-later-users-unwrap-over-the-holidays-here%e2%80%99s-what-the-data-shows/,getpocket.com
http://giphy.com/services/oembed/?url=http://media0.giphy.com/media/B29VRtkJ1Wz9C/giphy.gif,giphy.com
http://gizmodo.com/aereo-down-supreme-court-rules-against-the-cord-cutter-1595835152/,gizmodo.com
https://www.gov.uk/government/organisations/review-body-on-doctors-and-dentists-remuneration,gov.uk
http://grantland.com/hollywood-prospectus/the-movies-of-94-33-13-observations-upon-re-watching-naked-gun-33-13/,grantland.com
http://graphicriver.net/item/back-to-school-patry-flyer-template/2861936?ref=saltshaker911,graphicriver.net
http://gtbank.com/images/GTBank%20Annual%20Report%202012%20for%20Upload/Index.html.html,gtbank.com
http://haberler.com/hakem-mete-kalkavan-fenerbahcelileri-isyan-7308073-haberi-yorumlari/2/,haberler.com
http://haraj.com.sa/__/%D8%AD%D8%B1%D8%A7%D8%AC%20%D8%A7%D9%84%D8%A3%D8%AC%D9%87%D8%B2%D8%A9,haraj.com.sa
http://hdfcbank.com/personal/making-payments/pay-bills-and-shop-online/directpaynetbanking,hdfcbank.com
http://himado.in/?keyword=%E6%A9%9F%E5%8B%95%E6%88%A6%E8%89%A6%E3%83%8A%E3%83%87%E3%82%B7%E3%82%B3,himado.in
https://hollywoodlife.com/2015/05/11/rachel-mcadams-marie-claire-cover-true-detective-interview-ani-bezzerides/,hollywoodlife.com
https://hootsuite.com/resources/guide/A-Guide-to-Evaluating-Enterprise-Social-Relationship-Platforms,hootsuite.com
https://housing.com/in/hyderabad/new-projects/4469-janapriya-metropolis-by-janapriya-engineers-syndicate-in-moti-nagar,housing.com
http://hubpages.com/hub/Some-Old-Fashioned-Christmas-images-for-Art-Lovers-this-holiday,hubpages.com
http://icicibank.com/Personal-Banking/cards/prepaid/paydirect-card/serviceandcharges.page,icicibank.com
http://iconosquare.com/contest/pww/besta-mynd-bestu-utihatioarinnar-skapandi-og-fm957,iconosquare.com
https://ifttt.com/recipes/1552-if-i-post-a-picture-on-instagram-save-the-photo-to-dropbox,ifttt.com
http://indianexpress.com/article/opinion/columns/out-of-my-mind-speaking-of-nigeria/,indianexpress.com
http://ink361.com/app/users/ig-16389033/sneakernews/photos/ig-984093948857223941_16389033,ink361.com
https://instagram.com/oauth/authorize?client_id=d9494686198d4dfeb954979a3e270e5e&redirect_uri=http%3A%2F%2Ficonosquare.com%3FredAftLog%3Dhttp%253A%252F%252Ficonosquare.com%252Ftag%252F32&response_type=code&scope=likes+comments+relationships,instagram.com
http://interpark.com/displaycorner/FreeMarket.do?_method=itemCateList&free1=pc&free2=007001008006&free3=item&disp_no=007001008006,interpark.com
http://io9.com/this-eerie-chandelier-is-controlled-by-a-geiger-counter-1688704547/module/,io9.com
http://irecommend.ru/content/akkumulyatornaya-drel-shurupovert-performance-power-phd18a-2,irecommend.ru
http://jalopnik.com/amtrak-chose-not-to-deluge-penn-station-during-hurrican-1197457572/layer/,jalopnik.com
http://jezebel.com/testicles-have-taste-receptors-do-with-that-what-you-w-645425792/module/,jezebel.com
http://kakaku.com/kaden/integrated-amplifier/ranking_2048/pricedown/div-gpt-ad-k/header_text,kakaku.com
http://katproxy.com/red-hot-fetish-collection-vol-100-aika-hoshino-2012-dvdrip-t6211768.html,katproxy.com
http://kenh14.vn/2-tek/ios-8-cho-ipad-se-so-huu-kha-nang-chia-man-hinh-20140610031916908.chn,kenh14.vn
http://khabaronline.ir/(X(1)S(0vpjhjtd02z3pdvgdfyukshr))/detail/416431/society/urban,khabaronline.ir
http://kickass.to/3dmgame-grand-theft-auto-v-update-4-v1-0-350-1-and-crack-v4-3dm-t10582331.html,kickass.to
http://kienthuc.net.vn/chi-tieu-tuyen-sinh/dai-hoc-ngoai-thuong-tuyen-3200-chi-tieu-nam-2015-469481.html,kienthuc.net.vn
http://kizi.com/videos/shake-it-off-african-hipster-version-ft-alex-boye-changing-lanes,kizi.com
http://kotaku.com/we-do-apologize-life-at-sony-customer-service-during-t-1677612560/layer/,kotaku.com
https://lastpass.com/signup2.php?ac=1&from_uri=%2Fsignup2.php%3Fac%3D1%26from_uri%3D%252Fsignup2.php%253Fac%253D1%2526from_uri%253D%25252Fsignup2.php%25253Fac%25253D1%252526from_uri%25253D%2525252Fsignup2.php%2525253Fac%2525253D1%25252526from_uri%2525253D%252525252Fsignup2.php%252525253Fac%252525253D1%2525252526from_uri%252525253D%25252525252Fsignup2.php%25252525253Fac%25252525253D1%252525252526from_uri%25252525253D%2525252525252Fsignup2.php%2525252525253Fac%2525252525253D1%25252525252526from_uri%2525252525253D%252525252525252Fsignup2.php%252525252525253Fac%252525252525253D1%2525252525252526from_uri%252525252525253D%25252525252525252Fsignup2.php%25252525252525253Fac%25252525252525253D1%252525252525252526from_uri%25252525252525253D%2525252525252525252Fsignup2.php%2525252525252525253Fac%2525252525252525253D1%25252525252525252526from_uri%2525252525252525253D%252525252525252525252Fsignup2.php%252525252525252525253Fac%252525252525252525253D1%2525252525252525252526from_uri%252525252525252525253D%25252525252525252525252Fsignup2.php%25252525252525252525253Fac%25252525252525252525253D1%252525252525252525252526from_uri%25252525252525252525253D%2525252525252525252525252Fsignup2.php%2525252525252525252525253Fac%2525252525252525252525253D1%25252525252525252525252526from_uri%2525252525252525252525253D%252525252525252525252525252Fsignup2.php%252525252525252525252525253Fac%252525252525252525252525253D1%2525252525252525252525252526from_uri%252525252525252525252525253D%25252525252525252525252525252Fsignup2.php,lastpass.com
http://lifehacker.com/how-to-see-if-your-vpn-is-leaking-your-ip-address-and-1685180082/templates/closure/,lifehacker.com
http://likemag.com/sr/ostavio-je-svoju-cerku-na-sred-napustenog-puta-razlog-za-ce-vas-jako-rastuziti,likemag.com
http://marvel.com/news/tv/24201/declassifying_marvels_agents_of_shield_love_in_the_time_of_hydra/,marvel.com
http://mashable.com/people/55351593b589e459fc064796/2015/04/29/russian-cargo-spaceship-iss,mashable.com
http://maybank2u.com.my/mbb_info/m2u/public/programCardsList.do?cntTypeId=0&channelId=CRD-Cards&programId=CRD11-CardsInnovation&cntKey=&chCatId=/mbb/Personal/CRD-Cards,maybank2u.com.my
http://mediaset.it/canale5/articoli/il-segreto-le-trame-dal-2-al-7-febbraio_11228.shtml,mediaset.it
https://medium.com/@damienbrz/my-100-happy-days-84271cbcd4f3?source=reading-list-recommended_user,medium.com
http://megogo.net/ru/news/view/1840351-video-obvinyaet-francuzskie-policeyskie-izbivayut-migrantov.html,megogo.net
http://mentalfloss.com/article/52585/17-world%E2%80%99s-oldest-films-captured-thomas-edison,mentalfloss.com
http://metro.co.uk/2014/08/15/big-brother-2014-chris-wright-hugely-proud-to-be-part-of-the-helen-wood-fan-club-4833607/,metro.co.uk
http://mic.com/articles/108998/here-s-what-happens-when-a-bisexual-man-changes-his-gender-on-tinder-to-female,mic.com
http://mirtesen.ru/url?e=simple_click&blog_post_id=43863757034&url=http%3A%2F%2Fsobytiyavmire.com%2Fblog%2F43863757034%2FRadio-%C2%ABSvoboda%C2%BB-v-SSHA-obvinilo-Petra-Poroshenko-v-zloupotreblen,mirtesen.ru
http://mixi.jp/share.pl?u=http://alfalfalfa.com/articles/117916.html&k=e09afc106e473491952cfe324aa83aabe5b07446,mixi.jp
http://momoshop.com.tw/category/LgrpCategory.jsp?l_code=2108400000&Area=tooth&FTOOTH=21&mdiv=1000900000-bt_5_023_05&ctype=B,momoshop.com.tw
http://motherless.com/login?back=%252Fcredits%252Fsend%253Fu%253Dleotard_girlie%2526back%253Dhttp%253A%252F%252Fmotherless.com%252Fm%252Fleotard_girlie,motherless.com
http://motthegioi.vn/thu-choi/10-chiec-dong-ho-danh-cho-quy-ong-thanh-dat-187142.html,motthegioi.vn
http://moviepilot.com/quizzes/2015/01/23/what-kind-of-a-keyblade-wielder-are-you-2615515,moviepilot.com
http://myegy.to/UndergroundMusic/219864/Maher_Zain_Album_THANKS_TO_ALLAH_TO_DOWNLOAD,myegy.to
http://mylust.com/videos/15730/brunette-masseuse-with-huge-tits-takes-my-cock-up-her-ass/,mylust.com
https://myspace.com/article/2015/4/23/mary-kate-and-ashley-olsen-had-no-idea-about-the-fuller-house-reboot,myspace.com
http://nesn.com/2015/05/tom-brady-suspension-leads-to-victory-lap-for-indianapolis-media/,nesn.com
http://nguyentandung.org/thu-tuong-nguyen-tan-dung-du-ky-niem-40-nam-ngay-thong-nhat-dat-nuoc-tinh-hau-giang.html,nguyentandung.org
http://www.nhs.uk/news/2010/12December/Pages/sunlight-exposure-and-vitamin-d-advice.aspx,nhs.uk
http://noticias.uol.com.br/ultimas-noticias/erratas/2015/05/13/uol-noticias-medicos-retiram-prego-de-olho-de-homem-de-27-anos.htm,noticias.uol.com.br
http://nymag.com/thecut/2013/09/miley-cyrus-look-book/slideshow/2013/07/02/miley_cyrus,nymag.com
http://nypost.com/2015/05/13/cops-shoot-hammer-wielding-suspect-in-midtown/?share=email,nypost.com
http://olx.co.id/sumatera-selatan/q-%7Bq%7D/?utm_source=google&utm_medium=search&utm_campaign=search_organic,olx.co.id
http://olx.in/hi/m/observed/?ref%5B0%5D%5Bparams%5D%5Bcategory%5D=4&ref%5B0%5D%5Baction%5D=index&ref%5B0%5D%5Bmethod%5D=category&ref%5B1%5D%5Bparams%5D%5Btype%5D=adding&ref%5B1%5D%5Bparams%5D%5Bref%5D%5B0%5D%5Bparams%5D%5Bcategory%5D=4&ref%5B1%5D%5Bparams%5D%5Bref%5D%5B0%5D%5Baction%5D=index&ref%5B1%5D%5Bparams%5D%5Bref%5D%5B0%5D%5Bmethod%5D=category&ref%5B1%5D%5Baction%5D=adding&ref%5B1%5D%5Bmethod%5D=index,olx.in
http://olx.pl/i2/elektronika/komputery/routery-i-modemy/elektronika/komputery/routery-i-modemy,olx.pl
http://olx.ro/i2/hobby-sport-turism/carti-muzica-filme/instrumente-muzicale/js/spring.js,olx.ro
http://olx.ua/list/q-%D0%BF%D0%BB%D0%B0%D1%82%D1%8C%D0%B5/?search%5Bprivate_business%5D=private,olx.ua
http://onedio.com/haber/gectigimiz-haftanin-mutlaka-izlemeniz-gereken-10-videosu-492875,onedio.com
http://oneplus.net/ca_en/support/answer/is-the-oneplus-one-compatible-with-my-network,oneplus.net
http://otomoto.pl/osobowe/volkswagen/polo/iv-fl-2005-2009/-/hatchback/EW4Hou_aN610rPsocimkJ_IuLBofatBy4b0MLqoh7Lf.B7,otomoto.pl
http://pantip.com/tag/Demonic_%28%E0%B8%A0%E0%B8%B2%E0%B8%9E%E0%B8%A2%E0%B8%99%E0%B8%95%E0%B8%A3%E0%B9%8C%29,pantip.com
http://patch.com/california/oceanside-camppendleton/watch-marines-train-cal-fire-anticipation-harsh-fire-season,patch.com
https://paytm.com/offer/wp-content/plugins/wonderplugin-carousel/engine/wonderplugincarouselskins.js?ver=3.8,paytm.com
http://pelis24.com/peliculasvose/17074-supernatural-10x02-reichenbach-2005-online.html,pelis24.com
http://perezhilton.com/galleries/celebs-born-year-of-the-sheep/?id=448324&from=gallery_widget,perezhilton.com
http://persianblog.ir/tags/1472/8/%d9%85%d8%b9%d8%b1%d9%81%db%8c_%da%a9%d8%aa%d8%a7%d8%a8/,persianblog.ir
http://pikabu.ru/tag/%D0%A4%D0%B8%D0%BB%D1%8C%D0%BC%20%D0%9D%D0%B0%D1%80%D1%83%D1%82%D0%BE/hot,pikabu.ru
http://pinterest.com/pin/create/button/?url=http://allrecipes.com/Recipe/Hot-Tamale-Pie/Detail.aspx&description=Hot%20Tamale%20Pie%20Allrecipes.com&media=http://images.media-allrecipes.com/userphotos/250x250/01/51/18/1511888.jpg,pinterest.com
http://pitchfork.com/features/rising/9627-never-scared-the-fearless-footwork-of-jlin/,pitchfork.com
http://plarium.com/it/giochi-di-strategia/stormfall-age-of-war/notizie/spade-per-il-nord/,plarium.com
http://popupads.ir/blog/?tag=%d8%a8%d9%87%d8%aa%d8%b1%db%8c%d9%86-%d8%b3%d8%a7%db%8c%d8%aa-%da%a9%d8%b3%d8%a8-%d8%af%d8%b1%d8%a2%d9%85%d8%af-%d8%a7%d8%b2-%d9%be%d8%a7%d9%be-%d8%a2%d9%be,popupads.ir
http://pornsharing.com/evilyn-fierce-sucks-fat-dick-with-her-step-mom-veronica-avluv_v78020,pornsharing.com
https://prezi.com/support/article/steps/prezi-for-windows-and-mac-the-beginners-guide/?lang=en,prezi.com
https://privatbank.ua/ua/business/otraslevyje-reshenija-dlya-biznesa/torgovym-predprijatijam/gtm.start,privatbank.ua
http://putlocker.is/watch-geordie-shore-tvshow-season-1-episode-1-online-free-putlocker.html,putlocker.is
https://quizlet.com/sign-up?redir=https%3A%2F%2Fquizlet.com%2Fupgrade%3Fsource%3Dimages_new,quizlet.com
http://qz.com/395288/hip-eyewear-peddler-warby-parker-is-officially-a-billion-dollar-company/,qz.com
http://ringring.vn/can-canh-khai-quat-quan-tai-da-va-phat-hien-bi-an-kinh-ngac-118254.html,ringring.vn
http://rocketnews24.com/tag/%e3%83%89%e3%82%a6%e3%82%a7%e3%82%a4%e3%83%b3%e3%83%bb%e3%82%b8%e3%83%a7%e3%83%b3%e3%82%bd%e3%83%b3/,rocketnews24.com
http://rozetka.com.ua/web_cameras/c180143/Catalog/computers-notebooks/computers-notebooks-accessories/web_cameras,rozetka.com.ua
http://rt.com/in-vision/parade-rehearsal-moscow-victory/foreground-basils-parade-cathedral/,rt.com
http://sberbank.ru/portalserver/sb-portal-ru/ru/fpartners/purchase/notification/supplier,sberbank.ru
https://screencast.com/ScriptResource.axd?d=rD4Ifuiye_fAq__f4U7tBJfO2RdPjUh5XiWP_tvnp_5zbWTX1Cxmi1KFaS6brpqb-uBQ2jzO-GP9nnJsbw3ngMEdipGex2Vx7-OhJoi8jw9MH30bzYv7JbCOItCLT9VTLhDWOI7FGdAog-C2p8eDPffDqp6NZSdGI4BDOgzM054CstL8MId5IJtQ-TcGukCKQX16xF1-COZQqI6QOh84ngvFqyA1,screencast.com
http://screenrant.com/avengers-2-ultron-spoilers-easter-eggs-comic-references/3/?replytocom=1621275,screenrant.com
http://searchengineland.com/low-quality-exact-match-domains-are-googles-next-target-134889,searchengineland.com
http://searchengines.guru/forumdisplay.php?f=80&daysprune=-1&order=desc&sort=replycount,searchengines.guru
http://seasonvar.ru/serial-10285-National_Geographic_Velikie_rejdy_Vtoroj_mirovoj_vojny.html,seasonvar.ru
http://seekingalpha.com/article/3096706-general-motors-gm-ceo-mary-barra-on-q1-2015-results-earnings-call-transcript?part=single,seekingalpha.com
http://seesaawiki.jp/w/staff_wiki/d/%b4%c9%cd%fd%b2%e8%cc%cc%a4%f2%c9%bd%bc%a8%a4%b7%a4%e8%a4%a6,seesaawiki.jp
http://serverfault.com/questions/527228/how-can-i-disable-google-ssl-search-so-that-the-dansguardian-web-filter-will-wor,serverfault.com
http://sfglobe.com/2015/04/22/this-homeless-man-realizes-hes-not-broke-after-interesting-turn-of-events/,sfglobe.com
http://shareba.com/index.php?do=/mobile/event/490/%E6%81%A9%E7%B4%8D%E2%80%AC%E9%A6%99%E6%B0%B4%E5%8D%A0%E5%8D%9C-%E6%89%BE%E5%B0%8B%E5%80%8B%E4%BA%BA%E5%B0%88%E5%B1%AC%E9%A6%99%E6%B0%9B/,shareba.com
http://skyrock.com/videos/eDJnanp4YToxMw==-Blacko-Remix-O-T-Genasis-CoCo-en-live-dans-Planete-Rap.html?top=3&period=weekly,skyrock.com
http://slashdot.org/submission/4410315/superfish-injects-ads-in-one-in-25-google-page-views,slashdot.org
http://slickdeals.net/f/7856645-kohls-cardholders-only-arrow-classic-fit-solid-thermal-henley-men-3-08-ac-more-fs-kohls?src=pdw,slickdeals.net
http://smallseotools.com/blog/how-to-begin-measuring-your-internet-marketing-performance/,smallseotools.com
http://sourceforge.net/directory/business-enterprise/add_facet_filter?facet=language&constraint=PL%2FSQL,sourceforge.net
http://spankbang.com/56h4/video/sexy+horny+busty+wife+shares+her+lucky+husband+s+huge+cock+with+gorgeous+horny+teen,spankbang.com
http://sprint.com/webcontent/components/shop/device-detail/directives/total-col.html,sprint.com
http://sputniknews.com/voiceofrussia_uk/2014_10_20/UK-Politics-Can-Labour-recreate-its-election-success-of-40-years-ago-7105/rtmp/mp4,sputniknews.com
http://squarespace.com/press/2014/8/6/why-squarespace-is-hiring-in-portland-after-shunning-seattle,squarespace.com
http://stackexchange.com/newsletters/newsletter?site=earthscience.stackexchange.com,stackexchange.com
http://stackoverflow.com/questions/30226131/could-not-load-the-image-referenced-from-a-nib-in-the-bundle-with-identifier?answertab=active,stackoverflow.com
http://steamcommunity.com/gid/103582791430075519/announcements/detail/221001480525536521/?insideModal=1,steamcommunity.com
http://superuser.com/questions/914451/upgrading-from-win8-1-oem-to-win8-1-enterprise-possible-without-clean-insta?answertab=active,superuser.com
http://syosetu.com/searchuser/search/index.php?name1st=%E3%81%BF&all=1&all2=1&all3=1&all4=1&p=11,syosetu.com
http://taboola.com/sites/default/files/js/js_katn-xzSPHnR0x-9TsTx4oqevi7dEAgheRUEPEJ1zgI.js,taboola.com
http://techcrunch.com/2014/06/02/the-coolest-ios-8-features-apple-didnt-talk-about-today/,techcrunch.com
http://teespring.com/?n_close=true&n_new_play=552b068fe4b02b98e5a18772&post_id=1079065635443444_1079065632110111,teespring.com
http://telegraf.com.ua/ukraina/obshhestvo/1887541-gosdep-prokommentiroval-slova-poroshenko-o-donetskom-aeroportu.html,telegraf.com.ua
http://thechive.com/2015/04/27/its-monday-we-might-as-well-mind-some-gaps-30-photos/,thechive.com
http://themeforest.net/item/city-responsive-portfolio-tumblr-theme/full_screen_preview/11400608,themeforest.net
http://thenextweb.com/apps/2014/09/26/wayfare-brings-penpals-into-the-age-of-mobile-and-social-media/gtm.js,thenextweb.com
http://tinnhanh360.net/the-gioi-24h-%E2%80%98duong-day-nong%E2%80%99-bat-ngo-noi-nato-nga.html,tinnhanh360.net
http://tobogo.net/cdsb/board.php?board=storyani&bm=view&no=77&category=&auth=&page=1&search=&keyword=&recom=,tobogo.net
http://torcache.net/torrent/4E811C675EE707256D5CA80400CDFDB528A8D08D.torrent?title=[kickass.to]penguins.of.madagascar.2014.720p.brrip.x264.yify,torcache.net
http://torrentdn.com/bbs/s.php?bo_table=torrent_ani&wr_id=25968&k=%EC%86%8C%EB%93%9C%EC%95%84%ED%8A%B8%EC%98%A8%EB%9D%BC%EC%9D%B8&page=1,torrentdn.com
http://tsite.jp/r/cpn/sbh/sbh5/index.html?utm_source=sbh&utm_medium=bnr&utm_campaign=0019203&sc_int=tpoint_sbh5_0000090,tsite.jp
http://tune.pk/video/6052253/emt-proposes-to-the-woman-he-helped-save-from-domestic-violence,tune.pk
http://tunein.com/radio/ESPN-Radio-Special-Coverage-1-s111051/15480783/ca-pub-1542925551861702/StationLeader,tunein.com
https://twitter.com/share?url=http%3A%2F%2Fhubpages.com%2Fhub%2FRomance-Scam-Threatened-Both-Male-and-Female-Revived-in-Cyberspace-Left-Broken-Hearts-and-Wallets&text=Romance+Scam%3A+Threatens+Both+Male+and+Female%2C+Revived+in+Cyberspace%2C+Left+Broken+Hearts+and+Wallets,twitter.com
http://udn.com/news/story/6816/873556-%E5%AE%89%E5%80%8D%E8%A8%AA%E7%BE%8E%E8%A6%8B%E6%AD%90%E5%B7%B4%E9%A6%AC-%E8%98%87%E7%9B%88%E8%B2%B4%E7%9A%84%E8%A7%80%E5%AF%9F,udn.com
http://unity3d.com/sites/default/files/css/css_sjhjpfA_oByVMXjBtRb8hi1BwrgwWTS_FMmNEueXlAI.css,unity3d.com
http://uproxx.com/webculture/2014/12/would-you-swipe-right-for-this-girl-and-her-wonderful-tinder-tagline/,uproxx.com
http://variety.com/2015/tv/news/supergirl-cbs-trailer-video-new-shows-1201494641/?replytocom=1297743,variety.com
http://venturebeat.com/2014/09/25/watch-rome-burn-sega-reveals-its-next-major-empire-game-total-war-attila/,venturebeat.com
http://vnexpress.net/tin-tuc/the-gioi/my-tinh-dieu-tau-toi-bien-dong-trung-quoc-ran-giong-3218016.html,vnexpress.net
http://web.de/magazine/unterhaltung/lifestyle/magerwahn-instagram-sara-nuru-wuetend-30631790,web.de
http://web.tv/liveCategory/34/language/1/index/changeLanguage/newshared/searchAutoComplete,web.tv
http://wikimapia.org/32988100/ar/%D8%A7%D9%84%D8%AD%D8%A7%D8%AC-%D8%B3%D9%8A%D8%AF-%D8%A7%D8%A8%D9%88%D8%A7%D9%84%D8%B9%D9%84%D8%A7,wikimapia.org
http://wikiwiki.jp/sample/?%A5%C7%A5%B6%A5%A4%A5%F3%A5%C6%A5%F3%A5%D7%A5%EC%A1%BC%A5%C8%2Fdefault_black01_z,wikiwiki.jp
https://wmaraci.com/forum/fotografcilik/fotografci-monitoru-onerisi-lazim-234372.html,wmaraci.com
https://wordpress.org/showcase/smithsonian-institutions-national-museum-of-african-art/,wordpress.org
http://worldoftanks.ru/b4r/878/go?to=http://worldoftanks.ru/ru/news/pc-browser/11/exp_to_the_crew/,worldoftanks.ru
http://wpengine.com/support/best-practices-uploading-wp-engine-site-another-environment/,wpengine.com
http://xhamster.com/movies/4582430/the_leather_domina_leather_bondage_leather_fetish.html,xhamster.com
http://xossip.com/forumdisplay.php?s=1a0185aef96dc82d1f523a00d7134802&f=37&sort=dateline,xossip.com
http://xvideo-jp.com/archives/category/%e3%81%8a%e8%b2%b8%e3%81%97%e3%81%97%e3%81%be%e3%81%99%e3%80%82/%e7%b4%a0%e4%ba%ba%e5%a8%98%e3%80%81%e3%81%8a%e8%b2%b8%e3%81%97%e3%81%97%e3%81%be%e3%81%99%e3%80%82/page/2,xvideo-jp.com
http://yourlust.com/videos/nice-poolside-fuck-with-appetizing-dark-haired-teenager.html,yourlust.com
http://zozo.jp/shop/anglobalshop/?price=proper&p_ssy=2015&p_ssm=5&p_ssd=13&p_sey=2015&p_sem=5&p_sed=13&dstk=2,zozo.jp
http://1337x.to/torrent/982188/Marvels-Agents-of-S-H-I-E-L-D-S02E07-HDTV-x264-KILLERS-ettv/,1337x.to
https://500px.com/photo/103570801/bering-2015-winter-campaign-by-tristan-shu?from=set&set_id=492385,500px.com
http://9gag.tv/p/aVEGrl/the-harp-twins-dress-like-princess-leia-and-cover-the-star-wars-medley,9gag.tv
http://abc.go.com/shows/shows/the-middle/%20http:/abc.go.com/shows/once-upon-a-time/episode-guide/season-04/,abc.go.com
http://abcnews.go.com/Entertainment/portia-de-rossi-painful-struggle-bulimia-horrible/story?id=31006359,abcnews.go.com
https://ahrefs.com/content-explorer/overview/v3/table/all/all/1/refdomains_desc?topic=site%3Awww.boredpanda.com,ahrefs.com
http://akhbarelyom.com/news/newssection/156/1/T.V%D8%A7%D8%AE%D8%A8%D8%A7%D8%B1%20%D8%A7%D9%84%D9%8A%D9%88%D9%85.html,akhbarelyom.com
http://alfalfalfa.com/tag/%E3%82%BB%E3%83%96%E3%83%B3%E3%82%A4%E3%83%AC%E3%83%96%E3%83%B3,alfalfalfa.com
http://aljazeera.net/news/arabic/2015/5/13/%D9%88%D8%A7%D8%B4%D9%86%D8%B7%D9%86-%D8%AA%D8%B3%D8%AA%D8%A8%D9%82-%D9%83%D8%A7%D9%85%D8%A8-%D8%AF%D9%8A%D9%81%D8%AF-%D8%A8%D8%A7%D9%84%D8%AF%D8%B9%D9%88%D8%A9-%D9%84%D8%AA%D8%B1%D8%AA%D9%8A%D8%A8%D8%A7%D8%AA-%D8%A3%D9%85%D9%86%D9%8A%D8%A9,aljazeera.net
http://allegro.pl/listing/listing.php?bmatch=seng-v10-p-sm-pers-isqm-chl-moda-0414&id=122640&order=m&string=%7Bstring%7D,allegro.pl
http://allrecipes.com/Recipe/Cauliflower-Pizza-Crust/Detail.aspx?evt19=1&referringHubId=15041,allrecipes.com
http://ameblo.jp/summary/keyword/%E3%83%90%E3%83%83%E3%82%BF%E3%83%BC%E3%82%B9%E3%83%9C%E3%83%83%E3%82%AF%E3%82%B9,ameblo.jp
http://anandtech.com/show/9101/silverstone-strider-gold-s-1500w-psu-review-power-supply,anandtech.com
http://ap.org/Content/AP-In-The-News/2014/AP-names-veteran-South-Dakota-journalist-Carson-Walker-as-cooperatives-Dakotas-News-Editor,ap.org
https://archive.org/search.php?query=mediatype:texts&sort=-publicdate&and[]=subject%3A%22Elementary%20Secondary%20Education%22,archive.org
http://archiveofourown.org/tags/Folgers%20%22Home%20for%20the%20Holidays%22%20Commercial/works,archiveofourown.org
http://arstechnica.com/cars/2015/05/what-we-know-and-what-we-dont-know-about-accidents-involving-self-driving-cars/?comments=1&start=120,arstechnica.com
http://askubuntu.com/questions/568608/gmtp-have-problems-while-syncing-music-with-lumia-520,askubuntu.com
http://atwiki.jp/wiki/%E8%A9%A6%E9%A8%93%E4%B8%AD%20%E9%9C%87%E7%81%BD%E5%AF%BE%E5%BF%9C,atwiki.jp
http://auto.ru/cars/bmw/1er/all/?search%5Bstate%5D=1&search%5Bperiod%5D=0&search%5Bcustom%5D=1&search%5Bsection_id%5D=0&search%5Bmark%5D%5B0%5D=30&search%5Bmark-folder%5D%5B0%5D=30-4277_2702,auto.ru
http://avxhome.se/software/software_type/utilities/Backup/2BrightSparks_SyncBackPro_7.3.1.29_DC_14.05.2015.html,avxhome.se
http://b9dm.com/index.php/video/show/cid/5/time/0/order/video/video/index.php/video/show/cid/56/order/2,b9dm.com
http://babal.net/women/view/2041/%D8%A7%D9%84%D9%83%D9%81%D8%AA%D8%A9-%D8%A8%D8%B5%D9%84%D8%B5%D8%A9-%D8%A7%D9%84%D8%B7%D9%85%D8%A7%D8%B7%D9%85,babal.net
http://bankmellat.ir/WebResource.axd?d=XE2dy6xEcHgxRZHYUdckfQKzpn_1atWDi4oS9IbR5-5aqvk3zNlWe6To7nlo1hsPB5lm9XNe17Y2i77bo21o9u-AzscbOMYzvoVclSjvmwuV6TcknaK4ly06a6lpv4vVI-d_kl0pE8GVlyxpuKk8uA2&t=635377285820000000,bankmellat.ir
http://bdnews24.com/health/2015/04/25/health-minister-bemoans-tradition-of-doctors-and-field-staff-dodging-rural-duties,bdnews24.com
http://bestblackhatforum.com/Thread-Domain-Hunter-Gatherer-Easily-Find-Hi-Quality-Domains-Get-Started-Free?action=newpost,bestblackhatforum.com
http://bgr.com/2013/03/19/samsung-to-unveil-smart-tv-at-press-event-tomorrow-in-new-york-city-386417/,bgr.com
http://bigcinema.tv/tag/%D0%92%D0%B0%D0%BB%D0%B5%D0%BD%D1%82%D0%B8%D0%BD%D0%B0%20%D0%A2%D0%B5%D0%BB%D0%B8%D1%87%D0%BA%D0%B8%D0%BD%D0%B0,bigcinema.tv
http://bleacherreport.com/articles/2396367-br-nba-200-ranking-the-top-swingmen-of-2014-15-season,bleacherreport.com
http://bluegape.com/travel/scorpion25/places-i-wish-to-visit-before-turning-30/Captions/Subtitles,bluegape.com
http://bongda88.info/tin-gio-chot-84-mourinho-quyet-khong-ban-cech-cho-cac-doi-bong-london/,bongda88.info
http://buzzfil.net/article/5463/animaux/17-photos-tres-choquantes-qui-montrent-a-quel-point-les-animaux-sont-detruits-par-la-pollution-9.html?href=inner_website,buzzfil.net
http://caixa.gov.br/_layouts/15/followingcommon.js?rev=sObFmln%2BGVrczIpXNeFRrg%3D%3D,caixa.gov.br
http://censor.net.ua/tag/5084/%D0%90%D0%BD%D1%82%D0%B8%D1%82%D0%B5%D1%80%D1%80%D0%BE%D1%80%D0%B8%D1%81%D1%82%D0%B8%D1%87%D0%B5%D1%81%D0%BA%D0%B0%D1%8F+%D0%BE%D0%BF%D0%B5%D1%80%D0%B0%D1%86%D0%B8%D1%8F,censor.net.ua
https://chaturbate.com/tipping/spy_on_private_show_tokens_per_minute/missdeliciou_/,chaturbate.com
http://cheezburger.com/8491530496/textbook-fail-image-that-doesnt-seem-right?ref=rightarrow&siteId=12237,cheezburger.com
http://ck101.com/forum.php?mod=misc&action=recommend&do=add&tid=3256429&hash=b5160424,ck101.com
http://clien.net/cs2/bbs/board.php?bo_table=pds&sca=%5B%EB%B0%B0%EA%B2%BD%ED%99%94%EB%A9%B4%3APC%5D,clien.net
http://codecanyon.net/item/royal-quotes-wordpress-layers-testimonials-grid/11111979,codecanyon.net
http://codepen.io/api/oembed?url=http%3A%2F%2Fcodepen.io%2FZevanRosser%2Fpen%2FxGGjpm&format=json,codepen.io
http://comicbook.com/2014/12/31/top-five-biggest-comic-book-tv-show-deaths-of-2014/,comicbook.com
http://conservativetribune.com/huge-difficulty-michelle-says-she-faces-in-white-house/,conservativetribune.com
http://cookpad.com/login?rt=%2Fcategory%2Frecommend%2F522%3Frt%3D%252Fcategory%252F522,cookpad.com
http://correios.com.br/sobre-correios/patrocinio/patrocinio-esportivo/projetos-socioambientais,correios.com.br
http://couchtuner.eu.com/2014/08/rizzoli-and-isles-s5-e11-if-you-cant-stand-the-heat.html,couchtuner.eu.com
http://cox.com/residential/support/contact-us-email.cox?campcode=escalation_res_product_email_091412,cox.com
http://dantri.com.vn/event-2675/nguoi-viet-khap-5-chau-don-tet-nguyen-dan/trang-2.htm,dantri.com.vn
http://deadspin.com/some-dedicated-soul-at-brobible-went-through-every-divi-1703950197,deadspin.com
http://dealnews.com/features/Quick-Dirty-Guide-The-Difference-Between-a-Streaming-Stick-Set-Top-Box/dealnews/json,dealnews.com
http://depositphotos.com/login.html?url=%2F62162247%2Fstock-illustration-abstract-cogwheel-technology-net-background.html%3Futm_source%3Dsubscription%26utm_medium%3Demail%26utm_campaign%3Dru-freef30,depositphotos.com
http://digg.com/video/seth-meyers-writers-create-affirmations-to-boost-seths-confidence,digg.com
http://diply.com/who-remembers/tom-hussey-captures-elderly-people-their-younger-reflection/38577,diply.com
http://distractify.com/post/related/id/541837fa4a0c4be8088b687f/skip/10/limit/10/back/0,distractify.com
http://doodle.com/cs/premium?utm_source=doodle&utm_medium=home&utm_campaign=premiumHome,doodle.com
https://dribbble.com/shots/1664845-Hunting-Light-Photography-Website/attachments/262206,dribbble.com
http://dropbooks.tv/search/index/word:%E4%BA%A4%E9%9F%BF%E8%A9%A9%E7%AF%87%E3%82%A8%E3%82%A6%E3%83%AC%E3%82%AB%E3%82%BB%E3%83%96%E3%83%B3,dropbooks.tv
http://duckduckgo.com/d.js?q=Electronic%20Frontier%20Foundation&t=A&l=wt-wt&p=1&s=0&dl=en&ck=news_electronic%20frontier%20foundation&ct=CA,duckduckgo.com
http://ecnavi.jp/redirect/?url=http://www.cross-a.net/x.php?id=615_575_22061_26563&m=1001&pid=UI%user_id%IT23502FR36,ecnavi.jp
https://eksisozluk.com/brosur-dagitanlari-gormezden-gelmek--3123434?focusto=51293995,eksisozluk.com
http://elcomercio.pe/casa-y-mas/ideas-y-diseno/llevar-ocho-opciones-bandejas-hogar-noticia-1810595,elcomercio.pe
https://elevenia.co.id/login.do?returnURL=%2Finterest%2FAuthInterestProductAction%2FinterestProductTransit.do&isSSL=Y,elevenia.co.id
http://elitedaily.com/news/world/drinking-coffee-shaped-our-entire-history/1020671/,elitedaily.com
http://emgn.com/entertainment/these-photos-capture-the-hilarious-faces-dogs-make-when-diving-underwater/,emgn.com
http://espn.go.com/olympics/hockey/story/_/id/12870658/canada-face-belarus-quarterfinals-hockey-world-championships,espn.go.com
http://esporte.uol.com.br/videos/2015/05/13/nilmar-esta-fora-novamente-e-lisandro-lopez-deve-jogar.video.htm,esporte.uol.com.br
http://europa.eu/about-eu/agencies/regulatory_agencies_bodies/policy_agencies/ecdc/index_en.htm,europa.eu
https://evernote.com/intl/it/register?upgrade=premium&itemCode=premium-1year&offer=www_pricing_CTA,evernote.com
http://extratorrent.cc/torrent/4190328/Grover+Swank%2C+Denise-Thirty-Four+and+a+Half+Predicaments+-+epub+-+zeke23.html,extratorrent.cc
http://faithtap.com/3029/6-messages-for-mothers-day-when-youve-become-a-motherless-daughter/,faithtap.com
http://fanpage.gr/family/gineka/tips-%cf%80%cf%89%cf%82-%ce%bd%ce%b1-%ce%ba%ce%b1%ce%b8%ce%b1%cf%81%ce%af%cf%83%ce%b5%ce%b9%cf%82-%ce%b1%cf%80%ce%bf%cf%84%ce%b5%ce%bb%ce%b5%cf%83%ce%bc%ce%b1%cf%84%ce%b9%ce%ba%ce%ac-%cf%8c%ce%bb/,fanpage.gr
http://fazenda.gov.br/institucional/galeria-dos-ministros/regencia-do-principe-dom-pedro,fazenda.gov.br
http://filehippo.com/es/download_silverlight/download/c9b2c085d22b691d7de2bd44d634d39b/,filehippo.com
http://fishki.net/1531639-na-101-m-godu-zhizni-skonchalas-aktrisa-teatra-imeni-volkova-sofja-aver.html,fishki.net
https://fortune.com/2015/05/12/chinas-love-affair-with-apple-surges-as-tim-cook-visits-beijing/,fortune.com
https://foursquare.com/v/%D0%B6%D0%B4-%D0%B2%D0%BE%D0%BA%D0%B7%D0%B0%D0%BB-%D1%87%D0%B5%D0%BB%D1%8F%D0%B1%D0%B8%D0%BD%D1%81%D0%BA/4be7dc74e1b39521742421c1,foursquare.com
http://gawker.com/man-claims-oil-pimps-tried-to-trade-teenage-prostitute-1704222820,gawker.com
http://genius.com/2990088/Us-general-services-administration-gsa-mentor-protege-program-subpart-51970/Costs-incurred,genius.com
http://getpocket.com/signup?mode=socialmode&t=1&route=http://getpocket.com/p/pocket-topics/ferguson,getpocket.com
http://giphy.com/services/oembed/?url=http://media.giphy.com/media/LMisrFw9tj9lK/giphy.gif,giphy.com
http://gizmodo.com/how-to-watch-the-game-of-thrones-on-anything-without-c-1696902432,gizmodo.com
https://www.gov.uk/government/organisations/prime-ministers-office-10-downing-street,gov.uk
http://grantland.com/features/2015-mlb-preview-chicago-cubs-world-series-contenders/,grantland.com
http://graphicriver.net/search?date=this-month&length_max=&length_min=&price_max=&price_min=&rating_min=&sales=&sort=sales&term=&view=list,graphicriver.net
http://gtbank.com/media-centre/gtbank-in-the-news/50-media/subsidiary-news/542-mastercard-payment-cards-now-accepted-in-the-gambia-thanks-to-a-collaboration-with-gtbank-gambia,gtbank.com
http://haberler.com/deniz-feneri-davasi-nda-20-saniga-da-ceza-cikmadi-7306732-haberi/,haberler.com
http://haraj.com.sa/index.php/p/1//-%D8%AD%D8%B1%D8%A7%D8%AC%20%D8%A7%D9%84%D8%B3%D9%8A%D8%A7%D8%B1%D8%A7%D8%AA,haraj.com.sa
http://hdfcbank.com/sme/accounts-and-deposits/current-accounts/ezee-current-account,hdfcbank.com
http://himado.in/?keyword=%E3%83%AC%E3%83%87%E3%82%A3%20%E3%82%B8%E3%83%A5%E3%82%A8%E3%83%AB%E3%83%9A%E3%83%83%E3%83%88,himado.in
http://hollywoodlife.com/2015/01/27/tony-romo-super-bowl-commercial-2015-pizza-hut-superbowl-ad-rex-ryan/,hollywoodlife.com
https://hootsuite.com/ja-jp/%E3%82%BD%E3%83%AA%E3%83%A5%E3%83%BC%E3%82%B7%E3%83%A7%E3%83%B3/%E3%82%BD%E3%83%BC%E3%82%B7%E3%83%A3%E3%83%AB%E3%82%AB%E3%82%B9%E3%82%BF%E3%83%9E%E3%83%BC%E3%82%B5%E3%83%BC%E3%83%93%E3%82%B9,hootsuite.com
http://hubpages.com/hub/How-to-Work-the-Double-and-Half-Double-Crochet-Stitches-for-Beginners,hubpages.com
http://icicibank.com/Personal-Banking/account-deposit/silver-savings-account/index.page,icicibank.com
http://iconosquare.com/contest/hyq/you-could-win-tickets-to-the-100th-grey-cup-game-from-franks-redhot,iconosquare.com
https://ifttt.com/recipes/193050-tweet-every-new-gif-that-s-trending-direct-gif-upload,ifttt.com
http://indianexpress.com/article/good-news/video-you-have-seen-sachin-watch-his-die-hard-fan-speaking-about-his-obsession-for-cricket/,indianexpress.com
http://ink361.com/app/users/ig-689026/sezgiolgac/photos/ig-984258473191468464_689026,ink361.com
https://instagram.com/oauth/authorize?client_id=d9494686198d4dfeb954979a3e270e5e&redirect_uri=http%3A%2F%2Ficonosquare.com%3FredAftLog%3Dhttp%253A%252F%252Ficonosquare.com%252Fviewer.php%2523%252Ffollowers%252F3620456&response_type=code&scope=likes+comments+relationships,instagram.com
http://interpark.com/product/MallDisplay.do?_method=Detail&sc.shopNo=0000100000&sc.dispNo=001710249&sc.prdNo=3214068473,interpark.com
http://io9.com/this-eerie-chandelier-is-controlled-by-a-geiger-counter-1688704547/templates/closure/,io9.com
http://irecommend.ru/content/uf-lampa-dlya-sushki-naroshchennykh-nogtei-i-uf-pokrytii-aliexpress-220v-36w-uv-lamp-gel-cur,irecommend.ru
http://jalopnik.com/ten-old-car-video-games-that-are-still-great-today-1701489705?utm_source=recirculation&utm_medium=recirculation&utm_campaign=fridayPM,jalopnik.com
http://jezebel.com/how-to-decorously-buy-your-daughters-way-into-harvard-1699199316?utm_source=recirculation&utm_medium=recirculation&utm_campaign=tuesdayPM,jezebel.com
http://kakaku.com/okurimono/seasonalevent/mothersday/div-gpt-ad-k/special_ad_plan/ad_feature/mothersday/728x90,kakaku.com
http://katproxy.com/driverpack-solution-14-15-2-full-driverpack-s-15-02-2-team-os-hkrg-t10224076.html,katproxy.com
http://kenh14.vn/la-cool/gap-go-19-chu-cun-dang-yeu-giup-ban-vuot-qua-nhung-met-moi-cua-ky-thi-2015051304496185.chn,kenh14.vn
http://khabaronline.ir/(X(1)S(0vpjhjtd02z3pdvgdfyukshr))/detail/416398/World/diplomacy,khabaronline.ir
http://kickass.to/the-brave-and-the-bold-collection-v1-v3-extras-inc-batman-all-new-batman-the-brave-and-the-bold-1955-2012-requested-nem-t10630015.html,kickass.to
http://kienthuc.net.vn/de-thi-dap-an/de-thi-thu-thpt-quoc-gia-2015-mon-hoa-485491.html,kienthuc.net.vn
http://kizi.com/videos/ngt-mobile-gaming-clash-of-clans-boosted-raiding-with-the-bag-army,kizi.com
http://kotaku.com/chappie-censored-in-japan-director-wasnt-told-1698169136/+riamisra,kotaku.com
https://lastpass.com/signup2.php?ac=1&from_uri=%2Fsignup2.php%3Fac%3D1%26from_uri%3D%252Fsignup2.php%253Fac%253D1%2526from_uri%253D%25252Fsignup2.php%25253Fac%25253D1%252526from_uri%25253D%2525252Fsignup2.php%2525253Fac%2525253D1%25252526from_uri%2525253D%252525252Fsignup2.php,lastpass.com
http://lifehacker.com/5852936/how-to-effectively-use-email-auto+responders-without-being-annoying,lifehacker.com
http://likemag.com/sites/default/files/styles/croped_images/public/bildschirmfoto_2015-05-13_um_17.07.23.png?itok=DsMv8YRu,likemag.com
http://marvel.com/news/story/21573/lady_sif_visits_the_childrens_hospital_los_angeles,marvel.com
http://mashable.com/category/train/2015/02/15/boston-blizzard-valentines-day-travel,mashable.com
http://maybank2u.com.my/mbb_info/m2u/public/personalChannel02.do?channelId=BBSME-Others&chCatId=/mbb/BBSME/BBSME-Others,maybank2u.com.my
http://mediaset.it/rete4/ditelavostra/risultati/28/i-duri-di-retequattro.shtml?page=,mediaset.it
https://medium.com/@timporterphoto/honest-beautiful-sad-enraging-edc3004b9a3d?source=has-recommended,medium.com
http://megogo.net/ru/news/view/1839171-novoe-zemletryasenie-v-nepale-rasskazy-ochevidcev.html,megogo.net
http://mentalfloss.com/uk/movies/28527/qa-joss-whedon-on-super-heroes-the-pop-culture-mainstream,mentalfloss.com
http://metro.co.uk/2015/05/09/niall-horans-golf-caddying-moment-gets-another-airing-as-he-appears-on-play-to-the-whistle-5189836/,metro.co.uk
http://mic.com/articles/115464/wonder-woman-losing-its-director-reveals-hollywood-s-problem-with-female-filmmakers,mic.com
http://mirtesen.ru/url?e=simple_click&blog_post_id=43934680347&url=http%3A%2F%2Fchampionat.mirtesen.ru%2Fblog%2F43934680347%2FHomuha%3A-na-Universiade-v-Tayilande-zhili-v-otele-s-transvestitam,mirtesen.ru
http://mixi.jp/share.pl?u=http://alfalfalfa.com/articles/117942.html&k=e09afc106e473491952cfe324aa83aabe5b07446,mixi.jp
http://momoshop.com.tw/category/LgrpCategory.jsp?l_code=2108500000&Area=tooth&FTOOTH=21&mdiv=1000900000-bt_5_023_03&ctype=B,momoshop.com.tw
http://motherless.com/credits/send?u=cornettoeis1&back=http://motherless.com/m/cornettoeis1,motherless.com
http://motthegioi.vn/doi-song/vu-no-ho-ga-kinh-hoang-theo-loi-ke-cua-nan-nhan-188278.html,motthegioi.vn
http://moviepilot.com/posts/2015/03/22/what-if-the-avengers-were-a-sitcom-2797454?lt_source=external,moviepilot.com
http://myegy.to/EnglishSongs/226027/%D8%AC%D9%85%D9%8A%D8%B9_%D8%A3%D9%84%D8%A8%D9%88%D9%85%D8%A7%D8%AA_%D8%A3%D9%8A%D9%82%D9%88%D9%86%D8%A9_%D8%A7%D9%84%D8%B1%D9%88%D9%83_%D9%88%D8%A7%D9%84%D9%85%D9%8A%D8%AA%D8%A7%D9%84_%D8%A7%D9%84%D8%A8%D8%A7%D9%86%D8%AF_%D8%A7%D9%84%D8%A3%D8%B3%D8%B7%D9%88%D8%B1%D9%8A_Scorpions_%D8%A8%D8%B9%D8%AF%D8%AF_56_%D8%A3%D9%84%D8%A8%D9%88%D9%85,myegy.to
http://mylust.com/videos/236056/hentai-gays-seem-to-be-obsessed-with-having-sex-outdoors/,mylust.com
https://myspace.com/article/2015/5/8/ja-rule-fox-news-baltimore-presidential-election,myspace.com
http://nesn.com/2015/03/bruins-explode-for-three-goals-in-first-period-against-rangers-video/,nesn.com
http://nguyentandung.org/lanh-dao-nga-chuc-mung-viet-nam-nhan-ky-niem-40-nam-chien-thang-304.html,nguyentandung.org
http://www.nhs.uk/conditions/Cystic-fibrosis/Pages/Introduction.aspx?savefavourite=true,nhs.uk
http://noticias.uol.com.br/videos/2015/05/13/principe-harry-faz-danca-maori-na-nova-zelandia.htm,noticias.uol.com.br
http://nymag.com/thecut/2014/06/rip-juicy-tracksuits-famewhore-uniform-of-yore.html,nymag.com
http://nypost.com/2015/05/08/hillarys-latest-hoax-deepening-the-immigration-divide/,nypost.com
http://olx.co.id/i2/keperluan-pribadi/fashion-wanita/busana-muslim/keperluan-pribadi/fashion-wanita/busana-muslim,olx.co.id
http://olx.in/hi/all-results/?utm_source=google&utm_medium=search&utm_campaign=search_organic&q=&page=14,olx.in
http://olx.pl/i2/muzyka-edukacja/korepetycje/korepetycje-rosyjski/muzyka-edukacja/korepetycje/korepetycje-rosyjski,olx.pl
http://olx.ro/i2/mama-si-copilul/carucioare-si-patuturi/marsupii-hamuri-premergatoare/mama-si-copilul/carucioare-si-patuturi/marsupii-hamuri-premergatoare,olx.ro
http://olx.ua/uk/list/q-%D0%BF%D0%BB%D0%B0%D1%82%D1%8C%D0%B5/?search%5Bprivate_business%5D=private,olx.ua
http://onedio.com/haber/irak-savunma-bakanligi-isid-in-iki-numarasi-olduruldu-507552,onedio.com
http://oneplus.net/ca_en/support/answer/what-is-the-warranty-policy-for-oneplus-dr-1,oneplus.net
http://otomoto.pl/osobowe/bmw/seria-3/-/316/JOcK7gzdoyrcIT2176iLzhCz8UoPOGcT6Y1ax8FNTPf.l7,otomoto.pl
http://pantip.com/tag/%E0%B8%81%E0%B8%B2%E0%B8%A3%E0%B8%9E%E0%B8%B1%E0%B8%92%E0%B8%99%E0%B8%B2%20Web%20Application,pantip.com
http://patch.com/florida/southtampa/watch-paul-mccartney-jams-local-band-grad-party,patch.com
https://paytm.com/offer/wp-content/plugins/logo-slider/lgs_jquery.cycle2.js?ver=4.1.5,paytm.com
http://pelis24.com/series-mas-vistas/18781-vikingos-vikings-tercera-temporada-2015-online.html,pelis24.com
http://perezhilton.com/2015-05-13-american-idol-winner-clark-beckham/?from=readmore_perezhilton&,perezhilton.com
http://persianblog.ir/tags/309276/%d9%85%d8%b0%d8%a7%da%a9%d8%b1%d8%a7%d8%aa_%d9%87%d8%b3%d8%aa%d9%87_%d8%a7%db%8c/,persianblog.ir
http://pikabu.ru/tag/%D0%9F%D0%BE%D0%B4%D1%81%D0%BB%D1%83%D1%88%D0%B0%D0%BD%D0%BE/hot,pikabu.ru
http://pinterest.com/pin/create/button/?url=http://allrecipes.com/video/486/how-to-make-tamale-pie/detail.aspx&description=How%20to%20Make%20Tamale%20Pie%20Allrecipes.com&media=http://brightcove.vo.llnwd.net/e1/pd/1033249144001/1033249144001_1466605998001_fw-tamalepie2.jpg?pubId=1033249144001,pinterest.com
http://pitchfork.com/news/58885-modest-mouse-launch-strangers-to-ourselves-linguistic-remix-generator/,pitchfork.com
http://plarium.com/en/strategy-games/sparta-war-of-empires/news/resource-production-boosts/,plarium.com
http://popupads.ir/blog/?tag=%d8%b3%db%8c%d8%b3%d8%aa%d9%85-%da%a9%d8%b3%d8%a8-%d8%af%d8%b1-%d8%a2%d9%85%d8%af,popupads.ir
http://pornsharing.com/latina-girl-chloe-amour-and-busty-blonde-step-mom-julia-ann-get-face-fucked_v78082,pornsharing.com
https://prezi.com/support/article/creating/editing-content-with-the-transformation-tool/?lang=en,prezi.com
https://privatbank.ua/business/universalnyje-reshenija/konsul-tacionnaja-podderzhka-/,privatbank.ua
http://putlocker.is/watch-i-will-follow-you-into-the-dark-online-free-putlocker.html,putlocker.is
https://quizlet.com/login?redir=https%3A%2F%2Fquizlet.com%2Fupgrade%3Fsource%3Dimages_new,quizlet.com
http://qz.com/403449/boutique-ma-advisors-are-eating-the-big-investment-banks-lunch/,qz.com
http://ringring.vn/nhung-bi-mat-thu-vi-ve-dan-sieu-anh-hung-trong-avengers-age-of-ultron-118109.html,ringring.vn
http://rocketnews24.com/2010/12/03/%e4%bb%ae%e9%9d%a2%e3%83%a9%e3%82%a4%e3%83%80%e3%83%bc%e3%82%aa%e3%83%bc%e3%82%ba%e3%81%ae%e3%83%a1%e3%83%80%e3%83%ab%e3%82%92%e6%b1%82%e3%82%81%e3%80%81%e6%97%a5%e6%9c%ac%e5%85%a8%e5%9b%bd%e3%81%8a/,rocketnews24.com
http://rozetka.com.ua/tablet_covers/c305219/Catalog/computers-notebooks/computers-notebooks-accessories/tablet_covers,rozetka.com.ua
http://rt.com/in-vision/venezuela-drill-artillery-2015/minister-state-general-2015/,rt.com
http://sberbank.ru/portalserver/sb-portal-ru/ru/person/investments/confidential_managemen/pif,sberbank.ru
http://screenrant.com/avengers-2-ultron-spoilers-easter-eggs-comic-references/comment-page-1/,screenrant.com
http://searchengineland.com/for-task-completion-cortana-now-integrates-more-deeply-with-apps-220110,searchengineland.com
http://searchengines.guru/forumdisplay.php?f=80&daysprune=-1&order=asc&sort=postusername,searchengines.guru
http://seasonvar.ru/serial-11702-Discovery_Zolotaya_lihoradka_Beringovo_more-4-season.html,seasonvar.ru
http://seekingalpha.com/article/3175766-chimera-investment-corp-a-winner-in-a-losing-sector,seekingalpha.com
http://seesaawiki.jp/pathofexile/d/Culling%20Strike%a1%ca%a5%b5%a5%dd%a1%bc%a5%c8%a5%b8%a5%a7%a5%e0%a1%cb,seesaawiki.jp
http://serverfault.com/questions/673506/squid-transparent-proxy-for-https-ssl-trafic,serverfault.com
http://sfglobe.com/2015/05/01/six-baltimore-police-officers-charged-in-freddie-grays-death/?src=home_feed,sfglobe.com
http://shareba.com/module/feed/static/jscript/feed.js?v=1bdefddca5f39810cfb31de087fe3c88,shareba.com
http://skyrock.com/videos/eHNvYXFrOjEz-L-appli-Skyrock-com-en-bref.html?top=4&period=daily,skyrock.com
http://slashdot.org/submission/2307257/fcc-to-allow-cable-companies-to-encrypt-basic-cable,slashdot.org
http://slickdeals.net/f/7855183-32gb-htc-one-m8-5-4g-lte-no-contract-smartphone-various-carriers-300-free-shipping,slickdeals.net
http://smallseotools.com/blog/the-difference-between-content-selling-and-content-marketing/,smallseotools.com
http://sourceforge.net/directory/audio-video/add_facet_filter?facet=language&constraint=Java,sourceforge.net
http://spankbang.com/56l9/video/miranda+miller+claudia+valentine+goodlove+momsbangteens,spankbang.com
http://sprint.com/business/solutions/unified_communication_and_collaboration/sprint_complete_collaboration/index.html,sprint.com
http://sputniknews.com/voiceofrussia_uk/2014_10_20/UK-Politics-Can-Labour-recreate-its-election-success-of-40-years-ago-7105/dispatchEvent/fireEvent,sputniknews.com
http://squarespace.com/press/2015/1/29/allow-jeff-bridges-to-lure-you-to-sleep-in-his-uber-chill-super-bowl-commercial,squarespace.com
http://stackexchange.com/newsletters/newsletter?site=reverseengineering.stackexchange.com,stackexchange.com
http://stackoverflow.com/questions/30226291/how-to-mock-variable-number-of-arguments,stackoverflow.com
http://steamcommunity.com/sharedfiles/filedetails/%22http://steamcommunity.com/id/Goldenwolf902/images/?appid=440%22,steamcommunity.com
http://superuser.com/questions/914437/execute-a-workflow-file-on-a-mac-from-network,superuser.com
http://syosetu.com/searchuser/search/index.php?name1st=%E3%82%8A&all=1&all2=1&all3=1&all4=1&p=10,syosetu.com
http://taboola.com/news/drum-reader%E2%80%99s-digest-signs-multi-million-dollar-partnership-content-marketing-platform-taboola,taboola.com
http://techcrunch.com/2015/05/12/after-backlash-over-upgrade-flickr-considers-letting-users-opt-out-of-auto-tagging/,techcrunch.com
http://teespring.com/nl/dmb?utm_campaign=dmb&utm_medium=oembed&utm_source=wordpress,teespring.com
http://telegraf.com.ua/sport-cat/futbol/1887272-markevich-ob-otvetnoy-igre-s-napoli.html,telegraf.com.ua
http://thechive.com/podcast/steve-aoki-and-mike-shinoda-drop-by-thechive-podcast-for-a-candid-chat/,thechive.com
http://themeforest.net/item/medicallink-responsive-medical-wordpress-theme/10955291,themeforest.net
http://thenextweb.com/media/2014/10/15/netflix-getting-10-seasons-friends-us-canada/gtm.js,thenextweb.com
http://tinnhanh360.net/nhung-kieu-%E2%80%9Ctam-tien%E2%80%9D-khac-nhau-trong-van-hoa-phuong-dong.html,tinnhanh360.net
http://tobogo.net/cdsb/board.php?board=knowhow&bm=view&no=973&category=&auth=&page=1&search=&keyword=&recom=,tobogo.net
http://torcache.net/torrent/48DC7BE19EBDE8F1E21841B3E71C586C1C55A59A.torrent?title=[kickass.to]ori.and.the.blind.forest.codex,torcache.net
http://torrentdn.com/bbs/s.php?bo_table=torrent_tv&wr_id=82381&k=%EB%AA%A9%EC%86%8C%EB%A6%AC&page=1,torrentdn.com
https://tsite.jp/login/index.pl?xpg=PCUI0401&ret=%3cemburl_PCRL02%3e%3fxpg%3dPCRL0209%26rally_id%3d0000000742,tsite.jp
https://tune.pk/video/6045670/the-human-centipede-3-final-sequence-official-trailer,tune.pk
http://tunein.com/radio/The-Dan-LeBatard-Show-with-Stugotz-p182499/15480783/ca-pub-1542925551861702/ProgramTopBanner,tunein.com
https://twitter.com/home?status=%E3%83%8C%E3%81%91%E3%82%8B%EF%BC%81%E3%80%90%E5%B7%A8%E4%B9%B3%E3%80%91+http%3A%2F%2Fero-video.net%2Ft%2FXUDDbh8TIofG7VSI+%E3%83%9E%E3%83%B3%E3%82%B7%E3%83%A7%E3%83%B3%E3%81%AE%E3%83%99%E3%83%A9%E3%83%B3%E3%83%80%E3%81%8B%E3%82%89%E8%A6%97%E3%81%8D%E8%A6%8B+%23ero+%23douga+%23agesage,twitter.com
http://udn.com/news/story/7241/901230-%E6%A6%AE%E5%8C%96%E6%97%97%E4%B8%8B%E7%A6%8F%E8%81%9A%E8%83%BD-%E8%81%B2%E8%AB%8B%E7%A0%B4%E7%94%A2,udn.com
http://unity3d.com/sites/default/files/js/js_A9vW8qzGVkJXIhjIm94stDsq5aja39crorsnRwN0eG8.js,unity3d.com
http://uproxx.com/tv/2014/11/andy-dick-has-been-arrested-again-this-time-for-allegedly-stealing-some-guys-necklace/,uproxx.com
http://variety.com/2014/biz/news/tv-creators-warn-fcc-dont-let-internet-become-like-cable-television-1201179531/?replytocom=483254,variety.com
http://venturebeat.com/2015/03/25/facebooks-parse-unveils-sdks-for-the-internet-of-things/,venturebeat.com
http://vnexpress.net/parser_v3.php?id=3217866&t=1&ft=video&si=1000000&ap=1&ishome=1&share_url=http://video.vnexpress.net/chuyen-la/bay-luon-tren-bau-troi-nho-canh-phan-luc-3217866.html,vnexpress.net
http://web.de/magazine/unicef/unicef-bericht-jahr-entfuehrung-schulmaedchen-boko-haram-30571152,web.de
http://web.tv/liveCategory/41/language/1/index/changeLanguage/newshared/searchAutoComplete,web.tv
http://wikimapia.org/32988088/ru/%D0%A1%D1%83%D0%BE%D0%BC%D0%B5%D0%BD%D0%BB%D0%B8%D0%BD%D0%BD%D0%B0-C-40,wikimapia.org
http://wikiwiki.jp/sample/?%A5%C7%A5%B6%A5%A4%A5%F3%A5%C6%A5%F3%A5%D7%A5%EC%A1%BC%A5%C8%2Fdefault_deepgray_z,wikiwiki.jp
http://wmaraci.com/forum/backlink-paketleri/etkisi-kanitlanmis-profesyonel-backlink-paketleri-yuzlerce-musteri-memnuniyeti-65650.html,wmaraci.com
https://wordpress.org/showcase/official-gazette-of-the-republic-of-the-philippines/,wordpress.org
http://worldoftanks.ru/ru/content/guide/payments_instruction/terminaly-privatbank-ukraina/,worldoftanks.ru
http://wpengine.com/support/how-to-cancel-if-wp-engine-is-not-a-good-fit-for-my-needs/,wpengine.com
http://xhamster.com/movies/2118510/tranny_art_curious_white_guy_ass_fucked_bareback.html?promo=1,xhamster.com
http://xossip.com/forumdisplay.php?s=1a0185aef96dc82d1f523a00d7134802&f=32&sort=voteavg,xossip.com
http://xvideo-jp.com/archives/category/%e9%a6%99%e6%a4%8e%e3%81%bf%e3%81%aa%e3%81%bf,xvideo-jp.com
http://yourlust.com/videos/tempting-busty-teen-trains-her-holes-with-big-plastic-dildos.html,yourlust.com
http://zozo.jp/shop/auli/?price=proper&p_ssy=2015&p_ssm=5&p_ssd=13&p_sey=2015&p_sem=5&p_sed=13&dstk=2,zozo.jp
http://1337x.to/torrent/1148508/Blackhat-2015-x264-720p-Bluray-DD5-1-DTS-NL-Subs-TBS/,1337x.to
https://500px.com/photo/4894196/%C2%A1sopresa!-by-dragox-photo-?from=set&set_id=222911,500px.com
http://9gag.tv/p/aKA0vj/the-female-orgasm-explained-with-science-projects-data-attack,9gag.tv
http://abc.go.com/shows/general-hospital/episode-guide/2015-05/06-wednesday-may-6-2015,abc.go.com
http://abcnews.go.com/Sports/jets-fans-patriots-quarterback-call-tom-shady/story?id=30996519,abcnews.go.com
https://ahrefs.com/content-explorer/overview/v3/tiles/all/all/1/publish_time_desc?topic=site%3Awww.boredpanda.com,ahrefs.com
http://akhbarelyom.com/news/newdetails/411516/1/%D8%A8%D8%B9%D8%AF-%D9%86%D8%AC%D8%A7%D8%AD%D9%87-%D9%81%D9%8A.html,akhbarelyom.com
http://alfalfalfa.com/tag/%E3%83%9D%E3%83%86%E3%83%88%E3%83%81%E3%83%83%E3%83%97%E3%82%B9,alfalfalfa.com
http://aljazeera.net/news/arabic/2015/5/12/%D8%A7%D9%84%D8%A8%D8%B1%D8%A7%D8%AF%D8%B9%D9%8A-%D9%85%D8%A7-%D9%88%D9%82%D8%B9-%D8%A8%D8%B9%D8%AF-30-%D9%8A%D9%88%D9%86%D9%8A%D9%88-%D9%85%D8%AE%D8%A7%D9%84%D9%81-%D9%84%D8%AE%D8%B1%D9%8A%D8%B7%D8%A9-%D8%A7%D9%84%D8%B7%D8%B1%D9%8A%D9%82,aljazeera.net
http://allegro.pl/listing/listing.php?order=m&string=%7Bstring%7D&bmatch=seng-v10-p-sm-pers-isqm-chl-moda-0414,allegro.pl
http://allrecipes.com/Recipe/Blackened-Fish/Detail.aspx?evt19=1&referringHubId=15041,allrecipes.com
http://ameblo.jp/summary/keyword/%E3%82%AA%E3%82%A4%E3%83%AB%E3%83%88%E3%83%AA%E3%83%BC%E3%83%88%E3%83%A1%E3%83%B3%E3%83%88,ameblo.jp
http://anandtech.com/show/9189/logic-supply-ml100g30-fanless-broadwell-industrial-nuc-review/6,anandtech.com
http://ap.org/Content/AP-In-The-News/2014/AP-severs-ties-with-photographer-who-altered-work,ap.org
https://archive.org/search.php?query=mediatype:texts&sort=-publicdate&and[]=subject%3A%22boletin%22,archive.org
http://archiveofourown.org/tags/Steve%20and%20Tony%20don't%20get%20together%20until%20sophomore%20year/works,archiveofourown.org
http://arstechnica.com/information-technology/2015/05/the-battleship-the-drone-and-the-chocolate-chip-cookies/,arstechnica.com
http://askubuntu.com/questions/525284/how-to-fix-gnome-fallback-menu-bar-items-and-recover-lost-launchers,askubuntu.com
http://atwiki.jp/wiki/UMVC3%E3%81%AE%E3%83%AD%E3%82%B1%E3%83%83%E3%83%88%E3%83%A9%E3%82%AF%E3%83%BC%E3%83%B3%E3%81%AE%E3%82%BB%E3%83%AA%E3%83%95%E9%9B%86,atwiki.jp
http://auto.ru/cars/bmw/3er/all/?search%5Bstate%5D=1&search%5Bperiod%5D=0&search%5Bcustom%5D=1&search%5Bsection_id%5D=0&search%5Bmark%5D%5B0%5D=30&search%5Bmark-folder%5D%5B0%5D=30-365_2742,auto.ru
http://avxhome.se/music/blues/Cedric_Burnside_Project_Descendants_Of_Hill_Country_2015.html,avxhome.se
http://b9dm.com/index.php/video/index.php/video/show/cid/56/order/index.php/video/show/cid/56/order/video/show,b9dm.com
http://babal.net/news/view/111861/%D9%85%D8%B3%D8%AA%D8%B4%D8%A7%D8%B1-%D8%A8%D8%A7%D9%84%D9%83%D9%88%D9%86%D8%AC%D8%B1%D8%B3-%D8%A7%D9%84%D8%A3%D9%85%D8%B1%D9%8A%D9%83%D9%8A:-%D8%BA%D9%8A%D8%A7%D8%A8-%D8%A7%D9%84%D9%85%D9%84%D9%83-%D8%B3%D9%84%D9%85%D8%A7%D9%86-%D8%B9%D9%86-%D9%83%D8%A7%D9%85%D8%A8-%D8%AF%D9%8A%D9%81%D9%8A%D8%AF-%D8%A3%D8%B2%D8%B9%D8%AC-%D8%A3%D9%88%D8%A8%D8%A7%D9%85%D8%A7%E2%80%8F,babal.net
http://bankmellat.ir/ScriptResource.axd?d=qkqVkIu5gh-QQvxSRnRRRaNoSVhki0rFUBdUUgM69e7bMIxUqCb90W1UJDJaTrlcCLIa7FUsdx-1eCm-V1ozeXQbDYLg4ctI2_AC1JuLVyQJrZXLznyo5sHhKqzNW41QmMd6IKox_jXGZq0wzBmr_QPTns_2VkM6_liI3ckSuhI1&t=7e632e9f,bankmellat.ir
http://bdnews24.com/environment/2015/03/31/beijing-to-limit-motorists-on-heavily-polluted-days,bdnews24.com
http://bestblackhatforum.com/Thread-Submit-Your-Startup-website-and-get-backlink-from-this-website?action=newpost,bestblackhatforum.com
http://bigcinema.tv/movie/dzheki-v-carstve-zhenschin---jacky-au-royaume-des-filles.html,bigcinema.tv
http://bleacherreport.com/articles/2456041-nfl-stars-with-the-most-to-prove-in-2015,bleacherreport.com
http://bluegape.com/relationships/sakshee_joshi/10-things-you-should-do-only-with-your-best-friends/1.8em,bluegape.com
http://bongda88.info/giam-doc-tha-hang-tram-ran-doc-vao-khu-do-thi-cao-cap-de-tra-thu/,bongda88.info
http://buzzfil.net/m/show-art/la-maniere-dont-cette-femelle-orang-outan-s-occupe-de-trois-bebes-tigres-est-extraordinaire-2.html,buzzfil.net
http://caixa.gov.br/empresa/fgts-empresas/guia-recolhimento-recisorio-fgts/Paginas/default.aspx,caixa.gov.br
http://censor.net.ua/photo_news/335709/odin_iz_glavareyi_boevikov_dnr_razyskivaetsya_v_moskve_za_moshennichestvo_foto,censor.net.ua
https://chaturbate.com/tipping/spy_on_private_show_tokens_per_minute/charlottebaby/,chaturbate.com
http://cheezburger.com/8491584512/funny-win-pic-motorcycle-elderly?ref=leftarrow&siteId=53,cheezburger.com
http://ck101.com/forum.php?mod=misc&action=recommend&do=add&tid=2888712&hash=b5160424,ck101.com
http://clien.net/cs2/bbs/board.php?bo_table=kin&sca=%5B%ED%9C%B4%EB%8C%80%ED%8F%B0%5D,clien.net
http://codecanyon.net/search?date=this-month&length_max=&length_min=&page=16&price_max=&price_min=&rating_min=&sales=&sort=sales&term=&utf8=%E2%9C%93&view=list,codecanyon.net
http://codepen.io/api/oembed?url=http%3A%2F%2Fcodepen.io%2Fanon%2Fpen%2FqdZPVv&format=json,codepen.io
http://comicbook.com/2015/04/06/happy-birthday-michael-rooker-turns-60-years-old-today-/,comicbook.com
http://conservativetribune.com/breaking-us-senate-delivers-major-bad-news-to-obamas-criminal-illegals/,conservativetribune.com
http://cookpad.com/login?rt=%2Ftsukurepo%2Fpost%3Fpage_type%3D6%26recipe_id%3D2197140,cookpad.com
http://correios.com.br/sobre-correios/a-empresa/programa-de-prevencao-a-fraudes/cartilhas,correios.com.br
http://couchtuner.eu.com/2013/05/anger-management-s2-e17-charlie-lets-kate-take-charge.html,couchtuner.eu.com
http://cox.com/residential/support/results.cox?search-all-within=all&kana-search-keyword=remote%20control&crumbs=fi9yZXNpZGVudGlhbC9yZXNpZGVudGlhbC1TdXBwb3J0c9o5x,cox.com
http://dantri.com.vn/kieu-bao/photos-cong-dong-nguoi-viet-o-ukraine-don-tet-at-mui-2015-1035068.htm,dantri.com.vn
http://deadspin.com/5858092/this-evening-alex-ovechkin-parks-his-car-like-an-asshole,deadspin.com
http://dealnews.com/features/The-Best-and-Worst-Things-to-Buy-in-July-2012/588036.html,dealnews.com
http://depositphotos.com/48870245/stock-photo-lovers-on-travel-taking-smartphone.html,depositphotos.com
http://digg.com/video/you-can-levitate-a-screwdriver-with-compressed-air-and-it-is-magical,digg.com
http://diply.com/different-solutions/18-pictures-that-show-kids-are-in-their-own-world/39148,diply.com
http://distractify.com/post/related/id/55537d174a0c4b5c1246c50f/skip/60/limit/10/back/0,distractify.com
http://doodle.com/it/premium?utm_source=doodle&utm_medium=home&utm_campaign=premiumHome,doodle.com
http://dribbble.com/shots/1269523-Sperant-mobile-sidebar-concepts/attachments/174429,dribbble.com
http://dropbooks.tv/search/index/word:%E3%83%A9%E3%82%B0%E3%83%8A%E3%83%AD%E3%82%AF%E3%82%AA%E3%83%B3%E3%83%A9%E3%82%A4%E3%83%B3,dropbooks.tv
http://duckduckgo.com/d.js?q=Web%20security%20exploits&t=C&l=wt-wt&p=1&s=0&dl=en&ct=CA,duckduckgo.com
http://ecnavi.jp/redirect/?url=http://click.j-a-net.jp/161196/563611/UI%user_id%IT58960FR14,ecnavi.jp
https://eksisozluk.com/kilicdaroglu-is-bankasi-borclarini-neden-silmiyor--4782281?a=popular,eksisozluk.com
http://elcomercio.pe/buscar/ley+de+protecci%c3%b3n+de+datos?ref=grid_opinion&ft=bajada,elcomercio.pe
https://elevenia.co.id/login.do?returnURL=%2Forder%2FUnAblePostScriptList.do&isSSL=Y,elevenia.co.id
http://elitedaily.com/life/motivation/3-reasons-to-strategically-procrastinate-accomplish-more-be-happier/1020967/,elitedaily.com
http://emgn.com/entertainment/27-evil-geniuses-taking-the-world-by-storm-one-troll-joke-at-a-time/,emgn.com
http://espn.go.com/mens-college-basketball/story/_/id/12878398/bill-guthridge-former-north-carolina-tar-heels-coach-assistant-dies-77,espn.go.com
http://esporte.uol.com.br/futebol/times/enquetes/escale-seu-time/2015/04/19/nautico.htm,esporte.uol.com.br
http://europa.eu/wel/eu_portal/2014/scripts/components/jquery.institution_slider.js,europa.eu
http://evernote.com/intl/es/register/?upgrade=plus&itemCode=plus-1year&offer=www_pricing_CTA,evernote.com
http://extratorrent.cc/torrent/4189855/Marvels+Agents+of+S.H.I.E.L.D.+S02E21-E22+HDTV+XviD-FUM%5Bettv%5D.html,extratorrent.cc
http://fanpage.gr/family/pedi/%cf%80%ce%b1%cf%84%ce%ad%cf%81%ce%b1%cf%82-%ce%ba%ce%b1%ce%b9-%ce%ba%cf%8c%cf%81%ce%b7-%ce%b7-%ce%b2%cf%81%ce%b1%ce%b2%ce%b5%cf%85%ce%bc%ce%ad%ce%bd%ce%b7-%ce%bc%ce%b5-%cf%8c%cf%83%ce%ba/,fanpage.gr
http://fazenda.gov.br/institucional/sobre-ministerio/sobre-o-ministerio/sendto_form,fazenda.gov.br
http://filehippo.com/download_drivereasy/download/9ed15b1636a5494dede910331f8552ba/,filehippo.com
http://fishki.net/1529334-raritetnye-illjustracii-k-fantasticheskomu-romanu-vojna-mirov.html,fishki.net
http://fortune.com/2015/02/20/the-russians-have-opened-a-second-front-against-google/,fortune.com
https://foursquare.com/rianru/list/%D0%B0%D1%8D%D1%80%D0%BE%D0%BF%D0%BE%D1%80%D1%82%D1%8B-%D1%80%D0%BE%D1%81%D1%81%D0%B8%D0%B8,foursquare.com
http://gawker.com/5912362/man-selling-vial-of-ronald-reagans-blood-says-its-what-reagan-would-have-wanted,gawker.com
http://genius.com/Ol-dirty-bastard-never-before-seen-ol-dirty-bastard-raw-and-uncut-interview-lyrics,genius.com
https://getpocket.com/l?ep=3&route=http%3A%2F%2Fgetpocket.com%2Fp%2Fpocket-topics%2Ftech,getpocket.com
http://giphy.com/services/oembed/?url=http://media.giphy.com/media/nn8sVW69JmwJq/giphy.gif,giphy.com
http://gizmodo.com/house-committee-votes-to-reform-usa-patriot-act-with-us-1700758645,gizmodo.com
https://www.gov.uk/government/organisations/social-mobility-and-child-poverty-commission,gov.uk
http://grantland.com/the-triangle/medium-cool-how-wisconsin-tamed-kentucky-and-why-duke-should-be-seriously-worried/,grantland.com
http://graphicriver.net/item/colorful-marketing-campaign-web-facebook-banners/11433750,graphicriver.net
http://gtbank.com/media-centre/gtbank-in-the-news/49-media/gtbank-in-the-news/515-gtbank-s-ndani-tv-to-host-100-of-the-most-innovative-in-the-nigerian-tech-space,gtbank.com
http://haberler.com/7-parti-ayni-masada-bir-araya-geldi-ortak-karar-7305872-haberi/,haberler.com
http://hdfcbank.com/htdocs/common/MobileBanking/chillr-app/index.htm?src=tab-banner,hdfcbank.com
http://himado.in/?keyword=%E3%82%A2%E3%83%8B%E3%83%A11%E8%A9%B1%E3%83%AA%E3%83%B3%E3%82%AF,himado.in
http://hollywoodlife.com/2015/03/26/wendy-williams-disses-iggy-azalea-fake-butt-wendy-williams-show/,hollywoodlife.com
https://hootsuite.com/ja-jp/%E3%82%B5%E3%83%BC%E3%83%93%E3%82%B9/%E3%83%97%E3%83%AD%E3%83%95%E3%82%A7%E3%83%83%E3%82%B7%E3%83%A7%E3%83%8A%E3%83%AB%E3%82%B5%E3%83%BC%E3%83%93%E3%82%B9,hootsuite.com
http://hubpages.com/hub/How-to-remove-clean-or-bypass-an-egr-valve-from-a-trafic-vivaro-primastar-diesel-van,hubpages.com
http://icicibank.com/Personal-Banking/offers/offer-detail.page?id=offer-pay-any-visa-credit-card-offer-20141709152841506,icicibank.com
http://iconosquare.com/contest/wzp/concours-photo-de-hakle-humide---hakle-feucht-foto-wettbewerb,iconosquare.com
https://ifttt.com/recipes/124424-view-nasa-s-astronomy-pictures-of-the-day-in-pocket,ifttt.com
http://indianexpress.com/article/world/neighbours/thousands-spend-night-outdoors-as-death-toll-rises-in-nepal/2,indianexpress.com
http://ink361.com/app/users/ig-235407104/hmkalmarri/photos/ig-984130046327318156_235407104,ink361.com
https://instagram.com/oauth/authorize?client_id=d9494686198d4dfeb954979a3e270e5e&redirect_uri=http%3A%2F%2Ficonosquare.com%3FredAftLog%3Dhttp%253A%252F%252Ficonosquare.com%252Fcomments.php&response_type=code&scope=likes+comments+relationships,instagram.com
http://interpark.com/displaycorner/FreeMarket.do?_method=itemCateList&free1=pc&free2=007001002004&free3=item&disp_no=007001002004,interpark.com
http://io9.com/the-making-of-mad-max-fury-road-we-shot-one-scene-fo-1704025550/layer/,io9.com
http://irecommend.ru/content/igrushki-dlya-zhivotnykh-igrushka-svetodiodnaya-ukazka-pet-club-fix-price,irecommend.ru
http://jalopnik.com/5978583/just-because-its-the-apocalypse-doesnt-mean-you-cant-look-good,jalopnik.com
http://jezebel.com/lady-thor-is-not-enough-im-still-gonna-need-that-black-1605437607/+charliejane,jezebel.com
http://kakaku.com/daily-goods/fabric-softener/ranking_7618/pricedown/div-gpt-ad-k/header_text,kakaku.com
http://katproxy.com/avicii-ultra-music-festival-2015-2015-mp3-320kbps-h4ckus-glodls-t10627226.html,katproxy.com
http://kenh14.vn/doi-song/trao-luu-luon-song-ca-voi-khien-cong-dong-mang-the-gioi-phat-cuong-20140317014146664.chn,kenh14.vn
http://khabaronline.ir/print/416218/Politics/parties?model=WebUI.Models.Details.DetailsPageViewModel,khabaronline.ir
http://kickass.to/desktop-wallpapers-miscellaneous-1680x1050-2560x1600-105pcs-2015-jpg-t10563903.html,kickass.to
http://kienthuc.net.vn/tin-tuc/20000-thi-sinh-tu-do-phia-nam-dang-ky-thi-thptqg-486447.html,kienthuc.net.vn
http://kizi.com/videos/better-in-the-nether-original-minecraft-song-dubstep-music-video,kizi.com
http://kotaku.com/dragon-quest-viii-an-excellent-jrpg-that-was-first-rel-1704095893,kotaku.com
https://lastpass.com/index.php?&ac=1&from_uri=%2Fuse_eu.php&fromwebsite=1&newvault=1&nk=1,lastpass.com
http://lifehacker.com/if-you-dont-have-a-passion-rule-out-what-you-dont-like-1703735085,lifehacker.com
http://likemag.com/sites/default/files/css/css_m5_vq0_1iWefXTUrgEpoaa8IzXbS8N-EnBi5Ryv2Eww.css,likemag.com
http://marvel.com/news/tv/21476/disneys_marvel_and_netflix_join_forces_to_develop_historic_four_series_epic_plus_a_mini-series_event,marvel.com
http://mashable.com/category/spacex/2015/01/26/elon-musk-simpsons-electric-space-rockets,mashable.com
http://maybank2u.com.my/mbb_info/m2u/public/personalList04.do?cntTypeId=0&channelId=ACC-Accounts&programId=ACC08.02-RegionalServices&cntKey=&chCatId=/mbb/Personal/ACC-Accounts,maybank2u.com.my
http://mediaset.it/italia1/ditelavostra/risultati/36/qual-e-la-tua-arma-segreta-preferita.shtml?page=,mediaset.it
https://medium.com/@sady_doyle/age-of-robots-how-marvel-is-killing-the-popcorn-movie-1e21b231f73a,medium.com
http://megogo.net/ru/news/view/1840431-grecheskie-prepodavateli-i-oppoziciya-protiv-reformy-obrazovaniya.html,megogo.net
http://mentalfloss.com/article/62518/emotionally-scar-your-typophile-friends-comic-papyrus,mentalfloss.com
http://metro.co.uk/2015/05/11/13-celebrities-who-look-ridiculously-good-as-works-of-art-5191989/,metro.co.uk
http://mic.com/articles/113366/here-s-the-real-reason-happy-couples-aren-t-getting-married,mic.com
http://mirtesen.ru/composition/20122490256?utm_campaign=composition&utm_source=mirtesen&utm_medium=page_1,mirtesen.ru
http://mixi.jp/share.pl?u=http://alfalfalfa.com/articles/117843.html&k=e09afc106e473491952cfe324aa83aabe5b07446,mixi.jp
http://momoshop.com.tw/category/LgrpCategory.jsp?l_code=2101500000&Area=tooth&FTOOTH=21&mdiv=1000900000-bt_5_023_02&ctype=B,momoshop.com.tw
http://motherless.com/login?back=%252Fcredits%252Fsend%253Fu%253Dswitches%2526back%253Dhttp%253A%252F%252Fmotherless.com%252Fm%252Fswitches,motherless.com
http://motthegioi.vn/cau-vong-luc-sac/tin-tuc-lgbt/den-giao-thong-dong-tinh-o-ao-gay-tranh-cai-188385.html,motthegioi.vn
http://moviepilot.com/posts/2015/05/13/after-watching-this-trailer-it-won-t-be-hard-to-kermit-to-watching-the-new-muppets-tv-series-2929882,moviepilot.com
http://myegy.to/VideoClips/201553/I_HD_720p_I_%D9%83%D9%84%D9%8A%D8%A8_%D8%AA%D8%A7%D9%85%D8%B1_%D8%AD%D8%B3%D9%86%D9%8A_180,myegy.to
http://mylust.com/videos/102328/whorish-pregnant-blondie-pleases-her-muff-with-huge-dildo/,mylust.com
https://myspace.com/article/2015/5/11/beyhive-swarming-rita-ora-on-social-media-over-jay-z-hug,myspace.com
http://nesn.com/2015/05/united-states-beats-denmark-at-world-championships-moves-to-top-of-group-b/,nesn.com
http://nguyentandung.org/can-ro-muc-dich-ban-co-phan-theo-lo-tai-doanh-nghiep-nha-nuoc.html,nguyentandung.org
http://www.nhs.uk/choiceintheNHS/Rightsandpledges/NHSConstitution/Pages/Overview.aspx,nhs.uk
http://noticias.uol.com.br/jornais/internacionais/the-international-new-york-times/,noticias.uol.com.br
http://nymag.com/thecut/2012/11/sexy-awkward-tales-from-victorias-circus/slideshow/2012/11/08/victoria_s_secretrunwayshow2,nymag.com
http://nypost.com/2015/05/13/nelson-peltz-loses-dupont-board-battle-in-first-election-defeat/,nypost.com
http://olx.co.id/i2/elektronik-gadget/fotografi/kamera-lainnya/elektronik-gadget/fotografi/kamera-lainnya,olx.co.id
http://olx.in/hi/all-results/q-%7Bq%7D/?utm_source=google&utm_medium=search&utm_campaign=search_organic&page=11,olx.in
http://olx.pl/oferty/q-meble-kuchenne/AkgwtCLTr1OmrTODyIho2JaGDrFR1ttSTUSONlW8LVX.T7,olx.pl
http://olx.ro/i2/electronice-si-electrocasnice/electrocasnice/aparate-de-bucatarie/js/spring.js,olx.ro
http://olx.ua/uk/list/q-%D0%B4%D0%B8%D0%B2%D0%B0%D0%BD/?search%5Bpaidads_listing%5D=1,olx.ua
http://onedio.com/haber/okurken-dogruluguna-hak-verip-hayretler-icinde-kalacaginiz-18-harika-tespit-503760,onedio.com
http://oneplus.net/ca_en/support/answer/why-are-prices-different-in-different-countries,oneplus.net
http://otomoto.pl/osobowe/citroen/ds3/JOcK7gzdoyrcIT2176iLzhCz8UoPOGcT6Y1ax8FNTPf.l7,otomoto.pl
http://pantip.com/tag/Everly_%28%E0%B8%A0%E0%B8%B2%E0%B8%9E%E0%B8%A2%E0%B8%99%E0%B8%95%E0%B8%A3%E0%B9%8C%29,pantip.com
http://patch.com/pennsylvania/roxborough/amtrak-train-derails-pennsylvania-several-hurt/,patch.com
https://paytm.com/blog/scaling-up-paytm-plans-to-add-over-1-lakh-sellers-4500-employees-by-2015/,paytm.com
http://pelis24.com/estrenos/20603-los-vengadores-2-la-era-de-ultron-2015-online.html,pelis24.com
http://perezhilton.com/2015-05-10-mothers-day-2015-celebrity-tweets/?from=readmore_perezhilton&,perezhilton.com
http://persianblog.ir/tags/111/25/%da%a9%d8%a7%d9%85%d9%be%db%8c%d9%88%d8%aa%d8%b1/,persianblog.ir
http://pikabu.ru/tag/%D1%83%D0%BC%D0%BE%D0%B7%D0%B0%D0%BA%D0%BB%D1%8E%D1%87%D0%B5%D0%BD%D0%B8%D0%B5/hot,pikabu.ru
http://pinterest.com/pin/create/button/?url=http://allrecipes.com/Recipe/Cheesecake-Brownies/Detail.aspx&description=Cheesecake%20Brownies%20Allrecipes.com&media=http://media-cache-ak0.pinimg.com/600x/91/fa/93/91fa93ec8cc49ce29e5acd35396384f2.jpg,pinterest.com
http://pitchfork.com/news/57938-ty-dolla-ign-says-he-kanye-west-rihanna-and-paul-mccartney-are-dropping-a-song-together/,pitchfork.com
http://plarium.com/en/strategy-games/sparta-war-of-empires/news/academy-in-each-coalition/,plarium.com
http://popupads.ir/blog/?tag=%da%a9%d8%b3%d8%a8-%d8%af%d8%b1%d8%a2%d9%85%d8%af-%d8%a7%d8%b2-%d9%be%d8%a7%d9%be-%d8%a2%d9%be,popupads.ir
http://pornsharing.com/big-boobed-latina-mom-isis-love-shows-her-assets-after-interview_v78728,pornsharing.com
https://prezi.com/1e2zo10io8uf/evolucion-de-las-herramientas-de-presentaciones-educativas/,prezi.com
https://privatbank.ua/ua/business/universalnyje-reshenija/terminal-samoobsluzhivanija/,privatbank.ua
http://putlocker.is/watch-a-big-hand-for-the-little-lady-online-free-putlocker.html,putlocker.is
https://quizlet.com/sign-up?redir=https%3A%2F%2Fquizlet.com%2Fapi%2F2.0%2Fdocs%2Ftos,quizlet.com
http://qz.com/404144/a-shortage-of-italian-olive-oil-means-americans-are-being-forced-to-buy-greek/,qz.com
http://ringring.vn/be-so-sinh-song-sot-ky-dieu-sau-8-ngay-bi-cha-me-chon-song-118329.html,ringring.vn
http://rocketnews24.com/tag/%e3%82%b9%e3%82%bf%e3%83%bc%e3%82%a6%e3%82%a9%e3%83%bc%e3%82%ba/,rocketnews24.com
http://rt.com/in-vision/christians-celebrate-good-friday/good-friday-jerusalem-city/,rt.com
http://sberbank.ru/portalserver/sb-portal-ru/ru/person/paymentsandremittances/remittance/out/nal_int/nal_kolibry_int,sberbank.ru
http://screenrant.com/marvel-netflix-deal-tv-shows-daredevil-luke-cage-iron-fist-jessica-jones/comment-page-2/,screenrant.com
http://searchengineland.com/google-says-there-are-4-7-more-mobile-friendly-web-sites-today-than-two-months-ago-219487,searchengineland.com
http://searchengines.guru/forumdisplay.php?f=60&daysprune=-1&order=desc&sort=replycount,searchengines.guru
http://seasonvar.ru/serial-3104-ZHeleznij_chelovek_Priklyucheniya_v_brone-2-season.html,seasonvar.ru
http://seekingalpha.com/article/3180536-rgs-energy-finally-stabilizing-after-a-tumultuous-period,seekingalpha.com
http://seesaawiki.jp/w/tag_guide/d/%a5%b2%a1%bc%a5%e0%a5%b3%a5%de%a5%f3%a5%c9%c9%bd%bc%a8,seesaawiki.jp
http://serverfault.com/questions/226752/ssh-exchange-identification-connection-closed-by-remote-host,serverfault.com
http://sfglobe.com/2015/04/22/animal-rescue-corps-rescues-85-dogs-and-puppies-from-deplorable-conditions/,sfglobe.com
http://shareba.com/module/user/static/css/default/default/register.css?v=1bdefddca5f39810cfb31de087fe3c88,shareba.com
http://skyrock.com/videos/eDJhNmg3dzoxMw==-Extrait-exclusif-du-film-LES-HERITIERS.html?top=4&period=recent,skyrock.com
http://slashdot.org/submission/4420635/add-github-dorking-to-list-of-enterprise-security-concerns,slashdot.org
http://slickdeals.net/article/news/television-in-2015-your-quick-guide-to-cord-cutting,slickdeals.net
http://smallseotools.com/blog/the-mistakes-that-prevent-marketing-success-on-twitter/,smallseotools.com
http://sourceforge.net/directory/communications/add_facet_filter?facet=language&constraint=Python,sourceforge.net
http://spankbang.com/56af/video/bitch+wives+first+interracial+orgy+at+swinger+party,spankbang.com
http://sprint.com/business/solutions/fleet_and_asset_management/asset_tracking/index.html,sprint.com
http://sputniknews.com/voiceofrussia_uk/2014_10_20/UK-Politics-Can-Labour-recreate-its-election-success-of-40-years-ago-7105/rtmp/flv,sputniknews.com
http://squarespace.com/press/2015/1/28/squarespace-grows-up-and-so-does-its-super-bowl-ad,squarespace.com
http://stackexchange.com/newsletters/newsletter?site=softwarerecs.stackexchange.com,stackexchange.com
http://stackoverflow.com/questions/1789945/how-can-i-check-if-one-string-contains-another-substring,stackoverflow.com
http://steamcommunity.com/stats/TF2/achievements/%22http://steamcommunity.com/market/%22,steamcommunity.com
http://superuser.com/questions/887488/why-does-this-thinkpad-t60-fan-permanently-spin-up-and-down,superuser.com
http://syosetu.com/searchuser/search/index.php?name1st=%E3%82%8B&all=1&all2=1&all3=1&all4=1&p=11,syosetu.com
http://taboola.com/sites/default/files/css/css_jMILwGKdO3u20wF7LthdzmPyBg60CsnpVhSCbcEuL_I.css,taboola.com
http://techcrunch.com/2015/01/12/last-nights-golden-globes-featured-a-red-carpet-drone-but-not-from-an-faa-authorized-firm/,techcrunch.com
http://teespring.com/en-CA/dmb?utm_campaign=dmb&utm_medium=oembed&utm_source=wordpress,teespring.com
http://telegraf.com.ua/kultura/muzyika/1887588-deftones-anonsirovali-novuyu-plastinku.html,telegraf.com.ua
http://thechive.com/2015/04/23/go-grab-all-of-your-bras-put-them-in-a-pile-and-burn-them-44-photos/,thechive.com
http://themeforest.net/item/mega-project-construction-company-wp-theme/full_screen_preview/10620770,themeforest.net
http://thenextweb.com/apps/2014/08/12/squarespace-releases-two-android-apps-note-blog-help-customers-manage-sites/gtm.start,thenextweb.com
http://tinnhanh360.net/bac-si-he-lo-trinh-trang-hoang-loan-cua-be-trai-bac-giang.html,tinnhanh360.net
http://tobogo.net/cdsb/board.php?board=musicvideo&bm=view&no=2480&category=&auth=&page=1&search=&keyword=&recom=,tobogo.net
http://torcache.net/torrent/BFCFD08402E6A27676620F8C657432F92F28478B.torrent?title=[kickass.to]grand.theft.auto.v.hosted.by.dj.cash.vii.mixtape.320kbps.dexzaery,torcache.net
http://torrentdn.com/bbs/s.php?bo_table=torrent_movie&wr_id=161255&k=%EB%AC%B4%EC%82%AD%EC%A0%9C&page=1,torrentdn.com
https://tsite.jp/login/index.pl?xpg=PCUI0401&ret=https%3a%2f%2ftsite%2ejp%2fana%2findex%2epl,tsite.jp
https://tune.pk/video/3065986/hamza-yusuf-meets-nice-people-in-france-must-watchpart2,tune.pk
http://tunein.com/radio/South-America-r101219/15480783/ca-pub-1542925551861702/TuneInSearch,tunein.com
https://twitter.com/home?status=%E3%83%8C%E3%81%91%E3%82%8B%EF%BC%81%E3%80%90%E3%82%A2%E3%82%A4%E3%83%89%E3%83%AB%E3%80%91+http%3A%2F%2Fero-video.net%2Ft%2FJObRgxjTMOZMiYh7+%E3%83%9E%E3%83%83%E3%82%B5%E3%83%BC%E3%82%B8%E3%81%A8%E7%A7%B0%E3%81%97%E3%81%A6%E3%83%AD%E3%83%BC%E3%82%B7%E3%83%A7%E3%83%B3%E3%83%97%E3%83%AC%E3%82%A4+%23ero+%23douga+%23agesage,twitter.com
http://udn.com/news/story/7089/868728-KONAMI%E7%A2%BA%E8%AA%8D%E6%96%B0%E4%BD%9C%E5%8F%96%E6%B6%88-%E3%80%8A%E6%B2%89%E9%BB%98%E4%B9%8B%E4%B8%98%E3%80%8B%E7%B3%BB%E5%88%97%E6%8C%81%E7%BA%8C%E7%99%BC%E5%B1%95,udn.com
http://unity3d.com/learn/tutorials/modules/intermediate/live-training-archive/unity5-asset-bundles,unity3d.com
http://uproxx.com/webculture/2015/01/a-french-hospital-is-under-fire-for-a-mural-that-features-a-superhero-gang-rape/,uproxx.com
https://variety.com/2015/tv/news/cw-greenlights-dc-spinoff-new-julie-plec-drama-takes-showtimes-crazy-ex-girlfriend-1201490083/,variety.com
http://venturebeat.com/2014/08/05/kahuna-unveils-its-answer-to-mobiles-dirty-secret/,venturebeat.com
http://vnexpress.net/photo/the-gioi/ham-doi-trung-quoc-cap-cang-hai-quan-my-3030190.html,vnexpress.net
http://web.de/magazine/panorama/tornado-verwuestet-kleinstadt-mecklenburg-vorpommern-30620030,web.de
http://web.tv/liveCategory/4/language/1/index/changeLanguage/newshared/searchAutoComplete,web.tv
http://wikimapia.org/32988098/vi/BUI-NGOC-HIEN-B%C3%8CNH-L%E1%BB%98C-KHU-10-PH%C6%AF%E1%BB%9CNG-T%C3%82N-B%C3%8CNH-TP-H%E1%BA%A2I-D%C6%AF%C6%A0NG,wikimapia.org
http://wikiwiki.jp/sample/?%BA%EF%BD%FC%A4%B7%A4%BF%A5%DA%A1%BC%A5%B8%A4%F2%B8%B5%A4%CB%CC%E1%A4%B9,wikiwiki.jp
https://wmaraci.com/forum/veritabanlari/whatsapp-veritabanimda-mesajlari-pc-okuma-222637.html,wmaraci.com
https://wordpress.org/news/wp-content/plugins/jetpack/_inc/genericons/genericons/genericons.css?ver=3.1,wordpress.org
http://worldoftanks.ru/ru/content/guide/payments_instruction/globalmoney-koshelyok-ukraina/,worldoftanks.ru
http://wpengine.com/2015/04/21/all-wp-engine-sites-being-upgraded-to-wordpress-4-1-2/,wpengine.com
http://xhamster.com/movies/4579577/sexy_18yo_blondie_shows_her_body_at_the_first_casting.html,xhamster.com
http://xossip.com/forumdisplay.php?s=1a0185aef96dc82d1f523a00d7134802&f=4&sort=views,xossip.com
http://xvideo-jp.com/archives/category/%e9%88%b4%e6%9d%91%e3%81%82%e3%81%84%e3%82%8a/page/2,xvideo-jp.com
http://yourlust.com/videos/picked-up-whore-in-body-fishnets-gets-her-pussy-finger-fucked-and-licked.html,yourlust.com
http://zozo.jp/shop/celstore/?price=proper&p_ssy=2015&p_ssm=5&p_ssd=13&p_sey=2015&p_sem=5&p_sed=13&dstk=2,zozo.jp
http://1337x.to/torrent/1140840/Avengers-Age-Of-Ultron-2015-iTALiAN-MD-TELESYNC-XviD-WWCB/,1337x.to
https://500px.com/photo/32275373/a-fresh-beer-under-the-milky-way-by-tristan-shu?from=set&set_id=492385,500px.com
http://9gag.tv/p/a5be0D/fear-the-walking-dead-%20first-official-teaser-trailer-2015-amc,9gag.tv
http://abc.go.com/shows/marvels-agents-of-shield/news/recap-blog/season-2-episode-20-scars-recap-inhumans-declare-war-on-shield-050515,abc.go.com
http://abcnews.go.com/Health/video/elderly-cancer-patient-makes-heartbreaking-911-call-for-food-31000833,abcnews.go.com
https://ahrefs.com/content-explorer/overview/v3/table/all/all/1/rank_asc?topic=site%3Awww.boredpanda.com,ahrefs.com
http://akhbarelyom.com/news/newdetails/411512/1/%D8%A8%D8%A7%D9%84%D9%81%D9%8A%D8%AF%D9%8A%D9%88..%D8%A7%D9%84.html,akhbarelyom.com
http://alfalfalfa.com/tag/%E3%82%AA%E3%83%B3%E3%83%A9%E3%82%A4%E3%83%B3%E3%82%B2%E3%83%BC%E3%83%A0,alfalfalfa.com
http://aljazeera.net/Home/GetPage/f6451603-4dff-4ca1-9c10-122741d17432/e81e37e4-39ed-4ed7-91fd-660751824bcf,aljazeera.net
http://allegro.pl/show_item.php?item=5269334129&sh_dwh_token=d0b6dd74a8394345128e20d296cb1c5e,allegro.pl
http://allrecipes.com/Recipe/Quinoa-and-Black-Beans/Detail.aspx?evt19=1&referringHubId=1,allrecipes.com
http://ameblo.jp/summary/keyword/%E3%82%AA%E3%83%9B%E3%83%BC%E3%83%84%E3%82%AF%E6%B5%B7,ameblo.jp
http://anandtech.com/show/6916/cooler-master-seidon-240m-and-12-more-coolers-the-retest-and-megaroundup,anandtech.com
http://ap.org/Content/AP-In-The-News/2012/In-case-you-missed-it-AP-journalists-in-and-on-the-news-052112,ap.org
https://archive.org/search.php?query=mediatype:texts&sort=-publicdate&and[]=subject%3A%22Bible%22,archive.org
http://arstechnica.com/gadgets/2015/05/intels-gordon-moore-talks-about-the-genesis-legacy-and-end-of-moores-law/,arstechnica.com
http://askubuntu.com/questions/369284/install-grub2-on-uefi-gpt-create-boot-partition-and-transfer-clonezilla-image,askubuntu.com
http://atwiki.jp/wiki/%E3%81%A9%E3%81%86%E3%81%B6%E3%81%A4%E3%81%AE%E6%A3%AE%20%E3%82%B0%E3%83%AC%E3%82%A4%E3%82%B7%E3%83%BC%E3%82%B0%E3%83%AC%E3%83%BC%E3%82%B9%20%E6%9C%8D,atwiki.jp
http://auto.ru/cars/bmw/6er/all/?search%5Bstate%5D=1&search%5Bperiod%5D=0&search%5Bcustom%5D=1&search%5Bsection_id%5D=0&search%5Bmark%5D%5B0%5D=30&search%5Bmark-folder%5D%5B0%5D=30-395_2842,auto.ru
http://avxhome.se/software/software_type/multimedia/4VideosoftiOSTransfer.8.1.22.html,avxhome.se
http://b9dm.com/index.php/video/index.php/video/show/cid/56/order/index.php/video/show/cid/56/order/2,b9dm.com
http://babal.net/books/view/1456/%D8%B4%D8%B1%D9%81%D8%A9-%D8%A7%D9%84%D9%87%D8%A7%D9%88%D9%8A%D8%A9,babal.net
http://bdnews24.com/bangladesh/2015/05/09/bodies-of-twins-found-mother-rescued-from-river-in-barisal,bdnews24.com
http://bestblackhatforum.com/Thread-IG-Booster-Best-Instagram-Bot-2015-Multithreading-Proxy-Support-and-much-more,bestblackhatforum.com
http://bigcinema.tv/series/seks-narkotiki-i-rok-n-roll-serial-2015-sexdrugsrockroll.html,bigcinema.tv
http://bleacherreport.com/articles/2325381-fantasy-football-daily-league-guide-to-divisional-sunday,bleacherreport.com
http://bluegape.com/travel/scorpion25/places-i-wish-to-visit-before-turning-30/video/youtube,bluegape.com
http://bongda88.info/category/bong-da/bong-da-quoc-te/bong-da-ngoai-hang-anh/page/20/,bongda88.info
http://buzzfil.net/article/5603/photo-look/23-photos-personnes-tres-belles-avec-le-vitiligo-9.html?href=inner_website,buzzfil.net
http://caixa.gov.br/voce/poupanca-e-investimentos/fundos-investimento/fundos-de-indices/etf-ibovespa-fundo-de-indice/Paginas/default.aspx,caixa.gov.br
http://censor.net.ua/blogs/476/aeroport_film_o_katastrofe_kotoruyu_nelzya_bylo_izbejat,censor.net.ua
https://chaturbate.com/tipping/spy_on_private_show_tokens_per_minute/lovelyvictoria/,chaturbate.com
http://cheezburger.com/8478819328/dating-fail-behold-the-worlds-greatest-pickup-line?ref=rightarrow&siteId=72,cheezburger.com
http://ck101.com/forum.php?mod=misc&action=recommend&do=add&tid=3157277&hash=b5160424,ck101.com
http://clien.net/cs2/bbs/board.php?bo_table=pds&sca=%5B%EB%B0%B0%EA%B2%BD%ED%99%94%EB%A9%B4%3A%EB%AA%A8%EB%B0%94%EC%9D%BC%5D,clien.net
http://codecanyon.net/item/master-slider-responsive-touch-swipe-slider/full_screen_preview/6337671,codecanyon.net
http://codepen.io/api/oembed?url=http%3A%2F%2Fcodepen.io%2Fbennettfeely%2Fpen%2Fcsjzd&format=json,codepen.io
http://comicbook.com/2015/05/07/possible-new-suicide-squad-photo-of-the-joker-and-harley-quinn-t/,comicbook.com
http://conservativetribune.com/wp-content/plugins/easy-social-share-buttons/assets/css/big/easy-social-share-buttons.min.css?ver=1.3.9.8.2,conservativetribune.com
http://cookpad.com/login?rt=%2Fcategory%2Frecommend%2F133%3Frt%3D%252Fcategory%252F133,cookpad.com
http://correios.com.br/Para-governo/governo-municipal/solucoes-de-atendimento-aos-cidadaos,correios.com.br
http://couchtuner.eu.com/2014/01/hawaii-five-0-s4-e12-o-kela-me-keia-manawa-now-and-then.html,couchtuner.eu.com
http://cox.com/residential/support/phone/guidedhelp.cox?articleId=63d49390-d6c6-11e1-d920-000000000000,cox.com
http://dantri.com.vn/hoa-hau-viet-nam/thi-sinh-hoa-hau-viet-nam-nen-na-trong-trong-trang-phuc-ao-dai-1001309.htm,dantri.com.vn
http://deadspin.com/what-it-was-like-to-cover-the-sterling-era-clippers-wh-1702555728/1702952979/layer/,deadspin.com
http://dealnews.com/features/The-Best-and-Worst-Things-to-Buy-in-July-2012/dealnews/json,dealnews.com
http://depositphotos.com/67425563/stock-illustration-london-england-city-vector-background.html,depositphotos.com
http://digg.com/video/the-nightly-show-tries-to-navigate-the-ethical-dilemma-that-is-apple,digg.com
http://diply.com/virginradiolebanon/17-simple-solutions-your-kitchen-problems/123089,diply.com
http://distractify.com/post/related/id/554baa6b4a0c4b623e066a74/skip/40/limit/10/back/0,distractify.com
http://doodle.com/pt_BR/premium?utm_source=doodle&utm_medium=home&utm_campaign=premiumHome,doodle.com
https://dribbble.com/shots/2001557-Girls-Shopping-App-User-Profile/attachments/352075,dribbble.com
http://dropbooks.tv/search/index/word:%E3%82%B9%E3%82%BF%E3%82%B8%E3%82%AA%E3%83%BB%E3%83%AF%E3%83%A9%E3%83%93%E3%83%BC,dropbooks.tv
http://duckduckgo.com/d.js?q=Electronic%20Frontier%20Foundation&t=A&l=us-en&p=1&s=30&dl=en,duckduckgo.com
http://ecnavi.jp/redirect/?url=http://ad2.trafficgate.net/t/r/6/5285/86513_86513/0/AX%user_id%,ecnavi.jp
https://eksisozluk.com/?q=amerika%27da+do%c4%9fsayd%c4%b1n%c4%b1z+nas%c4%b1l+bir+hayat%c4%b1n%c4%b1z+olurdu%2f%2351268330,eksisozluk.com
http://elcomercio.pe/whatsapp/sucesos/tia-maria-asi-fue-ataque-buses-que-dejo-dos-muertos-fotos-noticia-1810742,elcomercio.pe
https://elevenia.co.id/login.do?returnURL=%2Forder%2FmyEleveniaAccount%2FgetTitleInfoAjax.do%3FisSSL%3DY&isSSL=Y,elevenia.co.id
http://elitedaily.com/entertainment/celebrity/robin-williams-final-tweet-world-birthday-message-daughter/705977/,elitedaily.com
http://emgn.com/entertainment/14-toilet-paper-designs-which-will-make-your-bathroom-visit-a-little-more-fun/,emgn.com
http://espn.go.com/blog/cleveland-cavaliers/post/_/id/879/this-is-why-lebron-is-worth-all-of-it,espn.go.com
http://esporte.uol.com.br/videos/2015/05/13/falando-muito-quem-tem-o-melhor-time-inter-ou-galo.video.htm,esporte.uol.com.br
http://europa.eu/about-eu/agencies/regulatory_agencies_bodies/policy_agencies/ema/index_en.htm,europa.eu
http://evernote.com/register/?upgrade=premium&itemCode=premium-1year&offer=www_pricing_CTA,evernote.com
http://extratorrent.cc/torrent_download/4190234/25+Sexy+Kristin+Kreuk+Hot+Wallpapers+Set+1.torrent,extratorrent.cc
http://fanpage.gr/family/gineka/23-%ce%b3%cf%85%ce%bd%ce%b1%ce%af%ce%ba%ce%b5%cf%82-%cf%80%ce%bf%cf%85-%ce%ad%cf%87%ce%b1%cf%83%ce%b1%ce%bd-%ce%b2%ce%ac%cf%81%ce%bf%cf%82-%ce%ba%ce%b1%ce%b9-%ce%ad%ce%b3%ce%b9%ce%bd%ce%b1%ce%bd/,fanpage.gr
http://fazenda.gov.br/divulgacao/agenda/agenda_dia_view?year:int=2015&month:int=2&day:int=27,fazenda.gov.br
http://filehippo.com/es/download_ccleaner/download/c0af56af7dd3472cdc52d0598c77ffc2/,filehippo.com
http://fishki.net/video/1526688-sud-naznachil-vasilevoj-5-let-realnogo-zakljuchenija.html?pid=1526688&gid=1986713,fishki.net
http://fortune.com/2015/01/10/15-years-later-lessons-from-the-failed-aol-time-warner-merger/,fortune.com
https://foursquare.com/v/%D1%8F%D1%80%D0%BE%D1%81%D0%BB%D0%B0%D0%B2%D1%81%D0%BA%D0%B8%D0%B9-%D0%B2%D0%BE%D0%BA%D0%B7%D0%B0%D0%BB/4bbea7ae006dc9b6d096fb3f,foursquare.com
http://gawker.com/5961772/kick-off-the-christmas-season-with-thousands-of-words-of-incest-fanfic-about-the-weirdest-folgers-commercial-of-all-time,gawker.com
http://genius.com/4189837/Sam-altman-lecture-1-how-to-start-a-startup/If-you-find-yourself-talking-about-how-its-okay-that-youre-not-growingbecause-theres-a-big-partnership-thats-going-to-come-save-you-or-something-like-thatits-almost-always-a-sign-of-real-trouble,genius.com
https://getpocket.com/signup?mode=socialmode&route=http://getpocket.com/p/pocket-topics/tech,getpocket.com
http://giphy.com/gifs/mashable-l41lIUpafblfYmgo0?utm_source=iframe&utm_medium=embed&utm_campaign=tag_click,giphy.com
http://gizmodo.com/5114683/worlds-first-single-sided-blu-raydvd-hybrid-disc-unveiled,gizmodo.com
https://www.gov.uk/government/organisations/administration-of-radioactive-substances-advisory-committee,gov.uk
http://grantland.com/the-triangle/jonah-keri-podcast-james-wagner-and-michael-baumann/,grantland.com
http://graphicriver.net/category/presentation-templates/powerpoint-templates/creative,graphicriver.net
http://gtbank.com/media-centre/gtbank-in-the-news/50-media/subsidiary-news/516-gtbank-ghana-introduces-third-party-online-transfer-service,gtbank.com
http://haberler.com/harf-tan-gokcek-sorusuna-yanit-seviyeler-farkli-7299675-haberi/,haberler.com
http://hdfcbank.com/personal/credit_card/credit-card/corporate-world-mastercard/i2yostir,hdfcbank.com
http://himado.in/?keyword=%E4%BB%AE%E9%9D%A2%E3%83%A9%E3%82%A4%E3%83%80%E3%83%BC%E3%83%87%E3%82%A3%E3%82%B1%E3%82%A4%E3%83%89,himado.in
https://hollywoodlife.com/2015/05/11/kim-kardashian-naked-photo-shoot-insecure-keeping-up-with-the-kardashians-pics/,hollywoodlife.com
https://hootsuite.com/ja-jp/%E3%81%AB%E3%81%A4%E3%81%84%E3%81%A6/%E3%83%AA%E3%83%BC%E3%83%80%E3%83%BC%E3%82%B7%E3%83%83%E3%83%97,hootsuite.com
http://hubpages.com/topics/arts-and-design/scrapbooking-and-scrapbook-printables/141,hubpages.com
http://icicibank.com/Personal-Banking/offers/offer-detail.page?id=offer-yatra-domestic-flights-offer-20150604131941257,icicibank.com
http://iconosquare.com/contest/phpp/letterpress-business-cards-giveaway-from-jukeboxprintcom,iconosquare.com
https://ifttt.com/view_embed_recipe/112234-save-links-from-favorite-tweets-to-pocket,ifttt.com
http://indianexpress.com/article/sports/football/lionel-messi-shows-bayern-munich-who-is-boss/,indianexpress.com
http://ink361.com/app/users/ig-27467826/nala_cat/photos/ig-984077237020798842_27467826,ink361.com
https://instagram.com/oauth/authorize?client_id=d9494686198d4dfeb954979a3e270e5e&redirect_uri=http%3A%2F%2Ficonosquare.com%3FredAftLog%3Dhttp%253A%252F%252Ficonosquare.com%252Ficonosquare&response_type=code&scope=likes+comments+relationships,instagram.com
http://interpark.com/displaycorner/FreeMarket.do?_method=itemCateList&free1=pc&free2=007001002002&free3=item&disp_no=007001002002,interpark.com
http://io9.com/5594190/sdcc-2010-mondo-marvel-panel-ultimate-doom-new-captain-america-and-groot/,io9.com
http://irecommend.ru/content/kashi-bystrogo-prigotovleniya-drdias-lnyanaya-kasha-bystrogo-prigotovleniya,irecommend.ru
http://jalopnik.com/5516917/nasa-to-replace-astronauts-with-gm+built-humanoid-robots,jalopnik.com
http://jezebel.com/5923476/coquettish-talking-urinal-cakes-implore-michigan-men-to-not-drink-and-drive,jezebel.com
http://kakaku.com/kaden/ceiling-light/ranking_2290/pricedown/div-gpt-ad-k/header_text,kakaku.com
http://katproxy.com/3dmgame-grand-theft-auto-v-update-4-v1-0-350-1-and-crack-v4-3dm-t10582331.html,katproxy.com
http://kenh14.vn/kham-pha/cac-phan-xa-tu-nhien-chang-ai-hieu-cua-con-nguoi-2015012510194381.chn,kenh14.vn
http://khabaronline.ir/(X(1)S(zrkma10ylf5y5ukbq4uvzipg))/detail/416398/World/diplomacy,khabaronline.ir
http://kickass.to/secret-wars-prelude-2015-digital-zone-empire-cbr-nem-t10610172.html,kickass.to
http://kienthuc.net.vn/de-thi-dap-an/de-thi-thu-thpt-quoc-gia-mon-anh-chuyen-nguyen-chi-thanh-487488.html,kienthuc.net.vn
http://kizi.com/videos/jimmy-fallon-one-direction-the-roots-santa-claus-is-coming-to-town,kizi.com
http://kotaku.com/the-new-female-thor-continues-an-excellent-run-of-thund-1704261700,kotaku.com
https://lastpass.com/delete_account.php?cmd=showdeletenp&token=MTQzMTU4MzY0Mi40NTc0LXlRmQ8Q0mL%2BLMmIc937wo%2FfBNoZMe%2B6K0ah6Q3sYfqU,lastpass.com
http://lifehacker.com/5914517/take-advantage-of-your-clear-post+vacation-mind-to-tackle-big-projects,lifehacker.com
http://likemag.com/es/artista-convierte-mujeres-embarazadas-en-sirenas-bajo-el-agua,likemag.com
http://marvel.com/news/movies/24562/martin_freeman_joins_marvels_captain_america_civil_war,marvel.com
http://mashable.com/category/small-business/2015/03/09/pre-interview-jitters-bizchats,mashable.com
http://maybank2u.com.my/mbb_info/m2u/public/highlightsArchive.do?bp=1&programId=HI-Highlights&newsCatId=/mbb/Highlights/2015&chCatId=/mbb/Personal,maybank2u.com.my
http://mediaset.it/mediasetextra/articoli/una-famiglia-quasi-perfetta-le-trame-dal-16-al-20-marzo_11608.shtml,mediaset.it
https://medium.com/human-parts/i-m-not-pregnant-this-is-just-my-belly-and-other-awkward-body-conversations-with-strangers-d3c2fb5e9aa5?source=top-stories,medium.com
http://megogo.net/ru/view/1333621-bolshoy-boks-aleksandr-usik-sezar-david-krens.html,megogo.net
http://mentalfloss.com/article/63556/article/63556/first-horror-movie-filmed-entirely-antarctica,mentalfloss.com
http://metro.co.uk/2015/05/13/league-of-ireland-club-launch-ambitious-bid-to-sign-yaya-toure-5196193/,metro.co.uk
http://mic.com/articles/117710/the-ultimate-binge-watching-guide-on-netflix-for-feminists,mic.com
http://mirtesen.ru/url?e=simple_click&blog_post_id=43563721041&url=http%3A%2F%2Fs30344235299.mirtesen.ru%2Fblog%2F43563721041%2FOzyoryi,mirtesen.ru
http://mixi.jp/share.pl?u=http://alfalfalfa.com/articles/117946.html&k=e09afc106e473491952cfe324aa83aabe5b07446,mixi.jp
http://momoshop.com.tw/category/LgrpCategory.jsp?l_code=2106100000&Area=tooth&FTOOTH=21&mdiv=1000900000-bt_5_023_05&ctype=B,momoshop.com.tw
http://motherless.com/login?back=%252Fcredits%252Fsend%253Fu%253Dpeacedude2%2526back%253Dhttp%253A%252F%252Fmotherless.com%252Fm%252Fpeacedude2,motherless.com
http://motthegioi.vn/xa-hoi/bi-gai-tay-to-hiep-dam-ban-tinh-viet-co-ta-lam-chuyen-ay-con-hang-hon-toi-187213.html,motthegioi.vn
http://moviepilot.com/posts/2015/05/09/12-facts-you-didn-t-know-about-gilmore-girls-2920700,moviepilot.com
http://myegy.to/UndergroundMusic/224088/Felix_Cartal_Feat_Ofelia_New_Scene_TO_Download,myegy.to
http://mylust.com/videos/117039/my-best-friend-is-a-15-inch-long-monster-dildo-which-tears-my-ass-apart/,mylust.com
https://myspace.com/fiveminutestothestage/post/activity_profile_38238870_2aa96a6f2e1d45ae91a2811743d11c78/connections,myspace.com
http://nesn.com/2015/05/ted-wells-i-would-have-taken-printouts-of-tom-bradys-texts-emails/,nesn.com
http://nguyentandung.org/cu-ba-viet-nam-cao-tuoi-nhat-the-gioi-gui-mau-toc-de-giam-dinh-tuoi.html,nguyentandung.org
http://www.nhs.uk/Services/Opticians/ReviewsAndRatings/DefaultView.aspx?id=5QA:001904,nhs.uk
http://noticias.uol.com.br/album/2015/05/06/estado-islamico-abre-hotel-de-luxo-de-262-quartos-no-iraque.htm,noticias.uol.com.br
http://nymag.com/thecut/2013/12/amanda-bynes-enrolled-in-fashion-design-school/slideshow/2013/05/02/amanda_bynes,nymag.com
http://nypost.com/2015/03/13/new-york-times-settles-grievances-with-fired-employees/,nypost.com
http://olx.co.id/i2/elektronik-gadget/komputer/software/elektronik-gadget/komputer/software,olx.co.id
http://olx.in/i2/item/girls-pg-near-vaishali-metro-station-with-all-facilities-IDWjzLh.html,olx.in
http://olx.pl/i2/elektronika/telefony-komorkowe/sony-ericsson/elektronika/telefony-komorkowe/sony-ericsson,olx.pl
http://olx.ro/i2/auto-masini-moto-ambarcatiuni/autoturisme/chrysler/auto-masini-moto-ambarcatiuni/autoturisme/chrysler,olx.ro
http://olx.ua/list/q-%D0%B2%D0%B5%D0%BB%D0%BE%D1%81%D0%B8%D0%BF%D0%B5%D0%B4/?page=3,olx.ua
http://onedio.com/haber/once-kendinizi-sonra-bu-dunyayi-kendine-guvenen-kadinlara-teslim-etmeniz-gerektiginin-18-kaniti-507491,onedio.com
http://oneplus.net/ca_en/support/answer/why-is-there-no-tracking-number-for-my-order,oneplus.net
http://otomoto.pl/osobowe/citroen/ds3/?search%5Bfilter_enum_fuel_type%5D%5B0%5D=diesel,otomoto.pl
http://pantip.com/tag/%E0%B8%82%E0%B9%89%E0%B8%B2%E0%B8%A7%E0%B8%81%E0%B8%A5%E0%B9%88%E0%B8%AD%E0%B8%87%20Bento,pantip.com
http://patch.com/michigan/grossepointe/online-petition-seeks-close-loophole-allowing-guns-schools,patch.com
https://paytm.com/offer/blog/faq/did-not-like-the-product-bad-quality-not-as-seen-on-website-expectation-mismatch-issue-12/,paytm.com
http://pelis24.com/pelicula-latino/18559-bienvenidos-al-ayer-project-almanac-2014-online.html,pelis24.com
http://perezhilton.com/2014-12-03-ben-savage-twitter-boy-meets-world-characters-girl-meets-world-season-2/?from=readmore_perezhilton&,perezhilton.com
http://persianblog.ir/tags/8816/8/%d8%a7%d9%85%d8%a7%d9%85_%d8%ae%d8%a7%d9%85%d9%86%d9%87_%d8%a7%db%8c/,persianblog.ir
http://pikabu.ru/tag/%D0%BF%D0%B8%D0%BA%D1%81%D0%B5%D0%BB%D1%8C-%D0%B0%D1%80%D1%82/hot,pikabu.ru
http://pinterest.com/pin/create/button/?url=http://allrecipes.com/Recipe/Fabulous-Fruit-Salad/Detail.aspx&description=Fabulous%20Fruit%20Salad%20Allrecipes.com&media=http://media-cache-ec0.pinimg.com/600x/a5/43/5e/a5435e04f558a82064a547e603ff8a50.jpg,pinterest.com
http://pitchfork.com/news/59543-kanye-west-vic-mensa-perform-for-high-schoolers-at-chance-the-rappers-openmike-event/,pitchfork.com
http://plarium.com/it/giochi-di-strategia/pirates-tides-of-fortune/notizie/aggiornamento-avventure-della-fratellanza/,plarium.com
http://popupads.ir/blog/?tag=%d8%b3%db%8c%d8%b3%d8%aa%d9%85-%da%a9%d8%b3%d8%a8-%d8%af%d8%b1%d8%a2%d9%85%d8%af-%d8%a7%d8%b2-%d9%be%d8%a7%d9%be-%d8%a2%d9%be,popupads.ir
http://pornsharing.com/big-titted-latina-milf-francesca-le-gets-covered-in-jizz_v57725,pornsharing.com
https://prezi.com/fg1uxmjeasoh/hunnovators-workshop-5-agile-startups-innovation-table-8/,prezi.com
https://privatbank.ua/ua/business/otraslevyje-reshenija-dlya-biznesa/strahovym-kompanijam/gtm.start,privatbank.ua
http://putlocker.is/watch-daredevil-tvshow-season-1-episode-6-online-free-putlocker.html,putlocker.is
https://quizlet.com/login?redir=https%3A%2F%2Fquizlet.com%2Fset%2F6396803%2Fflags%2Fadd,quizlet.com
http://qz.com/403527/proms-are-getting-cheaper-compared-to-the-price-of-everything-else/,qz.com
http://ringring.vn/khan-gia-bat-binh-voi-nu-cuoi-kho-hieu-tran-thanh-danh-cho-le-roi-117905.html,ringring.vn
http://rocketnews24.com/2011/04/06/%e3%80%90%e6%9d%b1%e6%97%a5%e6%9c%ac%e5%a4%a7%e9%9c%87%e7%81%bd%e3%80%91%e3%82%a2%e3%83%91%e3%83%ac%e3%83%ab%e3%83%96%e3%83%a9%e3%83%b3%e3%83%89%e3%81%8c%e4%bd%9c%e3%81%a3%e3%81%9f%e3%80%8c%e3%83%81/,rocketnews24.com
http://rt.com/in-vision/orthodox-easter-celebrations-world/easter-cairo-orthodox-coptic/,rt.com
http://sberbank.ru/portalserver/sb-portal-ru/ru/s_m_business/bankingservice/remoteservice/other,sberbank.ru
http://screenrant.com/tim-burton-superman-lives-nicolas-cage-photos/comment-page-1/,screenrant.com
http://searchengineland.com/google-adwords-livestream-news-new-tools-formats-as-mobile-search-surpasses-desktop-220273,searchengineland.com
http://searchengines.guru/forumdisplay.php?f=60&daysprune=-1&order=asc&sort=postusername,searchengines.guru
http://seasonvar.ru/serial-11001-National_Geographic_Rossijskie_sekretnye_materialy.html,seasonvar.ru
http://seekingalpha.com/article/3170956-blackberry-t-mobile-reunion-will-be-a-catalyst-for-both-companies,seekingalpha.com
http://seesaawiki.jp/pathofexile/d/1%2e1%2e0%20Patch%20Notes%20%2d%20Sacrifice%20of%20the%20Vaal,seesaawiki.jp
http://serverfault.com/questions/274089/how-often-do-windows-servers-need-to-be-restarted,serverfault.com
http://sfglobe.com/2015/05/05/a-convenience-store-purchase-goes-awry-when-these-customers-cant-get-along/?src=home_feed,sfglobe.com
http://shareba.com/index.php?do=/mobile/event/324/4-18%E6%AB%BB%E8%8A%B1%E6%9B%96%E6%98%A7%E8%81%AF%E8%AA%BC%E9%96%8B%E6%94%BE%E5%A0%B1%E5%90%8D%EF%BC%8C%E8%A9%B3%E6%83%85%E8%A6%8B%E5%AE%98%E7%B6%B2%E8%88%87%E6%B4%BB%E5%8B%95%E5%B0%88%E5%8D%80%EF%BC%8C%E5%90%8D%E9%A1%8D%E6%9C%89%E9%99%90%EF%BC%8C%E5%A0%B1%E5%90%8D%E5%BE%9E%E9%80%9F/,shareba.com
http://skyrock.com/videos/eDJvOTByNDoxMw==-Maitre-Gims-presente-Est-ce-que-tu-m-aimes-en-EXCLU-sur-Skyrock.html?top=3&period=daily,skyrock.com
http://slashdot.org/submission/2419525/connected-televisionstvs-still-not-very-connected,slashdot.org
http://slickdeals.net/f/7827117-cardcash-extra-5-off-select-gift-cards-tj-maxx-102-gc-80-amp-more?src=featured,slickdeals.net
http://smallseotools.com/blog/responsive-web-design-making-your-website-more-accessible/,smallseotools.com
http://sourceforge.net/directory/business-enterprise/add_facet_filter?facet=language&constraint=C,sourceforge.net
http://spankbang.com/56oj/video/18+year+old+megan+rain+gets+her+tight+pussy+stuffed,spankbang.com
http://sprint.com/business/solutions/fleet_and_asset_management/local_fleet/index.html,sprint.com
http://sputniknews.com/voiceofrussia_uk/2014_10_20/UK-Politics-Can-Labour-recreate-its-election-success-of-40-years-ago-7105/popstate/hashchange,sputniknews.com
http://squarespace.com/press/2015/1/7/squarespace-buys-dropbox-powered-site-builder-brace-to-expand-its-developer-tools,squarespace.com
http://stackexchange.com/newsletters/newsletter?site=graphicdesign.stackexchange.com,stackexchange.com
http://stackoverflow.com/questions/30064823/a-firewall-for-android-with-vpnservice-responses-cannot-be-delivered,stackoverflow.com
http://steamcommunity.com/id/the_king_of_the_kings/recommended/440/%22http://steamcommunity.com/greenlight/%22,steamcommunity.com
http://superuser.com/questions/883183/does-intel-qx6700-work-asus-p5g41-m-motherboard,superuser.com
http://syosetu.com/searchuser/search/index.php?name1st=%E3%82%92&all=1&all2=1&all3=1&all4=1&p=2,syosetu.com
http://taboola.com/press-release/taboola-brings-native-programmatic-acquisition-perfect-market,taboola.com
http://techcrunch.com/2015/04/09/soundcloud-steps-up-revenue-drive-in-deal-with-zefr-youtubes-content-tracking-partner/,techcrunch.com
http://teespring.com/fr/atp-shirt-edition?utm_campaign=atp-shirt-edition&utm_medium=oembed&utm_source=wordpress,teespring.com
http://telegraf.com.ua/sport-cat/basketbol/1887629-nba-atlanta-vyishla-vpered-v-serii-s-vashingtonom.html,telegraf.com.ua
http://thechive.com/2015/04/05/stray-dogs-show-up-to-a-womans-funeral-to-pay-their-respects-6-photos/,thechive.com
http://themeforest.net/item/fajar-the-multipurpose-html5-template/full_screen_preview/11171068,themeforest.net
http://thenextweb.com/in/2011/11/02/paytms-web-and-mobile-apps-offer-painless-online-recharging-in-india/gtm.start,thenextweb.com
http://tinnhanh360.net/can-canh-chiec-apple-watch-doc-nhat-vo-nhi-cua-ceo-apple.html,tinnhanh360.net
http://tobogo.net/cdsb/board.php?board=mylife&bm=view&no=455&category=&auth=&page=1&search=&keyword=&recom=,tobogo.net
http://torcache.net/torrent/22036A04D13498D3F4AA0AD965170168006878D7.torrent?title=[kickass.to]fifty.shades.of.grey.dvdrip.xxx,torcache.net
http://torrentdn.com/bbs/s.php?bo_table=torrent_ani&wr_id=42293&k=%EB%82%98%EB%A3%A8%ED%86%A0&page=1,torrentdn.com
http://tsite.jp/r/donation/smile/pkm_t/web/info.html?utm_source=tj3&utm_medium=bnr&utm_campaign=0018874,tsite.jp
http://tune.pk/video/6045699/wahab-riaz-amp-sakib-al-hasan-came-to-blows-in-last-day-test-match-2015,tune.pk
http://tunein.com/radio/Spanish-Radio-p418965/15480783/ca-pub-1542925551861702/ProgramTopBanner,tunein.com
https://twitter.com/home?status=%E3%83%8C%E3%81%91%E3%82%8B%EF%BC%81%E3%80%90%E5%B7%A8%E4%B9%B3%E3%80%91+http%3A%2F%2Fero-video.net%2Ft%2FIAnz08rEeCPr6BzY+%E9%9D%92%E7%A9%BA%E5%B0%8F%E5%A4%8F%E3%80%80%E3%83%9F%E3%83%8B%E3%83%9E%E3%83%A0%E3%81%AAG%E3%82%AB%E3%83%83%E3%83%97%E5%85%83%E6%B0%97%E5%B0%91%E5%A5%B3%E3%81%A8%EF%BC%B3%EF%BC%A5%EF%BC%B8+%23ero+%23douga+%23agesage,twitter.com
http://udn.com/news/story/7334/898895-%E5%BB%A2%E5%A2%9F%E6%B4%BB%E5%8C%96-%E6%9D%8E%E7%8E%89%E9%BA%9F%E7%94%A8%E7%94%9F%E5%91%BD%E6%8F%9B%E7%9A%84%E2%80%A6,udn.com
http://unity3d.com/sites/default/files/js/js_xIBz4f6F3naSI3v8YEd1uqmdM9eTUx4hdQnH9oGlcwA.js,unity3d.com
http://uproxx.com/tv/2014/06/the-silicon-valley-season-finale-told-the-greatest-dick-joke-in-the-history-of-television/,uproxx.com
http://variety.com/2015/film/news/sundance-sony-pictures-classics-to-pick-up-grandma-1201417086/,variety.com
http://venturebeat.com/2014/01/09/radius-takes-13m-to-spot-great-leads-and-add-salespeople-of-its-own/,venturebeat.com
http://vnexpress.net/tin-tuc/khoa-hoc/cong-nghe-in-3d-giup-nguoi-me-mu-nhin-thay-thai-nhi-3212491.html,vnexpress.net
http://web.de/magazine/sport/fussball/champions-league/fc-bayern-muenchen-fc-barcelona/champions-league-halbfinale-franz-beckenbauer-mario-goetze-30622904,web.de
http://web.tv/liveCategory/32/language/1/index/changeLanguage/newshared/searchAutoComplete,web.tv
http://wikimapia.org/32988097/ru/%D0%91%D1%80%D0%BE%D0%B4-%D1%87%D0%B5%D1%80%D0%B5%D0%B7-%D0%BF%D1%8B%D0%B6%D1%83,wikimapia.org
http://wikiwiki.jp/?%A4%E8%A4%AF%A4%A2%A4%EB%BC%C1%CC%E4%2F%C1%E0%BA%EE%A1%A6%A5%D7%A5%E9%A5%B0%A5%A4%A5%F3,wikiwiki.jp
https://wmaraci.com/forum/html-css-xml/css-sosyal-mecralarda-paylas-tasarimlari-ornek-1-a-234432.html,wmaraci.com
https://wordpress.org/extend/plugins/all-in-one-schemaorg-rich-snippets/screenshots/,wordpress.org
http://worldoftanks.ru/ru/content/guide/general/instruction-purchase-yearshalf-year-premium/,worldoftanks.ru
http://wpengine.com/2015/02/04/cloud-spectator-wp-engine-1-speed-uptime-december-2014/,wpengine.com
http://xhamster.com/movies/4568410/at_the_beach._flashing_naked_walking_sex_public_place.html,xhamster.com
http://xossip.com/forumdisplay.php?s=1a0185aef96dc82d1f523a00d7134802&f=32&sort=views,xossip.com
http://xvideo-jp.com/wp-content/plugins/contact-form-7/includes/js/jquery.form.min.js?ver=3.44.0-2013.09.15,xvideo-jp.com
http://yourlust.com/videos/young-small-boobed-secretary-gets-kinky-at-her-workplace.html,yourlust.com
http://zozo.jp/shop/boofoowoocoltd/?price=proper&p_ssy=2015&p_ssm=5&p_ssd=13&p_sey=2015&p_sem=5&p_sed=13&dstk=2,zozo.jp
http://1337x.to/torrent/1160220/Marvels-Agents-of-S-H-I-E-L-D-S02E21-E22-HDTV-XviD-FUM-ettv/,1337x.to
https://500px.com/photo/6483720/semana-santa-2-by-dragox-photo-?from=set&set_id=222911,500px.com
http://9gag.tv/p/aKGr2d/marvel-is-streaming-the-japanese-spider-man-series-from-the-70s-trailer,9gag.tv
http://abc.go.com/shows/shows/castle/%20http:/abc.go.com/shows/once-upon-a-time/episode-guide/season-04/,abc.go.com
http://abcnews.go.com/Technology/google-learned-17-million-miles-road/story?id=30962113,abcnews.go.com
https://ahrefs.com/content-explorer/overview/v3/table/all/all/1/shares_desc?topic=site%3Awww.boredpanda.com,ahrefs.com
http://akhbarelyom.com/news/newdetails/411502/1/%D8%AA%D9%86%D9%81%D9%8A%D8%B0%D9%8A-%D8%A7%D9%84%D8%A8%D8%AD%D9%8A.html,akhbarelyom.com
http://alfalfalfa.com/tag/%E3%82%B9%E3%83%9E%E3%83%BC%E3%83%88%E3%83%95%E3%82%A9%E3%83%B3,alfalfalfa.com
http://aljazeera.net/home/getpage/9d700703-48ee-4b74-beac-33852e9b21f8/f5b2a6ba-0e5b-4a50-adf3-e510a6c581c8,aljazeera.net
http://allegro.pl/show_item.php?item=5351454564&sh_dwh_token=d0b6dd74a8394345128e20d296cb1c5e,allegro.pl
http://allrecipes.com/Recipe/Worlds-Best-Lasagna/Detail.aspx?evt19=1&referringHubId=1,allrecipes.com
http://ameblo.jp/summary/keyword/%E3%83%8B%E3%83%B3%E3%83%86%E3%83%B3%E3%83%89%E3%83%BC3DS,ameblo.jp
http://anandtech.com/show/8870/cooler-master-at-ces-2015-reorganization-with-a-surprise,anandtech.com
http://ap.org/Content/Press-Release/2012/AP-Entertainment-Now-program-celebrates-1000th-episode,ap.org
https://archive.org/search.php?query=mediatype:texts&sort=-publicdate&and[]=subject%3A%22documentcloud%22,archive.org
http://arstechnica.com/gadgets/2015/05/a-quick-look-at-logic-supplys-fanless-industrial-mini-desktop/,arstechnica.com
http://askubuntu.com/questions/623211/ubuntu-15-04-uefi-installation-issue-on-dell-vostro-3460?answertab=active,askubuntu.com
http://atwiki.jp/wiki/%E3%82%B9%E3%82%AB%E3%83%AB%E3%83%96%E3%83%AA%E3%82%B6%E3%83%BC%E3%83%89,atwiki.jp
http://auto.ru/cars/bmw/3er/all/?search%5Bstate%5D=1&search%5Bperiod%5D=0&search%5Bcustom%5D=1&search%5Bsection_id%5D=0&search%5Bmark%5D%5B0%5D=30&search%5Bmark-folder%5D%5B0%5D=30-365_2730,auto.ru
http://avxhome.se/software/Microsoft_Windows_8.1_Pro_WMC_x86_x64_Multilanguage_PreActivated_May.html,avxhome.se
http://b9dm.com/index.php/video/index.php/video/show/cid/56/order/video/index.php/video/show/cid/56/order/2,b9dm.com
http://babal.net/books/view/75/%D9%85%D8%B9%D9%84%D9%88%D9%85%D8%A7%D8%AA-%D8%B9%D9%86---%D9%83%D8%AA%D8%A7%D8%A8-%D8%A5%D8%B9%D8%AF%D8%A7%D8%AF-%D8%A7%D9%84%D8%AC%D9%86%D8%AF%D9%8A-%D8%A7%D9%84%D9%85%D8%B3%D9%84%D9%85-%D8%A3%D9%87%D8%AF%D8%A7%D9%81%D9%87-%D9%88%D8%A3%D8%B3%D8%B3%D9%87,babal.net
http://bdnews24.com/lifestyle/2015/05/13/ruby-sets-record-pink-diamond-and-pearls-shine-at-sotheby-s-sale,bdnews24.com
http://bestblackhatforum.com/Thread-%E2%9D%B6%E2%9D%B6%E2%9D%B6UNIQUE-SERVICE%E2%9D%B6%E2%9D%B6%E2%9D%B6-Stock-Images-Video-footage-from-ShutterStock?action=newpost,bestblackhatforum.com
http://bigcinema.tv/tag/%D0%98%D0%B3%D0%BE%D1%80%D1%8C%20%D0%92%D0%BB%D0%B0%D1%81%D0%BE%D0%B2,bigcinema.tv
http://bleacherreport.com/articles/2462368-ted-wells-comments-on-deflategate-tom-brady-patriots-and-more,bleacherreport.com
http://bluegape.com/relationships/sakshee_joshi/10-things-you-should-do-only-with-your-best-friends/),bluegape.com
http://bongda88.info/xuat-hien-bo-anh-cuoi-chua-tung-cong-bo-cua-duy-nhan-va-ba-xa/,bongda88.info
http://buzzfil.net/article/5481/animaux/impressionnante-naissance-d-un-bebe-dauphin-c-est-trop-mignon-9.html?href=inner_website,buzzfil.net
http://caixa.gov.br/voce/poupanca-e-investimentos/poupanca/?pk_campaign=cross&pk_kwd=L21I10,caixa.gov.br
http://censor.net.ua/resonance/330248/kak_russkiyi_internatsional_pobedil_tsinichnogo_banderu,censor.net.ua
https://chaturbate.com/tipping/spy_on_private_show_tokens_per_minute/blue_foxy_studios/,chaturbate.com
http://cheezburger.com/8491585792/funny-fail-gif-breakdancing-train?ref=leftarrow&siteId=7,cheezburger.com
http://ck101.com/forum.php?mod=misc&action=recommend&do=subtract&tid=2888712&hash=b5160424,ck101.com
http://clien.net/cs2/bbs/board.php?bo_table=cm_baseball&sca=%5B%EB%A1%AF%EB%8D%B0%5D,clien.net
http://codecanyon.net/item/punder-wordpress-maintain-and-coming-soon-plugin/full_screen_preview/11349922,codecanyon.net
http://codepen.io/stowball/blog/writing-a-generic-event-handler-with-data-attributes-and-a-simple-javascript-method,codepen.io
http://comicbook.com/2015/03/28/teenage-mutant-ninja-turtles-2-supposedly-subtitled-half-shell/,comicbook.com
http://conservativetribune.com/nra-makes-massive-announcement-about-eric-holders-replacement/,conservativetribune.com
http://cookpad.com/login?rt=%2Fmyfolder%2Fdialog_to_announce%3Ftype%3Dlimit_complete,cookpad.com
http://correios.com.br/para-sua-empresa/servicos-para-o-seu-contrato/contrato-multiplo-simplificado,correios.com.br
http://couchtuner.eu.com/2014/07/sullivan-and-son-s3-e3-about-a-boy-his-mother.html,couchtuner.eu.com
http://cox.com/residential/support/alert.cox?alertId=6b5d6d30-ee65-11e4-cef0-000000000000,cox.com
http://dantri.com.vn/tet-viet-xa-xu/tet-viet-duoc-gioi-thieu-tren-dai-truyen-hinh-hungary-1035495.htm,dantri.com.vn
http://deadspin.com/pols-press-thought-winston-state-atty-presser-was-a-ba-1477366033,deadspin.com
http://dealnews.com/features/Running-With-Scissors-7-Myths-About-Cutting-the-Cable-Cord/1023333.html,dealnews.com
https://depositphotos.com/subscribe.html?backURL%5Bpage%5D=%2Fsignup.html&backURL%5Bexclude%5D%5B0%5D=login,depositphotos.com
http://digg.com/video/fight-1-of-the-tfc-event-1-lph-poznan-poland-vs-wisemen-gothenburg-sweden,digg.com
http://diply.com/diply-news/tripadvisor-announced-its-annual-awards-worlds-top-25-travel-desinations/107712/2,diply.com
http://distractify.com/post/related/id/541834754a0c4bde088b64f5/skip/30/limit/10/back/0,distractify.com
http://doodle.com/da/premium?utm_source=doodle&utm_medium=home&utm_campaign=premiumHome,doodle.com
http://dribbble.com/shots/1436424-Dark-blue-vs-Light-blue-iOS7-Sidebar/attachments/211522,dribbble.com
http://dropbooks.tv/search/index/word:%E3%83%84%E3%83%B3%E3%83%87%E3%83%AC/term:no/page:2,dropbooks.tv
https://duckduckgo.com/locales/en_US/LC_MESSAGES/duckduckgo-duckduckgo+sprintf+gettext+locale-simple.20150511.141452.js,duckduckgo.com
http://ecnavi.jp/redirect/?url=http://www.cross-a.net/x.php?id=2455_4672_22061_26563&m=1002&pid=?mu=%user_id%,ecnavi.jp
https://eksisozluk.com/eksi-sozluk-dertlesecek-insan-veritabani--3188805?focusto=51305140,eksisozluk.com
http://elcomercio.pe/gastronomia/recetas/sandra-plevisani-quiero-que-se-pierda-miedo-reposteria-noticia-1810979?ref=portada_&ft=megamenu&e=foto_2,elcomercio.pe
https://elevenia.co.id/login.do?returnURL=%2Floyalty%2FAuthMallPointGiftDtls%2FgetMallPointDtls.do%3FCHOICEMENU%3DB02%26isSSL%3DY&isSSL=Y,elevenia.co.id
http://elitedaily.com/dating/they-go-after-what-they-want-7-reasons-entrepreneurs-have-better-sex/1024937/,elitedaily.com
http://emgn.com/entertainment/12-celebrity-bridesmaids-who-totally-stole-the-brides-thunder-on-her-big-day/,emgn.com
http://espn.go.com/sportsnation/post/_/id/12867823/nfl-players-react-twitter-tom-brady-news-patriots-not-happy,espn.go.com
http://esporte.uol.com.br/futebol/ultimas-noticias/2015/05/13/oswaldo-diz-que-valdivia-sera--fator-desequilibrante-no-brasileirao.htm,esporte.uol.com.br
http://europa.eu/about-eu/agencies/regulatory_agencies_bodies/policy_agencies/egsa/index_en.htm,europa.eu
http://evernote.com/intl/pt-br/register/?upgrade=plus&itemCode=plus-1year&offer=www_pricing_CTA,evernote.com
http://extratorrent.cc/torrent_download/4190880/Grace+and+Frankie+S01E12+1080p+WEBRip+x264-SNEAkY.torrent,extratorrent.cc
http://fanpage.gr/family/gineka/15-%ce%bb%cf%8c%ce%b3%ce%bf%ce%b9-%cf%80%ce%bf%cf%85-%ce%b7-%ce%bc%ce%b9%ce%ba%cf%81%ce%ae-%ce%b1%ce%b4%ce%b5%cf%81%cf%86%ce%ae-%cf%83%ce%bf%cf%85-%ce%b5%ce%af%ce%bd%ce%b1%ce%b9-%cf%8c%cf%84%ce%b9/,fanpage.gr
http://fazenda.gov.br/divulgacao/agenda/2014/abril/sexta-feira-4-de-abril-de-2014/?searchterm=agenda,fazenda.gov.br
http://filehippo.com/es/download_adobe_reader/download/46e548e8e71e748c507b9f0bcb812a15/,filehippo.com
http://fishki.net/video/1529528-kaban-cherez-potolok-pronik-v-detskij-magazin-gonkonga.html?pid=1529528&gid=1996099,fishki.net
http://fortune.com/2014/07/22/ackmans-herbalife-death-blow-doesnt-appear-to-be-fatal/,fortune.com
http://gawker.com/cops-want-to-take-photos-of-teens-erect-penis-to-prove-1602336791/1603123787/module/,gawker.com
http://genius.com/4595591/Us-general-services-administration-gsa-mentor-protege-program-subpart-51970/Protege,genius.com
http://getpocket.com/blog/2011/12/unwrapped-how-to-use-read-it-later-with-your-new-android-smartphone-or-tablet/,getpocket.com
http://giphy.com/gifs/channelfrederator-channel-frederator-jem-and-the-holograms-6DUdvgpZurqwM,giphy.com
http://gizmodo.com/5616890/intel-wants-to-sic-mcafee-on-malware-with-virus-fighting-chips,gizmodo.com
https://www.gov.uk/government/organisations/police-advisory-board-for-england-and-wales,gov.uk
http://grantland.com/the-triangle/2015-nfl-draft-college-football-high-school-football-jameis-winston-kevin-white-todd-gurley/,grantland.com
http://graphicriver.net/item/12-light-leak-polygonal-background-textures-3/11441440,graphicriver.net
http://gtbank.com/personalbanking/services/e-banking-services/one-click-airtime-top-up,gtbank.com
http://haberler.com/savci-takci-agzina-kadar-cakili-silah-ve-muhimmati-7301797-haberi/,haberler.com
http://hdfcbank.com/personal/making-payments/fund-transfer/emonies-national-electronic-funds-transfer,hdfcbank.com
http://himado.in/?sort=movie_id&cat=%E3%82%B9%E3%83%9D%E3%83%BC%E3%83%84&mode=search,himado.in
http://hollywoodlife.com/2015/04/15/iggy-azalea-marie-claire-may-cover-how-to-contour/,hollywoodlife.com
https://hootsuite.com/resources/guide/Secure-Your-Social-Organization-with-Hootsuite-Enterprise,hootsuite.com
http://hubpages.com/hub/How-to-Make-Cheap-Hanging-Basket-Liners-from-thick-Woolen-Sweaters,hubpages.com
http://icicibank.com/Personal-Banking/onlineservice/online-services/onlineservice.page,icicibank.com
http://iconosquare.com/contest/mxp/martha-stewart-bake-the-cake-instagram-sweepstakes,iconosquare.com
https://ifttt.com/recipes/156570-if-i-mark-a-video-as-watch-later-send-the-link-to-pushbullet,ifttt.com
http://indianexpress.com/article/opinion/columns/across-the-aisle-the-bugle-has-been-sounded/,indianexpress.com
http://ink361.com/app/users/ig-1628452/twistdee/photos/ig-984237781003138127_1628452,ink361.com
https://instagram.com/oauth/authorize?client_id=d9494686198d4dfeb954979a3e270e5e&redirect_uri=http%3A%2F%2Ficonosquare.com%3FredAftLog%3Dhttp%253A%252F%252Ficonosquare.com%252Fstats_overview.php&response_type=code&scope=likes+comments+relationships,instagram.com
http://interpark.com/displaycorner/FreeMarket.do?_method=itemCateList&free1=pc&free2=007001004004&free3=item&disp_no=007001004004,interpark.com
http://io9.com/a-fan-video-that-celebrates-marvels-quieter-moments-1627790029/templates/closure/,io9.com
http://irecommend.ru/content/bad-evalar-bio-pri-povyshennom-soderzhanii-mochevoi-kisloty,irecommend.ru
http://jalopnik.com/they-drove-a-tesla-from-la-to-new-york-in-a-record-58-h-1699782187/templates/closure/,jalopnik.com
http://jezebel.com/carly-fiorina-will-launch-her-presidential-campaign-thi-1701854304,jezebel.com
http://kakaku.com/pc/wireless-access-point/ranking_0063/pricedown/div-gpt-ad-k/header_text,kakaku.com
http://katproxy.com/kinpatu86-striped-panties-uniform-blonde-bernice-2013-uncensored-amwf-hd-720p-t10617559.html,katproxy.com
http://kenh14.vn/hoc-duong/xac-dinh-muc-dich-hoc-tieng-anh-cua-ban-than-201406111107574.chn,kenh14.vn
http://khabaronline.ir/bundles/jquery?v=iAfF7w_9xk3YMliaOVPqpx8pALBmF-FTbrao0RIgp_U1,khabaronline.ir
http://kickass.to/leopard-raws-aldnoah-zero-04-raw-mx-1280x720-x264-aac-mp4-t9380939.html,kickass.to
http://kienthuc.net.vn/tin-tuc-tuyen-sinh/dieu-kien-tuyen-thang-dai-hoc-truong-dh-bach-khoa-tp-hcm-485057.html,kienthuc.net.vn
http://kotaku.com/espn-airs-video-games-twitter-freaks-out-1700333433/templates/closure/,kotaku.com
https://lastpass.com/index.php?&ac=1&from_uri=%2Fenterprise_trial.php&fromwebsite=1&newvault=1&nk=1,lastpass.com
http://lifehacker.com/never-forget-another-password-on-any-device-dashlane-p-1703088100,lifehacker.com
http://likemag.com/sr/sve-devojke-su-zelele-da-idu-sa-njim-na-maturu-je-izabrao-bas-nju,likemag.com
http://marvel.com/news/movies/24162/chris_hemsworth_brings_a_thunderstorm_to_the_age_of_ultron,marvel.com
http://mashable.com/people/55229c08519840114904cb2a/2015/05/05/tony-hawks-pro-skater-5-details-reveal,mashable.com
http://maybank2u.com.my/mbb_info/m2u/public/personalDetail04.do?channelId=OTS-OtherServices&cntTypeId=0&cntKey=OTS01.02&programId=OTS01-BuyOnline&chCatId=/mbb/Personal/OTS-OtherServices,maybank2u.com.my
http://mediaset.it/mediasetextra/articoli/dolce-valentina-le-trame-dal-16-al-20-febbraio_11331.shtml,mediaset.it
https://medium.com/republic-of-tunisia/chelsea-manning-and-the-arab-spring-1907fec77df1,medium.com
http://megogo.net/ru/view/6853-blokada-film-1-luzhskiy-rubezh-pulkovskiy-meridian.html,megogo.net
http://metro.co.uk/2015/05/13/the-first-trailer-for-the-new-adult-muppet-show-is-here-and-its-looking-good-5194705/,metro.co.uk
http://mic.com/articles/117658/this-arkansas-police-officer-is-going-viral-for-all-the-right-reasons,mic.com
http://mirtesen.ru/url?e=simple_click&blog_post_id=43239894715&url=http%3A%2F%2Ftainyvselennoi.ru%2Fblog%2F43239894715%2FVpechatlyayuschie-snimki-s-konkursa-National-Geographic,mirtesen.ru
http://mixi.jp/word/k/%E3%82%AD%E3%83%A3%E3%83%83%E3%83%88%E3%82%BF%E3%83%AF%E3%83%BC,mixi.jp
http://momoshop.com.tw/category/LgrpCategory.jsp?l_code=2109900000&Area=tooth&FTOOTH=21&mdiv=1000900000-bt_5_023_07&ctype=B,momoshop.com.tw
http://motherless.com/credits/send?u=peacedude2&back=http://motherless.com/m/peacedude2,motherless.com
http://motthegioi.vn/nhat-ky-showbiz/dai-gia-trung-quoc-mua-dut-ngoi-sao-phim-nguoi-lon-nhat-15-nam-188136.html,motthegioi.vn
http://moviepilot.com/posts/2014/12/09/batman-vs-superman-what-does-gordon-s-death-mean-for-the-movie-2495375,moviepilot.com
http://myegy.to/b182/225908/%D8%B4%D8%A7%D9%87%D8%AF_%D9%81%D9%8A%D9%84%D9%85_%D8%A7%D9%84%D8%A3%D9%83%D8%B4%D9%86_%D9%88%D8%A7%D9%84%D8%B1%D9%88%D9%85%D8%A7%D9%86%D8%B3%D9%8A%D8%A9_%D8%A7%D9%84%D9%87%D9%86%D8%AF%D9%8A_Loukyam_2014,myegy.to
http://mylust.com/videos/160422/my-amazing-pov-sex-video-with-my-hot-asian-girlfriend/,mylust.com
https://myspace.com/fiveminutestothestage/video/t-pain-five-minutes-to-the-stage/109767468,myspace.com
http://nesn.com/2015/04/buffalo-sabres-sign-bu-forward-evan-rodrigues-to-entry-level-contract/,nesn.com
http://nguyentandung.org/nha-tho-phan-huyen-thu-hoa-hop-dan-toc-suc-manh-de-phat-trien.html,nguyentandung.org
http://www.nhs.uk/news/2015/05May/Pages/Doctors-issue-warning-about-overtreating-patients.aspx,nhs.uk
http://noticias.uol.com.br/politica/ultimas-noticias/2015/03/15/protestos-contra-governo-reunem-milhares-pelo-brasil.htm,noticias.uol.com.br
http://nymag.com/daily/intelligencer/2015/04/rich-teens-use-instagram-poor-teens-facebook.html?mid=twitter_scienceofus,nymag.com
http://nypost.com/2015/05/03/save-central-park-from-the-attack-of-the-monster-buildings/,nypost.com
http://olx.co.id/i2/jasa-lowongan-kerja/jasa/bengkel-motor/jasa-lowongan-kerja/jasa/bengkel-motor,olx.co.id
http://olx.in/hi/m/posting/?type=adding&ref%5B0%5D%5Bparams%5D%5Bcategory%5D=4&ref%5B0%5D%5Baction%5D=index&ref%5B0%5D%5Bmethod%5D=category,olx.in
http://olx.pl/i2/motoryzacja/motocykle-skutery/enduro-funbike/motoryzacja/motocykle-skutery/enduro-funbike,olx.pl
http://olx.ro/i2/hobby-sport-turism/carti-muzica-filme/filme/hobby-sport-turism/carti-muzica-filme/filme,olx.ro
http://olx.ua/uk/zhivotnye/q-%D0%B2%D0%B5%D0%BB%D0%BE%D1%81%D0%B8%D0%BF%D0%B5%D0%B4%D1%8B/,olx.ua
http://onedio.com/haber/facianin-yildonumunde-soma-cennette-mutlu-bir-sekilde-bizi-bekle-babacigim--507468,onedio.com
https://oneplus.net/customer/account/login/referer/aHR0cHM6Ly9vbmVwbHVzLm5ldC9jdXN0b21lci9hY2NvdW50L2luZGV4,oneplus.net
http://otomoto.pl/oferta/iveco-promocja-oszczedny-furgon-daily-na-6ep-do-3-5t-kubatura-16m3-146km-3000cm3-leasing-fabryczny-od-101-99-ID2bFIXp.html,otomoto.pl
http://patch.com/maryland/gaithersburg/only-porch-basement-left-after-home-collapse-photos-0,patch.com
https://paytm.com/blog/wp-content/plugins/jetpack/modules/sharedaddy/sharing.js?ver=20140920,paytm.com
http://perezhilton.com/2015-02-24-chace-crawford-kelly-rutherford-gossip-girl-reunion-elton-john-oscars/?from=readmore_perezhilton&,perezhilton.com
http://persianblog.ir/tags/19803/1/%d8%b7%d8%b1%d8%a7%d8%ad%db%8c_%d9%88%d8%a8_%d8%b3%d8%a7%db%8c%d8%aa/,persianblog.ir
http://pikabu.ru/tag/%D0%A5%D0%B8%D1%80%D0%BE%D1%81%D0%B8%D0%BC%D0%B0%206%20%D0%B0%D0%B2%D0%B3%D1%83%D1%81%D1%82%D0%B0%201945/hot,pikabu.ru
http://pinterest.com/pin/create/button/?url=http://allrecipes.com/Recipe/One-Pan-Orecchiette-Pasta/Detail.aspx&description=One%20Pan%20Orecchiette%20Pasta%20Allrecipes.com&media=http://media-cache-ak0.pinimg.com/600x/f1/d0/84/f1d0848565a40e101a8faac1911f0612.jpg,pinterest.com
http://pitchfork.com/features/update/9619-fix-the-future-holly-herndons-collective-vision/,pitchfork.com
http://plarium.com/en/strategy-games/stormfall-age-of-war/news/improved-black-market/,plarium.com
http://popupads.ir/blog/?tag=%d8%af%d8%b1%d8%a2%d9%85%d8%af-%d8%a7%d8%b2-%d9%be%d8%a7%d9%be-%d8%a2%d9%be,popupads.ir
http://pornsharing.com/hot-ass-white-chick-lola-foxx-gets-drilled-by-huge-black-dick_v77974,pornsharing.com
https://prezi.com/support/article/win-mac/downloading-a-pez-file-from-prezi-online/,prezi.com
https://privatbank.ua/ua/business/srednemu-i-krupnomu-biznesu/kadrovaja-bezopasnost/gtm.start,privatbank.ua
http://putlocker.is/watch-geordie-shore-tvshow-season-7-episode-2-online-free-putlocker.html,putlocker.is
https://quizlet.com/login?redir=https%3A%2F%2Fquizlet.com%2Fhelp%2Ffaq-why-cant-i-click-the-flash-player-allow-button,quizlet.com
http://qz.com/391567/indian-helicopters-israeli-hospitals-and-malay-medics-how-the-world-is-coming-to-nepals-aid/,qz.com
http://ringring.vn/mv-nhay-dien-loan-don-sinh-nhat-cua-toc-tien-dinh-nghi-an-dao-118401?detect=mobile,ringring.vn
http://rocketnews24.com/tag/%e3%83%89%e3%83%83%e3%82%ad%e3%83%aa%e7%95%aa%e7%b5%84/,rocketnews24.com
http://rt.com/in-vision/baltimore-protest-freddie-justice/may-baltimore-maryland-2015/,rt.com
http://sberbank.ru/portalserver/static/sb-bundle/widgets/SBR_F_Info_V1/SBR_F_Info_V1.js,sberbank.ru
http://screenrant.com/batman-ben-affleck-superman-man-steel-sequel-release-date-2015/,screenrant.com
http://searchengineland.com/googles-search-analytics-report-now-live-for-more-webmaster-tools-users-219627,searchengineland.com
http://seasonvar.ru/serial-10233-Zapiski_ekspeditora_tajnoj_kantcelyarii-2-season.html,seasonvar.ru
http://seekingalpha.com/author/insiderinsights/research?source=follow_top_learn_more,seekingalpha.com
http://seesaawiki.jp/pathofexile/d/%a5%a2%a5%af%a5%bb%a5%b5%a5%ea%a1%bc%a4%c8%cc%f0%c5%fb,seesaawiki.jp
http://serverfault.com/questions/396333/how-to-create-custom-content-for-nginx-error-502-page-keep-origin-url-on-browse,serverfault.com
http://sfglobe.com/2015/02/27/russian-opposition-leader-boris-nemtsov-shot-and-killed-in-moscow/?src=home_feed,sfglobe.com
http://shareba.com/static/jscript/thickbox/thickbox.js?v=1bdefddca5f39810cfb31de087fe3c88,shareba.com
http://skyrock.com/videos/eHVvcG40OjEz-TWILIGHT-CHAPITRE-5-Bande-annonce-VF.html?top=4&period=daily,skyrock.com
http://slashdot.org/submission/4369889/yahoo-called-its-layoffs-a-remix-dont-do-that,slashdot.org
http://slickdeals.net/f/7855315-amazon-mom-member-only-various-pampers-diapers-and-pull-ups-from-0-09-to-0-20-diaper-after-coupon-and-the-gift-card,slickdeals.net
http://smallseotools.com/blog/how-to-make-the-most-out-of-content-management-systems/,smallseotools.com
http://sourceforge.net/directory/audio-video/add_facet_filter?facet=natlanguage&constraint=Japanese,sourceforge.net
http://spankbang.com/56lg/video/marc+dorcel+l+education+d+une+jeune+soubrette+xxx+dvdrip+2015,spankbang.com
http://sprint.com/mysprint/pages/sl/global/login.jsp?context=CC&INTNAV=TSC:IHP:ExpWC:SignIn:053014,sprint.com
http://squarespace.com/press/2014/8/6/10-tips-for-creating-the-perfect-wedding-website,squarespace.com
http://stackexchange.com/newsletters/newsletter?site=sustainability.stackexchange.com,stackexchange.com
http://stackoverflow.com/questions/30226224/is-there-a-way-to-prevent-a-3rd-party-js-code-located-in-the-head-from-taking,stackoverflow.com
http://steamcommunity.com/app/440/discussions/0/620713633843193068/%22http://steamcommunity.com/discussions/%22,steamcommunity.com
http://superuser.com/questions/888998/dvd-drive-seems-to-spin-at-a-high-speed-with-no-disk-inside-but-cpu-fan-is-the,superuser.com
http://syosetu.com/searchuser/search/index.php?name1st=%E3%82%8B&all=1&all2=1&all3=1&all4=1&p=2,syosetu.com
http://taboola.com/press-release/taboola-completes-117-million-financing-round-drive-global-expansion-and-next,taboola.com
http://techcrunch.com/video/alexis-ohanian-on-how-to-combat-internet-bullying/518809440/,techcrunch.com
http://teespring.com/en-GB/atp-shirt?utm_campaign=atp-shirt&utm_medium=oembed&utm_source=wordpress,teespring.com
http://telegraf.com.ua/zhizn/zhurnal/1887664-tantsoryi-iz-sibiri-stali-zvezdami-youtube-video.html,telegraf.com.ua
http://thechive.com/2015/02/25/russian-photographer-gets-chive-panties-takes-photos-20-photos/,thechive.com
http://themeforest.net/item/bridge-creative-multipurpose-wordpress-theme/full_screen_preview/7315054,themeforest.net
http://thenextweb.com/apps/2011/02/24/instagram-opens-its-api-for-a-more-connected-and-transparent-world/gtm.js/gtm.start,thenextweb.com
http://tinnhanh360.net/thong-tin-hiem-ve-ong-ngoai-ty-phu-sieu-giau-cua-kenny-sang.html,tinnhanh360.net
http://tobogo.net/cdsb/board.php?board=qatorrent&bm=view&no=4283&category=&auth=&page=1&search=&keyword=&recom=,tobogo.net
http://torcache.net/torrent/27B982985F42C3C4073490464FD64E79C65196E7.torrent?title=[kickass.to]avengers.044.2015.digital.zone.empire.cbr,torcache.net
http://torrentdn.com/bbs/s.php?bo_table=torrent_mid&wr_id=58887&k=%EC%99%95%EC%A2%8C&page=1,torrentdn.com
https://tsite.jp/tm/pc/login/STKIp0001001.do?ST_SITE_ID=s78Ve3dgv7BE7JNEdUVTqQ%3D%3D&MOVE_ID=V%2FAL%2BuN21UsJmXLCbCZwhg%3D%3D,tsite.jp
http://tune.pk/video/6047426/wfatw-cultureshockwithcorey-gravess01e02starwarsc-elebration,tune.pk
http://tunein.com/radio/Ideas-c32021240/15480783/ca-pub-1542925551861702/TuneInSearch,tunein.com
https://twitter.com/home?status=%E3%83%8C%E3%81%91%E3%82%8B%EF%BC%81%E3%80%90%E7%BE%8E%E5%B0%91%E5%A5%B3%E3%80%91+http%3A%2F%2Fero-video.net%2Ft%2FfOC0RlA0jCzLtx8T+%E7%BE%8E%E5%B0%91%E5%A5%B3%E3%82%AD%E3%83%A3%E3%83%83%E3%83%88%E3%83%95%E3%82%A1%E3%82%A4%E3%83%88+%23ero+%23douga+%23agesage,twitter.com
http://udn.com/news/story/7001/867462-%E4%B8%AD%E8%81%B7%EF%BC%8F%E6%B2%923%E6%88%904%E4%B8%8D%E7%AE%97%E5%BC%B7%E6%89%93-%E8%B6%85%E7%B4%9A%E6%89%93%E8%80%85%E5%B9%B4%E9%99%8D%E8%87%A8,udn.com
http://unity3d.com/sites/default/files/css/css_rn9aCD_uMA_wO3ipyv3yTj2XGzExthMkLkpKeZLw6vo.css,unity3d.com
http://uproxx.com/movies/2014/12/john-waters-is-remaking-pink-flamingos-as-a-trashy-kid-friendly-movie/,uproxx.com
https://variety.com/2015/tv/news/x-men-spinoff-fault-in-our-stars-director-1201495091/,variety.com
http://venturebeat.com/2014/04/15/heres-what-a-justfab-for-dudes-looks-like-its-called-greats-and-sells-sneakers-online/,venturebeat.com
http://vnexpress.net/tin-tuc/cong-dong/anh/anh-doc-chia-tay-tu-mau-ao-hoc-tro-2805522.html,vnexpress.net
http://web.de/magazine/wissen/blog/brynja-adam-radmanic/vitamin-verschwoerung-19147282,web.de
http://web.tv/registration/choose-channel/channel/index/changeLanguage/pepflashplayer.dll,web.tv
http://wikimapia.org/32988091/ru/%D0%90%D0%B2%D1%82%D0%BE%D0%BC%D0%BE%D0%B1%D0%B8%D0%BB%D1%8C%D0%BD%D0%B0%D1%8F-%D1%81%D1%82%D0%BE%D1%8F%D0%BD%D0%BA%D0%B0-%D0%BE%D0%BA%D0%BE%D0%BB%D0%BE-%D0%BC%D0%B0%D0%B3%D0%B0%D0%B7%D0%B8%D0%BD%D0%B0-%D0%A1%D0%B5%D0%B4%D1%8C%D0%BC%D0%BE%D0%B9-%D0%BA%D0%BE%D0%BD%D1%82%D0%B8%D0%BD%D0%B5%D0%BD%D1%82,wikimapia.org
http://wikiwiki.jp/sample/?%A5%C7%A5%B6%A5%A4%A5%F3%A5%C6%A5%F3%A5%D7%A5%EC%A1%BC%A5%C8%2Fdefault,wikiwiki.jp
https://wmaraci.com/forum/google-adsense/mobil-kullanici-sayisi-arttikca-adsense-gelirleri-dusuyor-234670.html,wmaraci.com
https://wordpress.org/showcase/international-relations-online-at-american-university/,wordpress.org
http://worldoftanks.ru/ru/content/guide/payments_instruction/mobile-payment-kievstar/,worldoftanks.ru
http://wpengine.com/support/how-to-add-new-sites-with-different-domains-in-wordpress-multisite/,wpengine.com
http://xhamster.com/movies/4558884/serena_vanessa_del_rio_samantha_fox_in_vintage_fuck_scene.html?s=1,xhamster.com
http://xossip.com/forumdisplay.php?s=1a0185aef96dc82d1f523a00d7134802&f=50&sort=voteavg,xossip.com
http://xvideo-jp.com/archives/category/%e4%bb%b2%e8%a5%bf%e3%81%aa%e3%81%a4%e3%81%8d,xvideo-jp.com
http://yourlust.com/videos/skinny-russian-ginger-girl-with-sexy-smile-having-wild-anal-sex.html,yourlust.com
http://zozo.jp/shop/bayflow/?price=proper&p_ssy=2015&p_ssm=5&p_ssd=13&p_sey=2015&p_sem=5&p_sed=13&dstk=2,zozo.jp
http://1337x.to/torrent/1160206/Deadliest-Catch-S11E05-Super-Typhoon-Part-2-HDTV-x264-W4F-ettv/,1337x.to
https://500px.com/photo/90836057/gold-on-the-lake-by-wladimir-grigoruk?from=set&set_id=1853437,500px.com
http://9gag.tv/p/a9ZQWe/think-the-cup-song-is-outdated-watch-this-pitch-perfect-with-guns,9gag.tv
http://abc.go.com/shows/nashville/news/the-latest-on-nashville/140805-nashville-season-2-dvd-the-complete-second-season,abc.go.com
http://abcnews.go.com/Technology/california-woman-fired-disabling-work-phone-gps/story?id=31019237,abcnews.go.com
https://ahrefs.com/site-explorer/overview/exact?target=http://www.boredpanda.com/raw-food-cubes-lernert-sander-volkskrant/,ahrefs.com
http://akhbarelyom.com/news/newdetails/411448/1/%D8%A3%D9%88%D9%82%D8%A7%D9%81-%D9%82%D9%86%D8%A7-%D8%AA%D8%AD.html,akhbarelyom.com
http://alfalfalfa.com/tag/%E3%83%8D%E3%83%83%E3%83%88%E3%83%A6%E3%83%BC%E3%82%B6%E3%83%BC,alfalfalfa.com
http://aljazeera.net/news/humanrights/2015/5/13/%D8%A5%D8%B3%D8%B1%D8%A7%D8%A6%D9%8A%D9%84-%D8%AA%D8%B9%D9%8A%D8%AF-%D8%A7%D9%84%D8%A3%D8%B3%D8%B1%D9%89-%D8%A7%D9%84%D9%81%D9%84%D8%B3%D8%B7%D9%8A%D9%86%D9%8A%D9%8A%D9%86-%D8%A7%D9%84%D9%85%D8%AD%D8%B1%D8%B1%D9%8A%D9%86-%D9%84%D9%84%D9%85%D8%A4%D8%A8%D8%AF,aljazeera.net
http://allegro.pl/listing/listing.php?id=73973&order=m&string=%7Bstring%7D&bmatch=seng-v10-p-sm-isqm-2-o-0113,allegro.pl
http://allrecipes.com/video/4570/slow-cooker-butter-chicken/detail.aspx?prop24=VH_FeaturedVideo,allrecipes.com
http://ameblo.jp/summary/keyword/%E3%83%B4%E3%82%A3%E3%83%BC%E3%83%8A%E3%82%B9%E3%82%AE%E3%83%A3%E3%83%A9%E3%83%AA%E3%83%BC%E7%A5%9E%E6%88%B8,ameblo.jp
http://anandtech.com/show/8946/super-flower-8pack-release-the-worlds-first-2kw-consumer-psu,anandtech.com
http://ap.org/Content/AP-In-The-News/2012/AP-names-Caro-Kriel-news-director-for-Russia,ap.org
https://archive.org/search.php?query=mediatype:texts&sort=-publicdate&and[]=subject%3A%22Kentucky--History%22,archive.org
http://arstechnica.com/cars/2015/05/what-we-know-and-what-we-dont-know-about-accidents-involving-self-driving-cars/,arstechnica.com
http://askubuntu.com/questions/109974/need-a-cd-ripping-program-that-allows-manually-editing-track-titles,askubuntu.com
http://atwiki.jp/wiki/%E9%9F%93%E6%B5%81%E3%82%92%E3%83%8D%E3%82%BF%E3%81%AB%E3%81%99%E3%82%8B%E5%A3%B2%E5%9B%BD%E5%A5%B4%E3%83%9E%E3%82%B9%E3%82%B3%E3%83%9F,atwiki.jp
http://auto.ru/cars/bmw/x1/all/?search%5Bstate%5D=1&search%5Bperiod%5D=0&search%5Bcustom%5D=1&search%5Bsection_id%5D=0&search%5Bmark%5D%5B0%5D=30&search%5Bmark-folder%5D%5B0%5D=30-48682_2932,auto.ru
http://avxhome.se/software/software_type/os_lowlevel/Data_recovery/ActNTFSDataRecoveryToolkit.7.5.html,avxhome.se
http://babal.net/books/view/1441/%D9%84%D8%B9%D8%A8%D8%A9-%D8%A7%D9%84%D9%83%D8%B1%D9%8A%D8%A7%D8%AA-%D8%A7%D9%84%D8%B2%D8%AC%D8%A7%D8%AC%D9%8A%D8%A9,babal.net
http://bdnews24.com/bangladesh/2015/05/12/salahuddins-case-is-bnps-internal-matter-suranjit,bdnews24.com
http://bestblackhatforum.com/Thread-BSO-SeattleClouds-App-Builder-Local-Business-Sales-Secret-Bonus?page=2,bestblackhatforum.com
http://bigcinema.tv/tag/%D0%A2%D0%B0%D0%BA%D0%B5%D1%80%D1%83%20%D0%A1%D0%B0%D1%82%D0%BE,bigcinema.tv
http://bleacherreport.com/articles/2463285-breaking-the-label-how-blake-griffin-has-gone-from-dunker-to-complete-nba-star,bleacherreport.com
http://bongda88.info/wp-content/plugins/revslider/rs-plugin/css/settings.css?rev=4.6.0&ver=4.2.2,bongda88.info
http://buzzfil.net/article/5679/photo-look/13-idees-astucieuses-qui-vous-feront-avoir-des-endroits-preferes-dans-votre-maison-3.html?href=inner_website,buzzfil.net
http://caixa.gov.br/empresa/credito-financiamento/imoveis/financiamento-para-producao-imoveis/alocacao-de-recursos,caixa.gov.br
http://censor.net.ua/photo_news/335521/pravoohraniteli_izyali_arsenal_boepripasov_i_spetssredstv_u_voennoslujaschego_na_prikarpate_fotoreportaj,censor.net.ua
https://chaturbate.com/tipping/spy_on_private_show_tokens_per_minute/harolanddavid/,chaturbate.com
http://cheezburger.com/486917/funny-memes-most-ridiculous-examples-video-game-logic?ref=whatspopular,cheezburger.com
http://ck101.com/forum.php?mod=misc&action=recommend&do=subtract&tid=3221116&hash=b5160424,ck101.com
http://clien.net/cs2/bbs/board.php?bo_table=kin&sca=%5B%EA%B7%B8%EC%99%B8%EC%9E%A5%EB%B9%84%5D,clien.net
http://codecanyon.net/search?category=wordpress&date=this-month&length_max=&length_min=&price_max=&price_min=&rating_min=&sales=&sort=sales&term=&utf8=%E2%9C%93&view=list,codecanyon.net
http://codepen.io/api/oembed?url=http%3A%2F%2Fcodepen.io%2Fnoahblon%2Fpen%2FGKflw&format=json,codepen.io
http://comicbook.com/2015/04/12/guardians-of-the-galaxy-originally-had-more-thanos-planned/,comicbook.com
http://conservativetribune.com/breaking-rev-billy-graham-makes-major-announcement-about-ferguson/,conservativetribune.com
http://cookpad.com/login?rt=%2Ftsukurepo%2Fpost%3Fpage_type%3D6%26recipe_id%3D2596485,cookpad.com
http://correios.com.br/para-sua-empresa/marketing-direto/solucoes-de-marketing-direto/solucoes-de-resposta-e-relacionamento,correios.com.br
http://couchtuner.eu.com/2014/07/pretty-little-liars-s5-e4-thrown-from-the-ride.html,couchtuner.eu.com
http://cox.com/residential/support/internet/articles.cox?catId=p2_in-home_wifi&catName=SW4tSG9tZSBXaUZpc9o5x&prodId=p1_internet,cox.com
http://dantri.com.vn/van-hoa/tim-thay-manh-moi-kho-bau-huyen-thoai-trong-tieu-thuyet-dao-giau-vang-1070484.htm,dantri.com.vn
http://deadspin.com/alabama-dt-jonathan-taylor-arrested-on-domestic-violenc-1694368557/1694394184/+MiamiRohan,deadspin.com
http://dealnews.com/features/The-Best-and-Worst-Things-to-Buy-in-February/544336.html,dealnews.com
http://depositphotos.com/subscribe.html?backURL%5Bpage%5D=%2Fstock-photography.html&backURL%5Bexclude%5D%5B0%5D=login,depositphotos.com
http://digg.com/video/today-in-happy-news-a-dog-that-can-ride-the-bus-all-by-herself,digg.com
http://diply.com/omg-facts/16-parents-who-are-pros-when-it-comes-embarrassing/38717,diply.com
http://distractify.com/post/related/id/55039ed24a0c4b373dcaa82d/skip/20/limit/10/back/0,distractify.com
http://doodle.com/fi/premium?utm_source=doodle&utm_medium=home&utm_campaign=premiumHome,doodle.com
https://dribbble.com/shots/2021294-Broadsword-Responsive-WordPress-Theme-for-Blogging,dribbble.com
http://dropbooks.tv/search/index/word:%E9%87%A3%E3%82%8A%E3%82%AD%E3%83%81%E5%90%8C%E7%9B%9F/term:no/page:2,dropbooks.tv
http://duckduckgo.com/d.js?q=Hypertext%20Transfer%20Protocol&t=C&l=wt-wt&p=1&s=0&ct=CA,duckduckgo.com
http://ecnavi.jp/redirect/?url=http://www.cross-a.net/x.php?id=2455_4672_22061_26563&m=1002&pid=?mu=UI%user_id%IT58897FR20,ecnavi.jp
https://eksisozluk.com/?q=heidi%27nin+ayaklar%c4%b1+keyfi+i%c3%a7in+%c3%a7%c4%b1plakt%c4%b1%2f%2351267219,eksisozluk.com
http://elcomercio.pe/viu/familia/confia-tu-instinto-posturas-dar-lactar-noticia-1810621?ref=portada_viu&ft=mod_losmas&e=nota_2,elcomercio.pe
https://elevenia.co.id/login.do?returnURL=%2Forder%2FShipping%2FgetDlvEtprsCd.do&isSSL=Y,elevenia.co.id
http://elitedaily.com/life/motivation/why-we-will-never-find-the-meaning-of-our-lives-through-success/1015560/feed/,elitedaily.com
http://emgn.com/entertainment/this-is-what-happens-when-you-take-your-kids-shopping-by-force-mayhem/,emgn.com
http://espn.go.com/sportsnation/post/_/id/12873948/shareef-oneal-problem-court-just-dad-shaq,espn.go.com
http://esporte.uol.com.br/futebol/campeonatos/gaucho/ultimas-noticias/2015/05/04/5-segredos-de-aguirre-para-ir-do-inferno-ao-ceu-no-inter-em-dois-meses.htm,esporte.uol.com.br
http://europa.eu/about-eu/agencies/regulatory_agencies_bodies/policy_agencies/era/index_en.htm,europa.eu
http://evernote.com/intl/es/register/?upgrade=premium&itemCode=premium-1year&offer=www_pricing_CTA,evernote.com
http://extratorrent.cc/torrent/4189682/JAV+Censored+DVAJ-0043+Rookie+Birth+Debut+Special+4+Hours.html,extratorrent.cc
http://fanpage.gr/family/pedi/7-%cf%84%cf%81%cf%8c%cf%80%ce%bf%ce%b9-%ce%b3%ce%b9%ce%b1-%ce%bd%ce%b1-%ce%b4%ce%b9%ce%b1%cf%87%ce%b5%ce%b9%cf%81%ce%b9%cf%83%cf%84%ce%bf%cf%8d%ce%bc%ce%b5-%cf%84%ce%bf%cf%85%cf%82-%ce%b1%ce%b4%ce%b5/,fanpage.gr
http://fazenda.gov.br/divulgacao/agenda/2015/marco/agenda-das-5/agenda-dos-funcionarios-d.a.s.-5-19.03.2015/?searchterm=ministro,fazenda.gov.br
http://filehippo.com/es/download_utorrent/download/05dd5b17ff2445173b5f0d575e4d3474/,filehippo.com
http://fishki.net/auto/1526496-bmw-m6-na-diskah-s-quotdvojnymquot-dizajnom.html?from=trend,fishki.net
http://fortune.com/international/an-energy-experts-love-hate-affair-with-toyotas-hydrogen-fuel-cell-mirai/,fortune.com
http://gawker.com/5989048/lions-fatally-maul-woman-having-sex-with-her-boyfriend-in-a-bushy-area,gawker.com
http://genius.com/4093563/Sam-altman-lecture-1-how-to-start-a-startup/Successful-pivots-they-almost-always-are-a-pivot-into-something-the-founders-themselves-wanted,genius.com
https://getpocket.com/signup?mode=socialmode&route=http://getpocket.com/p/pocket-topics/travel,getpocket.com
http://giphy.com/gifs/mashable-l41lQP1xbMfmMBzeU?utm_source=iframe&utm_medium=embed&utm_campaign=tag_click,giphy.com
http://gizmodo.com/5656084/ask-giz-insecure-boyfriends-insecure-careers-and-creepy-neighbors,gizmodo.com
https://www.gov.uk/government/organisations/science-advisory-committee-on-the-medical-implications-of-less-lethal-weapons,gov.uk
http://grantland.com/hollywood-prospectus/american-sniper-bradley-cooper-box-office-oscar-race/,grantland.com
http://graphicriver.net/search?category=fonts&date=this-month&length_max=&length_min=&price_max=&price_min=&rating_min=&sales=&sort=sales&term=&utf8=%E2%9C%93&view=list,graphicriver.net
http://gtbank.com/media-centre/gtbank-in-the-news/14-media/press-releases/602-gtbank-appoints-new-board-chairman,gtbank.com
http://haberler.com/sehit-madencinin-cocugunda-1-yil-sonra-babasina-7306963-haberi/,haberler.com
http://hdfcbank.com/nri_banking/accounts/returning_indians/accounts_for_returning_indians.htm,hdfcbank.com
http://himado.in/?keyword=%E3%83%AD%E3%83%BC%E3%83%AA%E3%83%B3%E3%82%B0%20%E3%82%AC%E3%83%BC%E3%83%AB%E3%82%BA,himado.in
https://hollywoodlife.com/2015/05/12/kim-kardashian-wavy-hair-tutorial-brazil-hairstyle-how-to/,hollywoodlife.com
https://hootsuite.com/var/hootsuite/storage/images/media/images/plans/measures/39146-14-jpn-JP/%E6%8C%87%E6%A8%99.png,hootsuite.com
http://hubpages.com/hub/Interesting-Facts-About-Hornets-Large-Wasps-With-Paper-Nests,hubpages.com
http://icicibank.com/Personal-Banking/insta-banking/internet-banking/twitter-banking/index.page,icicibank.com
http://iconosquare.com/contest/pyhp/love-calling-lovemaaii-user-testimonial-video-contest,iconosquare.com
https://ifttt.com/recipes/194008-if-i-send-ifttt-a-text-tagged-ac-then-turn-on-my-air-conditioner,ifttt.com
http://indianexpress.com/article/trending/zenefits-or-uber-for-job-asks-engineer-on-quora-zenefits-ceo-then-revokes-offer/,indianexpress.com
http://ink361.com/app/users/ig-22927094/bush1do/photos/ig-984114063848029572_22927094,ink361.com
https://instagram.com/oauth/authorize?client_id=d9494686198d4dfeb954979a3e270e5e&redirect_uri=http%3A%2F%2Ficonosquare.com%3FredAftLog%3Dhttp%253A%252F%252Ficonosquare.com%252Ftag%252Fhockeycanada&response_type=code&scope=likes+comments+relationships,instagram.com
http://interpark.com/displaycorner/FreeMarket.do?_method=itemAreaList&area1=%EC%84%9C%EC%9A%B8%ED%8A%B9%EB%B3%84%EC%8B%9C&area2=%EA%B5%AC%EB%A1%9C%EA%B5%AC,interpark.com
http://io9.com/every-masters-of-the-universe-action-figure-ranked-1703132270/layer/,io9.com
http://irecommend.ru/content/napolnitel-dlya-koshachego-tualeta-365-dnei-napolnitel-dlya-koshachego-tualeta-drevesnyi,irecommend.ru
http://jalopnik.com/why-bmws-self-drifting-car-is-a-step-forward-for-driver-1620903005,jalopnik.com
http://jezebel.com/why-is-walmart-hiding-copies-of-ronda-rouseys-book-from-1696016415/templates/closure/,jezebel.com
http://kakaku.com/fitness/fitness-equipment/ranking_2184/pricedown/div-gpt-ad-k/header_text,kakaku.com
http://katproxy.com/va-ibiza-club-opening-2015-2015-mp3-320kbps-h4ckus-glodls-t10624267.html,katproxy.com
http://kenh14.vn/xa-hoi/nuong-muc-tai-phong-truc-benh-vien-nu-dieu-duong-bong-nang-2015051411550521.chn,kenh14.vn
http://khabaronline.ir/(X(1)S(zv0jvfqnirzv02vdv33nlcia))/detail/416205/Economy/commerce,khabaronline.ir
http://kickass.to/community/show/vts-radio-all-genres-broadcasting-now/?post=16455210,kickass.to
http://kienthuc.net.vn/chi-tieu-tuyen-sinh/chi-tieu-tuyen-sinh-dai-hoc-phong-chay-chua-chay-nam-2015-467402.html,kienthuc.net.vn
http://kotaku.com/video-game-exposition-techniques-ranked-1702644440?utm_source=recirculation&utm_medium=recirculation&utm_campaign=wednesdayPM,kotaku.com
https://lastpass.com/newwpsite/wp-content/themes/lastpass/css/fonts/opensans-regular-macroman/stylesheet.css,lastpass.com
http://lifehacker.com/novas-evolution-lab-is-an-interactive-guided-tour-of-t-1702430197/layer/,lifehacker.com
http://likemag.com/de/eine-blinde-mutter-geht-zum-doktor-was-sie-beim-ultraschall-erlebt-beruhrte-uns-sehr,likemag.com
http://marvel.com/news/movies/22643/director_peyton_reed_and_writer_adam_mckay_join_marvels_ant-man,marvel.com
http://mashable.com/people/55351593b589e459fc064796/2015/05/05/ocean-acidification-xprize,mashable.com
http://maybank2u.com.my/mbb_info/m2u/public/personalDetail04.do?cntTypeId=1&cntKey=HL15.05.11a&programId=HI-Highlights&newsCatId=/mbb/Highlights/2015&chCatId=/mbb/Personal,maybank2u.com.my
http://mediaset.it/mediasetextra/articoli/dolce-valentina-le-trame-dal-23-al-27-marzo_11696.shtml,mediaset.it
https://medium.com/republic-of-tunisia/10-signs-you-were-born-and-raised-in-tunisia-7cfe4b76c118?source=reading-list-recommended_user,medium.com
http://megogo.net/ru/view/16011-odnazhdy-v-milicii-sezon-1-seriya-1-mayor-legkogo-.html,megogo.net
http://metro.co.uk/2015/04/19/thats-awkward-louis-tomlinson-leaves-female-companion-standing-as-he-is-whisked-away-in-a-van-after-a-night-out-5157257/,metro.co.uk
http://mic.com/articles/115922/the-secret-tax-screwing-women-out-of-thousands-of-dollars-over-a-lifetime,mic.com
http://mirtesen.ru/url?e=simple_click&blog_post_id=43404223098&url=http%3A%2F%2Fholomonova.mirtesen.ru%2Fblog%2F43404223098%2FOfigenskaya-prostota,mirtesen.ru
http://mixi.jp/share.pl?u=http://alfalfalfa.com/articles/117939.html&k=e09afc106e473491952cfe324aa83aabe5b07446,mixi.jp
http://momoshop.com.tw/category/LgrpCategory.jsp?l_code=2113200000&Area=tooth&FTOOTH=21&mdiv=1000900000-bt_5_023_08&ctype=B,momoshop.com.tw
http://motherless.com/login?back=%252Fcredits%252Fsend%253Fu%253DZer0_D%2526back%253Dhttp%253A%252F%252Fmotherless.com%252Fm%252FZer0_D,motherless.com
http://motthegioi.vn/goc-nhin-khac/chan-dung-nguoi-ung-ho-hon-nhan-dong-gioi-tai-viet-nam-171281.html,motthegioi.vn
http://moviepilot.com/posts/2015/01/16/no-selma-was-not-snubbed-because-of-racism-2590862,moviepilot.com
http://myegy.to/EnglishSeries/226145/%D8%A7%D9%84%D8%AD%D9%84%D9%82%D8%A9_22%D9%85%D9%86_%D8%A7%D9%84%D9%85%D9%88%D8%B3%D9%856_%D9%84%D9%85%D8%B3%D9%84%D8%B3%D9%84_%D8%A7%D9%84%D8%AF%D8%B1%D8%A7%D9%85%D8%A7_%D9%88%D8%A7%D9%84%D8%AC%D8%B1%D9%8A%D9%85%D9%87_The_Good_Wife_S06E22,myegy.to
http://mylust.com/videos/4111/i-watched-my-mature-chubby-wife-getting-screwed-by-huge-bbc/,mylust.com
https://myspace.com/fiveminutestothestage/post/activity_profile_38238870_865f0a98ced64f45bccae3e05990dac7/connections,myspace.com
http://nesn.com/2012/04/aaron-cook-looking-sharp-at-triple-a-with-opt-out-date-looming-will-middlebrooks-swinging-red-hot-ba/,nesn.com
http://nguyentandung.org/hai-quan-my-cong-bo-ke-hoach-an-ninh-mang-bien-internet-thanh-nen-tang-tac-chien.html,nguyentandung.org
http://www.nhs.uk/news/2015/05May/Pages/Study-finds-seasons-may-affect-immune-system-activity.aspx,nhs.uk
http://noticias.uol.com.br/cotidiano/ultimas-noticias/2013/06/12/video-mostra-prisao-de-jornalista-durante-protesto-contra-tarifa-de-transporte-em-sp.htm,noticias.uol.com.br
http://nymag.com/daily/intelligencer/2013/06/rand-paul-gay-marriage-animal-human.html?mid=twitter_dailyintel,nymag.com
http://nypost.com/2015/05/08/rosie-stuns-in-sequins-but-halle-and-ruth-are-frumpy-gals/,nypost.com
http://olx.co.id/i2/elektronik-gadget/komputer/keyboard-mouse/elektronik-gadget/komputer/keyboard-mouse,olx.co.id
http://olx.in/hi/i2/jobs/?search%5Boffer_seek%5D=seek&search%5Bfilter_enum_job_type%5D=parttime,olx.in
http://olx.pl/uslugi-firmy/kategorie/JOcK7gzdoyrcIT2176iLzhCz8UoPOGcT6Y1ax8FNTPf.l7,olx.pl
http://olx.ro/i2/servicii-afaceri-colaborari/servicii-auto-transporturi/js/spring.js,olx.ro
http://olx.ua/uk/list/q-%D0%B1%D0%BE%D1%81%D0%BE%D0%BD%D0%BE%D0%B6%D0%BA%D0%B8/?page=2,olx.ua
http://onedio.com/haber/ajax-li-futbolculardan-anneler-gunu-surprizi-maca-anneleriyle-ciktilar-505308,onedio.com
http://oneplus.net/ca_en/support/answer/how-do-i-backup-data-before-remote-sessions,oneplus.net
http://otomoto.pl/osobowe/skoda/superb/i-2001-2008/?search%5Bfilter_enum_service_record%5D%5B0%5D=1,otomoto.pl
http://patch.com/california/petaluma/shedding-light-wine-industry-interview-petaluma-native-hoby-wedler-0/,patch.com
https://paytm.com/offer/wp-content/plugins/wp-responsive-slider-with-lightbox/css/images-responsive-thumbnail-slider-plus-lighbox-style.css?ver=4.1.5,paytm.com
http://perezhilton.com/2015-05-13-taylor-swift-calvin-harris-spotted-holding-hands-dinner-date/?from=readmore_perezhilton&,perezhilton.com
http://persianblog.ir/tags/1082/1/%d8%a7%d9%86%d8%aa%d8%ae%d8%a7%d8%a8%d8%a7%d8%aa/,persianblog.ir
http://pikabu.ru/story/prishel_domoy_i_posporil_s_zhenoy_chto_stolitsa_avstralii_ne_sidney_3335326,pikabu.ru
http://pinterest.com/pin/create/button/?url=http://allrecipes.com/Recipe/Tender-Pan-Fried-Chicken-Breasts/Detail.aspx&description=Tender%20Pan-Fried%20Chicken%20Breasts%20Allrecipes.com&media=http://media-cache-ec0.pinimg.com/600x/c2/ac/5f/c2ac5fdccc2197f7afa1ea65c943d4e2.jpg,pinterest.com
http://pitchfork.com/news/59408-guitar-hero-relaunches-with-war-on-drugs-black-keys-rage-against-the-machine-sleigh-bells-more/,pitchfork.com
http://plarium.com/en/strategy-games/sparta-war-of-empires/news/new-champion-units-available-at-the-market/,plarium.com
http://popupads.ir/blog/?tag=%d8%a8%db%8c%d8%b4%d8%aa%d8%b1%db%8c%d9%86-%d9%86%d8%b1%d8%ae-%d9%be%d8%a7%d9%be-%d8%a2%d9%be,popupads.ir
http://pornsharing.com/abbey-brooks-and-jennifer-white-gets-their-bubble-asses-licked_v77848,pornsharing.com
https://prezi.com/cpwyp44vgckw/prezi-is-growing/?auth_key=3f6ec2e9cfd554f1d23b718b1462307266561a05,prezi.com
https://privatbank.ua/ua/business/srednemu-i-krupnomu-biznesu/finansirovanije-mezhdunarodnoj-torgovli/gtm.start,privatbank.ua
http://putlocker.is/watch-geordie-shore-tvshow-season-1-episode-6-online-free-putlocker.html,putlocker.is
https://quizlet.com/login?redir=https%3A%2F%2Fquizlet.com%2Fsign-up%3Fredir%3Dhttps%253A%252F%252Fquizlet.com%252Fsubject%252F,quizlet.com
http://qz.com/399714/elon-musk-says-teslas-home-batteries-seem-to-have-already-gone-super-viral/,qz.com
http://ringring.vn/khan-gia-dien-tiet-voi-ket-thuc-lang-xet-cua-tuoi-thanh-xuan-116745.html,ringring.vn
http://rocketnews24.com/2009/07/12/%e9%ab%98%e9%a1%8d%e3%81%a8%e6%80%9d%e3%82%8f%e3%82%8c%e3%81%8c%e3%81%a1%e3%81%aa%e8%88%aa%e7%a9%ba%e5%88%b8%e3%81%8c%e5%bd%93%e6%97%a5%e8%b3%bc%e5%85%a5%e3%81%a7%e5%8d%8a%e9%a1%8d%e3%81%ab/,rocketnews24.com
http://rt.com/in-vision/turkish-prosecutor-funeral-ceremony/palace-april-justice-istanbul/,rt.com
http://sberbank.ru/ru/s_m_business/assetsandinvestment/ongr/broker_service/tariffsanddocuments/documents/,sberbank.ru
http://screenrant.com/actors-almost-played-superheroes-tmal-58030/4/?replytocom=194687,screenrant.com
http://searchengineland.com/less-than-90-tickets-left-for-smx-advanced-register-now-220506,searchengineland.com
http://seasonvar.ru/serial-9072-Bor_ba_za_vlast__vremen_bakumatcu__nikto_ne_vechen.html,seasonvar.ru
http://seekingalpha.com/author/individual-trader/research?source=follow_top_learn_more,seekingalpha.com
http://seesaawiki.jp/pathofexile/d/%b3%c8%c4%a5%b3%ab%c8%af%a5%bf%a5%a4%a5%e0%a5%e9%a5%a4%a5%f3%be%e5%a4%ce%a5%a2%a5%c3%a5%d7%a5%c7%a1%bc%a5%c8,seesaawiki.jp
http://serverfault.com/questions/673733/how-do-i-configure-all-clients-use-proxy-with-out-making-changes-to-thier-config,serverfault.com
http://sfglobe.com/2014/11/26/scientists-from-monterey-release-rare-footage-of-black-seadevil/,sfglobe.com
http://shareba.com/static/jscript/player/flowplayer/core.js?v=1bdefddca5f39810cfb31de087fe3c88,shareba.com
http://skyrock.com/videos/eDJjYTg4ZToxMw==-Jul-feat-Romano-Je-trouve-pas-le-sommeil-en-live-dans-la-Radio-Libre.html?top=3&period=daily,skyrock.com
http://slashdot.org/submission/1222200/street-view-logs-wifi-networks-and-mac-addresses,slashdot.org
http://slickdeals.net/forums/forumdisplay.php?f=9&daysprune=1&order=desc&sort=replycount,slickdeals.net
http://smallseotools.com/blog/how-blogging-contributes-to-a-successful-online-marketing-strategy/,smallseotools.com
http://sourceforge.net/directory/business-enterprise/add_facet_filter?facet=license&constraint=OSI-Approved+Open+Source+%3A%3A+Affero+GNU+Public+License,sourceforge.net
http://spankbang.com/569a/video/ex+girlfriend+sucking+for+cum+explosion+in+her+mouth,spankbang.com
http://sprint.com/business/solutions/mobile_workforce_management/sprint_workforce_management/index.html,sprint.com
http://squarespace.com/press/2014/2/24/flush-squarespace-pouring-58-million-into-marketing-and-recruiting,squarespace.com
http://stackexchange.com/newsletters/newsletter?site=communitybuilding.stackexchange.com,stackexchange.com
http://stackoverflow.com/questions/8644722/could-not-load-the-image-referenced-from-a-nib-in-the-bundle-with-identifier-n,stackoverflow.com
http://steamcommunity.com/id/sky_216/myworkshopfiles/?section=collections&appid=440,steamcommunity.com
http://superuser.com/questions/913417/my-laptop-works-too-slow-when-it-is-moved-vibrated,superuser.com
http://syosetu.com/searchuser/search/index.php?name1st=%E3%81%B5&all=1&all2=1&all3=1&all4=1&p=2,syosetu.com
http://taboola.com/press-release/stepleader-partners-taboola-reports-mobile-app-monetization-growth-200-over-mobile,taboola.com
http://techcrunch.com/2014/02/27/a-look-at-whistles-new-activity-tracker-for-pooches-as-it-heads-to-android-and-a-petsmart-near-you/,techcrunch.com
http://teespring.com/en-CA/atp-shirt-sport-men?utm_campaign=atp-shirt-sport-men&utm_medium=oembed&utm_source=wordpress,teespring.com
http://telegraf.com.ua/mama-i-rebenok/1886770-beremennyie-zhenshhinyi-kotoryie-sohranili-dinamiku-v-zhizni-foto.html,telegraf.com.ua
http://thechive.com/2015/05/13/20-kids-who-look-just-like-their-celebrity-parents-20-photos/,thechive.com
http://themeforest.net/item/rosemary-a-responsive-wordpress-blog-theme/full_screen_preview/10695119,themeforest.net
http://thenextweb.com/media/2015/05/07/with-great-youtube-traffic-comes-great-responsibility/,thenextweb.com
http://tinnhanh360.net/muon-mau-trao-luu-chup-anh-khien-gioi-tre-phai-phat-cuong.html,tinnhanh360.net
http://tobogo.net/cdsb/board.php?board=humor&bm=view&no=1908&category=&auth=&page=1&search=&keyword=&recom=,tobogo.net
http://torcache.net/torrent/BFF9E2F76C55DA6CFEC07ACD6961BE5607E09B6B.torrent?title=[kickass.to]fifty.shades.of.grey.2015.uncut.hc.hdrip.x264.ac3.titan,torcache.net
http://torrentdn.com/bbs/s.php?bo_table=torrent_movie&wr_id=151448&k=%EB%B6%84%EB%85%B8%EC%9D%98%EC%A7%88%EC%A3%BC&page=1,torrentdn.com
http://tsite.jp/r/donation/smile/pkm_t.html?utm_source=pkm&utm_medium=bnr&utm_campaign=0019180,tsite.jp
http://tune.pk/video/2668444/bazeecha-e-atfaal-hai-duniya-mere-aage-jagjit-singh-ghalib,tune.pk
http://tunein.com/radio/NRJ-989-s7421/15480783/ca-pub-1542925551861702/StationLeader,tunein.com
http://twitter.com/home?status=%E3%83%8C%E3%81%91%E3%82%8B%EF%BC%81%E3%80%90%E4%BA%BA%E5%A6%BB%E3%83%BB%E7%86%9F%E5%A5%B3%E3%80%91+http%3A%2F%2Fero-video.net%2Ft%2FSnwVr0Qifeu9dus8+%E6%B7%AB%E4%B9%B1%E5%9B%A3%E5%9C%B0%E5%A6%BB+%E8%97%A4%E6%9D%91%E7%99%BE%E5%90%88+%23ero+%23douga+%23agesage,twitter.com
http://udn.com/news/story/6811/901253-%E8%97%9D%E5%93%81%E5%B8%82%E5%A0%B4%E4%B8%8D%E9%80%8F%E6%98%8E-%E7%BE%85%E6%AF%94%E5%B0%BC%EF%BC%9A%E7%95%B6%E5%BF%83%E6%88%90%E6%B4%97%E9%8C%A2%E7%AE%A1%E9%81%93,udn.com
http://unity3d.com/sites/default/files/css/css_uBafo8YncIdBmewANtZsUZ471MY40AOY3qNQExdqAGc.css,unity3d.com
http://uproxx.com/webculture/2015/03/meet-the-octopus-who-stole-a-filmmakers-camera-and-took-his-picture/,uproxx.com
http://variety.com/2015/digital/news/hugh-jackman-and-rooney-mara-to-star-in-me-and-earl-the-dying-girl-directors-next-movie-exclusive-1201494972/,variety.com
http://venturebeat.com/2015/04/03/zynga-founder-mark-pincus-invests-in-austrias-chatgrape-a-slack-competitor/,venturebeat.com
http://vnexpress.net/tin-tuc/oto-xe-may/nguoi-phu-nu-cham-lua-dot-oto-o-tram-xang-3207651.html,vnexpress.net
http://web.de/magazine/wirtschaft/griechenland-krise/griechenland-schulden-staatsbankrott-yanis-varoufakis-geld-30589706,web.de
http://web.tv/liveCategory/15/language/1/index/changeLanguage/newshared/searchAutoComplete,web.tv
http://wikimapia.org/docs/index.php?title=Talk:Linear_features&action=edit&redlink=1,wikimapia.org
http://wikiwiki.jp/?%A4%AA%CC%E4%A4%A4%B9%E7%A4%EF%A4%BB%BB%F6%CE%E3%BD%B8%2F%B0%E3%C8%BF%A5%B5%A5%A4%A5%C8%CA%F3%B9%F0,wikiwiki.jp
https://wmaraci.com/forum/fotografcilik/500-tl-ye-kadar-fotograf-makinasi-onerisi-234410.html,wmaraci.com
https://wordpress.org/showcase/wp-content/plugins/wp-postratings/postratings-js.js?ver=1.50,wordpress.org
http://worldoftanks.ru/auth/oid/new/?next=/ru/content/guide/newcomers-guide/%3Fpage%3D1,worldoftanks.ru
http://wpengine.com/support/how-is-wp-engine-different-from-amazon-ec2-and-elb-elastic-load-balancer/,wpengine.com
http://xhamster.com/movies/1393506/simone_stephens_34jj_masterbating_big_lips.html?promo=1,xhamster.com
http://xossip.com/forumdisplay.php?s=1a0185aef96dc82d1f523a00d7134802&f=50&sort=views,xossip.com
http://xvideo-jp.com/archives/category/%e6%98%9f%e5%8d%97%e3%81%8d%e3%82%89%e3%82%8a,xvideo-jp.com
http://yourlust.com/videos/nozomi-solo-hazuki-on-her-knees-to-give-a-japan-blowjob.html,yourlust.com
http://zozo.jp/shop/anchorbyrotarvivify/?price=proper&p_ssy=2015&p_ssm=5&p_ssd=13&p_sey=2015&p_sem=5&p_sed=13&dstk=2,zozo.jp
http://1337x.to/torrent/1077857/The-Woman-In-Black-2012-BDRip-1080p-x264-AC3-English-Latino-URBiN4HD-Eng-Spa-Subs/,1337x.to
https://500px.com/photo/68956601/under-fog-by-dragox-photo-?from=set&set_id=1329779,500px.com
http://9gag.tv/p/a5Xjrn/tattoo-artist-uses-her-skills-to-help-improve-the-lives-of-burn-victims,9gag.tv
http://abc.go.com/shows/blackish/news/updates/150313-mary-j-blige-sean-diddy-combs-to-guest-star-in-blackish-season-1-finale-set-in-harlem-renaissance,abc.go.com
http://abcnews.go.com/xmldata/newsbulletin?id=19432727&lpos=widget[A_3_twitter_4380645_homepage],abcnews.go.com
https://ahrefs.com/content-explorer/overview/v3/table/all/all/6/rank_desc?topic=site%3Awww.boredpanda.com,ahrefs.com
http://akhbarelyom.com/news/newdetails/411563/1/%D9%85%D8%AD%D9%84%D8%A8-%D9%8A%D8%BA%D8%A7%D8%AF%D8%B1-%D8%A8.html,akhbarelyom.com
http://aljazeera.net/Home/GetPage/f6451603-4dff-4ca1-9c10-122741d17432/10a1c15a-1a44-4d42-951a-758d9b07acb6,aljazeera.net
http://allegro.pl/show_item.php?item=5351456927&sh_dwh_token=d0b6dd74a8394345128e20d296cb1c5e,allegro.pl
http://allrecipes.com/Recipe/Baked-Garlic-Parmesan-Chicken/Detail.aspx?soid=recs_recipe_10,allrecipes.com
http://ameblo.jp/summary/keyword/%E3%82%B7%E3%83%BC%E3%83%88%E3%83%9E%E3%82%B9%E3%82%AF,ameblo.jp
http://ap.org/Content/Press-Release/2013/AP-names-first-VP-for-digital-advertising-sales,ap.org
https://archive.org/search.php?query=mediatype:texts&sort=-publicdate&and[]=subject%3A%22leyes%22,archive.org
http://arstechnica.com/gaming/2015/05/starfighter-inc-aims-for-a-hard-science-driven-zero-g-experience/,arstechnica.com
http://askubuntu.com/questions/400602/uefi-dual-boot-ubuntu-12-04-3-windows-8-1-one-gpt-hdd,askubuntu.com
http://atwiki.jp/wiki/%E3%80%90%E5%9B%BD%E9%9A%9B%E5%95%8F%E9%A1%8C%20Hebei%20Spirit%E5%8F%B7%E3%80%91%E3%82%A4%E3%83%B3%E3%83%89%E4%BA%BA%E8%88%B9%E5%93%A1%E3%81%AB%E3%82%88%E3%82%8B%E9%9F%93%E5%9B%BD%E3%81%AB%E5%AF%BE%E3%81%99%E3%82%8B%E6%8A%97%E8%AD%B0%E6%B4%BB%E5%8B%95%E5%BC%B7%E5%8C%96,atwiki.jp
http://auto.ru/cars/all/?search%5Bstate%5D=1&search%5Bcustom%5D=1&show_sales=1&output_type=images,auto.ru
http://avxhome.se/graphics/vector/Hand_drawn_collection_Agriculture_2_Stock_Vector.html,avxhome.se
http://babal.net/news/view/111837/%D8%B4%D9%8A%D8%AE-%D8%A7%D9%84%D8%A3%D8%B2%D9%87%D8%B1-%D9%8A%D9%8F%D9%87%D9%86%D9%91%D9%90%D8%A6-%D8%A7%D9%84%D9%85%D8%B5%D8%B1%D9%8A%D9%8A%D9%86-%D9%88%D8%A7%D9%84%D8%A3%D9%85%D8%A9-%D8%A7%D9%84%D8%B9%D8%B1%D8%A8%D9%8A%D9%91%D9%8E%D8%A9-%D9%88%D8%A7%D9%84%D8%A5%D8%B3%D9%84%D8%A7%D9%85%D9%8A%D9%91%D9%8E%D8%A9-%D8%A8%D8%B0%D9%83%D8%B1%D9%89-%D8%A7%D9%84%D8%A5%D8%B3%D8%B1%D8%A7%D8%A1-%D9%88%D8%A7%D9%84%D9%85%D8%B9%D8%B1%D8%A7%D8%AC,babal.net
http://bdnews24.com/environment/2015/04/04/california-used-70-million-gallons-of-water-in-fracking-in-2014,bdnews24.com
http://bestblackhatforum.com/Thread-%E2%98%85%E2%98%85%E2%98%85-Supercharge-GSA-Search-Engine-Ranker-With-PA-and-DA-RANK-Like-it-s-2012-Again-%E2%98%85%E2%98%85%E2%98%85?action=newpost,bestblackhatforum.com
http://bigcinema.tv/movie/fantasticheskie-zveri-i-mesta-ih-obitaniya---fantastic-beasts-and-where-to-find-them.html,bigcinema.tv
http://bleacherreport.com/articles/2456030-what-its-like-to-watch-my-brother-stephen-curry-during-his-amazing-mvp-season,bleacherreport.com
http://bongda88.info/category/bong-da/bong-da-quoc-te/bong-da-ngoai-hang-anh/page/5/,bongda88.info
http://buzzfil.net/article/5685/non-classe/la-reaction-de-ces-bebes-renards-qui-se-sont-retrouves-dans-la-cour-d-une-maison-avec-une-balle-3.html?href=inner_website,buzzfil.net
http://caixa.gov.br/voce/credito-financiamento/credito-pessoal/antecipacao-13-salario/Paginas/default.aspx,caixa.gov.br
http://censor.net.ua/news/336002/spetsstatus_donbassa_i_mestnye_vybory_tak_je_vajny_kak_i_peremirie_stoltenberg,censor.net.ua
https://chaturbate.com/tipping/spy_on_private_show_tokens_per_minute/hello_x_pussy/,chaturbate.com
http://cheezburger.com/8489310976/pokemon-memes-stunfisk-gif?ref=rightarrow&siteId=92,cheezburger.com
http://ck101.com/forum.php?mod=forumdisplay&fid=3412&filter=typeid&typeid=2868&ref=nav,ck101.com
http://clien.net/cs2/bbs/board.php?bo_table=use&sca=%5B%EC%83%9D%ED%99%9C%EB%AC%B8%ED%99%94%5D,clien.net
http://codecanyon.net/item/superfly-responsive-wordpress-menu-plugin/full_screen_preview/8012790,codecanyon.net
http://codepen.io/api/oembed?url=http%3A%2F%2Fcodepen.io%2Fandremichelle%2Fpen%2Fodypj&format=json,codepen.io
http://comicbook.com/2015/02/14/toy-fair-2015-funko-pops-with-new-marvel-collectibles/,comicbook.com
http://conservativetribune.com/liberal-magazine-republicans-can-impeach-obama-if-they-take-the-senate/,conservativetribune.com
http://cookpad.com/login?rt=%2Ftsukurepo%2Fpost%3Fpage_type%3D3%26recipe_id%3D2197140,cookpad.com
http://correios.com.br/Para-governo/governo-federal-e-estadual/solucoes-gratuitas-de-apoio-e-gestao,correios.com.br
http://couchtuner.eu.com/2015/04/a-d-the-bible-continues-s1-e1-the-tomb-is-open.html,couchtuner.eu.com
http://cox.com/residential/special-offers/bundle-deal.cox?campcode=home_3p_bundledeal_hero1_1,cox.com
http://dantri.com.vn/eu--nga/bao-duc-bi-dot-sau-khi-dang-tranh-biem-hoa-cua-tap-chi-phap-1018524.htm,dantri.com.vn
http://deadspin.com/tom-brady-earns-xx-game-suspension-for-role-in-deflatin-1703306193/templates/closure/,deadspin.com
http://dealnews.com/features/The-Best-and-Worst-Things-to-Buy-in-February/dealnews/json,dealnews.com
http://depositphotos.com/login.html?url=%2F27024353%2Fstock-video-on-the-beach-practicing-yoga.html,depositphotos.com
http://digg.com/video/britney-spears-and-iggy-azalea-made-a-music-video-that-might-be-a-samsung-ad,digg.com
http://diply.com/virginradiolebanon/parent-hacks-life-traps-30-brilliant-ideas-every-parent/123087,diply.com
http://distractify.com/ana-luisa-suarez/pictures-that-show-exactly-what-the-rollercoaster-of-having-a-sibling-feels-like/,distractify.com
http://doodle.com/lt/premium?utm_source=doodle&utm_medium=home&utm_campaign=premiumHome,doodle.com
http://dribbble.com/shots/388603-Fancy-Drop-Down-Navigation?list=searches&tag=navigation,dribbble.com
http://dropbooks.tv/search/index/word:%E3%83%A9%E3%82%B0%E3%83%8A%E3%83%AD%E3%82%AF%E3%82%AA%E3%83%B3%E3%83%A9%E3%82%A4%E3%83%B3/term:no/page:2,dropbooks.tv
http://duckduckgo.com/d.js?q=Internet%20privacy%20organizations&t=C&l=wt-wt&p=1&s=0&ct=CA,duckduckgo.com
http://ecnavi.jp/redirect/?url=http://ad2.trafficgate.net/t/r/94/1779/86513_86513/0/AX%user_id%,ecnavi.jp
https://eksisozluk.com/ilk-duyulduktan-sonra-defalarca-dinlenen-sarkilar--4109912?focusto=51303064,eksisozluk.com
http://elcomercio.pe/lima/ciudad/tres-incendios-se-registraron-esta-manana-tres-puntos-lima-noticia-1810657,elcomercio.pe
https://elevenia.co.id/login.do?returnURL=%2Fproduct%2FProductQnaUpdate%2FdeleteProductQna.do%3Fflag%3DprdQna&isSSL=Y,elevenia.co.id
http://elitedaily.com/news/politics/mike-huckabee-needs-new-strategy-wants-win-millennials/1029791/,elitedaily.com
http://emgn.com/entertainment/the-most-colorful-and-beautiful-stairs-you-will-ever-see/,emgn.com
http://espn.go.com/blog/new-york/mets/post/_/id/102775/morning-briefing-matt-harvey-needs-to-be-the-stopper,espn.go.com
http://esporte.uol.com.br/futebol/ultimas-noticias/2015/05/04/briga-em-treino-deixa-clemer-com-futuro-incerto-na-base-do-inter.htm,esporte.uol.com.br
http://europa.eu/about-eu/agencies/regulatory_agencies_bodies/policy_agencies/echa/index_en.htm,europa.eu
https://evernote.com/register?upgrade=premium&itemCode=premium-1year&offer=www_pricing_CTA,evernote.com
http://extratorrent.cc/torrent_download/4190488/Betrayer+-+2014+-+RePack+by+R.G.+Mechanics.torrent,extratorrent.cc
http://fanpage.gr/family/antras/6-%cf%84%cf%8d%cf%80%ce%bf%ce%b9-%ce%b3%cf%85%ce%bd%ce%b1%ce%b9%ce%ba%cf%8e%ce%bd-%cf%80%ce%bf%cf%85-%ce%b1%cf%81%ce%ad%cf%83%ce%bf%cf%85%ce%bd-%cf%83%cf%84%ce%bf%cf%85%cf%82-%ce%ac%ce%bd%cf%84%cf%81/,fanpage.gr
http://fazenda.gov.br/divulgacao/publicacoes/normas-da-administracao-geral-lei-de-acesso-a-informacao,fazenda.gov.br
http://filehippo.com/zh/download_app_manager/download/4c149a9071e2c253659b7b40f72816a3/,filehippo.com
http://fishki.net/1530874-bytovaja-tehnika-v-stile-stimpank-ot-belorusskogo-mastera.html,fishki.net
http://fortune.com/2014/08/19/uber-hires-obama-advisor-david-plouffe-to-lead-policy/,fortune.com
http://gawker.com/5994678/here-are-the-career-ending-marco-rubio-rumors-buzzfeed-wants-to-write-about-without-writing-about,gawker.com
http://genius.com/4350249/Sam-altman-lecture-1-how-to-start-a-startup/One-way-that-you-know-when-this-is-working-is-that-youll-get-growth-by-word-of-mouth-if-you-get-something-people-love-people-will-tell-their-friends-about-it-this-works-for-consumer-product-and-enterprise-products-as-well-when-people-really-love-something-theyll-tell-their-friends-about-it-and-youll-see-organic-growth,genius.com
http://getpocket.com/signup?mode=socialmode&t=1&route=http://getpocket.com/p/pocket-topics/politics,getpocket.com
https://giphy.com/posts/all-around-the-world-the-best-gifs-from-britney-spears-new-mv-pretty-girls,giphy.com
http://gizmodo.com/one-year-after-the-first-snowden-leak-whats-really-cha-1586213046/templates/closure/,gizmodo.com
https://www.gov.uk/government/organisations/rural-development-programme-for-england-network,gov.uk
http://grantland.com/hollywood-prospectus/it-is-happening-again-can-wayward-pines-be-m-night-shyamalans-twin-peaks/?print=1,grantland.com
http://graphicriver.net/item/abstract-3d-rendering-of-surface-with-hexagons/11426391,graphicriver.net
http://gtbank.com/media-centre/gtbank-in-the-news/14-media/press-releases/539-gtbank-adjudged-best-bank-in-nigeria-and-africa-at-the-2014-euromoney-awards-1st-nigerian-bank-to-win-euromoney-best-bank-in-africa-award,gtbank.com
http://haberler.com/kenan-evren-gomulecegi-devlet-mezarligini-kendisi-7300871-haberi/,haberler.com
http://hdfcbank.com/sme/accounts-and-deposits/current-accounts/ultima-current-account,hdfcbank.com
http://himado.in/?keyword=%E3%81%AF%E3%81%9F%E3%82%89%E3%81%8F%E9%AD%94%E7%8E%8B%E3%81%95%E3%81%BE%EF%BC%81,himado.in
http://hollywoodlife.com/2015/04/28/paul-mcdonald-nikki-reed-marriage-inspiration-new-music-ian-somerhalder/,hollywoodlife.com
https://hootsuite.com/ja-jp/%E3%82%BD%E3%83%AA%E3%83%A5%E3%83%BC%E3%82%B7%E3%83%A7%E3%83%B3/%E3%82%BD%E3%83%BC%E3%82%B7%E3%83%A3%E3%83%AB%E3%83%A1%E3%83%87%E3%82%A3%E3%82%A2%E3%83%9E%E3%83%8D%E3%83%BC%E3%82%B8%E3%83%A1%E3%83%B3%E3%83%88,hootsuite.com
http://hubpages.com/hub/Top-10-Best-High-Demand-High-Paying-Jobs-in-Phoenix-AZ-2013-2023,hubpages.com
http://icicibank.com/Personal-Banking/offers/offer-detail.page?id=offer-yatra-20150201130938531,icicibank.com
http://iconosquare.com/contest/ppgx/celebrate-national-parents-day-with-clorox-by-sharing-realfamilyselfies,iconosquare.com
https://ifttt.com/recipes/86680-every-day-at-6-am-add-today-s-weather-report-to-my-calendar,ifttt.com
http://indianexpress.com/article/india/india-others/600-mn-trail-to-ril-in-maze-of-14-accounts/,indianexpress.com
http://ink361.com/app/users/ig-248760623/carlifestyle/photos/ig-984123365588058229_248760623,ink361.com
https://instagram.com/oauth/authorize?client_id=d9494686198d4dfeb954979a3e270e5e&redirect_uri=http%3A%2F%2Ficonosquare.com%3FredAftLog%3Dhttp%253A%252F%252Ficonosquare.com%252Ftag%252Fart&response_type=code&scope=likes+comments+relationships,instagram.com
http://interpark.com/displaycorner/FreeMarket.do?_method=itemCateList&free1=pc&free2=007001003012&free3=item&disp_no=007001003012,interpark.com
http://io9.com/5890322/snls-real-housewives-of-disney-goes-inside-a-drunken-princess-dinner-party,io9.com
http://irecommend.ru/content/now-natural-holistic-fresh-grain-free-senior-cat-recipe-3014,irecommend.ru
http://jalopnik.com/saying-that-autonomous-cars-will-kill-millions-of-jobs-1704200122/templates/closure/,jalopnik.com
http://jezebel.com/cnn-makes-republicans-squirmy-whos-the-greatest-living-1704168010,jezebel.com
http://kakaku.com/daily-goods/laundry-detergent/ranking_7617/pricedown/div-gpt-ad-k/header_text,kakaku.com
http://katproxy.com/tease-me-then-please-me-2-full-porn-movie-hardcore-sex-big-tits-double-anal-penetration-dp-dap-t10642633.html,katproxy.com
http://kenh14.vn/kham-pha/phat-hien-khoa-hoc-ly-giai-nguon-goc-nhung-giac-mo-20150404102556275.chn,kenh14.vn
http://khabaronline.ir/(X(1)S(wqjktzvr4hfvidbzr3fs4dsd))/detail/416055/comic/cartoon,khabaronline.ir
http://kickass.to/desktop-wallpapers-girls-1680x1050-2560x1600-100pcs-2015-jpg-t10415328.html,kickass.to
http://kienthuc.net.vn/chi-tieu-tuyen-sinh/dai-hoc-giao-duc-tuyen-300-chi-tieu-danh-10-tuyen-thang-474638.html,kienthuc.net.vn
http://kotaku.com/we-do-apologize-life-at-sony-customer-service-during-t-1677612560/templates/closure/,kotaku.com
https://lastpass.com/wp-content/plugins/vfb-pro/public/assets/js/jquery.mask.min.js?ver=1.10.12,lastpass.com
http://lifehacker.com/5803020/pack-multi-use-items-to-reduce-baggage-while-traveling,lifehacker.com
http://likemag.com/de/mehr-als-20-aller-schweizer-leiden-laktoseintoleranz-nun-hilft-eine-app-allen-weiter,likemag.com
http://marvel.com/images/gallery/gallery/355/14_new_images_from_marvels_avengers_age_of_ultron_assemble,marvel.com
http://mashable.com/category/philadelphia/2015/05/13/philadelphia-amtrak-positive-train-control,mashable.com
http://maybank2u.com.my/mbb_info/m2u/public/promoDetail.do?channelId=PRO-Promotions&cntTypeId=1&cntKey=PRO08.16&programId=PRO08-ContestsWinners&chCatId=/mbb/Personal/PRO-Promotions,maybank2u.com.my
http://mediaset.it/mediasetextra/articoli/la-donna-del-mistero-le-trame-dal-16-al-20-febbraio_11324.shtml,mediaset.it
https://medium.com/@harrisj/leaving-the-new-york-times-bb3e73adc61f?source=has-recommended,medium.com
http://megogo.net/ru/view/1343131-bolshoy-boks-mishiko-beseliya-havazhi-hacygov.html,megogo.net
http://metro.co.uk/2015/05/12/canada-city-news-reporter-shauna-hunt-brilliantly-slaps-down-toronto-and-arsenal-who-shouted-fk-her-in-the-p-at-her-on-live-tv-5192705/,metro.co.uk
http://mic.com/articles/116853/here-s-what-we-re-really-thinking-when-we-get-a-wedding-invitation,mic.com
http://mirtesen.ru/url?e=simple_click&blog_post_id=43921365179&url=http%3A%2F%2Fsmi2.mirtesen.ru%2Fblog%2F43921365179%2FSloveniya-glazami-nashih-klientov.-Novyiy-otzyiv%21,mirtesen.ru
http://mixi.jp/share.pl?u=http://alfalfalfa.com/articles/117911.html&k=e09afc106e473491952cfe324aa83aabe5b07446,mixi.jp
http://momoshop.com.tw/category/LgrpCategory.jsp?l_code=1899900000&FTOOTH=18&Area=tooth&cid=T18&oid=L18999&mdiv=1000100000-bt_0_157_01&ctype=B,momoshop.com.tw
http://motthegioi.vn/thoi-trang/blogger-noi-tieng-the-gioi-bat-ngo-dien-ao-dai-vn-duyen-dang-188264.html,motthegioi.vn
http://moviepilot.com/posts/2015/05/12/gambit-and-wolverine-confirmed-for-x-men-apocalypse-2927454,moviepilot.com
http://myegy.to/UndergroundMusic/224127/Felix_Cartal_In_Different_Faces_2012_Full_To_Download,myegy.to
http://mylust.com/videos/231550/nerdy-brunette-kristine-gets-beaten-and-face-fucked-in-bdsm-clip/,mylust.com
https://myspace.com/article/2015/5/12/watch-the-official-trailer-for-the-muppets-new-television-series,myspace.com
http://nesn.com/2013/02/jeff-greens-huge-fourth-quarter-dunk-punctuates-celtics-win-over-magic-video/,nesn.com
http://nguyentandung.org/bo-cong-thuong-khai-truong-quy-trinh-thi-diem-cap-co-qua-mang.html,nguyentandung.org
http://www.nhs.uk/NHSEngland/AboutNHSservices/uk-visitors/Pages/accessing-nhs-services.aspx,nhs.uk
http://noticias.uol.com.br/saude/ultimas-noticias/redacao/2015/03/07/acafrao-pode-ser-aliado-no-combate-a-dengue-afirmam-pesquisadores-de-sp.htm,noticias.uol.com.br
http://nymag.com/thecut/2015/05/see-all-the-looks-from-the-2015-met-gala/slideshow/2015/05/04/all_the_looks_fromthemetgala2015,nymag.com
http://nypost.com/2015/05/13/these-are-the-best-amazon-reviews-for-kim-kardashians-selfie-book/,nypost.com
http://olx.co.id/i2/keperluan-pribadi/fashion-wanita/dress/keperluan-pribadi/fashion-wanita/dress,olx.co.id
http://olx.in/hi/andhrapradesh/q-%7Bq%7D/?utm_source=google&utm_medium=search&utm_campaign=search_organic,olx.in
http://olx.pl/i2/muzyka-edukacja/korepetycje/korepetycje-inne/muzyka-edukacja/korepetycje/korepetycje-inne,olx.pl
http://olx.ro/i2/anunturi-agricole/utilaje-agricole/piese-si-alte-utilaje-agricole/gtm.js,olx.ro
http://olx.ua/uk/i2/kiev/obyavlenie/zont-ulichnyy-diam-2-6m-diam3m-diam-4m-3-5h3-5-4h4m-ID9fY9W.html,olx.ua
http://onedio.com/haber/ilahiyat-fakultesi-dekanindan-soma-aciklamasi-mafya-hesaplasmasinda-da-olebilirlerdi--507559,onedio.com
http://oneplus.net/support/answer/what-is-the-deal-with-the-import-duties-in-canada,oneplus.net
http://otomoto.pl/oferta/john-deere-575-prasa-rolujaca-john-deere-575-stan-idealny-ID6y4y2W.html,otomoto.pl
http://patch.com/massachusetts/foxborough/breaking-report-says-tom-brady-suspended-4-games-0,patch.com
https://paytm.com/offer/wp-content/plugins/wp-image-slider-with-lightbox/js/jquery.lbox.min.js?ver=4.1.5,paytm.com
http://perezhilton.com/2015-05-13-lorde-wax-madame-tussauds-immortal/?from=readmore_perezhilton&,perezhilton.com
http://persianblog.ir/tags/42383/10/%d8%af%d8%a7%d8%b3%d8%aa%d8%a7%d9%86_%da%a9%d9%88%d8%aa%d8%a7%d9%87/,persianblog.ir
http://pikabu.ru/story/_bezumie__delat_odno_i_to_zhe_i_kazhdyiy_raz_ozhidat_inogo_rezultata_ayeynshteyn_2892012,pikabu.ru
http://pinterest.com/pin/create/button/?url=http://allrecipes.com/recipe/artichoke-chicken/detail.aspx&description=Artichoke%20Chicken%20Allrecipes.com&media=http://media-cache-ak0.pinimg.com/600x/7f/d9/05/7fd9057f39fdcb6e26f6aebc13ceeb7a.jpg,pinterest.com
http://pitchfork.com/features/articles/9620-pull-the-thread-and-unravel-me-waxahatchees-katie-crutchfield/,pitchfork.com
http://plarium.com/en/strategy-games/sparta-war-of-empires/news/new-to-battle-feature/,plarium.com
http://pornsharing.com/skinny-girl-alaina-kristar-shares-fat-dick-with-her-step-mom_v79129,pornsharing.com
https://prezi.com/support/article/win-mac/syncing-prezi-for-windows-mac-with-prezicom/,prezi.com
https://privatbank.ua/ua/business/otraslevyje-reshenija-dlya-biznesa/uslugi-dlya-horeca/gtm.js,privatbank.ua
http://putlocker.is/watch-daredevil-tvshow-season-1-episode-1-online-free-putlocker.html,putlocker.is
https://quizlet.com/sign-up?redir=https%3A%2F%2Fquizlet.com%2Fhelp%2Ffaq-troubleshooting-with-voice-recording,quizlet.com
http://qz.com/387928/airlines-want-you-to-do-these-ridiculous-mindfulness-exercises-in-your-cramped-seat/,qz.com
http://ringring.vn/nguoi-dan-ong-bi-ba-phu-nu-cuong-hiep-de-lay-tinh-dich-117916.html,ringring.vn
http://rocketnews24.com/tag/%E3%81%A9%E3%81%86%E3%81%A7%E3%82%82%E3%81%84%E3%81%84%E3%81%93%E3%81%A8%E6%9E%97%E3%81%AE%E5%A6%82%E3%81%97/,rocketnews24.com
http://rt.com/in-vision/christians-celebrate-good-friday/good-friday-jerusalem-clergy/,rt.com
http://sberbank.ru/portalserver/sb-portal-ru/ru/person/bank_inshure/pensionprogram/cofin,sberbank.ru
http://screenrant.com/tim-burton-superman-lives-nicolas-cage-photos/comment-page-2/,screenrant.com
http://searchengineland.com/google-testing-new-sponsored-shopping-boxes-3d-view-186835,searchengineland.com
http://seasonvar.ru/serial-8275-Bak_Rodzhers_v_dvadtcat__pyatom_stoletii-2-season.html,seasonvar.ru
http://seekingalpha.com/news/2521866-willamette-valley-vineyards-reports-q1-results,seekingalpha.com
http://seesaawiki.jp/pathofexile/d/%b3%ab%c8%af%a5%de%a5%cb%a5%d5%a5%a7%a5%b9%a5%c8,seesaawiki.jp
http://serverfault.com/questions/532314/remote-control-hotkey-default-in-windows-server-2008-r2-remote-desktop-services,serverfault.com
http://sfglobe.com/2015/03/16/blood-of-500-year-old-girl-may-help-fight-diseases-today/,sfglobe.com
http://shareba.com/static/jscript/jquery/plugin/imgnotes/jquery.tag.js?v=1bdefddca5f39810cfb31de087fe3c88,shareba.com
http://skyrock.com/videos/eDJsNmVjZzoxMw==-Freestyle-Kaaris-Talsadoum-en-live-dans-Planete-Rap.html?top=3&period=weekly,skyrock.com
http://slashdot.org/story/13/11/14/2323247/ibm-to-offer-watson-services-in-the-cloud,slashdot.org
http://slickdeals.net/f/7856625-kohl-s-cardholders-only-carter-s-infant-bodysuits-14-for-15-38-free-shipping?src=pdw,slickdeals.net
http://smallseotools.com/blog/the-benefits-of-personalizing-a-website-for-visitors/,smallseotools.com
http://sourceforge.net/directory/development/add_facet_filter?facet=natlanguage&constraint=Spanish,sourceforge.net
http://spankbang.com/5656/video/karen+fisher+shane+diesels+cuckold+stories+9+milf+edition,spankbang.com
http://sprint.com/business/solutions/mobile_workforce_management/mobile_forms/index.html,sprint.com
http://squarespace.com/press/2015/1/27/online-portfolios-play-a-role-in-helping-students-land-the-job,squarespace.com
http://stackexchange.com/newsletters/newsletter?site=productivity.stackexchange.com,stackexchange.com
http://stackoverflow.com/questions/15211012/image-classification-with-independent-component-analysis-ica,stackoverflow.com
http://steamcommunity.com/app/440/discussions/0/620713633843193068/%22http://steamcommunity.com/my/wishlist/%22,steamcommunity.com
http://superuser.com/questions/914347/how-to-run-continuous-lines-in-windows-command-prompt-by-setting-time-limit,superuser.com
http://syosetu.com/searchuser/search/index.php?name1st=%E3%81%B2&all=1&all2=1&all3=1&all4=1&p=11,syosetu.com
http://taboola.com/sites/default/files/css/css_67ZYhS8a2FyTeqEFYj0EvwUHkkiABvGdPQnuvgLLFTg.css,taboola.com
http://techcrunch.com/2012/02/29/pandora-competitor-senzari-arrives-in-spain-with-new-look-facebook-based-recommendations/,techcrunch.com
http://teespring.com/pt-BR/atp-shirt?utm_campaign=atp-shirt&utm_medium=oembed&utm_source=wordpress,teespring.com
http://telegraf.com.ua/mir/europa/1887597-v-estonii-mogut-zapretit-kommunisticheskuyu-simvoliku.html,telegraf.com.ua
http://thechive.com/2015/04/13/better-get-this-monday-started-with-some-gaps-36-photos/,thechive.com
http://themeforest.net/item/accel-responsive-email-stampready-builder/full_screen_preview/11252638,themeforest.net
http://thenextweb.com/au/2013/08/31/25-mbps-broadband-speeds-by-2019-the-stupidest-policy-ever/gtm.start,thenextweb.com
http://tinnhanh360.net/tat-tat-sai-lam-trong--chuyen-ay-chi-em-nao-cung-tung-mac-phai.html,tinnhanh360.net
http://tobogo.net/cdsb/board.php?board=scary&bm=view&no=118&category=&auth=&page=1&search=&keyword=&recom=,tobogo.net
http://torcache.net/torrent/78A1CA9AB541FA3C0B46C3404DC8DD100F899FE4.torrent?title=[kickass.to]os.pinguins.de.madagascar.2015.brrip.blu.ray.3d.sbs.5.1.ch.dublado.andretpf,torcache.net
http://torrentdn.com/bbs/s.php?bo_table=torrent_tv&wr_id=83861&k=%ED%99%94%EC%A0%95&page=1,torrentdn.com
https://tsite.jp/login/index.pl?xpg=PCUI0401&ret=%3cemburl_PCRL02%3e%3fxpg%3dPCRL0209%26rally_id%3d0000000762,tsite.jp
http://tune.pk/video/6046061/ab-de-villiers-and-hashim-amla-press-conference-dec-2nd,tune.pk
http://tunein.com/radio/JoyFM-965-s47717/15480783/ca-pub-1542925551861702/StationLeader,tunein.com
https://twitter.com/home?status=%E3%83%8C%E3%81%91%E3%82%8B%EF%BC%81%E3%80%90%E7%B4%A0%E4%BA%BA%E3%80%91+http%3A%2F%2Fero-video.net%2Ft%2FaKpBPTaxcF6C8SeP+%E5%A3%B2%E6%98%A5%E5%A9%A6%E3%81%AE%E3%81%8A%E4%BB%95%E4%BA%8B%E3%82%92%E5%85%AC%E9%96%8B%E3%81%97%E3%81%BE%E3%81%99+%23ero+%23douga+%23agesage,twitter.com
http://udn.com/news/story/7002/899402-%E9%9B%A2%E7%A5%9E%E6%9B%B4%E8%BF%91%E4%BA%86%EF%BC%81-%E8%A9%B9%E5%A7%86%E6%96%AF%E5%8F%88%E4%B8%80%E7%B4%80%E9%8C%84%E8%BF%BD%E5%B9%B3%E5%96%AC%E4%B8%B9,udn.com
http://unity3d.com/sites/default/files/css/css_xSHSK-4Niy3nB0ze28GmLPYZETQ3MJ9hZ7f8CKEN22o.css,unity3d.com
http://uproxx.com/smokingsection/2015/03/asap-rocky-zoe-kravitz-dope-movie-trailer/tv/movies,uproxx.com
http://variety.com/2015/tv/news/coach-reboot-craig-t-nelson-nbc-series-order-1201461092/,variety.com
http://venturebeat.com/2014/08/05/ad-tech-player-rocket-fuel-buys-programmatic-marketing-company-x1/,venturebeat.com
http://vnexpress.net/photo/cuoc-song-do-day/cuoc-do-bo-cua-hon-6-000-du-khach-trung-quoc-o-phap-3212496.html,vnexpress.net
http://web.de/magazine/wissen/sony-world-photography-award-2015-gewinnerbilder-30594072,web.de
http://web.tv/liveCategory/7/language/1/index/changeLanguage/newshared/searchAutoComplete,web.tv
http://wikimapia.org/32988046/hi/%E0%A4%97%E0%A4%BF%E0%A4%B2%E0%A4%9F%E0%A5%8C%E0%A4%B0%E0%A4%BE,wikimapia.org
http://wikiwiki.jp/sample/?%A5%AA%A1%BC%A5%C8%A5%EA%A5%F3%A5%AF%A4%F2%C0%DF%C4%EA%A4%B9%A4%EB,wikiwiki.jp
https://wmaraci.com/forum/ucretsiz-scriptler/e-ticaret-sitesi-icin-script-tema-onerisi-234620.html,wmaraci.com
https://wordpress.org/showcase/alman-universitetl%c9%99rin%c9%99-t%c9%99l%c9%99b%c9%99-q%c9%99bulu/,wordpress.org
http://worldoftanks.ru/ru/content/guide/payments_instruction/Belqi-payments-instruction/,worldoftanks.ru
http://wpengine.com/2015/05/01/staying-ahead-of-the-digital-curve-three-vital-battle-grounds/,wpengine.com
http://xhamster.com/movies/4556949/desire_deluca_bbw_bikini_at_the_beach_sucking_and_fucking.html?promo=1,xhamster.com
http://xossip.com/forumdisplay.php?s=1a0185aef96dc82d1f523a00d7134802&f=37&sort=voteavg,xossip.com
http://xvideo-jp.com/archives/category/%E4%B8%98%E5%92%B2%E3%82%A8%E3%83%9F%E3%83%AA,xvideo-jp.com
http://yourlust.com/videos/bootyful-blonde-shows-off-adorable-ass-and-juicy-butt-cheeks.html,yourlust.com
http://zozo.jp/shop/bagintheday/?price=proper&p_ssy=2015&p_ssm=5&p_ssd=13&p_sey=2015&p_sem=5&p_sed=13&dstk=2,zozo.jp
http://1337x.to/torrent/1140268/American-Sniper-2014-iTALiAN-AC3-DUAL-1080p-WEB-DL-DD5-1-x264-iG/,1337x.to
https://500px.com/photo/93449571/the-vineyard-in-metzingen-by-wladimir-grigoruk?from=set&set_id=1853437,500px.com
http://9gag.tv/p/a9a4ym/remakes-lego-star-wars-episode-vii-the-force-awakens-trailer-with-lego,9gag.tv
http://abc.go.com/shows/the-chew/news/Food-News/140527-buy-the-chew-a-year-of-celebrations,abc.go.com
http://abcnews.go.com/US/wireStory/plan-okd-drill-bps-ill-fated-macondo-reservoir-31003147,abcnews.go.com
https://ahrefs.com/content-explorer/overview/v3/table/all/all/1/facebook_desc?topic=site%3Awww.boredpanda.com,ahrefs.com
http://akhbarelyom.com/news/newdetails/409266/1/%D8%A3%D8%B6%D9%88%D8%A7%D8%A1-%D9%88%D8%B8%D9%84%D8%A7%D9%84.html,akhbarelyom.com
http://aljazeera.net/Home/GetPage/f6451603-4dff-4ca1-9c10-122741d17432/22dd7472-8bd9-47d9-b6eb-c21caa2a4aed,aljazeera.net
http://allegro.pl/listing/listing.php?bmatch=seng-v10-p-sm-pers-isqm-chl-moda-0414&order=n&string=%7Bstring%7D,allegro.pl
http://allrecipes.com/Recipe/Tortilla-Casserole/Detail.aspx?evt19=1&referringHubId=1,allrecipes.com
http://ameblo.jp/summary/keyword/%E3%82%B9%E3%82%BF%E3%82%A4%E3%83%AB%E3%83%AD%E3%83%83%E3%82%AF,ameblo.jp
http://ap.org/Content/AP-In-The-News/2014/AP-photographer-Anja-Niedringhaus-remembered-for-her-ability-to-capture-humanity-amid-chaos,ap.org
https://archive.org/search.php?query=mediatype:texts&sort=-publicdate&and[]=mediatype%3A%22texts%22,archive.org
http://arstechnica.com/business/2015/05/with-vinyl-sales-on-the-rise-this-startup-lets-anyone-press-their-own-lp/,arstechnica.com
http://askubuntu.com/questions/360329/error-cannot-run-c-compiled-programs-if-you-meant-to-cross-compile-use-host,askubuntu.com
http://atwiki.jp/wiki/%E6%A1%9C%E4%BA%95%E7%90%89%E5%A4%8F%20%E6%A1%9C%E4%BA%95%E7%90%A5%E4%B8%80%20%E8%B5%B7%E5%8B%95%E5%8F%B0%E8%A9%9E,atwiki.jp
http://auto.ru/cars/bmw/1er/all/?search%5Bstate%5D=1&search%5Bperiod%5D=0&search%5Bcustom%5D=1&search%5Bsection_id%5D=0&search%5Bmark%5D%5B0%5D=30&search%5Bmark-folder%5D%5B0%5D=30-4277_4092,auto.ru
http://avxhome.se/software/software_type/office/Extensis.Portfolio.Enterprise.1.6.2.html,avxhome.se
http://babal.net/books/view/57/%D9%85%D8%B9%D9%84%D9%88%D9%85%D8%A7%D8%AA-%D8%B9%D9%86---%D9%83%D8%AA%D8%A7%D8%A8-%D8%AF%D9%88%D8%A7%D9%84-%D8%A7%D9%83%D8%B3%D9%84-2010,babal.net
http://bdnews24.com/environment/2015/03/07/bangladesh-wants-climate-change-negotiations-to-focus-on-human-rights,bdnews24.com
http://bestblackhatforum.com/Forum-Announcements-And-Updates&datecut=0&sortby=lastpost&order=desc,bestblackhatforum.com
http://bigcinema.tv/tag/%D0%BD%D0%B0%D1%83%D1%87%D0%BD%D0%BE-%D0%BF%D0%BE%D0%BF%D1%83%D0%BB%D1%8F%D1%80%D0%BD%D0%BE%D0%B5,bigcinema.tv
http://bleacherreport.com/articles/2461981-deflategate-investigation-and-punishment-reek-of-witchhunt-and-overreaction,bleacherreport.com
http://bongda88.info/nhung-tai-tieng-tinh-cam-gay-mat-hinh-tuong-cua-hot-girl-viet/,bongda88.info
http://buzzfil.net/m/show-art/video-wtf-du-jour-faire-du-tourniquet-aide-d-un-scooter-ce-qui-se-passe-ensuite-est-hilarant-1.html,buzzfil.net
http://caixa.gov.br/voce/habitacao/Paginas/default.aspx?pk_campaign=cross&pk_kwd=L51I2,caixa.gov.br
http://censor.net.ua/photo_news/335728/doch_andreya_matvienko_poluchila_medal_za_mujestvo_i_otvagu_vmesto_pogibshego_ottsa_kotoryyi_tsenoyi,censor.net.ua
https://chaturbate.com/tipping/spy_on_private_show_tokens_per_minute/eveandtheserpent/,chaturbate.com
http://cheezburger.com/8491129600/superheroes-tmnt-real-life-leonardo-leads-tortoise?ref=rightarrow&siteId=91,cheezburger.com
http://ck101.com/forum.php?mod=misc&action=recommend&do=add&tid=3256835&hash=b5160424,ck101.com
http://clien.net/cs2/bbs/register.php?url=%2Fcs2%2Fbbs%2Fboard.php%3Fbo_table%3Dpark,clien.net
http://codecanyon.net/item/contact-form-7-popup-message/full_screen_preview/11311062,codecanyon.net
http://codepen.io/api/oembed?url=http%3A%2F%2Fcodepen.io%2Fterabaud%2Fpen%2FwaaMzW&format=json,codepen.io
http://comicbook.com/2015/04/27/first-official-x-men-apocalypse-set-photo-references-star-wars/,comicbook.com
http://conservativetribune.com/breaking-amtrak-train-crashes-in-philadelphia-these-photos-are-shocking/,conservativetribune.com
http://cookpad.com/login?rt=%2Fcategory%2Frecommend%2F168%3Frt%3D%252Fcategory%252F168,cookpad.com
http://correios.com.br/english/the-brazil-post/history-and-facts/mailmen-in-brazil/imagens/CarteirosdoBrasil_7.jpg/@@images/59709403-fcd6-48ff-b983-1c57c66cfd84.jpeg,correios.com.br
http://couchtuner.eu.com/2014/07/switched-at-birth-s3-e16-the-image-disappears.html,couchtuner.eu.com
http://cox.com/aboutus/contact-us/residential-local.cox?campcode=escalation_res_product_contacts_091412,cox.com
http://dantri.com.vn/event-2726/dong-dat-lam-hon-8000-nguoi-chet-tai-nepal/trang-2.htm,dantri.com.vn
http://deadspin.com/5912794/kg-philly-fans-are-fair-weather-inquirer-writer-oh-yeah-bostons-racist,deadspin.com
http://depositphotos.com/34608617/stock-illustration-vector-abstract-3d-road-infographics.html,depositphotos.com
http://digg.com/video/jeopardy-worst-episode-this-is-a-sign-that-humanity-isnt-long-for-this-world,digg.com
http://diply.com/videosworthsharing/blake-little-preservation-photo-shoot-honey/105537,diply.com
http://distractify.com/post/related/id/554bbd6c4a0c4b3045066a7e/skip/10/limit/10/back/0,distractify.com
http://doodle.com/no/premium?utm_source=doodle&utm_medium=home&utm_campaign=premiumHome,doodle.com
http://dribbble.com/shots/981575-Final-Rocket-Planet-Logo-Guidelines/attachments/114031,dribbble.com
http://dropbooks.tv/search/index/word:%E3%82%B9%E3%83%88%E3%83%83%E3%82%AD%E3%83%B3%E3%82%B0,dropbooks.tv
https://ecnavi.jp/global/combo/combo.php?type=css&path=ecnavi%7Cglobal%2Fcss%2Fglobal%2Cecnavi%7Ccard_plus%2Fcss%2Fstyle%2Cecnavi%7Ccard_plus%2Fcss%2Fcommon%2Cecnavi%7Ccard_plus%2Fspec%2Fcss%2Fspec&update=20150424144605,ecnavi.jp
https://eksisozluk.com/?q=i%c5%9fsizlik+yok+i%c5%9f+be%c4%9fenmiyorlar%2f%2351255381,eksisozluk.com
http://elcomercio.pe/vamos/mundo/marea-alta-conoce-otro-lado-venecia-noticia-1810348?ref=portada_vamos&ft=destacados&e=foto_3,elcomercio.pe
http://elevenia.co.id/loyalty/AuthMallPointGiftDtls/getMallPointDtls.do?isSSL=Y&CHOICEMENU=B02,elevenia.co.id
http://elitedaily.com/life/motivation/growing-doesnt-come-age-experience-effort/959027/,elitedaily.com
http://emgn.com/entertainment/amazing-illusions-created-using-a-mirror-14-pictures/,emgn.com
http://espn.go.com/espn/story/_/page/Anniversary-Top20Athletes/20th-anniversary-top-20-athletes,espn.go.com
http://esporte.uol.com.br/ultimas-noticias/2015/05/13/apos-reportagem-do-uol-jovem-de-18-anos-deixa-o-ministerio-do-esporte.htm,esporte.uol.com.br
http://europa.eu/about-eu/agencies/regulatory_agencies_bodies/policy_agencies/easa/index_en.htm,europa.eu
http://evernote.com/intl/de/register/?upgrade=plus&itemCode=plus-1year&offer=www_pricing_CTA,evernote.com
http://extratorrent.cc/torrent_download/4190540/Award+Keylogger+Pro+3.9+%2B+Keygen+%2B+100%25+Working.torrent,extratorrent.cc
http://fanpage.gr/family/antras/5-%ce%bb%cf%8c%ce%b3%ce%bf%ce%b9-%cf%80%ce%bf%cf%85-%ce%bf%ce%b9-%ce%ac%ce%bd%cf%84%cf%81%ce%b5%cf%82-%cf%80%cf%81%ce%bf%cf%84%ce%b9%ce%bc%ce%bf%cf%8d%ce%bd-%cf%84%ce%b9%cf%82-%ce%ba%ce%bf%ce%bd%cf%84/,fanpage.gr
http://fazenda.gov.br/divulgacao/noticias/2015/maio/levy-destaca-importancia-da-aprovacao-de-ajustes-para-o-equilibrio-fiscal-do-pais/sendto_form,fazenda.gov.br
http://filehippo.com/es/download_drivereasy/download/9ed15b1636a5494dede910331f8552ba/,filehippo.com
http://fishki.net/auto/1531047-avtomobili-kotorye-tozhe-mogli-by-byt-v-filme-bezumnyj-maks.html?from=trend,fishki.net
http://fortune.com/2014/11/17/snapchat-now-lets-you-send-money-to-your-friends/?utm_content=bufferad898&utm_medium=social&utm_source=facebook.com&utm_campaign=buffer,fortune.com
http://gawker.com/5989088/watch-marco-rubio-show-support-for-rand-pauls-filibuster-by-quoting-wiz-khalifa-the-godfather-and-jay-z,gawker.com
http://genius.com/5222558/Ol-dirty-bastard-never-before-seen-ol-dirty-bastard-raw-and-uncut-interview/Raw,genius.com
http://getpocket.com/blog/2014/09/were-partnering-with-bridge-and-expanding-our-design-team/,getpocket.com
http://giphy.com/services/oembed/?url=http://media.giphy.com/media/dTEWZ5T52sPug/giphy.gif,giphy.com
http://gizmodo.com/5022590/democratic-convention-protestors-will-be-blasted-with-ray-guns-and-sticky-goo,gizmodo.com
https://www.gov.uk/government/policies/climate-change-impact-in-developing-countries,gov.uk
http://grantland.com/the-triangle/mlb-awards-week-isnt-over-until-we-say-its-over-so-here-are-five-fake-honors/?print=1,grantland.com
http://graphicriver.net/item/12-light-leak-polygonal-background-textures-2/11424888,graphicriver.net
http://gtbank.com/personalbanking/products/savings-and-investments/smart-kids-save-account,gtbank.com
http://haberler.com/turk-gemisine-saldiriyi-tobruk-hukumeti-ustlendi-7298447-haberi/,haberler.com
http://hdfcbank.com/personal/products/cards/debit-cards/easyshop-titanium-royale-debit-card,hdfcbank.com
http://himado.in/?keyword=%E3%82%BB%E3%83%BC%E3%83%A9%E3%83%BC%E3%83%A0%E3%83%BC%E3%83%B3,himado.in
http://hollywoodlife.com/2015/05/13/kim-kardashian-vs-scarlett-johansson-which-starlet-physically-perfect-golden-ratio-greeks/,hollywoodlife.com
https://hootsuite.com/ja-jp/%E3%81%AB%E3%81%A4%E3%81%84%E3%81%A6/%E3%82%AD%E3%83%A3%E3%83%AA%E3%82%A2,hootsuite.com
http://hubpages.com/hub/How-to-Open-Your-Toyota-Prius-Trunk-When-Your-Battery-is-Dead,hubpages.com
http://icicibank.com/Personal-Banking/offers/offer-detail.page?id=offer-ccd-frappe-offer-20151205173230134,icicibank.com
http://iconosquare.com/contest/wmh/berlinliestbinooki---der-literarische-foto-contest,iconosquare.com
https://ifttt.com/recipes/183950-log-my-fitbit-sleep-stats-to-a-spreadsheet-in-google-drive,ifttt.com
http://indianexpress.com/article/cities/chandigarh/worlds-biggest-helicopter-launched-to-aid-rescue-operations-in-jk/,indianexpress.com
http://ink361.com/app/users/ig-364029237/euro_sport_/photos/ig-984096599129077812_364029237,ink361.com
https://instagram.com/oauth/authorize?client_id=d9494686198d4dfeb954979a3e270e5e&redirect_uri=http%3A%2F%2Ficonosquare.com%3FredAftLog%3Dhttp%253A%252F%252Ficonosquare.com%252Ftag%252Fsmm&response_type=code&scope=likes+comments+relationships,instagram.com
http://interpark.com/product/MallDisplay.do?_method=Detail&sc.shopNo=0000100000&sc.dispNo=001930&sc.prdNo=3028187092&bm1=mid&bm2=hotsale_prd,interpark.com
http://io9.com/dueling-movies-two-films-about-the-same-thing-at-the-s-1498145766/layer/,io9.com
http://irecommend.ru/content/chekhol-dlya-mobilnogo-telefona-aliexpress-snake-pattern-back-cover-iphone-5,irecommend.ru
http://jalopnik.com/north-korea-still-owes-393-000-000-for-volvos-it-bough-1629521713/+laceydonohue,jalopnik.com
http://jezebel.com/how-to-have-sex-while-dressed-for-the-victorias-secret-1464663515/layer/,jezebel.com
http://kakaku.com/outdoor/camp-grill/ranking_6587/pricedown/div-gpt-ad-k/header_text,kakaku.com
http://katproxy.com/learn-french-language-ebooks-audio-book-mega-collection-t6667751.html,katproxy.com
http://kenh14.vn/la-cool/sieu-dong-ho-bo-tui-tri-gia-85-ti-dong-co-the-chay-duoc-1000-nam-20140314032244405.chn,kenh14.vn
http://khabaronline.ir/(X(1)S(0vpjhjtd02z3pdvgdfyukshr))/detail/416218/Politics/parties,khabaronline.ir
http://kickass.to/kmspico-v10-0-4-office-and-windows-activator-techtools-t9934404.html,kickass.to
http://kienthuc.net.vn/tin-tuc/chum-anh-truong-hoc-gan-rao-sat-ngan-hs-tu-tu-trong-ky-thi-486485.html,kienthuc.net.vn
http://kotaku.com/shaquille-oneal-wants-to-make-another-video-game-1538134905/templates/closure/,kotaku.com
https://lastpass.com/newwpsite/wp-content/themes/lastpass/css/fonts/ss-standard/webfonts/ss-standard.css,lastpass.com
http://lifehacker.com/5828747/how-to-build-a-computer-from-scratch-the-complete-guide?tag=nightschool,lifehacker.com
http://likemag.com/en/she-ordered-beautiful-dress-online-what-she-got-instead-shocked-her,likemag.com
http://marvel.com/news/tv/24124/declassifying_marvels_agents_of_shield_who_you_really_are,marvel.com
http://mashable.com/category/social-media/2015/05/04/thankskindly-military-appreciation,mashable.com
http://maybank2u.com.my/mbb_info/m2u/public/personalDetail04.do?cntTypeId=1&cntKey=HL15.04.29b&programId=HI-Highlights&newsCatId=/mbb/Highlights/2015&chCatId=/mbb/Business,maybank2u.com.my
http://mediaset.it/topcrime/ditelavostra/vota/42/qual-e-la-vostra-serie-tv-preferita-di-topcrime.shtml?page=,mediaset.it
https://medium.com/dan-sanchez/freddie-gray-and-the-western-district-way-c9e99bf13764?source=latest,medium.com
http://megogo.net/ru/news/view/1839481-mel-gibson-udivil-poklonnikov-na-premere-bezumnogo-maksa.html,megogo.net
http://metro.co.uk/2015/05/13/chris-hemsworths-packing-an-impressive-package-in-the-first-trailer-for-national-lampoon-reboot-vacation-5188215/,metro.co.uk
http://mic.com/articles/101506/marvel-s-newest-superhero-is-combating-stereotypes-in-the-best-way,mic.com
http://mirtesen.ru/composition/20899417407?utm_campaign=composition&utm_source=mirtesen&utm_medium=page_1,mirtesen.ru
https://mixi.jp/static/ssl/js/jp/mixi/analysis/google_analytics/eventtracker.js?1427195691,mixi.jp
http://momoshop.com.tw/category/LgrpCategory.jsp?l_code=2114000000&Area=tooth&FTOOTH=21&mdiv=1000900000-bt_5_023_01&ctype=B,momoshop.com.tw
http://motthegioi.vn/xa-hoi/thoi-su-xa-hoi/bo-truong-kim-tien-de-nghi-cam-hut-thuoc-la-trong-dam-cuoi-dam-tang-187898.html,motthegioi.vn
http://moviepilot.com/posts/2015/05/11/kylie-jenner-did-not-say-she-was-high-as-f-k-on-video-except-she-totally-did-2925083,moviepilot.com
http://myegy.to/WrestlingShow/225413/%D9%85%D8%AA%D8%B1%D8%AC%D9%85_WWE_Monday_Night_Raw_11_05_2015_720p_HDTV,myegy.to
http://mylust.com/videos/50983/shameless-arab-whore-sucked-my-stiff-cock-like-crazy/,mylust.com
https://myspace.com/article/2015/5/1/avengers-age-of-ultron-276-million-thursday-night,myspace.com
http://nesn.com/2015/03/ufc-184-results-ronda-rousey-downs-cat-zingano-in-record-time-video/,nesn.com
http://nguyentandung.org/bao-cao-dang-chu-y-ve-tinh-hinh-dia-chinh-tri-a-au-cua-stratfor-my.html,nguyentandung.org
http://www.nhs.uk/Conditions/pregnancy-and-baby/Pages/serious-conditions-special-needs.aspx,nhs.uk
http://noticias.uol.com.br/saude/ultimas-noticias/redacao/2015/05/13/medidas-atuais-sao-suficientes-para-conter-epidemia-de-dengue-diz-ms.htm,noticias.uol.com.br
http://nymag.com/thecut/2015/05/solange-and-drake-partied-hard-this-week/slideshow/2015/05/08/party_pics_may_82015,nymag.com
http://nypost.com/2015/05/12/the-best-gut-busting-dishes-to-try-at-harlems-new-food-fest/?share=email,nypost.com
http://olx.co.id/i2/hobi-olahraga/olahraga/bulutangkis-tennis/hobi-olahraga/olahraga/bulutangkis-tennis,olx.co.id
http://olx.in/hi/m/changelang/?lang=en&l=http%3A%2F%2Folx.in%2Fm%2Fall-results%2F%3Fq%3D,olx.in
http://olx.pl/i2/muzyka-edukacja/ksiazki/literatura/muzyka-edukacja/ksiazki/literatura,olx.pl
http://olx.ro/i2/servicii-afaceri-colaborari/servicii-auto-transporturi/servicii-auto/servicii-afaceri-colaborari/servicii-auto-transporturi/servicii-auto,olx.ro
http://olx.ua/uk/list/q-%d0%ba%d0%b2%d0%b0%d1%80%d1%82%d0%b8%d1%80%d0%b0/bIE64RPKp0urlDE3vSbHw8dRLeUY1kOFK2_KOEmw9UT.A7/,olx.ua
http://onedio.com/haber/engelli-yerine-park-eden-insanlara-hayati-boyunca-unutamayacagi-bir-ders-veren-carpici-uygulama-499614,onedio.com
http://oneplus.net/support/answer/does-oneplus-collect-and-store-my-credit-card-details,oneplus.net
http://otomoto.pl/osobowe/skoda/octavia/i-1996-2011/?search%5Bfilter_enum_metallic%5D%5B0%5D=1,otomoto.pl
http://patch.com/new-jersey/brick/40-dogs-rescued-deplorable-conditions-responding-well-rescue-groups-say-0/,patch.com
https://paytm.com/blog/paytm-offer-for-app-users-get-upto-rs-50-cash-back/?share=email,paytm.com
http://perezhilton.com/2015-05-13-blac-chyna-tyga-custody-battle-parenting-jealousy-kylie-jenner/?from=featured,perezhilton.com
http://persianblog.ir/tags/45323/%d8%a7%d9%85%d8%a7%d9%85_%d9%87%d8%a7%d8%af%db%8c/,persianblog.ir
http://pikabu.ru/tag/%D1%87%D1%83%D0%B2%D0%B0%D0%BA%20%D0%B8%D0%B7%20%D0%A2%D1%83%D0%BB%D1%8B/hot,pikabu.ru
http://pinterest.com/pin/create/button/?url=http://allrecipes.com/Recipe/Awesome-Pasta-Salad/Detail.aspx&description=Awesome%20Pasta%20Salad%20Allrecipes.com&media=http://media-cache-ec0.pinimg.com/600x/e5/42/c4/e542c436451b201b28f16fd06b7f29e1.jpg,pinterest.com
http://pitchfork.com/news/59570-thee-oh-sees-stream-new-album-mutilator-defeated-at-last/,pitchfork.com
http://plarium.com/fr/jeux-de-strategie/sparta-war-of-empires/actualites/un-coeur-d-acier/,plarium.com
http://pornsharing.com/ladies-get-their-asses-fucked-from-behind-by-james-deen_v77741,pornsharing.com
https://prezi.com/support/article/sharing/sharing-a-prezi-from-your-iphone-or-ipad/,prezi.com
https://privatbank.ua/ua/pokupka-zheleznodorozhnyh-avtobusnyh-aviabiletov-po-besplatnomu-telefonu-3700/gtm.start,privatbank.ua
http://putlocker.is/watch-geordie-shore-tvshow-season-1-episode-3-online-free-putlocker.html,putlocker.is
https://quizlet.com/sign-up?redir=https%3A%2F%2Fquizlet.com%2F6396803%2Fmetric-prefixes-flash-cards%2F,quizlet.com
http://qz.com/395278/if-nigeria-shut-down-local-south-african-businesses-who-would-it-hurt-more/,qz.com
http://ringring.vn/ky-duyen-buon-vi-bi-che-gia-tao-khi-mua-dua-hau-cho-nguoi-dan-115974.html,ringring.vn
http://rocketnews24.com/tag/%e4%b8%ad%e5%9b%bd%e5%bc%8f%e8%87%aa%e6%92%ae%e3%82%8a/,rocketnews24.com
http://rt.com/in-vision/london-victory-day-celebrations/central-anniversary-victory-europe/,rt.com
http://sberbank.ru/portalserver/sb-portal-ru/ru/s_m_business/bankingservice/remoteservice/mobile,sberbank.ru
http://screenrant.com/marvel-netflix-deal-tv-shows-daredevil-luke-cage-iron-fist-jessica-jones/2/,screenrant.com
http://searchengineland.com/local-experts-say-relevance-citations-important-authority-216537,searchengineland.com
http://seasonvar.ru/serial-5494-Zvezdnyj_Krejser_Galaktika_-_Krov__i_Hrom_-1-season.html,seasonvar.ru
http://seekingalpha.com/article/3178956-its-hard-to-go-wrong-with-johnson-and-johnson,seekingalpha.com
http://seesaawiki.jp/pathofexile/d/%a5%b9%a5%c6%a1%bc%a5%bf%a5%b9%a4%c8%a5%c0%a5%e1%a1%bc%a5%b8%a4%ce%b7%d7%bb%bb,seesaawiki.jp
http://serverfault.com/questions/390313/connection-from-apache-to-tomcat-via-mod-jk-not-working,serverfault.com
http://sfglobe.com/2015/03/24/150-dead-after-plane-crashes-in-the-french-alps/?src=home_feed,sfglobe.com
http://shareba.com/index.php?do=/mobile/event/347/%E5%85%8D%E8%B2%BB%E5%8F%83%E5%8A%A0%E5%A5%B3%E4%BA%BA%E4%B8%8B%E5%8D%88%E8%8C%B6-%E9%82%84%E5%8E%9F%E6%99%82%E5%85%89%E5%AF%86%E7%A2%BC/,shareba.com
http://skyrock.com/videos/eDJwODRhNzoxMw==-bug-1187-moi-ma-famille.html?top=3&period=recent,skyrock.com
http://slashdot.org/submission/1222214/iipa-cries-foul-over-indias-copyright-proposal,slashdot.org
http://slickdeals.net/f/7854701-5qt-mobil-1-5w-30-full-synthetic-motor-oil-12-after-12-rebate,slickdeals.net
http://smallseotools.com/blog/essential-terms-that-every-online-business-owner-needs-to-know/,smallseotools.com
http://sourceforge.net/directory/add_facet_filter?facet=license&constraint=Creative+Commons+Attribution+License+%3A%3A+Creative+Commons+Attribution+ShareAlike+License+V3.0,sourceforge.net
http://spankbang.com/4ze1/video/brunette+with+big+boobs+fucked+in+a+cellar+public+agent,spankbang.com
http://sprint.com/business/solutions/sprint_enablers/index.html?INTNAV=ATG:HE:SPEnablers,sprint.com
http://squarespace.com/press/2014/6/3/squarespace-how-to-grow-a-company-from-30k-to-38m,squarespace.com
http://stackexchange.com/work-here/82/developer-marketing-lead-developer-evangelist,stackexchange.com
http://stackoverflow.com/questions/30226127/forwarding-to-index-php-in-iis?answertab=active,stackoverflow.com
http://steamcommunity.com/gid/103582791430075519/announcements/detail/1841141577905603617,steamcommunity.com
http://superuser.com/questions/199377/can-we-use-msi-diamond-p45-in-the-default-complection-with-no-watercooling,superuser.com
http://syosetu.com/searchuser/search/index.php?name1st=%E3%82%86&all=1&all2=1&all3=1&all4=1&p=10,syosetu.com
http://taboola.com/sites/default/files/css/css_i4fCkr4Lzq8K7CdSphj47e-Cd4NkNUZ-kKSgIJoTbak.css,taboola.com
http://techcrunch.com/2014/01/21/keen-on-slava-rubin-how-indiegogo-is-reinventing-capitalism/,techcrunch.com
http://teespring.com/en-GB/atp-shirt-sport-men?utm_campaign=atp-shirt-sport-men&utm_medium=oembed&utm_source=wordpress,teespring.com
http://telegraf.com.ua/ukraina/obshhestvo/1887556-mamchur-o-fortifikatsionnyih-sooruzheniyah-v-rayone-shirokino.html,telegraf.com.ua
http://thechive.com/2015/03/17/motor-boat-your-screen-with-these-sexy-3d-gifs-10-gifs/,thechive.com
http://themeforest.net/item/wordpress-directory-theme-listify/full_screen_preview/9602611,themeforest.net
http://thenextweb.com/apple/2011/05/10/carousel-is-quite-literally-the-most-beautiful-instagram-experience-for-your-mac/gtm.js,thenextweb.com
http://tinnhanh360.net/how-dude-son-tung-m-tp-kenny-sang-khong-dep-trai-bang-le-roi.html,tinnhanh360.net
http://tobogo.net/cdsb/board.php?board=qatorrent&bm=view&no=2704&category=&auth=&page=,tobogo.net
http://torcache.net/torrent/2E770D301DF6655FB48D7593BB3B84C9C056F59E.torrent?title=[kickass.to]mad.men.s07e05.720p.hdtv.x264.dimension.eztv,torcache.net
http://torrentdn.com/bbs/s.php?bo_table=torrent_movie&wr_id=161250&k=%EB%B6%84%EB%85%B8&page=1,torrentdn.com
https://tsite.jp/login/index.pl?xpg=PCUI0401&ret=https%3a%2f%2ftsite%2ejp%2fresearch%2findex%2epl,tsite.jp
https://tune.pk/video/6037161/that-friend-who-takes-forever-to-open-the-door-by-danish-ali,tune.pk
http://tunein.com/radio/Science-News-g3137/15480783/ca-pub-1542925551861702/TuneInSearch,tunein.com
http://twitter.com/home?status=%E3%83%8C%E3%81%91%E3%82%8B%EF%BC%81%E3%80%90%E3%82%A2%E3%83%8B%E3%83%A1%E3%80%91+http%3A%2F%2Fero-video.net%2Ft%2FpWHikfhY5yXXSpTl+%E6%B2%B3%E5%8E%9F%E5%B4%8E+%E7%9C%9F%E6%A8%B9+%23ero+%23douga+%23agesage,twitter.com
http://udn.com/news/story/7332/900299-%E5%BE%A9%E4%BB%87%E8%80%85%E8%81%AF%E7%9B%9F2%E7%A5%9E%E7%BF%BB%E8%AD%AF-%E5%A4%A7%E5%A4%A5%E7%AC%91%E7%98%8B%E4%BA%86,udn.com
http://unity3d.com/sites/default/files/js/js_Lc73vWGWB_fLSihjqDYJ9uvnMUvPHwqsf42iIZZC_Og.js,unity3d.com
http://uproxx.com/music/2015/02/watch-drake-katy-perry-ariana-grande-and-more-musicians-read-mean-tweets-about-themselves-on-kimmel/,uproxx.com
http://variety.com/2015/film/news/night-gardener-movie-jonathan-auxier-disney-1201489904/,variety.com
http://venturebeat.com/2014/02/28/friday-stumper-find-all-of-apples-23-acquisitions-from-the-past-16-months/,venturebeat.com
http://vnexpress.net/tin-tuc/thoi-su/giam-doc-thau-don-vi-tu-van-metro-bi-phe-binh-sau-su-co-sap-cau-3218007.html,vnexpress.net
http://web.de/magazine/unterhaltung/tv-film/avengers-age-of-ultron/coolste-superheld-30591976,web.de
http://web.tv/liveCategory/12/language/1/index/changeLanguage/newshared/searchAutoComplete,web.tv
http://wikimapia.org/32988028/ru/%D0%9A%D0%BE%D0%BC%D0%BC%D0%B5%D1%80%D1%86%D0%B8%D1%8F-251%D0%BC-%D0%9F%D1%80%D0%BE%D0%B4%D0%B0%D0%B5%D1%82%D1%81%D1%8F,wikimapia.org
http://wikiwiki.jp/sample/?%A5%BF%A5%A4%A5%E0%A5%B9%A5%BF%A5%F3%A5%D7%A4%F2%B9%B9%BF%B7%A4%BB%A4%BA%A4%CB%A1%D6%A5%DA%A1%BC%A5%B8%A4%CE%B9%B9%BF%B7%A1%D7%A4%F2%A4%B9%A4%EB,wikiwiki.jp
https://wordpress.org/showcase/wp-content/plugins/jetpack/css/jetpack.css?ver=3.3.3,wordpress.org
http://worldoftanks.ru/ru/content/guide/general/tank-crew-training-and-qualifications/,worldoftanks.ru
http://wpengine.com/support/i-noticed-revisions-are-disabled-why-also-how-do-i-enable-them/,wpengine.com
http://xhamster.com/movies/4578227/black_babe_fucked_by_white_dude_interracial_sex.html,xhamster.com
http://xossip.com/forumdisplay.php?s=1a0185aef96dc82d1f523a00d7134802&f=29&sort=voteavg,xossip.com
http://xvideo-jp.com/archives/category/%e5%90%89%e6%b0%b8%e3%81%82%e3%81%8b%e3%81%ad,xvideo-jp.com
http://yourlust.com/videos/blonde-girlie-with-small-tits-plays-with-strawberry-and-whipped-cream.html,yourlust.com
http://zozo.jp/shop/ahkah/?price=proper&p_ssy=2015&p_ssm=5&p_ssd=13&p_sey=2015&p_sem=5&p_sed=13&dstk=2,zozo.jp
http://1337x.to/torrent/959960/Marvels-Agents-of-S-H-I-E-L-D-S02E04-HDTV-x264-KILLERS-ettv/,1337x.to
https://500px.com/photo/13963635/aoraki-mont-cook-and-tasman-lake-valley-by-tristan-shu?from=set&set_id=316267,500px.com
http://9gag.tv/p/aKjXXg/blind-man-dropped-wallet-if-people-would-steal-it-stunning-social-experiment,9gag.tv
http://abc.go.com/shows/general-hospital/episode-guide/2015-05/08-friday-may-8-2015,abc.go.com
http://abcnews.go.com/US/wireStory/latest-protesters-seek-walkout-wisconsin-shooting-31008179,abcnews.go.com
https://ahrefs.com/content-explorer/overview/v3/table/all/all/1/gplus_desc?topic=site%3Awww.boredpanda.com,ahrefs.com
http://akhbarelyom.com/news/ArticleSectionList/273/1/%D8%AE%D8%A7%D9%84%D8%AF-%D8%AC%D8%A8%D8%B1.html,akhbarelyom.com
http://aljazeera.net/Home/GetPage/f6451603-4dff-4ca1-9c10-122741d17432/780ebefe-6eb7-4c62-a09a-9a6019de3311,aljazeera.net
http://allegro.pl/hydraulika-i-armatura-lazienka-i-toaleta-46122?ref=simplified-category-tree,allegro.pl
http://allrecipes.com/Features/Menu-Planner-2.aspx?lnkid=arm1001&soid=toprightmerch,allrecipes.com
http://ameblo.jp/summary/keyword/%E5%A5%B3%E5%AD%90%E3%82%B5%E3%83%83%E3%82%AB%E3%83%BC,ameblo.jp
http://ap.org/Content/Press-Release/2013/First-in-depth-study-into-video-news-consumption-reveals-high-levels-of-consumer-demand,ap.org
https://archive.org/search.php?query=mediatype:texts&sort=-publicdate&and[]=subject%3A%22The%20Sydney%20Morning%20Herald%22,archive.org
http://arstechnica.com/business/2015/05/broadband-industry-fears-come-true-fcc-rules-are-costing-them-money/,arstechnica.com
http://askubuntu.com/questions/546739/after-upgrade-from-12-04-to-14-04-automount-cd-dvd-not-working-with-error,askubuntu.com
http://atwiki.jp/wiki/%E3%82%B5%E3%82%A4%E3%83%90%E3%83%BC%E3%83%89%E3%83%A9%E3%82%B4%E3%83%B3%20%E3%83%84%E3%83%B4%E3%82%A1%E3%82%A4%20%E3%82%BF%E3%83%83%E3%82%B0%E3%83%95%E3%82%A9%E3%83%BC%E3%82%B9%EF%BC%96,atwiki.jp
http://auto.ru/cars/bmw/5er/all/?search%5Bstate%5D=1&search%5Bperiod%5D=0&search%5Bcustom%5D=1&search%5Bsection_id%5D=0&search%5Bmark%5D%5B0%5D=30&search%5Bmark-folder%5D%5B0%5D=30-384_4445,auto.ru
http://avxhome.se/video/Format/documentary/Discovery_Channel-Greensburg_A_Story_of_Community_Rebuilding_2008.html,avxhome.se
http://babal.net/books/view/562/%D9%85%D8%B9%D9%84%D9%88%D9%85%D8%A7%D8%AA-%D8%B9%D9%86---%D9%83%D8%AA%D8%A7%D8%A8-%D9%85%D8%AC%D9%84%D8%A9-%D8%A7%D9%84%D9%85%D8%B9%D9%84%D9%88%D9%85%D8%A7%D8%AA-3,babal.net
http://bdnews24.com/world/2015/05/14/at-least-five-killed-in-attack-on-kabul-guest-house,bdnews24.com
http://bestblackhatforum.com/Thread-High-PR-Web-2-0-Properties--206517?action=newpost,bestblackhatforum.com
http://bigcinema.tv/tag/%D0%9C%D0%B0%D1%80%D0%B8%D1%8D%D1%82%D1%82%D0%B0%20%D0%A6%D0%B8%D0%B3%D0%B0%D0%BB%D1%8C-%D0%9F%D0%BE%D0%BB%D0%B8%D1%89%D1%83%D0%BA,bigcinema.tv
http://bleacherreport.com/articles/2460557-who-has-the-best-starting-rotation-in-mlb-today,bleacherreport.com
http://bongda88.info/category/bong-da/bong-da-quoc-te/bong-da-ngoai-hang-anh/page/3/,bongda88.info
http://buzzfil.net/article/5684/lol/voici-la-preuve-que-les-japonais-sont-les-rois-de-la-camera-cachee-2.html?href=inner_website,buzzfil.net
http://caixa.gov.br/voce/poupanca-e-investimentos/?pk_campaign=cross&pk_kwd=L12I135,caixa.gov.br
http://censor.net.ua/photo_news/335504/v_marinke_zaderjan_korrektirovschik_ognya_dnr_foto,censor.net.ua
https://chaturbate.com/tipping/spy_on_private_show_tokens_per_minute/hidden_passions/,chaturbate.com
http://cheezburger.com/70978049/video-game-news-attack-titan-game-character-trailer?ref=rightarrow&siteId=56831,cheezburger.com
http://ck101.com/forum.php?mod=misc&action=recommend&do=add&tid=3256546&hash=b5160424,ck101.com
http://clien.net/cs2/bbs/register.php?url=%2Fcs2%2Fbbs%2Fboard.php%3Fbo_table%3Dcm_dia,clien.net
http://codecanyon.net/item/social-match-premium-dating-script/full_screen_preview/11281271,codecanyon.net
http://codepen.io/api/oembed?url=http%3A%2F%2Fcodepen.io%2Fbennettfeely%2Fpen%2FrxoAc&format=json,codepen.io
http://comicbook.com/2015/04/14/video-deadpool-gets-in-the-face-of-negasonic-teenage-warhead/,comicbook.com
http://conservativetribune.com/video-russian-deputy-pm-openly-laughs-at-obamas-sanctions/,conservativetribune.com
http://cookpad.com/login?rt=%2Ftsukurepo%2Fpost%3Fpage_type%3D3%26recipe_id%3D424329,cookpad.com
http://correios.com.br/Para-governo/tribunais-e-poder-judiciario/documentos-e-correspondencias/copy_of_e-carta-1,correios.com.br
http://couchtuner.eu.com/2014/01/the-big-bang-theory-s7-e13-the-occupation-recalibration.html,couchtuner.eu.com
http://cox.com/aboutus/contact-us/residential-local-chat.cox?campcode=escalation_res_article_chat_091412,cox.com
http://dantri.com.vn/event-2648/vu-giai-cuu-con-tin-nghet-tho-tai-sydney/trang-2.htm,dantri.com.vn
http://deadspin.com/5974106/add-slovakia-to-the-list-of-places-nhlers-would-rather-play-than-long-island,deadspin.com
http://depositphotos.com/login.html?url=%2F6841886%2Fstock-photo-father-and-son-having-breakfast.html,depositphotos.com
http://digg.com/video/we-watched-this-pass-at-least-20-times-and-were-still-confused,digg.com
http://diply.com/videosworthsharing/dance-wow-ballet-couple-beautiful-stunning/125133,diply.com
http://distractify.com/post/related/id/554918b04a0c4b4e5b89ea5e/skip/30/limit/10/back/0,distractify.com
http://doodle.com/cy/premium?utm_source=doodle&utm_medium=home&utm_campaign=premiumHome,doodle.com
http://dribbble.com/shots/550130-1500-Icons/attachments/40700?return_to=/webalys/projects/51088-Minicons,dribbble.com
http://dropbooks.tv/search/index/word:%E3%82%A2%E3%83%AA%E3%83%8E%E3%83%9E%E3%83%9E%E3%83%8E%E3%83%88%E3%82%B7%E3%82%AA,dropbooks.tv
http://ecnavi.jp/redirect/?url=http://px.a8.net/svt/ejp?a8mat=25IRT7+BZNACY+2IQY+BW8O2&a8ejpredirect=http%3A%2F%2Fdom.tavigator.co.jp%2Faffiliate%2Fa8%2Furl%2F%3Frd_url%3Dhttp%253A%252F%252Ftravel.yahoo.co.jp%252Fspecial%252Frenkyu%252Fgw15%252F&id1=%user_id%,ecnavi.jp
https://eksisozluk.com/?q=entry%20ve%20nick%20uyumu&nr=true&rf=entry%20nick%20uyumu,eksisozluk.com
http://elcomercio.pe/mundo/eeuu/dramatico-rescate-indocumentado-llamar-al-911-noticia-1810833,elcomercio.pe
https://elevenia.co.id/login.do?returnURL=%2Fproduct%2FProductQnaForm%2FinsertProductQna.do%3Fflag%3DprdQna&isSSL=Y,elevenia.co.id
http://elitedaily.com/entertainment/celebrity/serbian-pop-star-accuses-beyonce-stealing-style-photos/1028490/,elitedaily.com
http://emgn.com/entertainment/27-pictures-that-show-just-how-spectacular-owls-are-in-the-animal-kingdom/,emgn.com
http://espn.go.com/blog/collegebasketballnation/post/_/id/107216/looking-ahead-maryland-terrapins,espn.go.com
http://esporte.uol.com.br/futebol/campeonatos/brasileiro/serie-a/ultimas-noticias/2015/05/10/cruzeiro-x-corinthians.htm,esporte.uol.com.br
http://europa.eu/about-eu/agencies/regulatory_agencies_bodies/policy_agencies/enisa/index_en.htm,europa.eu
http://evernote.com/intl/pt-br/register/?upgrade=premium&itemCode=premium-1year&offer=www_pricing_CTA,evernote.com
http://extratorrent.cc/torrent_download/4191178/Chappie+%282015%29+HDRip+XviD-MAXSPEED.torrent,extratorrent.cc
http://fanpage.gr/family/antras/20-%ce%b1%ce%bb%ce%ae%ce%b8%ce%b5%ce%b9%ce%b5%cf%82-%cf%80%ce%bf%cf%85-%cf%80%cf%81%ce%ad%cf%80%ce%b5%ce%b9-%ce%bd%ce%b1-%ce%bc%ce%ac%ce%b8%ce%b5%ce%b9-%ce%ad%ce%bd%ce%b1%cf%82-%ce%ac%ce%bd%ce%b4/,fanpage.gr
http://fazenda.gov.br/institucional/conselho-nacional-de-seguros-privados/sendto_form,fazenda.gov.br
http://filehippo.com/it/download_google_chrome/download/534c8eb6a3f3f6253cb20dc4eaec0aa7/,filehippo.com
http://fishki.net/auto/1529882-million-funtov-sterlingov-vysypalsja-na-dorogu.html?from=trend,fishki.net
http://fortune.com/2014/11/11/alibabas-jack-ma-plans-to-take-financial-services-unit-public/,fortune.com
http://gawker.com/5939401/hologram-ronald-reagan-cancelled-for-being-more-interesting-than-mitt-romney,gawker.com
http://genius.com/4933357/Sam-altman-lecture-1-how-to-start-a-startup/Brutally-honest,genius.com
http://getpocket.com/signup?mode=socialmode&t=1&route=http://getpocket.com/p/pocket-topics/sports,getpocket.com
http://giphy.com/services/oembed/?url=http://media.giphy.com/media/xr2eTpqGAmk1y/giphy.gif,giphy.com
http://gizmodo.com/csi-cyber-and-the-sick-killshot-ratio-of-death-1703906435/+AnnaleeNewitz,gizmodo.com
https://www.gov.uk/government/organisations/uk-commission-for-employment-and-skills,gov.uk
http://grantland.com/the-triangle/how-a-handful-of-mocked-and-minimized-signings-propelled-bostons-worst-to-first-comeback/,grantland.com
http://graphicriver.net/item/health-fitness-instagram-templates-10-designs/11418858,graphicriver.net
http://gtbank.com/media-centre/gtbank-in-the-news/14-media/press-releases/548-gtbank-partners-forte-oil-to-increase-gtexpress-locations,gtbank.com
http://haberler.com/galatasaray-mersin-idman-yurdu-nu-1-0-yendi-7303426-haberi-yorumlari/,haberler.com
http://hdfcbank.com/personal/article/know-your-finances-article/hto2kzho/1323950698,hdfcbank.com
http://himado.in/?keyword=%E3%81%95%E3%82%88%E3%81%AA%E3%82%89%E7%B5%B6%E6%9C%9B%E5%85%88%E7%94%9F,himado.in
http://hollywoodlife.com/2015/02/10/taylor-swift-hozier-date-grammy-museum-flirting-exclusive-details/,hollywoodlife.com
https://hootsuite.com/ja-jp/%E8%A3%BD%E5%93%81/%E3%83%97%E3%83%A9%E3%83%83%E3%83%88%E3%83%95%E3%82%A9%E3%83%BC%E3%83%A0,hootsuite.com
http://hubpages.com/topics/education-and-science/astronomy-and-space-exploration/3433,hubpages.com
http://icicibank.com/Personal-Banking/account-deposit/iwish/recurring-deposit-calculator.page,icicibank.com
http://iconosquare.com/contest/ppmq/scream-for-california-ice-cream-instagram-video-contest,iconosquare.com
https://ifttt.com/view_embed_recipe/103249-post-instagram-photos-as-native-twitter-photos,ifttt.com
http://indianexpress.com/article/india/india-others/no-change-in-civil-prelims-pattern-aptitude-test-to-stay-govt/2,indianexpress.com
http://ink361.com/app/users/ig-4717649/andrewknapp/photos/ig-984242998859098196_4717649,ink361.com
https://instagram.com/oauth/authorize?client_id=d9494686198d4dfeb954979a3e270e5e&redirect_uri=http%3A%2F%2Ficonosquare.com%3FredAftLog%3Dhttp%253A%252F%252Ficonosquare.com%252Fviewer.php%2523%252Ffollowings%252F3620456&response_type=code&scope=likes+comments+relationships,instagram.com
http://interpark.com/book/genbookeventaction.do?_method=SerchData&sc.shopNo=0000400000&sc.dispNo=023241&dispCheck=4&prdCnt=50&bookblockname=%ED%85%8C%EB%A7%88%EA%B8%B0%ED%9A%8D&booklinkname=theme1,interpark.com
http://io9.com/an-iceberg-rises-above-the-frozen-water-of-greenlands-n-1701776858/+chris-mills,io9.com
http://irecommend.ru/content/kapsuly-dlya-kofe-mashin-s-kapsulnoi-sistemoi-dolce-gusto-chokochino,irecommend.ru
http://jalopnik.com/the-ten-best-concept-cars-that-made-it-into-production-1468209858,jalopnik.com
http://jezebel.com/this-week-in-tabloids-kim-doesnt-give-a-single-fuck-if-1695054291/templates/closure/,jezebel.com
http://kakaku.com/nursing-care/adult-diaper/div-gpt-ad-k/houseware/nursing-care/adult-diaper/728x90,kakaku.com
http://katproxy.com/unity-asset-dungeon-breaker-starter-kit-v3-0d-akd-t10642249.html,katproxy.com
http://kenh14.vn/star/thanh-hang-nhi-nhanh-chup-anh-selfie-cung-demi-lovato-2015050904154360.chn,kenh14.vn
http://khabaronline.ir/(X(1)S(0vpjhjtd02z3pdvgdfyukshr))/detail/416421/society/problems,khabaronline.ir
http://kickass.to/secret-wars-00-fcbd-2015-c2c-greenmangroup-dcp-cbr-nem-t10595766.html,kickass.to
http://kienthuc.net.vn/de-thi-dap-an/dap-an-de-thi-thu-thpt-quoc-gia-mon-dia-nam-2015-488528.html,kienthuc.net.vn
http://kotaku.com/previously-the-ceo-of-japanese-game-company-imageepoch-1704135995,kotaku.com
https://lastpass.com/signup2.php?ac=1&from_uri=%2Fsignup2.php%3Fac%3D1%26from_uri%3D%252Fsignup2.php%253Fac%253D1%2526from_uri%253D%25252Fsignup2.php%25253Fac%25253D1%252526from_uri%25253D%2525252Fsignup2.php%2525253Fac%2525253D1%25252526from_uri%2525253D%252525252Fsignup2.php%252525253Fac%252525253D1%2525252526from_uri%252525253D%25252525252Fsignup2.php%25252525253Fac%25252525253D1%252525252526from_uri%25252525253D%2525252525252Fsignup2.php%2525252525253Fac%2525252525253D1%25252525252526from_uri%2525252525253D%252525252525252Fsignup2.php,lastpass.com
http://lifehacker.com/5885879/fold-and-pack-your-suits-like-a-dry-cleaner-for-wrinkle+free-portability,lifehacker.com
http://likemag.com/es/tienes-panico-las-agujas-con-este-nuevo-dispositivo-te-sacaran-sangre-sin-ellas,likemag.com
http://marvel.com/news/tv/24429/declassifying_marvels_agents_of_shield_the_dirty_half_dozen,marvel.com
http://mashable.com/category/philadelphia/2008/09/26/presidential-debates-obama-mccain-sites,mashable.com
http://maybank2u.com.my/mbb_info/m2u/public/personalDetail04.do?channelId=&cntTypeId=1&cntKey=HL15.03.10a&programId=HI-Highlights&newsCatId=/mbb/Highlights/2015/03&bp=1&chCatId=/mbb/Personal,maybank2u.com.my
http://mediaset.it/rete4/ditelavostra/risultati/13/tempesta-d-amore-la-storia-piu-bella.shtml?page=,mediaset.it
https://medium.com/@laurensmiley/three-gay-people-from-indiana-explain-what-the-freedom-law-means-to-them-f0f961d45085?source=quoted,medium.com
http://megogo.net/ru/news/view/1839181-desyatki-pogibshih-v-rezultate-novogo-zemletryaseniya-v-nepale.html,megogo.net
http://metro.co.uk/2015/05/13/arsenal-players-santi-cazorla-tomas-rosicky-and-wojciech-szczesny-submit-their-own-eurovision-2015-entries-5196219/,metro.co.uk
http://mic.com/articles/118074/in-one-sentence-prince-harry-just-became-our-unchill-hero,mic.com
http://mirtesen.ru/url?e=simple_click&blog_post_id=43695332932&url=http%3A%2F%2Fsobytiyavmire.com%2Fblog%2F43695332932%2FKitay-podverg-kritike-voennyie-planyi-SSHA,mirtesen.ru
http://mixi.jp/share.pl?u=http://alfalfalfa.com/articles/117867.html&k=e09afc106e473491952cfe324aa83aabe5b07446,mixi.jp
http://momoshop.com.tw/category/LgrpCategory.jsp?l_code=2108300000&Area=tooth&FTOOTH=21&mdiv=1000900000-bt_5_023_03&ctype=B,momoshop.com.tw
http://motthegioi.vn/cau-vong-luc-sac/Clip/fast-and-furious-phien-ban-dong-tinh-nam-174534.html,motthegioi.vn
http://moviepilot.com/posts/2015/05/09/assassin-s-creed-starts-shooting-in-september-according-to-michael-fassbender-2917652,moviepilot.com
http://myegy.to/Programs/226054/%D8%AD%D8%B5%D8%B1%D9%8A%D8%A7_%D8%AA%D8%B9%D9%84_%D9%85_%D8%B9%D9%85%D9%84%D8%A7%D9%82_%D8%A7%D9%84%D8%AA%D8%B5%D9%85%D9%8A%D9%85_%D8%A7%D9%84%D9%85%D9%8A%D9%83%D8%A7%D9%86%D9%8A%D9%83%D9%8A_%D9%81%D9%8A_%D8%A5%D8%B5%D8%AF%D8%A7%D8%B1%D9%87_%D8%A7%D9%84%D8%A3%D8%AD%D8%AF%D8%AB_SolidWorks_2015_%D8%A8%D8%A7%D9%84%D8%B9%D8%B1%D8%A8%D9%8A%D8%A9,myegy.to
http://mylust.com/videos/24198/she-makes-me-horny-in-the-kitchen-and-we-fuck-on-pov-vid/,mylust.com
https://myspace.com/article/2015/5/11/rumor-captain-america-civil-war-funeral-scene,myspace.com
http://nesn.com/2013/04/celtics-will-look-for-spark-from-garden-crowd-as-they-hope-to-salvage-series-video/,nesn.com
http://nguyentandung.org/dai-su-my-ted-osius-tuong-lai-hai-nuoc-viet-my-rat-tuoi-sang.html,nguyentandung.org
http://www.nhs.uk/aboutNHSChoices/professionals/Pages/NHSChoicesforprofessionalshome.aspx,nhs.uk
http://noticias.uol.com.br/tabloide/album/2014/01/06/os-recordes-e-tentativas-de-2014.htm,noticias.uol.com.br
http://nymag.com/thecut/2014/09/grace-jones-performed-in-a-tutu-in-milan/slideshow/2014/09/22/party_pics_milanfashionweek,nymag.com
http://nypost.com/2015/05/12/the-best-gut-busting-dishes-to-try-at-harlems-new-food-fest/,nypost.com
http://olx.co.id/i2/elektronik-gadget/handphone/nokia/elektronik-gadget/handphone/nokia,olx.co.id
http://olx.in/hi/i2/item/deill-vostro-1310-core-2-duo-2-pieces-mint-condition-in-21500-only-IDWjz0d.html,olx.in
http://olx.pl/i2/zwierzeta/akwarystyka/zwierzeta-akwariowe/zwierzeta/akwarystyka/zwierzeta-akwariowe,olx.pl
http://olx.ro/i2/auto-masini-moto-ambarcatiuni/motociclete-scutere-atv/motociclete/auto-masini-moto-ambarcatiuni/motociclete-scutere-atv/motociclete,olx.ro
http://olx.ua/uk/list/q-%D0%B1%D0%BE%D1%81%D0%BE%D0%BD%D0%BE%D0%B6%D0%BA%D0%B8/?page=3,olx.ua
http://onedio.com/haber/hayatina-bir-kere-elif-girmisse-bir-daha-eski-sen-olamayacaginin-15-kaniti-504288,onedio.com
http://oneplus.net/support/answer/can-i-change-my-charger-to-a-u-s-europe-u-k-one-in-my-order,oneplus.net
http://otomoto.pl/oferta/seat-altea-1-9tdi-105km-bjb-stylancealu-16-klimatroniktempomatmultifunkcjabc-ID6y545h.html,otomoto.pl
http://patch.com/california/petaluma/petalumas-tolay-creek-watershed-getting-help-americorps-0/,patch.com
https://paytm.com/blog/paytms-vijay-shekhar-sharma-the-success-story-behind-the-man/,paytm.com
http://perezhilton.com/cocoperez/2014-09-29-mtv-happyland-ryan-rottman-exclusive-photo-shoot,perezhilton.com
http://persianblog.ir/tags/44083/%d9%84%db%8c%d9%84%d9%87_%d8%a7%d9%84%d8%b1%d8%ba%d8%a7%d8%a6%d8%a8/,persianblog.ir
http://pikabu.ru/tag/%D0%BF%D0%BB%D0%B5%D0%BC%D1%8F%D0%BD%D0%BD%D0%B8%D1%86%D0%B0%20%D0%BF%D1%80%D0%BE%D1%81%D1%82%D0%B8%D1%82%D1%83%D1%82%D0%BA%D0%B0/hot,pikabu.ru
http://pitchfork.com/features/articles/9467-wax-and-wane-the-tough-realities-behind-vinyls-comeback/,pitchfork.com
http://plarium.com/es/juegos-de-estrategia/stormfall-age-of-war/noticias/completa-nuevas-misiones-de-liga/,plarium.com
http://pornsharing.com/handcuffed-prisoner-gets-his-big-black-dick-sucked-by-angelik-duval_v72019,pornsharing.com
https://prezi.com/support/article/account/how-much-and-when-will-i-be-charged/?lang=en,prezi.com
https://privatbank.ua/ua/business/otraslevyje-reshenija-dlya-biznesa/uslugi-dlya-horeca/js/PIE.htc,privatbank.ua
http://putlocker.is/watch-life-of-ryan-caretaker-manager-online-free-putlocker.html,putlocker.is
https://quizlet.com/login?redir=https%3A%2F%2Fquizlet.com%2Fhelp%2Ffaq-is-my-mic-not-working,quizlet.com
http://qz.com/403718/in-condemning-saida-grundy-bu-abandons-the-legacy-of-its-most-esteemed-alumnus-dr-martin-luther-king-jr/,qz.com
http://ringring.vn/co-gai-17-tuoi-bi-bat-giu-ep-lam-no-le-tinh-duc-hon-10-ngay-118136.html,ringring.vn
http://rocketnews24.com/tag/%e3%83%a9%e3%83%b3%e3%83%81%e3%83%91%e3%83%83%e3%82%ab%e3%83%bc/,rocketnews24.com
http://rt.com/in-vision/ukraine-marks-chernobyl-disaster/plant-chernobyl-nuclear-power/,rt.com
http://sberbank.ru/portalserver/sb-portal-ru/ru/s_m_business/bankingservice/remoteservice/tablet,sberbank.ru
http://screenrant.com/batman-vs-superman-difference-between-ben-affleck-christian-bale/?replytocom=1531367,screenrant.com
http://searchengineland.com/library/search-marketing/search-marketing-local-search-marketing,searchengineland.com
http://seasonvar.ru/serial-10928-National_Geographic_Ispytajte_svoj_mozg-3-season.html,seasonvar.ru
http://seekingalpha.com/author/life-sciences-report/research?source=follow_top_learn_more,seekingalpha.com
http://seesaawiki.jp/w/tag_guide/d/%b3%b0%c9%f4%a5%b5%a5%a4%a5%c8%a4%d8%a4%ce%a5%ea%a5%f3%a5%af,seesaawiki.jp
http://serverfault.com/questions/249622/allow-facebook-access-only-in-specific-hours-of-the-day-with-squid,serverfault.com
http://sfglobe.com/2015/04/27/she-transforms-her-life-after-watching-an-episode-of-oprah/,sfglobe.com
http://shareba.com/module/user/static/jscript/login.js?v=1bdefddca5f39810cfb31de087fe3c88,shareba.com
http://skyrock.com/r?url=http%3A%2F%2Fwww.everytruckjob.com%2FStates%2FCalifornia.html,skyrock.com
http://slashdot.org/submission/2538681/many-watering-holes-targets-in-hacks-that-netted-facebook-twitter-and-apple,slashdot.org
http://slickdeals.net/f/7853019-cap-barbell-fuel-pureformance-push-up-bars-pair-8-16-free-in-store-pickup?src=pdw,slickdeals.net
http://smallseotools.com/blog/how-to-improve-customer-engagement-with-content-marketing/,smallseotools.com
http://sourceforge.net/directory/business-enterprise/add_facet_filter?facet=os&constraint=Grouping+and+Descriptive+Categories+%3A%3A+OS+Portable+%28Source+code+to+work+with+many+OS+platforms%29,sourceforge.net
http://spankbang.com/4m48/video/office+4+play+veronica+avluv+ava+addams+francesca+le+and+vanilla+devine,spankbang.com
http://sprint.com/business/solutions/unified_communication_and_collaboration/microsoft_office_365/index.html,sprint.com
http://squarespace.com/press/2014/7/1/squarespace-templates-professional-polished-thoughtful,squarespace.com
http://stackoverflow.com/questions/30224796/how-should-the-general-type-of-a-lemma-function-be-understood?answertab=active,stackoverflow.com
http://steamcommunity.com/app/440/discussions/0/620713633843267544/%22http://store.steampowered.com/news/%22,steamcommunity.com
http://superuser.com/questions/914232/trying-to-access-local-dd-wrt-lan-when-router-and-traveller-connected-to-same-pp,superuser.com
http://syosetu.com/searchuser/search/index.php?name1st=%E3%81%BF&all=1&all2=1&all3=1&all4=1&p=2,syosetu.com
http://taboola.com/press-release/taboola-hits-landmark-achievement-%E2%80%93-reaches-more-us-desktop-users-facebook-google,taboola.com
http://techcrunch.com/video/bastian-lehmann-ceo-of-postmates-at-startup-alley/518805867/,techcrunch.com
http://teespring.com/pt-BR/balanceiskey?utm_campaign=balanceiskey&utm_medium=oembed&utm_source=wordpress,teespring.com
http://telegraf.com.ua/sport-cat/tennis-category/1887467-svitolina-hochu-stat-pervoy-raketkoy-mira.html,telegraf.com.ua
http://thechive.com/2015/05/02/sometimes-four-eyes-are-better-than-two-50-photos-2/,thechive.com
http://themeforest.net/item/shoplist-ecommerce-muse-template-/full_screen_preview/11393252,themeforest.net
http://thenextweb.com/insider/2014/11/21/livefyre-upgrades-platform-studio-real-time-cms-user-generated-content/gtm.start,thenextweb.com
http://tinnhanh360.net/nam-dien-vien-tiet-lo-bi-dao-dien-lua-dong-canh-khoa-than.html,tinnhanh360.net
http://tobogo.net/cdsb/board.php?board=humor&bm=view&no=1897&category=&auth=&page=1&search=&keyword=&recom=,tobogo.net
http://torcache.net/torrent/F3CF49F07279F7E800E275319967BBD44F2B3F2F.torrent?title=[kickass.to]izombie.s01e09.hdtv.x264.lol.ettv,torcache.net
http://torrentdn.com/bbs/s.php?bo_table=torrent_tv&wr_id=83704&k=%EA%B5%AC%EC%97%AC%EC%B9%9C%ED%81%B4%EB%9F%BD&page=1,torrentdn.com
https://tsite.jp/login/index.pl?xpg=PCUI0401&ret=https%3a%2f%2ftsite%2ejp%2ftp%2findex%2epl%3fxpg%3dPCPT0102,tsite.jp
http://tune.pk/video/6052266/sublime-text-3-find-and-replace-an-entire-folder-or-project,tune.pk
http://tunein.com/radio/NBA-Lockdown-(ESPNcom)-p191985/15480783/ca-pub-1542925551861702/Program,tunein.com
http://twitter.com/home?status=%E3%83%8C%E3%81%91%E3%82%8B%EF%BC%81%E3%80%90%E3%82%A2%E3%83%8B%E3%83%A1%E3%80%91+http%3A%2F%2Fero-video.net%2Ft%2Fut3BIixYzAM8y8jZ+skyrim+%E3%82%BB%E3%83%A9%E3%83%BC%E3%83%8A+%23ero+%23douga+%23agesage,twitter.com
http://udn.com/news/story/7098/900076-iPhone-5C%E7%88%86%E7%82%B8%EF%BC%9F-%E5%8F%97%E5%AE%B3%E8%80%85%E4%BA%8C%E5%BA%A6%E7%87%92%E5%82%B7,udn.com
http://unity3d.com/sites/default/files/css/css_q0MUKBW3ksf4IX6Q7Yh4UQdnhlpPRHeHdWUaHxUptYg.css,unity3d.com
http://uproxx.com/music/2015/02/daft-punk-has-ditched-their-masks-for-a-new-sculpture-on-display-in-new-york/,uproxx.com
http://variety.com/2015/film/news/pacific-rim-2-release-date-warcraft-the-mummy-1201478865/,variety.com
http://venturebeat.com/2014/01/09/yikes-nook-sales-tanked-60-percent-during-the-holdays/,venturebeat.com
http://vnexpress.net/tin-tuc/oto-xe-may/xe-may-lieu-mang-chay-vao-gam-xe-tai-3206966.html,vnexpress.net
http://web.de/magazine/unterhaltung/lifestyle/hoeschen-nippel-tattoos-stars-gewaehren-unfreiwillige-einblicke-30578666,web.de
http://web.tv/liveCategory/45/language/1/index/changeLanguage/newshared/searchAutoComplete,web.tv
http://wikimapia.org/32988080/ru/%D0%A0%D1%83%D0%B8%D0%BD%D1%8B-%D1%84%D0%BE%D1%80%D1%82%D0%B0-%D0%93%D1%80%D0%BE%D0%B4%D0%BD%D0%B5%D0%BD%D1%81%D0%BA%D0%BE%D0%B9-%D0%BA%D1%80%D0%B5%D0%BF%D0%BE%D1%81%D1%82%D0%B8,wikimapia.org
http://wikiwiki.jp/sample/?%A5%C7%A5%B6%A5%A4%A5%F3%A5%C6%A5%F3%A5%D7%A5%EC%A1%BC%A5%C8%2Fdefault_silver_z,wikiwiki.jp
https://wordpress.org/ideas/topic/add-object-oriented-foundations-and-design-patterns,wordpress.org
http://worldoftanks.ru/ru/content/guide/payments_instruction/internet-bank-russkij-standart/,worldoftanks.ru
http://wpengine.com/support/what-does-wp-engine-recommend-for-speed-and-performance-tests/,wpengine.com
http://xhamster.com/movies/4584218/18_year_old_elis_is_very_shy_and_teasing.html?s=1,xhamster.com
http://xossip.com/forumdisplay.php?s=1a0185aef96dc82d1f523a00d7134802&f=29&sort=dateline,xossip.com
http://xvideo-jp.com/archives/category/%e8%bc%9d%e6%9c%88%e3%81%82%e3%82%93%e3%82%8a,xvideo-jp.com
http://yourlust.com/videos/whorish-blond-cheerleader-has-sex-fun-with-a-group-of-kinky-dude-sin-the-locker-room.html,yourlust.com
http://zozo.jp/shop/akm/?price=proper&p_ssy=2015&p_ssm=5&p_ssd=13&p_sey=2015&p_sem=5&p_sed=13&dstk=2,zozo.jp
http://1337x.to/torrent/1160244/The-Flash-2014-S01E22-720p-HDTV-X264-DIMENSION-GloDLS/,1337x.to
https://500px.com/photo/69543265/street-juggler-by-dragox-photo-?from=set&set_id=1329779,500px.com
http://9gag.tv/p/aKoLjO/college-musical-starring-sam-tsui-is-your-romantic-love-story,9gag.tv
http://abc.go.com/shows/shows/the-bachelorette/%20http:/abc.go.com/shows/once-upon-a-time/episode-guide/season-04/,abc.go.com
http://abcnews.go.com/Sports/wireStory/ap-sources-ioc-strips-us-relay-medals-gay-31017107,abcnews.go.com
https://ahrefs.com/content-explorer/overview/v3/table/all/all/200/rank_desc?topic=site%3Awww.boredpanda.com,ahrefs.com
http://akhbarelyom.com/news/newdetails/411096/1/%D8%A3%D9%87%D8%A7%D9%84%D9%8A-%D9%82%D8%B1%D9%8A%D8%A9-%D9%88.html,akhbarelyom.com
http://aljazeera.net/Home/GetPage/f6451603-4dff-4ca1-9c10-122741d17432/afc931f9-5273-48e2-9c2b-3b80897ea3d7,aljazeera.net
http://allegro.pl/listing/listing.php?bmatch=seng-v10-p-sm-pers-isqm-chl-moda-0414&id=20585&order=m&p=2&string=%7Bstring%7D,allegro.pl
http://allrecipes.com/Recipe/Grammas-Date-Squares/Detail.aspx?evt19=1&referringHubId=15041,allrecipes.com
http://ameblo.jp/summary/keyword/%E3%82%B3%E3%83%B3%E3%83%89%E3%83%AD%E3%82%A4%E3%83%81%E3%83%B3,ameblo.jp
http://ap.org/Content/Press-Release/2012/Trevor-Tompson-named-director-of-the-Associated-Press-NORC,ap.org
https://archive.org/search.php?query=mediatype:texts&sort=-publicdate&and[]=subject%3A%22Higher%20Education%22,archive.org
http://arstechnica.com/civis/viewtopic.php?f=18&p=29008747&sid=5e892e3305e5ea835543484c80ccc29f,arstechnica.com
http://askubuntu.com/questions/581590/wifi-having-hardblocked-yes-in-ubuntu-14-10-install-in-hp-pavilion-15-n205tx-n,askubuntu.com
http://atwiki.jp/wiki/%E9%BB%92%E7%8C%AB%E3%81%AE%E3%82%A6%E3%82%A3%E3%82%BA%20%E3%83%AC%E3%83%99%E3%83%AB%20%E3%83%87%E3%83%83%E3%82%AD%E3%82%B3%E3%82%B9%E3%83%88,atwiki.jp
http://auto.ru/cars/bmw/x1/all/?search%5Bstate%5D=1&search%5Bperiod%5D=0&search%5Bcustom%5D=1&search%5Bsection_id%5D=0&search%5Bmark%5D%5B0%5D=30&search%5Bmark-folder%5D%5B0%5D=30-48682_2928,auto.ru
http://avxhome.se/software/software_type/multimedia/Mixing_Multitracking/AMixCraftProStudio.7.1.272.html,avxhome.se
http://babal.net/women/view/1966/6-%D8%AD%D9%8A%D9%84-%D9%84%D8%AA%D8%AE%D9%81%D9%8A%D9%81-%D8%A7%D9%84%D8%B7%D8%B9%D9%85-%D8%A7%D9%84%D8%AD%D8%A7%D8%B1-%D9%81%D9%89-%D8%A7%D9%84%D8%B7%D8%B9%D8%A7%D9%85,babal.net
http://bdnews24.com/world/2015/05/13/yemen-truce-broadly-holds-but-reports-of-violations,bdnews24.com
http://bestblackhatforum.com/Thread-Congrats-and-Thanks-To-Dreamer007-For-Completing-40k-REPs?page=2,bestblackhatforum.com
http://bigcinema.tv/tag/%D1%80%D0%B5%D0%B0%D0%BB%D1%8C%D0%BD%D0%BE%D0%B5%20%D0%A2%D0%92,bigcinema.tv
http://bleacherreport.com/articles/2463896-huston-street-angels-agree-to-new-contract-latest-details-comments-reaction,bleacherreport.com
http://bongda88.info/thu-trang-tran-thanh-choc-cuoi-khan-gia-voi-tinh-nguoi-duyen-ma-phien-ban-viet/,bongda88.info
http://buzzfil.net/article/5575/animaux/parfaite-illustration-qui-explique-pourquoi-nous-devons-lutter-contre-l-extermination-des-requins-9.html?href=inner_website,buzzfil.net
http://caixa.gov.br/poder-publico/apoio-poder-publico/servicos-caixa/aquisicao-royalties,caixa.gov.br
http://censor.net.ua/video_news/334925/v_gruzii_putinskih_bayikerov_vynudili_samih_srezat_georgievskie_lentochki_simvol_rossiyiskoyi_okkupatsii,censor.net.ua
https://chaturbate.com/tipping/spy_on_private_show_tokens_per_minute/eroticexplorations/,chaturbate.com
http://cheezburger.com/8489314816/pokemon-memes-glameow-variations?ref=leftarrow&siteId=1250,cheezburger.com
http://ck101.com/forum.php?mod=misc&action=recommend&do=subtract&tid=3256835&hash=b5160424,ck101.com
http://clien.net/cs2/bbs/board.php?bo_table=cm_iphonien&sca=%5B%ED%83%88%EC%98%A5%5D,clien.net
http://codecanyon.net/item/twitch-tv-shortcodes-embed-tools-for-wordpress/full_screen_preview/7836763,codecanyon.net
http://codepen.io/SebL/blog/angularjs-how-to-create-a-custom-form-input-and-custom-validations-with-a-directive,codepen.io
http://comicbook.com/2015/04/19/set-videos-deadpool-fights-ajax-gets-dragged-by-colossus/,comicbook.com
http://conservativetribune.com/heres-the-brutal-message-jordan-painted-on-their-f-16s-for-isis/,conservativetribune.com
http://cookpad.com/login?rt=%2Fcategory%2Frecommend%2F924%3Frt%3D%252Fcategory%252F924,cookpad.com
http://correios.com.br/Para-governo/governo-estadual/solucoes-em-marketing/mala-direta-domiciliar,correios.com.br
http://couchtuner.eu.com/2014/07/the-leftovers-s1-e3-two-boats-and-a-helicopter-young-nora.html,couchtuner.eu.com
http://cox.com/residential/homelife.cox?campcode=home_whatstrending_homelife_offer2_3,cox.com
http://dantri.com.vn/chinh-tri/tong-bi-thu-nhan-su-la-van-de-kho-khan-phuc-tap-1069773.htm,dantri.com.vn
http://deadspin.com/gronk-theres-only-one-thing-you-can-deflate-deez-nut-1702720123,deadspin.com
http://depositphotos.com/login.html?url=%2F43494985%2Fstock-photo-two-cups-in-heart-shape.html,depositphotos.com
http://digg.com/video/john-oliver-nick-offerman-jon-benjamin-lowes-home-depot-last-week-tonight,digg.com
http://diply.com/different-solutions/birthday-girl-party-inspiration-touching-good-people/124414,diply.com
http://distractify.com/post/related/id/5418312e4a0c4b317d8b687d/skip/10/limit/10/back/0,distractify.com
http://doodle.com/es/premium?utm_source=doodle&utm_medium=home&utm_campaign=premiumHome,doodle.com
http://dribbble.com/shots/671208-WIP-Earth-illustrated-infographics/attachments/59420,dribbble.com
http://dropbooks.tv/search/index/word:%E9%AD%94%E6%B3%95%E5%85%88%E7%94%9F%E3%83%8D%E3%82%AE%E3%81%BE!,dropbooks.tv
http://ecnavi.jp/redirect/?url=http://ad2.trafficgate.net/t/r/143/15/86513_86513/0/AX%user_id%,ecnavi.jp
https://eksisozluk.com/?q=20+haziran+2008+h%c4%b1rvatistan+t%c3%bcrkiye+ma%c3%a7%c4%b1,eksisozluk.com
http://elcomercio.pe/economia/peru/xtreme-park-estima-recibir-mas-20000-visitantes-al-mes-noticia-1809296,elcomercio.pe
https://elevenia.co.id/login.do?returnURL=%2Floyalty%2FAuthChipGiftDtls%2FgetChipDtls.do%3FCHOICEMENU%3DB03%26isSSL%3DY&isSSL=Y,elevenia.co.id
http://elitedaily.com/life/culture/5-places-4-people-and-3-things-that-make-dallas-a-texas-treasure/999400/,elitedaily.com
http://emgn.com/entertainment/23-diy-nail-hacks-that-will-make-you-a-home-manicure-pro/,emgn.com
http://espn.go.com/espn/dickvitale/story/_/id/12881060/big-ten-acc-challenge-delivers-again-intriguing-nonconference-matchups,espn.go.com
http://esporte.uol.com.br/futebol/campeonatos/brasileiro/serie-a/ultimas-noticias/2015/05/08/de-olho-na-libertadores-inter-usara-time-reserva-na-estreia-no-brasileiro.htm,esporte.uol.com.br
http://europa.eu/about-eu/agencies/regulatory_agencies_bodies/pol_agencies/cepol/index_en.htm,europa.eu
http://evernote.com/intl/it/register/?upgrade=premium&itemCode=premium-1year&offer=www_pricing_CTA,evernote.com
http://extratorrent.cc/torrent_download/4190883/Grace+and+Frankie+S01E13+1080p+WEBRip+x264-SNEAkY.torrent,extratorrent.cc
http://fanpage.gr/must-watch/%ce%b8%ce%b1-%ce%ba%ce%bb%ce%b1%ce%b9%cf%84%ce%b5-%ce%b1%cf%80%cf%8c-%cf%84%ce%b1-%ce%b3%ce%b5%ce%bb%ce%b9%ce%b1-%ce%b4%ce%b5%ce%af%cf%84%ce%b5-%cf%84%ce%bf-%ce%b2%ce%af%ce%bd%cf%84%ce%b5%ce%bf/,fanpage.gr
http://fazenda.gov.br/divulgacao/agenda/2015/fevereiro/agenda-das-5/agenda-dos-funcionarios-d.a.s-5-05.02.2015/?searchterm=ministro,fazenda.gov.br
http://filehippo.com/es/download_firefox/download/25997873f1e6a37e948720c210a9e007/,filehippo.com
http://fishki.net/1529989-s-ulicy-jeto-mozhet-vygljadet-kak-obychnyj-dom-no-vnutri.html,fishki.net
http://fortune.com/2014/02/24/buffetts-annual-letter-what-you-can-learn-from-my-real-estate-investments/,fortune.com
http://gawker.com/5695765/watch-miley-cyrus-tryand-failto-channel-stevie-nicks-at-the-amas,gawker.com
http://genius.com/2992854/Us-general-services-administration-gsa-mentor-protege-program-subpart-51970/Gsa-multiple-award-schedule-contracts,genius.com
https://getpocket.com/l?ep=3&route=http%3A%2F%2Fgetpocket.com%2Fp%2Fpocket-topics%2Ftravel,getpocket.com
https://giphy.com/posts/the-best-boygirl-meets-world-gifs-to-get-you-excited-for-the-season-2-premiere-tonight,giphy.com
http://gizmodo.com/5976373/challenge-your-friends-and-claim-zamboni-dominance-with-todays-google-doodle,gizmodo.com
https://www.gov.uk/government/organisations/committee-on-radioactive-waste-management,gov.uk
http://grantland.com/hollywood-prospectus/qa-jason-katims-on-about-a-boy-parenthood-friday-night-lights-and-weeping-in-the-writers-room/,grantland.com
http://graphicriver.net/search?category=graphics&date=this-month&length_max=&length_min=&price_max=&price_min=&rating_min=&sales=&sort=sales&term=&utf8=%E2%9C%93&view=list,graphicriver.net
http://gtbank.com/personalbanking/cards/mastercard/gtbank-dollar-credit-cards/gtbank-world-mastercard,gtbank.com
http://haberler.com/davutoglu-santajcilarin-karsisinda-olmaya-variz-7303381-haberi/,haberler.com
http://hdfcbank.com/personal/hnw/preferred-banking?id=gts8misp&path=preferred-banking,hdfcbank.com
http://himado.in/?keyword=%E3%81%AF%E3%81%AA%E3%81%BE%E3%82%8B%E5%B9%BC%E7%A8%9A%E5%9C%92,himado.in
http://hollywoodlife.com/2013/09/04/one-direction-behind-the-scenes-video-our-moment-perfume-commercial/,hollywoodlife.com
https://hootsuite.com/ja-jp/%E8%A3%BD%E5%93%81/%E3%83%A2%E3%83%90%E3%82%A4%E3%83%AB%E3%82%A2%E3%83%97%E3%83%AA,hootsuite.com
https://hubpages.com/signin?explain=follow+Hubs&url=%2Fhub%2FHow-to-Make-and-EASY-Book-Nook-for-Kids,hubpages.com
http://icicibank.com/Personal-Banking/offers/offer-detail.page?id=offer-thomas-cook-offer-20140601161302605,icicibank.com
http://iconosquare.com/contest/xmm/bugaboo-cameleon-sahara-expeditiondeluxe-competition,iconosquare.com
https://ifttt.com/view_embed_recipe/99550-articles-saved-for-later-in-feedly-get-saved-for-later-in-pocket-too,ifttt.com
http://indianexpress.com/article/cities/mumbai/in-maharashtra-the-biggest-threat-is-from-the-sea-security-in-terms-of-coast-guard-needs-improvement/,indianexpress.com
http://ink361.com/app/users/ig-55795588/nickyjampr/photos/ig-984118863053010568_55795588,ink361.com
https://instagram.com/oauth/authorize?client_id=d9494686198d4dfeb954979a3e270e5e&redirect_uri=http%3A%2F%2Ficonosquare.com%3FredAftLog%3Dhttp%253A%252F%252Ficonosquare.com%252Ftag%252Fbarbicancentre&response_type=code&scope=likes+comments+relationships,instagram.com
http://interpark.com/communication/CateFreeBoard.do?_method=FreemarketBoardView&brdNo=3&ntcNo=16,interpark.com
http://io9.com/dueling-movies-two-films-about-the-same-thing-at-the-s-1498145766/+tinaamini,io9.com
http://irecommend.ru/content/seriya-knig-priklyucheniya-erasta-fandorina-boris-akunin,irecommend.ru
http://jalopnik.com/5959102/watch-hurricane-sandys-floods-destroy-these-nypd-police-cars-and-192-others,jalopnik.com
http://jezebel.com/ranking-the-hot-mostly-middle-aged-white-dudes-in-viag-1638191031/templates/closure/,jezebel.com
http://kakaku.com/kaden/planetarium/ranking_2085/pricedown/div-gpt-ad-k/header_text,kakaku.com
http://katproxy.com/adobe-illustrator-cc-17-0-0-final-multilanguage-chingliu-t7532791.html,katproxy.com
http://kenh14.vn/star/van-mai-huong-tu-tin-dien-bikini-khoe-vong-mot-lep-kep-20140822124517722.chn,kenh14.vn
http://khabaronline.ir/(X(1)S(ejqjokzltt2kxp0k21vhmql2))/detail/416312/ict/hardware,khabaronline.ir
http://kickass.to/community/show/torrents-need-category-change-post-here-super-users-translat/?post=16467939,kickass.to
http://kienthuc.net.vn/chi-tieu-tuyen-sinh/thong-tin-tuyen-sinh-dai-hoc-lao-dong-xa-hoi-nam-2015-477302.html,kienthuc.net.vn
http://kotaku.com/the-nba-player-who-came-out-was-sort-of-a-video-gam-484724214/templates/closure/,kotaku.com
https://lastpass.com/newwpsite/wp-content/themes/lastpass/css/fonts/opensans-light-macroman/stylesheet.css,lastpass.com
http://lifehacker.com/5837355/how-to-get-back-into-work-or-study-mode-after-a-long-break,lifehacker.com
http://likemag.com/sr/kada-ovo-budes-procitala-nikada-vise-neces-kupiti-skidac-sminke-uzas-zivi,likemag.com
http://mashable.com/category/international-space-station/2015/03/27/nasa-scott-kelly-year-in-space,mashable.com
http://maybank2u.com.my/mbb_info/m2u/public/promoDetail.do?channelId=PRO-Promotions&cntTypeId=1&cntKey=PRO03.61&programId=PRO03-Cards:Maybankard&chCatId=/mbb/Personal/PRO-Promotions,maybank2u.com.my
http://mediaset.it/mediasetextra/ditelavostra/risultati/38/sul-palco-di-colorado.shtml?page=,mediaset.it
https://medium.com/@almonk/design-like-it-s-1999-48ce5f5be14?source=has-recommended,medium.com
http://megogo.net/ru/view/1630481-bratya-po-obmenu-sezon-1-bratya-po-obmenu-promo.html,megogo.net
http://metro.co.uk/2015/05/12/the-witcher-3-wild-hunt-review-very-open-world-5193669/,metro.co.uk
http://mic.com/articles/91727/9-meryl-streep-roles-that-changed-the-course-of-hollywood,mic.com
http://mirtesen.ru/composition/20445616068?utm_campaign=composition&utm_source=mirtesen&utm_medium=page_1,mirtesen.ru
http://mixi.jp/list_search_game.pl?mode=ranking&sex=1&page=3&from=search_game_ranking_21st,mixi.jp
http://momoshop.com.tw/category/LgrpCategory.jsp?l_code=2103200000&Area=tooth&FTOOTH=21&mdiv=1000900000-bt_5_023_08&ctype=B,momoshop.com.tw
http://motthegioi.vn/the-gioi-cuoi/het-hon-vi-nu-sinh-cap-1-xinh-xan-mang-thai-va-dau-de-188253.html,motthegioi.vn
http://moviepilot.com/posts/2015/05/12/today-s-a-listers-yesterday-s-catalog-models-see-19-celebrities-who-got-their-start-as-models-2927465,moviepilot.com
http://myegy.to/ArabicSeries/60774/I_X264_I_%D9%8A%D9%88%D8%B3%D9%81_%D8%A7%D9%84%D8%B4%D8%B1%D9%8A%D9%81_%D9%88%D9%85%D8%AC%D9%85%D9%88%D8%B9%D8%A9_%D8%A7%D9%84%D9%86%D8%AC%D9%88%D9%85_%D9%81%D9%8A_%D9%85%D8%B3%D9%84%D8%B3%D9%84_%D8%A7%D9%84%D8%AA%D8%B4%D9%88%D9%8A%D9%82_%D8%A7%D9%84%D8%B5%D9%8A%D8%A7%D8%AF,myegy.to
http://mylust.com/videos/9861/my-creative-mature-wife-stretches-her-pussy-with-a-wooden-pole/,mylust.com
https://myspace.com/article/2015/4/29/getting-personal-with-expert-turntablist-jayceeoh,myspace.com
http://nesn.com/2015/05/justin-masterson-changing-strategy-for-red-sox-amid-decreased-velocity-video/,nesn.com
http://nguyentandung.org/dau-tu-xay-dung-cang-hang-khong-quoc-te-long-thanh-la-can-thiet.html,nguyentandung.org
http://www.nhs.uk/Livewell/childhealth6-15/Pages/child-health-measurement-programme-very-overweight-advice.aspx,nhs.uk
http://noticias.uol.com.br/politica/ultimas-noticias/2015/03/15/protestos-contra-o-governo-ja-reunem-mais-de-90-mil-pessoas-em-11-capitais.htm,noticias.uol.com.br
http://nymag.com/daily/intelligencer/2015/05/grim-racist-methods-of-one-brooklyn-landlord.html,nymag.com
http://nypost.com/2015/05/13/arizona-ags-office-woman-faked-cancer-to-get-an-abortion/,nypost.com
http://olx.co.id/i2/keperluan-pribadi/fashion-pria/jas-jaket-sweater/keperluan-pribadi/fashion-pria/jas-jaket-sweater,olx.co.id
http://olx.in/hi/stateofdelhi/q-%7Bq%7D/?utm_source=google&utm_medium=search&utm_campaign=search_organic,olx.in
http://olx.pl/i2/motoryzacja/motocykle-skutery/motorower/motoryzacja/motocykle-skutery/motorower,olx.pl
http://olx.ro/i2/auto-masini-moto-ambarcatiuni/autoturisme/aixam/auto-masini-moto-ambarcatiuni/autoturisme/aixam,olx.ro
http://olx.ua/uk/list/q-%d0%b2%d0%b5%d0%bb%d0%be%d1%81%d0%b8%d0%bf%d0%b5%d0%b4%d1%8b/gtm.js/,olx.ua
http://onedio.com/haber/kuzey-kore-lideri-torende-uyuya-kalan-bakani-idam-etti-iddiasi-507103,onedio.com
http://oneplus.net/ca_en/can-i-change-my-charger-to-a-u-s-europe-u-k-one-in-my-order,oneplus.net
http://otomoto.pl/oferta/jeep-grand-cherokee-ii-4x4-diesel-bdb-stan-klima-skory-infinity-zarej-ubez-mozliwa-zamiana-ID6y3pYp.html,otomoto.pl
http://patch.com/california/oceanside-camppendleton/watch-marines-train-cal-fire-anticipation-harsh-fire-season/,patch.com
https://paytm.com/blog/online-commerce-in-india%e2%80%8a-%e2%80%8akey-stats/?share=email,paytm.com
http://perezhilton.com/2015-05-12-jenny-mccarthy-donnie-wahlberg-tattoos-instagram/?from=readmore_perezhilton&,perezhilton.com
http://persianblog.ir/tags/45117/1/%d8%af%d9%84%d9%86%d9%88%d8%b4%d8%aa%d9%87_%d9%87%d8%a7/,persianblog.ir
http://pikabu.ru/story/za_chto_video_kak_amerikantsyi_probuyut_russkie_kholodets_seledku_pod_shuboy_i_salo__3333432,pikabu.ru
http://pitchfork.com/reviews/albums/16199-heems-nehru-jackets-kool-ad-the-palm-wine-drinkard/,pitchfork.com
http://plarium.com/de/strategiespiele/sparta-war-of-empires/news/der-norden-wartet/,plarium.com
http://pornsharing.com/poolside-threesome-with-jessica-bangkok-and-linda-lay_v79216,pornsharing.com
https://prezi.com/support/article/sharing/sharing-and-setting-the-privacy-state-of-your-prezis/?lang=en,prezi.com
https://privatbank.ua/ua/news/privatbank-zapuskajet-servis-zaschischennyh-platezhej-za-uslugi-i-tovary-pokupajemyje-v-internete/,privatbank.ua
http://putlocker.is/watch-lego-dc-comics-batman-be-leaguered-online-free-putlocker.html,putlocker.is
https://quizlet.com/sign-up?redir=https%3A%2F%2Fquizlet.com%2Flogin%3Fredir%3Dhttps%253A%252F%252Fquizlet.com%252F6396803%252Fmetric-prefixes-flash-cards%252F,quizlet.com
http://qz.com/402650/photos-you-can-rent-the-insane-bubble-palace-site-of-diors-resort-show-for-1125-a-day/,qz.com
http://ringring.vn/dat-len-ban-can-suc-nang-cua-top-10-vietnam-idol-2015-117851.html,ringring.vn
http://rocketnews24.com/tag/%e3%83%aa%e3%82%ab%e3%83%bc%e3%82%b9%e3%83%88%e3%82%a2/,rocketnews24.com
http://rt.com/in-vision/orthodox-easter-celebrations-world/good-friday-procession-jerusalem/,rt.com
http://sberbank.ru/portalserver/sb-portal-ru/ru/s_m_business/products/insurance/life,sberbank.ru
http://screenrant.com/actors-almost-played-superheroes-tmal-58030/?replytocom=194687,screenrant.com
http://searchengineland.com/google-says-no-panda-update-happened-this-past-weekend-220354,searchengineland.com
http://seasonvar.ru/serial-11027-National_Geographic_Sekretnye_materialy_drevnosti-2-season.html,seasonvar.ru
http://seekingalpha.com/article/3180556-palatin-technologies-ptn-ceo-carl-spana-on-q3-2015-results-earnings-call-transcript,seekingalpha.com
http://seesaawiki.jp/pathofexile/d/Death%20and%20Taxes%20%a4%ce%a5%e6%a5%cb%a1%bc%a5%af%a5%de%a5%c3%a5%d7%a4%ce%b2%f3%b8%dc,seesaawiki.jp
http://serverfault.com/questions/196066/how-do-i-connect-to-a-server-behind-an-socks5-proxy-through-ssh-on-mac-linux,serverfault.com
http://sfglobe.com/2015/04/27/he-died-from-a-tick-bite-but-it-had-nothing-to-do-with-lyme-disease/,sfglobe.com
http://shareba.com/module/user/static/jscript/register.js?v=1bdefddca5f39810cfb31de087fe3c88,shareba.com
http://skyrock.com/videos/eDFvY3Y5djoxMw==-Jul-en-live-dans-Planete-Rap.html?top=3&period=daily,skyrock.com
http://slashdot.org/login.pl?returnto=%2F%2Fslashdot.org%2Fsubmit%3Freturn_session%3DianGmTWVRLSXdJBdYWfN,slashdot.org
http://slickdeals.net/f/7854833-charles-tyrwhitt-25-for-50-or-50-for-100-living-social-deal-comes-out-to-less-than-19-shirt,slickdeals.net
http://smallseotools.com/blog/building-your-online-presence-tips-for-creating-your-first-website/,smallseotools.com
http://sourceforge.net/projects/opensourcebirtreportdesigner/?source=directory-featured,sourceforge.net
http://spankbang.com/56hz/video/shy+milf+spreads+her+legs+at+her+first+casting+ever,spankbang.com
http://sprint.com/business/solutions/mobility_security_and_management/index.html?INTNAV=ATG:HE:MobSecMgmt,sprint.com
http://squarespace.com/press/2015/2/4/jeff-bridges-new-album-wants-to-put-you-to-sleep,squarespace.com
http://stackoverflow.com/questions/12562307/how-do-i-validate-the-file-upload-controls-filename-for-special-characters,stackoverflow.com
http://steamcommunity.com/gid/103582791430075519/announcements/detail/1766803739171250041/?insideModal=1,steamcommunity.com
http://superuser.com/questions/757315/air-cooling-versus-liquid-cooling-in-humid-environments,superuser.com
http://syosetu.com/searchuser/search/index.php?name1st=%E3%81%86&all=1&all2=1&all3=1&all4=1&p=11,syosetu.com
http://taboola.com/press-release/taboola-strikes-strategic-partnership-yahoo-japan-launch-content-discovery-business,taboola.com
http://techcrunch.com/2014/07/29/walmartlabs-acquires-kleiner-perkins-backed-luvocracy-a-pinterest-like-marketplace-for-product-recommendations/,techcrunch.com
http://teespring.com/it/atp-shirt-sport-women?utm_campaign=atp-shirt-sport-women&utm_medium=oembed&utm_source=wordpress,teespring.com
http://telegraf.com.ua/ukraina/obshhestvo/1887623-militsioneram-izbivshim-lyudey-na-harkovshhine-grozit-ugolovnoe-delo.html,telegraf.com.ua
http://thechive.com/2015/05/11/today-is-the-10th-glorious-anniversary-of-leeeeeroy-jeeenkins-video/,thechive.com
http://themeforest.net/item/maine-a-responsive-wordpress-blog-theme-/full_screen_preview/11306368,themeforest.net
http://thenextweb.com/opinion/2015/05/13/im-tired-of-startups-asking-us-to-take-the-risk-on-their-pre-order-products/,thenextweb.com
http://tinnhanh360.net/su-that-ben-trong-phong-tro-cua-nu-sinh-ko-phai-ai-cung-biet.html,tinnhanh360.net
http://tobogo.net/cdsb/board.php?board=dailystory&bm=view&no=22358&category=&auth=&page=1&search=&keyword=&recom=,tobogo.net
http://torcache.net/torrent/EAA010BD5B522C778FAAFCB8EFB395CDFABE4D9F.torrent?title=[kickass.to]fast.furious.7.2015.hd.ts.dd.2.0.nl.subs.sharky,torcache.net
http://torrentdn.com/bbs/s.php?bo_table=torrent_tv&wr_id=83729&k=%EA%B5%AC%EC%97%AC%EC%B9%9C%ED%81%B4%EB%9F%BD&page=1,torrentdn.com
https://tsite.jp/login/index.pl?xpg=PCUI0401&ret=https%3a%2f%2ftsite%2ejp%2fcamentry%2findex%2epl%3fcp_id%3dce048,tsite.jp
http://tune.pk/video/6050657/simple-application-visual-basic-express-2010-saving-data,tune.pk
http://tunein.com/radio/Atlantisfm-80s-s213708/15480783/ca-pub-1542925551861702/StationLeader,tunein.com
http://twitter.com/home?status=%E3%83%8C%E3%81%91%E3%82%8B%EF%BC%81%E3%80%90%E3%82%A2%E3%83%8B%E3%83%A1%E3%80%91+http%3A%2F%2Fero-video.net%2Ft%2FLnjF4uwnjKlBEcqZ+%E7%A7%8B%E5%B1%B1+%E6%BE%AA%E3%81%AE%E3%82%A8%E3%83%83%E3%83%81%E3%81%AA3D%E3%82%A2%E3%83%8B%E3%83%A1%E3%83%BC%E3%82%B7%E3%83%A7%E3%83%B3+%23ero+%23douga+%23agesage,twitter.com
http://udn.com/news/story/7586/803151-%E6%9E%97%E4%BF%AE%E5%85%A8%EF%BC%8F%E9%86%AB%E5%B8%AB%E3%80%81%E5%B7%A5%E7%A8%8B%E5%B8%AB%E6%B2%BB%E5%9C%8B-%E6%9C%83%E6%AF%94%E5%BE%8B%E5%B8%AB%E5%A5%BD%EF%BC%9F,udn.com
http://uproxx.com/music/2015/05/2-chainz-french-montana-animals-zoo-most-expensivest-sht/,uproxx.com
http://variety.com/2014/film/news/world-war-z-sequel-to-be-written-by-steven-knight-1201195332/,variety.com
http://venturebeat.com/2015/04/06/mobile-games-are-eating-console-games-lunch-in-national-tv-ads/,venturebeat.com
http://vnexpress.net/tin-tuc/thoi-su/can-cau-metro-do-do-cong-nhan-thieu-kinh-nghiem-3217632.html,vnexpress.net
http://web.de/magazine/geld-karriere/kfz-versicherung-verhalte-schadensfall-30236220,web.de
http://web.tv/liveCategory/14/language/1/index/changeLanguage/newshared/searchAutoComplete,web.tv
http://wikimapia.org/32988072/ru/%D0%9F%D0%BE%D1%85%D0%BE%D0%B4%D0%BD%D0%B0%D1%8F-%D1%83%D0%BB-14,wikimapia.org
http://wikiwiki.jp/sample/?Wiki%A4%CE%A5%C7%A1%BC%A5%BF%A4%F2%A5%D1%A5%BD%A5%B3%A5%F3%A4%CB%CA%DD%C2%B8%A4%B9%A4%EB,wikiwiki.jp
http://worldoftanks.ru/ru/content/guide/payments_instruction/mobile-payments-rostelekom-ural-utel/,worldoftanks.ru
http://wpengine.com/2015/04/30/develop-wordpress-sites-free-work-efficiently-transferable-installs-billing-transfer/,wpengine.com
http://xhamster.com/movies/3614685/hardcore_anal_sex_as_a_christmas_present.html?promo=1,xhamster.com
http://xossip.com/forumdisplay.php?s=1a0185aef96dc82d1f523a00d7134802&f=10&sort=views,xossip.com
http://xvideo-jp.com/%E5%B7%A8%E4%B9%B3%E5%8B%95%E7%94%BB%E3%82%B9%E3%83%88%E3%83%AA%E3%83%BC%E3%83%A0,xvideo-jp.com
http://yourlust.com/videos/bonerrific-milfies-in-stockings-and-such-sexy-things-go-wild-over-one-dick.html,yourlust.com
http://zozo.jp/shop/atmos/?price=proper&p_ssy=2015&p_ssm=5&p_ssd=13&p_sey=2015&p_sem=5&p_sed=13&dstk=2,zozo.jp
http://1337x.to/torrent/1003278/Marvels-Agents-of-S-H-I-E-L-D-S02E10-HDTV-x264-KILLERS-ettv/,1337x.to
http://500px.com/photo/78231911/the-house-between-the-flowers-by-francesco-damin?from=popular&only=,500px.com
http://9gag.tv/p/aVvkBR/this-balls-in-the-face-prank-will-make-you-howl-with-laughter,9gag.tv
http://abc.go.com/shows/js/%20http:/abc.go.com/shows/once-upon-a-time/episode-guide/season-04/,abc.go.com
http://abcnews.go.com/Health/fda-takes-steps-end-lifetime-ban-gay-male/story?id=30989575,abcnews.go.com
https://ahrefs.com/content-explorer/overview/v3/table/all/all/1/pinterest_desc?topic=site%3Awww.boredpanda.com,ahrefs.com
http://akhbarelyom.com/news/ArticleSectionList/276/1/%D8%B9%D8%A8%D8%AF-%D8%A7%D9%84%D9%85%D8%B9%D8%B7%D9%89-%D8%B9.html,akhbarelyom.com
http://aljazeera.net/programs/withoutbounds/2015/5/13/%D8%A8%D9%86%D9%83%D9%8A%D8%B1%D8%A7%D9%86-%D8%A7%D9%84%D9%85%D9%84%D9%83-%D9%8A%D8%AD%D9%83%D9%85-%D8%A7%D9%84%D9%85%D8%BA%D8%B1%D8%A8-%D9%88%D8%B5%D9%84%D8%A7%D8%AD%D9%8A%D8%A7%D8%AA%D9%8A-%D9%85%D8%AD%D8%AF%D9%88%D8%AF%D8%A9,aljazeera.net
http://allegro.pl/show_item.php?item=5269549418&sh_dwh_token=d0b6dd74a8394345128e20d296cb1c5e,allegro.pl
http://allrecipes.com/video/4906/puff-pastry-shells/detail.aspx?prop24=RR_RelatedVideo&evt19=1,allrecipes.com
http://ameblo.jp/summary/keyword/%E3%82%B9%E3%83%BC%E3%83%91%E3%83%BC%E3%83%95%E3%82%A1%E3%83%9F%E3%82%B3%E3%83%B3,ameblo.jp
http://ap.org/Content/AP-In-The-News/2012/AP-Malaysia-chief-named-assistant-editor-in-Asia,ap.org
https://archive.org/search.php?query=mediatype:texts&sort=-publicdate&and[]=subject%3A%22Registers%20of%20births%2C%20etc%22,archive.org
http://arstechnica.com/security/2015/05/actively-exploited-wordpress-bug-puts-millions-of-sites-at-risk/,arstechnica.com
http://askubuntu.com/questions/466023/14-04-mongodb-does-not-start-with-start-command,askubuntu.com
http://atwiki.jp/wiki/%E3%82%AC%E3%83%B3%E3%83%80%E3%83%A0%E3%83%9E%E3%82%B9%E3%82%BF%E3%83%BC%E3%82%BA%20%E3%82%B9%E3%82%AD%E3%83%AB%E7%99%BA%E5%8B%95%E7%8E%87%E3%83%87%E3%83%BC%E3%82%BF,atwiki.jp
http://auto.ru/cars/bmw/6er/all/?search%5Bstate%5D=1&search%5Bperiod%5D=0&search%5Bcustom%5D=1&search%5Bsection_id%5D=0&search%5Bmark%5D%5B0%5D=30&search%5Bmark-folder%5D%5B0%5D=30-395_2856,auto.ru
http://avxhome.se/music/music_video/Annie_Lennox_An_Evening_Of_Nostalgia_With_Annie_Lennox_2015_Blu-ray.html,avxhome.se
http://babal.net/books/view/10/%D9%83%D8%A7%D9%86-%D8%B0%D9%84%D9%83-%D9%81%D9%8A-%D8%A3%D8%A8%D8%B1%D9%8A%D9%84,babal.net
http://bdnews24.com/technology/2015/04/16/six-percent-of-us-adults-plan-to-buy-apple-watch-reutersipsos-poll,bdnews24.com
http://bestblackhatforum.com/Forum-Announcements-And-Updates&datecut=0&sortby=starter&order=asc,bestblackhatforum.com
http://bigcinema.tv/tag/%D1%80%D0%BE%D0%BC%D0%B0%D0%BD%D1%82%D0%B8%D1%87%D0%B5%D1%81%D0%BA%D0%B8%D0%B5%20%D1%84%D0%B8%D0%BB%D1%8C%D0%BC%D1%8B,bigcinema.tv
http://bleacherreport.com/articles/2452346-nfl-power-rankings-where-does-every-team-stand-after-the-draft,bleacherreport.com
http://bongda88.info/diem-tin-sang-0502-odegaard-du-champions-league-bo-bien-nga-vao-chung-ket-can-2015/,bongda88.info
http://buzzfil.net/m/show-art/la-petite-n-a-que-10-ans-et-elle-a-deja-une-voix-d-or-tres-impressionnante-9.html,buzzfil.net
http://caixa.gov.br/beneficios-trabalhador/fgts/condicoes-e-documentos-para-saque-do-FGTS/,caixa.gov.br
http://censor.net.ua/video_news/334988/rukovoditeli_odessy_vozlojili_tsvety_na_mesto_gde_2_maya_2014_goda_pervymi_pogibli_ot_pul_prorossiyiskih,censor.net.ua
https://chaturbate.com/tipping/spy_on_private_show_tokens_per_minute/princesslatina2014/,chaturbate.com
http://cheezburger.com/8488806912/pokemon-memes-team-rocket-hot-air-balloon-gif?ref=rightarrow&siteId=92,cheezburger.com
http://ck101.com/forum.php?mod=misc&action=recommend&do=add&tid=3256547&hash=94b00cab,ck101.com
http://clien.net/cs2/bbs/board.php?bo_table=cm_iphonien&sca=%5B%EC%9E%A1%EB%8B%B4%5D,clien.net
http://codecanyon.net/item/itranslate-website-translator/full_screen_preview/9214183,codecanyon.net
http://codepen.io/api/oembed?url=http%3A%2F%2Fcodepen.io%2Fnoahblon%2Fpen%2FMwabGx&format=json,codepen.io
http://comicbook.com/2014/10/30/pee-wee-herman-does-avengers-age-of-ultron-trailer-voiceover/,comicbook.com
http://cookpad.com/login?rt=%2Fcategory%2Frecommend%2F10%3Frt%3D%252Fcategory%252F10,cookpad.com
http://correios.com.br/para-sua-empresa/marketing-direto/o-poder-da-mala-direta/consultoria,correios.com.br
http://couchtuner.eu.com/2014/01/community-s5-e3-basic-intergluteal-numismatics.html,couchtuner.eu.com
http://cox.com/residential/support/tv/article.cox?articleId=7683ba00-28b9-11e0-4166-000000000000,cox.com
http://dantri.com.vn/eu--nga/5000-cong-dan-eu-da-gia-nhap-cac-to-chuc-thanh-chien-1019670.htm,dantri.com.vn
http://deadspin.com/replace-your-wall-charger-with-bolt-the-all-in-one-bat-1672345346,deadspin.com
http://depositphotos.com/search.html?st=0&image=1&vector=0&video=0&sorting=best_match&editorial_only=1&editorial_exclude=0&orientation=all&search_size=all&limit=60&nudity=0&query=freshness,depositphotos.com
http://digg.com/video/heres-the-trailer-for-cowboys-vs-dinosaurs-which-is-a-very-real-movie,digg.com
http://diply.com/different-solutions/awesome-facts-about-dogs-make-you-smile/105479,diply.com
http://distractify.com/post/related/id/554629ed4a0c4b051c6b25ec/skip/20/limit/10/back/0,distractify.com
https://dribbble.com/shots/1269523-Sperant-mobile-sidebar-concepts/attachments/174429,dribbble.com
http://dropbooks.tv/search/index/word:%E3%83%AD%E3%83%BC%E3%82%BC%E3%83%B3%E3%83%A1%E3%82%A4%E3%83%87%E3%83%B3,dropbooks.tv
http://ecnavi.jp/redirect/?url=http://px.a8.net/svt/ejp?a8mat=2628QK+5WJRQQ+2VNY+63OY9&id1=UI%user_id%IT57174FR36,ecnavi.jp
https://eksisozluk.com/sozluk-yazarlarinin-almanca-seviyeleri--4658273?focusto=51280568,eksisozluk.com
http://elcomercio.pe/mundo/actualidad/infancia-y-adolescencia-vladimir-putin-noticia-1810969?flsm=1,elcomercio.pe
https://elevenia.co.id/login.do?returnURL=%2Fregister%2FconfirmPWD%2FconfirmPWD.do&isSSL=Y,elevenia.co.id
http://elitedaily.com/news/world/one-dress-can-teach-us-starting-revolution/950230/,elitedaily.com
http://emgn.com/gaming/9-new-screenshots-released-for-call-of-duty-advanced-warfare/,emgn.com
http://espn.go.com/sportsnation/post/_/id/12875248/shaquille-oneal-chris-bosh-incredibly-adolescent-exchange-twitter,espn.go.com
http://esporte.uol.com.br/ultimas-noticias/afp/2015/05/13/tevez-confiante-em-grande-surpresa-da-juventus-contra-barcelona.htm,esporte.uol.com.br
http://europa.eu/about-eu/agencies/regulatory_agencies_bodies/policy_agencies/cdt/index_en.htm,europa.eu
https://evernote.com/intl/fr/register?upgrade=premium&itemCode=premium-1year&offer=www_pricing_CTA,evernote.com
http://extratorrent.cc/torrent/4189734/Amon+Tobin+%5BDark+Jovian%5D+%5Belectronic-idm-glitch-dubstep-electronica-loungechill-experimentaltechno-ambientdub%5D+%5B2015%5D+%5BFLAC%5D+%5BCodeTempest%5D.html,extratorrent.cc
http://fanpage.gr/life/taxidia/%ce%bf-%cf%80%cf%8d%cf%81%ce%b3%ce%bf%cf%82-%cf%84%ce%bf%cf%85-19%ce%bf%cf%85-%ce%b1%ce%b9%cf%8e%ce%bd%ce%b1-%cf%83%cf%84%ce%b7-%ce%bc%ce%ac%ce%bd%ce%b7-%cf%80%ce%bf%cf%85-%ce%bc%ce%b5%cf%84%ce%b1/,fanpage.gr
http://fazenda.gov.br/divulgacao/noticias/2015/maio/disponibilizada-consulta-publica-para-alteracao-da-in-de-habilitacao-no-siscomex,fazenda.gov.br
http://filehippo.com/download_app_manager/download/4c149a9071e2c253659b7b40f72816a3/,filehippo.com
http://fishki.net/1528018-kak-gotovjat-shashlyk-v-raznyh-stranah-mira.html?mode=recent,fishki.net
http://fortune.com/careers/verizon-sprint-to-pay-158-million-over-unauthorized-phone-charges/,fortune.com
http://gawker.com/5929703/intern-applicant-i-know-this-is-unpaid-but-as-a-personal-non-negotiable-money-is-a-requirement,gawker.com
http://genius.com/5159148/Ol-dirty-bastard-never-before-seen-ol-dirty-bastard-raw-and-uncut-interview/About,genius.com
http://getpocket.com/signup?mode=socialmode&t=1&route=http://getpocket.com/p/pocket-topics/nutrition,getpocket.com
http://giphy.com/services/oembed/?url=http://media.giphy.com/media/S2p50fbFnqo3C/giphy.gif,giphy.com
http://gizmodo.com/5470921/ask-giz-is-it-ok-to-ask-someone-out-via-text-message-can-you-use-video,gizmodo.com
https://www.gov.uk/government/policies/energy-and-climate-change-evidence-and-analysis,gov.uk
http://grantland.com/the-triangle/forget-derek-jeter-tip-your-cap-to-tracy-mcgrady/,grantland.com
https://google.com,google.com
https://cloudflare.com,cloudflare.com
https://facebook.com,facebook.com
https://gstatic.com,gstatic.com
https://googleapis.com,googleapis.com
https://microsoft.com,microsoft.com
https://amazonaws.com,amazonaws.com
https://akamai.net,akamai.net
https://youtube.com,youtube.com
https://apple.com,apple.com
https://mail.ru,mail.ru
https://ezviz7.com,ezviz7.com
https://fbcdn.net,fbcdn.net
https://dzen.ru,dzen.ru
https://linkedin.com,linkedin.com
https://domaincontrol.com,domaincontrol.com
https://googlevideo.com,googlevideo.com
https://hicloudcam.com,hicloudcam.com
https://office.com,office.com
https://googletagmanager.com,googletagmanager.com
https://live.com,live.com
https://akamaiedge.net,akamaiedge.net
https://amazon.com,amazon.com
https://gtld-servers.net,gtld-servers.net
https://akadns.net,akadns.net
https://azure.com,azure.com
https://github.com,github.com
https://bing.com,bing.com
https://wikipedia.org,wikipedia.org
https://whatsapp.net,whatsapp.net
https://apple-dns.net,apple-dns.net
https://googleusercontent.com,googleusercontent.com
https://appsflyersdk.com,appsflyersdk.com
https://fastly.net,fastly.net
https://doubleclick.net,doubleclick.net
https://aaplimg.com,aaplimg.com
https://microsoftonline.com,microsoftonline.com
https://netflix.com,netflix.com
https://office.net,office.net
https://trafficmanager.net,trafficmanager.net
https://gandi.net,gandi.net
https://sharepoint.com,sharepoint.com
https://youtu.be,youtu.be
https://digicert.com,digicert.com
https://cloud.microsoft,cloud.microsoft
https://skype.com,skype.com
https://x.com,x.com
https://goo.gl,goo.gl
https://cloudfront.net,cloudfront.net
https://icloud.com,icloud.com
https://tiktok.com,tiktok.com
https://whatsapp.com,whatsapp.com
https://googledomains.com,googledomains.com
https://roblox.com,roblox.com
https://cloudflare.net,cloudflare.net
https://yahoo.com,yahoo.com
https://googlesyndication.com,googlesyndication.com
https://windowsupdate.com,windowsupdate.com
https://gvt1.com,gvt1.com
https://spotify.com,spotify.com
https://windows.net,windows.net
https://pv-cdn.net,pv-cdn.net
https://ntp.org,ntp.org
https://adobe.com,adobe.com
https://msn.com,msn.com
https://wa.me,wa.me
https://myfritz.net,myfritz.net
https://nginx.org,nginx.org
https://workers.dev,workers.dev
https://akam.net,akam.net
https://cdninstagram.com,cdninstagram.com
https://cloudflare-dns.com,cloudflare-dns.com
https://chatgpt.com,chatgpt.com
https://tiktokcdn.com,tiktokcdn.com
https://zoom.us,zoom.us
https://tiktokv.com,tiktokv.com
https://qq.com,qq.com
https://root-servers.net,root-servers.net
https://edgekey.net,edgekey.net
https://gwfb.net,gwfb.net
https://baidu.com,baidu.com
https://vimeo.com,vimeo.com
https://gvt2.com,gvt2.com
https://openai.com,openai.com
https://yandex.net,yandex.net
https://ytimg.com,ytimg.com
https://windows.com,windows.com
https://opera.com,opera.com
https://samsung.com,samsung.com
https://blogspot.com,blogspot.com
https://nginx.com,nginx.com
https://sentry.io,sentry.io
https://edgesuite.net,edgesuite.net
https://wordpress.com,wordpress.com
https://yandex.ru,yandex.ru
https://mozilla.org,mozilla.org
https://capgemini.com,capgemini.com
https://achmea.nl,achmea.nl
https://actify.nl,actify.nl
https://t.me,t.me
https://f5.com,f5.com
https://ui.com,ui.com
https://a2z.com,a2z.com
https://reddit.com,reddit.com
https://b-cdn.net,b-cdn.net
https://nic.ru,nic.ru
https://aws.dev,aws.dev
https://office365.com,office365.com
https://yccdn.ru,yccdn.ru
https://bit.ly,bit.ly
https://google-analytics.com,google-analytics.com
https://outlook.com,outlook.com
https://okcdn.ru,okcdn.ru
https://afternic.com,afternic.com
https://registrar-servers.com,registrar-servers.com
https://vk.com,vk.com
https://github.io,github.io
https://amazonvideo.com,amazonvideo.com
https://app-analytics-services.com,app-analytics-services.com
https://app-measurement.com,app-measurement.com
https://criteo.com,criteo.com
https://cdn77.org,cdn77.org
https://apache.org,apache.org
https://amazon-adsystem.com,amazon-adsystem.com
https://snapchat.com,snapchat.com
https://trbcdn.net,trbcdn.net
https://amazon.dev,amazon.dev
https://vkuserphoto.ru,vkuserphoto.ru
https://dnsowl.com,dnsowl.com
https://dns.google,dns.google
https://kaspersky.com,kaspersky.com
https://iiko.it,iiko.it
https://msftncsi.com,msftncsi.com
https://dropbox.com,dropbox.com
https://intuit.com,intuit.com
https://miit.gov.cn,miit.gov.cn
https://static.microsoft,static.microsoft
https://epicgames.com,epicgames.com
https://reg.ru,reg.ru
https://forms.gle,forms.gle
https://discord.gg,discord.gg
https://azurefd.net,azurefd.net
https://xiaomi.com,xiaomi.com
https://godaddy.com,godaddy.com
https://steamserver.net,steamserver.net
https://nytimes.com,nytimes.com
https://one.one,one.one
https://aliyuncs.com,aliyuncs.com
https://tumblr.com,tumblr.com
https://msftconnecttest.com,msftconnecttest.com
https://applovin.com,applovin.com
https://dns-parking.com,dns-parking.com
https://vedcdnlb.com,vedcdnlb.com
https://jomodns.com,jomodns.com
https://triplinkintl.com,triplinkintl.com
https://discord.com,discord.com
https://adtrafficquality.google,adtrafficquality.google
https://tm-azurefd.net,tm-azurefd.net
https://paypal.com,paypal.com
https://3gppnetwork.org,3gppnetwork.org
https://ax-msedge.net,ax-msedge.net
https://webex.com,webex.com
https://ggpht.com,ggpht.com
https://example.com,example.com
https://vk.ru,vk.ru
https://adobe.io,adobe.io
https://shopify.com,shopify.com
https://azurewebsites.net,azurewebsites.net
https://namebrightdns.com,namebrightdns.com
https://mts.ru,mts.ru
https://macromedia.com,macromedia.com
https://flickr.com,flickr.com
https://cdn-apple.com,cdn-apple.com
https://lsrelayaccess.com,lsrelayaccess.com
https://googleadservices.com,googleadservices.com
https://w3.org,w3.org
https://telekom.net,telekom.net
https://bytefcdn-oversea.com,bytefcdn-oversea.com
https://nflxso.net,nflxso.net
https://hichina.com,hichina.com
https://rubiconproject.com,rubiconproject.com
https://lencr.org,lencr.org
https://vungle.com,vungle.com
https://creativecommons.org,creativecommons.org
https://cnn.com,cnn.com
https://theguardian.com,theguardian.com
https://adsafeprotected.com,adsafeprotected.com
https://oracle.com,oracle.com
https://shifen.com,shifen.com
https://ttdns2.com,ttdns2.com
https://t-online.de,t-online.de
https://miui.com,miui.com
https://doi.org,doi.org
https://pages.dev,pages.dev
https://playstation.net,playstation.net
https://sfx.ms,sfx.ms
https://forbes.com,forbes.com
https://bbc.com,bbc.com
https://ack.de,ack.de
https://ksyuncdn.com,ksyuncdn.com
https://youtube-nocookie.com,youtube-nocookie.com
https://sciencedirect.com,sciencedirect.com
https://duckdns.org,duckdns.org
https://mit.edu,mit.edu
https://gmail.com,gmail.com
https://twitch.tv,twitch.tv
https://researchgate.net,researchgate.net
https://fastly-edge.com,fastly-edge.com
https://cdngslb.com,cdngslb.com
https://pki.goog,pki.goog
https://akamaized.net,akamaized.net
https://nist.gov,nist.gov
https://ebay.com,ebay.com
https://bbc.co.uk,bbc.co.uk
https://userapi.com,userapi.com
https://cpanel.net,cpanel.net
https://ozon.ru,ozon.ru
https://ubuntu.com,ubuntu.com
https://nr-data.net,nr-data.net
https://t.co,t.co
https://azureedge.net,azureedge.net
https://etsy.com,etsy.com
https://prodregistryv2.org,prodregistryv2.org
https://stripe.com,stripe.com
https://comcast.net,comcast.net
https://imcmdb.net,imcmdb.net
https://canva.com,canva.com
https://wsdvs.com,wsdvs.com
https://rbxcdn.com,rbxcdn.com
https://pubmatic.com,pubmatic.com
https://android.com,android.com
https://telegram.org,telegram.org
https://meraki.com,meraki.com
https://cisco.com,cisco.com
https://ripn.net,ripn.net
https://omtrdc.net,omtrdc.net
https://adsrvr.org,adsrvr.org
https://name-services.com,name-services.com
https://roku.com,roku.com
https://hubspot.com,hubspot.com
https://wikimedia.org,wikimedia.org
https://booking.com,booking.com
https://hcaptcha.com,hcaptcha.com
https://adnxs.com,adnxs.com
https://imdb.com,imdb.com
https://who.int,who.int
https://alibabadns.com,alibabadns.com
https://scorecardresearch.com,scorecardresearch.com
https://capcutapi.com,capcutapi.com
https://ailawandorder.com,ailawandorder.com
https://launchpad.net,launchpad.net
https://alidns.com,alidns.com
https://wixsite.com,wixsite.com
https://linktr.ee,linktr.ee
https://telecid.ru,telecid.ru
https://ttvnw.net,ttvnw.net
https://ibm.com,ibm.com
https://forter.com,forter.com
https://facebook.net,facebook.net
https://mangosip.ru,mangosip.ru
https://arubanetworks.com,arubanetworks.com
https://amon.tech,amon.tech
https://reuters.com,reuters.com
https://msedge.net,msedge.net
https://springer.com,springer.com
https://yandexcloud.net,yandexcloud.net
https://spov-msedge.net,spov-msedge.net
https://2mdn.net,2mdn.net
https://aliyuncsslbintl.com,aliyuncsslbintl.com
https://amplitude.com,amplitude.com
https://tinyurl.com,tinyurl.com
https://telegram.me,telegram.me
https://dnsmadeeasy.com,dnsmadeeasy.com
https://nature.com,nature.com
https://appsflyer.com,appsflyer.com
https://mozilla.com,mozilla.com
https://media-amazon.com,media-amazon.com
https://crpt.ru,crpt.ru
https://byteoversea.net,byteoversea.net
https://drom.ru,drom.ru
https://hp.com,hp.com
https://mzstatic.com,mzstatic.com
https://weibo.com,weibo.com
https://tiktokcdn-us.com,tiktokcdn-us.com
https://inmobi.com,inmobi.com
https://steampowered.com,steampowered.com
https://jsdelivr.net,jsdelivr.net
https://harvard.edu,harvard.edu
https://autodesk.com,autodesk.com
https://debian.org,debian.org
https://clarity.ms,clarity.ms
https://alibaba.com,alibaba.com
https://weather.com,weather.com
https://ea.com,ea.com
https://avast.com,avast.com
https://samsungcloud.com,samsungcloud.com
https://datadoghq.com,datadoghq.com
https://ok.ru,ok.ru
https://wiley.com,wiley.com
https://wac-msedge.net,wac-msedge.net
https://salesforce.com,salesforce.com
https://vecdnlb.com,vecdnlb.com
https://mtgglobals.com,mtgglobals.com
https://php.net,php.net
https://heytapmobile.com,heytapmobile.com
https://samsungqbe.com,samsungqbe.com
https://shalltry.com,shalltry.com
https://worldnic.com,worldnic.com
https://douyincdn.com,douyincdn.com
https://amazon.co.uk,amazon.co.uk
https://aliyun.com,aliyun.com
https://googleblog.com,googleblog.com
https://myshopify.com,myshopify.com
https://hostinger.com,hostinger.com
https://name.com,name.com
https://hostgator.com,hostgator.com
https://virginm.net,virginm.net
https://akamaihd.net,akamaihd.net
https://gnu.org,gnu.org
https://namecheap.com,namecheap.com
https://tbcache.com,tbcache.com
https://dell.com,dell.com
https://shiabank.com,shiabank.com
https://smartadserver.com,smartadserver.com
https://crashlytics.com,crashlytics.com
https://trueconf.net,trueconf.net
https://bilibili.com,bilibili.com
https://wildberries.ru,wildberries.ru
https://edgcdn.net,edgcdn.net
https://inner-active.mobi,inner-active.mobi
https://doubleverify.com,doubleverify.com
https://awswaf.com,awswaf.com
https://naver.com,naver.com
https://trustpilot.com,trustpilot.com
https://checkpoint.com,checkpoint.com
https://un.org,un.org
https://cdc.gov,cdc.gov
https://opendns.com,opendns.com
https://spaceweb.pro,spaceweb.pro
https://weebly.com,weebly.com
https://dotaplabs.net,dotaplabs.net
https://allawnos.com,allawnos.com
https://launchdarkly.com,launchdarkly.com
https://tradingview.com,tradingview.com
https://media.net,media.net
https://washingtonpost.com,washingtonpost.com
https://netflix.net,netflix.net
https://issuu.com,issuu.com
https://mobile.de,mobile.de
https://nvidia.com,nvidia.com
https://indeed.com,indeed.com
https://wsj.com,wsj.com
https://selectel.ru,selectel.ru
https://bloomberg.com,bloomberg.com
https://google.cn,google.cn
https://stanford.edu,stanford.edu
https://calendly.com,calendly.com
https://zendesk.com,zendesk.com
https://samsungcloudsolution.com,samsungcloudsolution.com
https://live-video.net,live-video.net
https://walmart.com,walmart.com
https://cookiedatabase.org,cookiedatabase.org
https://ip-api.com,ip-api.com
https://cdnbuild.net,cdnbuild.net
https://mynetname.net,mynetname.net
https://tiktokv.us,tiktokv.us
https://plesk.com,plesk.com
https://amazon.de,amazon.de
https://quickconnect.to,quickconnect.to
https://volcfcdndvs.com,volcfcdndvs.com
https://ioref.io,ioref.io
https://amazontrust.com,amazontrust.com
https://newrelic.com,newrelic.com
https://tp-link.com,tp-link.com
https://gitlab.com,gitlab.com
https://yandex.com,yandex.com
https://rocket-cdn.com,rocket-cdn.com
https://ibyteimg.com,ibyteimg.com
https://bsky.app,bsky.app
https://paloaltonetworks.com,paloaltonetworks.com
https://casalemedia.com,casalemedia.com
https://kwai-pro.com,kwai-pro.com
https://ezvizlife.com,ezvizlife.com
https://dnspod.net,dnspod.net
https://vivoglobal.com,vivoglobal.com
https://demdex.net,demdex.net
https://gandi-ns.fr,gandi-ns.fr
https://shopifysvc.com,shopifysvc.com
https://onelink.me,onelink.me
https://aliexpress.com,aliexpress.com
https://netangels.ru,netangels.ru
https://163.com,163.com
https://online-metrix.net,online-metrix.net
https://nasa.gov,nasa.gov
https://statsigapi.net,statsigapi.net
https://ipify.org,ipify.org
https://licdn.com,licdn.com
https://unsplash.com,unsplash.com
https://heytapdl.com,heytapdl.com
https://globo.com,globo.com
https://espn.com,espn.com
https://bluehost.com,bluehost.com
https://nflxvideo.net,nflxvideo.net
https://tiktokv.eu,tiktokv.eu
https://line.me,line.me
https://brave.com,brave.com
https://amazonalexa.com,amazonalexa.com
https://dailymotion.com,dailymotion.com
https://tiktokcdn-eu.com,tiktokcdn-eu.com
https://beian.gov.cn,beian.gov.cn
https://spo-msedge.net,spo-msedge.net
https://expireddomains.com,expireddomains.com
https://kaspersky-labs.com,kaspersky-labs.com
https://temu.com,temu.com
https://pangle.io,pangle.io
https://avcdn.net,avcdn.net
https://supercell.com,supercell.com
https://enacdn.net,enacdn.net
https://taobao.com,taobao.com
https://vkuser.net,vkuser.net
https://claude.ai,claude.ai
https://kwaipros.com,kwaipros.com
https://xcal.tv,xcal.tv
https://mi.com,mi.com
https://goodreads.com,goodreads.com
https://dropcatch.com,dropcatch.com
https://intel.com,intel.com
https://substack.com,substack.com
https://businessinsider.com,businessinsider.com
https://awsglobalaccelerator.com,awsglobalaccelerator.com
https://cloudns.net,cloudns.net
https://ipinfo.io,ipinfo.io
https://chinamobile.com,chinamobile.com
https://sina.com.cn,sina.com.cn
https://netease.com,netease.com
https://avsxappcaptiveportal.com,avsxappcaptiveportal.com
https://wp.com,wp.com
https://yahoo.co.jp,yahoo.co.jp
https://myqcloud.com,myqcloud.com
https://pixabay.com,pixabay.com
https://wbx2.com,wbx2.com
https://go.com,go.com
https://byteglb.com,byteglb.com
https://g.page,g.page
https://sohu.com,sohu.com
https://speedtest.net,speedtest.net
https://skyhigh.cloud,skyhigh.cloud
https://adobe.net,adobe.net
https://amazon.co.za,amazon.co.za
https://timeweb.ru,timeweb.ru
https://gamepass.com,gamepass.com
https://eye4.cn,eye4.cn
https://cloudflareinsights.com,cloudflareinsights.com
https://edgecdn.ru,edgecdn.ru
https://mikrotik.com,mikrotik.com
https://nflximg.com,nflximg.com
https://tencent-cloud.net,tencent-cloud.net
https://twc.com,twc.com
https://cnbc.com,cnbc.com
https://duolingo.com,duolingo.com
https://firetvcaptiveportal.com,firetvcaptiveportal.com
https://nease.net,nease.net
https://list-manage.com,list-manage.com
https://arxiv.org,arxiv.org
https://kwai.net,kwai.net
https://statista.com,statista.com
https://bdydns.com,bdydns.com
https://adriver.ru,adriver.ru
https://dual-s-msedge.net,dual-s-msedge.net
https://oxylabs.io,oxylabs.io
https://ietf.org,ietf.org
https://addtoany.com,addtoany.com
https://gcdn.co,gcdn.co
https://libp2p.direct,libp2p.direct
https://sc-gw.com,sc-gw.com
https://markmonitor.com,markmonitor.com
https://vercel-dns-016.com,vercel-dns-016.com
https://aol.com,aol.com
https://docker.com,docker.com
https://quora.com,quora.com
https://scribd.com,scribd.com
https://amazon.co.jp,amazon.co.jp
https://npr.org,npr.org
https://ivi.ru,ivi.ru
https://att.com,att.com
https://mediatek.com,mediatek.com
https://atlassian.net,atlassian.net
https://mcafee.com,mcafee.com
https://eventbrite.com,eventbrite.com
https://impervadns.net,impervadns.net
https://shein.com,shein.com
https://ampproject.org,ampproject.org
https://mysql.com,mysql.com
https://okta.com,okta.com
https://dynatrace.com,dynatrace.com
https://behance.net,behance.net
https://myhuaweicloud.com,myhuaweicloud.com
https://google.de,google.de
https://foxnews.com,foxnews.com
https://amzn.to,amzn.to
https://indiatimes.com,indiatimes.com
https://exp-tas.com,exp-tas.com
https://run.app,run.app
https://google.com.hk,google.com.hk
https://ui-dns.com,ui-dns.com
https://ft.com,ft.com
https://gosuslugi.ru,gosuslugi.ru
https://squarespacedns.com,squarespacedns.com
https://ngenix.net,ngenix.net
https://discord.media,discord.media
https://trendmicro.com,trendmicro.com
https://blogger.com,blogger.com
https://slideshare.net,slideshare.net
https://fandom.com,fandom.com
https://openx.net,openx.net
https://ipv4only.arpa,ipv4only.arpa
https://adobedtm.com,adobedtm.com
https://tplinkcloud.com,tplinkcloud.com
https://capcut.com,capcut.com
https://firefox.com,firefox.com
https://visualstudio.com,visualstudio.com
https://xboxlive.com,xboxlive.com
https://supertms.com,supertms.com
https://patreon.com,patreon.com
https://wired.com,wired.com
https://jquery.com,jquery.com
https://oup.com,oup.com
https://e2ro.com,e2ro.com
https://on.aws,on.aws
https://featureassets.org,featureassets.org
https://elasticbeanstalk.com,elasticbeanstalk.com
https://noaa.gov,noaa.gov
https://hicloud.com,hicloud.com
https://icloud-content.com,icloud-content.com
https://palmplaystore.com,palmplaystore.com
https://fast.com,fast.com
https://share.google,share.google
https://tandfonline.com,tandfonline.com
https://live.net,live.net
https://time.com,time.com
https://vidaahub.com,vidaahub.com
https://360yield.com,360yield.com
https://translate.goog,translate.goog
https://uol.com.br,uol.com.br
https://svc.ms,svc.ms
https://cornell.edu,cornell.edu
https://deviantart.com,deviantart.com
https://pushy.io,pushy.io
https://eset.com,eset.com
https://adobedc.net,adobedc.net
https://tripadvisor.com,tripadvisor.com
https://grammarly.com,grammarly.com
https://azure-dns.com,azure-dns.com
https://rakuten.co.jp,rakuten.co.jp
https://usatoday.com,usatoday.com
https://oraclecloud.com,oraclecloud.com
https://qlivecdn.com,qlivecdn.com
https://geobasket.ru,geobasket.ru
https://yahoodns.net,yahoodns.net
https://aboutads.info,aboutads.info
https://nstld.com,nstld.com
https://teamviewer.com,teamviewer.com
https://target.com,target.com
https://cookielaw.org,cookielaw.org
https://easebar.com,easebar.com
https://my.com,my.com
https://t-msedge.net,t-msedge.net
https://dreamhost.com,dreamhost.com
https://rlcdn.com,rlcdn.com
https://3lift.com,3lift.com
https://berkeley.edu,berkeley.edu
https://hotjar.com,hotjar.com
https://ca.gov,ca.gov
https://ieee.org,ieee.org
https://klaviyo.com,klaviyo.com
https://shop.app,shop.app
https://digitalocean.com,digitalocean.com
https://xiaomi.net,xiaomi.net
https://avito.ru,avito.ru
https://telegraph.co.uk,telegraph.co.uk
https://playstation.com,playstation.com
https://imgsmail.ru,imgsmail.ru
https://samsungapps.com,samsungapps.com
https://braze.com,braze.com
https://cdn20.com,cdn20.com
https://cdnvideo.ru,cdnvideo.ru
https://mdpi.com,mdpi.com
https://bitrix24.ru,bitrix24.ru
https://force.com,force.com
https://amazon.fr,amazon.fr
https://atlassian.com,atlassian.com
https://bx-msedge.net,bx-msedge.net
https://threads.com,threads.com
https://wix.com,wix.com
https://anthropic.com,anthropic.com
https://wswebcdn.com,wswebcdn.com
https://accuweather.com,accuweather.com
https://free.fr,free.fr
https://vercel-dns-3.com,vercel-dns-3.com
https://2gis.com,2gis.com
https://whecloud.com,whecloud.com
https://alicdn.com,alicdn.com
https://sharethrough.com,sharethrough.com
https://onetrust.com,onetrust.com
https://withgoogle.com,withgoogle.com
https://unesco.org,unesco.org
https://ikea.com,ikea.com
https://jotform.com,jotform.com
https://nintendo.com,nintendo.com
https://loc.gov,loc.gov
https://mhverifier.ru,mhverifier.ru
https://dyndns.org,dyndns.org
https://branch.io,branch.io
https://footprintdns.com,footprintdns.com
https://msidentity.com,msidentity.com
https://tencent.com,tencent.com
https://sagepub.com,sagepub.com
https://amazon.ca,amazon.ca
https://uk.com,uk.com
https://shopee.com.br,shopee.com.br
https://surveymonkey.com,surveymonkey.com
https://mega.co.nz,mega.co.nz
https://ups.com,ups.com
https://googletagservices.com,googletagservices.com
https://bidswitch.net,bidswitch.net
https://nike.com,nike.com
https://vedsalb.com,vedsalb.com
https://britannica.com,britannica.com
https://yelp.com,yelp.com
https://redhat.com,redhat.com
https://bytedns1.com,bytedns1.com
https://hstgr.net,hstgr.net
https://ovh.net,ovh.net
https://service.gov.uk,service.gov.uk
https://webempresa.eu,webempresa.eu
https://cmediahub.ru,cmediahub.ru
https://elpais.com,elpais.com
https://imgur.com,imgur.com
https://vercel.app,vercel.app
https://dailymail.co.uk,dailymail.co.uk
https://resolver.arpa,resolver.arpa
https://stackadapt.com,stackadapt.com
https://primevideo.com,primevideo.com
https://intercom.io,intercom.io
https://cambridge.org,cambridge.org
https://openstreetmap.org,openstreetmap.org
https://googlezip.net,googlezip.net
https://viber.com,viber.com
https://pvp.net,pvp.net
https://telephony.goog,telephony.goog
https://anydesk.com,anydesk.com
https://amazon.in,amazon.in
https://vercel-dns-017.com,vercel-dns-017.com
https://cdnhwc1.com,cdnhwc1.com
https://verisign.com,verisign.com
https://ks-cdn.com,ks-cdn.com
https://comcast.com,comcast.com
https://perplexity.ai,perplexity.ai
https://hihonorcloud.com,hihonorcloud.com
https://fontawesome.com,fontawesome.com
https://twimg.com,twimg.com
https://optimizely.com,optimizely.com
https://360.cn,360.cn
https://outbrain.com,outbrain.com
https://vkontakte.ru,vkontakte.ru
https://cbsnews.com,cbsnews.com
https://typekit.net,typekit.net
https://dotomi.com,dotomi.com
https://hostgator.com.br,hostgator.com.br
https://beyondwickedmapping.org,beyondwickedmapping.org
https://consultant.ru,consultant.ru
https://dailymail.com,dailymail.com
https://lemonde.fr,lemonde.fr
https://seznam.cz,seznam.cz
https://wps.com,wps.com
https://spiegel.de,spiegel.de
https://fb.com,fb.com
https://id5-sync.com,id5-sync.com
https://marriott.com,marriott.com
https://cnet.com,cnet.com
https://blackhub.team,blackhub.team
https://pinimg.com,pinimg.com
https://wp.pl,wp.pl
https://kick.com,kick.com
https://nel.goog,nel.goog
https://sophos.com,sophos.com
https://amazon.es,amazon.es
https://independent.co.uk,independent.co.uk
https://samsungacr.com,samsungacr.com
https://iso.org,iso.org
https://alipaydns.com,alipaydns.com
https://dbankcloud.com,dbankcloud.com
https://amazon.it,amazon.it
https://ya.ru,ya.ru
https://wpguardian.io,wpguardian.io
https://bunnyinfra.net,bunnyinfra.net
https://quantserve.com,quantserve.com
https://mailchimp.com,mailchimp.com
https://linode.com,linode.com
https://fifa.com,fifa.com
https://ring.com,ring.com
https://globalsign.com,globalsign.com
https://itch.io,itch.io
https://g.co,g.co
https://uber.com,uber.com
https://eeroup.com,eeroup.com
https://asus.com,asus.com
https://share-dns.com,share-dns.com
https://stripchat.com,stripchat.com
https://mlb.com,mlb.com
https://creativecdn.com,creativecdn.com
https://browser-intake-datadoghq.com,browser-intake-datadoghq.com
https://agkn.com,agkn.com
https://parklogic.com,parklogic.com
https://1rx.io,1rx.io
https://githubusercontent.com,githubusercontent.com
https://crwdcntrl.net,crwdcntrl.net
https://bamgrid.com,bamgrid.com
https://shopee.co.id,shopee.co.id
https://cursor.sh,cursor.sh
https://zillow.com,zillow.com
https://google.co.uk,google.co.uk
https://python.org,python.org
https://bidr.io,bidr.io
https://wattpad.com,wattpad.com
https://imrworldwide.com,imrworldwide.com
https://wpguardian.com,wpguardian.com
https://bestbuy.com,bestbuy.com
https://abovedomains.com,abovedomains.com
https://homedepot.com,homedepot.com
https://lijit.com,lijit.com
https://safebrowsing.apple,safebrowsing.apple
https://bugsnag.com,bugsnag.com
https://curseforge.com,curseforge.com
https://mediafire.com,mediafire.com
https://criteo.net,criteo.net
https://steamstatic.com,steamstatic.com
https://grammarly.io,grammarly.io
https://ddnss.de,ddnss.de
https://sedo.com,sedo.com
https://bild.de,bild.de
https://gumgum.com,gumgum.com
https://ted.com,ted.com
https://expedia.com,expedia.com
https://box.com,box.com
https://nmrodam.com,nmrodam.com
https://fda.gov,fda.gov
https://airbnb.com,airbnb.com
https://allaboutcookies.org,allaboutcookies.org
https://ad-tech.ru,ad-tech.ru
https://nikkei.com,nikkei.com
https://appcenter.ms,appcenter.ms
https://h264.io,h264.io
https://singular.net,singular.net
https://ovscdns.com,ovscdns.com
https://mckinsey.com,mckinsey.com
https://bitdefender.net,bitdefender.net
https://fiverr.com,fiverr.com
https://adjust.com,adjust.com
https://visma.com,visma.com
https://porkbun.com,porkbun.com
https://wcdnga.com,wcdnga.com
https://mobolize.com,mobolize.com
https://shopeemobile.com,shopeemobile.com
https://herokudns.com,herokudns.com
https://mercadolivre.com.br,mercadolivre.com.br
https://apnews.com,apnews.com
https://usgovcloudapi.net,usgovcloudapi.net
https://liadm.com,liadm.com
https://networkadvertising.org,networkadvertising.org
https://orderbox-dns.com,orderbox-dns.com
https://sc-cdn.net,sc-cdn.net
https://adform.net,adform.net
https://welt.de,welt.de
https://wb.ru,wb.ru
https://rt.ru,rt.ru
https://meta.com,meta.com
https://craigslist.org,craigslist.org
https://people.com,people.com
https://no-ip.com,no-ip.com
https://recaptcha.net,recaptcha.net
https://google.com.br,google.com.br
https://disneyplus.com,disneyplus.com
https://zoho.com,zoho.com
https://mixpanel.com,mixpanel.com
https://rakuten.com,rakuten.com
https://prnewswire.com,prnewswire.com
https://ozone.ru,ozone.ru
https://xbox.com,xbox.com
https://daum.net,daum.net
https://academia.edu,academia.edu
https://teads.tv,teads.tv
https://erome.com,erome.com
https://a-mo.net,a-mo.net
https://moloco.com,moloco.com
https://akamaitech.net,akamaitech.net
https://unpkg.com,unpkg.com
https://33across.com,33across.com
https://discordapp.com,discordapp.com
https://blackberry.com,blackberry.com
https://queniuaa.com,queniuaa.com
https://vivo.com.cn,vivo.com.cn
https://liftoff.io,liftoff.io
https://cloudsink.net,cloudsink.net
https://usps.com,usps.com
https://zpath.net,zpath.net
https://deepl.com,deepl.com
https://lefigaro.fr,lefigaro.fr
https://turn.com,turn.com
https://buydomains.com,buydomains.com
https://odoo.com,odoo.com
https://focus.de,focus.de
https://theverge.com,theverge.com
https://me.com,me.com
https://att.net,att.net
https://livejournal.com,livejournal.com
https://goskope.com,goskope.com
https://lgtvcommon.com,lgtvcommon.com
https://a-msedge.net,a-msedge.net
https://zoom.com,zoom.com
https://scdn.co,scdn.co
https://keenetic.io,keenetic.io
https://xvideos.com,xvideos.com
https://auvik.com,auvik.com
https://washington.edu,washington.edu
https://usda.gov,usda.gov
https://onlyfans.com,onlyfans.com
https://amazon.com.br,amazon.com.br
https://discogs.com,discogs.com
https://it.com,it.com
https://hbr.org,hbr.org
https://agoda.com,agoda.com
https://amazon.com.au,amazon.com.au
https://ebay.co.uk,ebay.co.uk
https://onetag-sys.com,onetag-sys.com
https://lg.com,lg.com
https://appspot.com,appspot.com
https://adgrx.com,adgrx.com
https://figma.com,figma.com
https://pexels.com,pexels.com
https://nbcnews.com,nbcnews.com
https://jetbrains.com,jetbrains.com
https://chess.com,chess.com
https://fbsbx.com,fbsbx.com
https://yellowblue.io,yellowblue.io
https://disqus.com,disqus.com
https://frontiersin.org,frontiersin.org
https://mayoclinic.org,mayoclinic.org
https://synology.com,synology.com
https://t-s1-msedge.net,t-s1-msedge.net
https://ebay.de,ebay.de
https://azure-devices.net,azure-devices.net
https://princeton.edu,princeton.edu
https://hilton.com,hilton.com
https://spotifycdn.com,spotifycdn.com
https://gov.br,gov.br
https://ssl-images-amazon.com,ssl-images-amazon.com
https://bankofamerica.com,bankofamerica.com
https://biblegateway.com,biblegateway.com
https://arcgis.com,arcgis.com
https://life360.com,life360.com
https://usercontent.goog,usercontent.goog
https://readthedocs.io,readthedocs.io
https://pornhub.com,pornhub.com
https://ryanair.com,ryanair.com
https://ys7.com,ys7.com
https://msftauth.net,msftauth.net
https://dbankcloud.ru,dbankcloud.ru
https://worldbank.org,worldbank.org
https://wyzecam.com,wyzecam.com
https://360safe.com,360safe.com
https://kleinanzeigen.de,kleinanzeigen.de
https://fwmrm.net,fwmrm.net
https://agora.io,agora.io
https://herokuapp.com,herokuapp.com
https://latimes.com,latimes.com
https://coupang.com,coupang.com
https://dv.tech,dv.tech
https://eu-1-id5-sync.com,eu-1-id5-sync.com
https://nintendo.net,nintendo.net
https://lwsdns.com,lwsdns.com
https://pendo.io,pendo.io
https://qualtrics.com,qualtrics.com
https://starlink.com,starlink.com
https://samsungiotcloud.com,samsungiotcloud.com
https://dnse0.com,dnse0.com
https://tiktokw.us,tiktokw.us
https://miwifi.com,miwifi.com
https://paramountplus.com,paramountplus.com
https://playrix.com,playrix.com
https://samsungosp.com,samsungosp.com
https://seedtag.com,seedtag.com
https://docker.io,docker.io
https://epa.gov,epa.gov
https://smartthings.com,smartthings.com
https://aiv-delivery.net,aiv-delivery.net
https://flashtalking.com,flashtalking.com
https://go-mpulse.net,go-mpulse.net
https://deloitte.com,deloitte.com
https://epam.com,epam.com
https://youku.com,youku.com
https://tbank.ru,tbank.ru
https://state.gov,state.gov
https://webmd.com,webmd.com
https://one.com,one.com
https://opera-api2.com,opera-api2.com
https://zenecn.net,zenecn.net
https://lowes.com,lowes.com
https://pccc.com,pccc.com
https://eporner.com,eporner.com
https://volcgslb.com,volcgslb.com
https://sentinelone.net,sentinelone.net
https://bytefcdn.com,bytefcdn.com
https://magnit.ru,magnit.ru
https://leiniao.com,leiniao.com
https://mailchi.mp,mailchi.mp
https://netlify.app,netlify.app
https://character.ai,character.ai
https://mercadolibre.com.ar,mercadolibre.com.ar
https://kunluncan.com,kunluncan.com
https://onet.pl,onet.pl
https://investopedia.com,investopedia.com
https://internetwarriors.net,internetwarriors.net
https://ubi.com,ubi.com
https://tailscale.com,tailscale.com
https://immedia-semi.com,immedia-semi.com
https://ubnt.com,ubnt.com
https://hm.com,hm.com
https://fidelity.com,fidelity.com
https://change.org,change.org
https://repubblica.it,repubblica.it
https://note.com,note.com
https://xnxx.com,xnxx.com
https://jd.com,jd.com
https://thenai.org,thenai.org
https://webhostbox.net,webhostbox.net
https://nationalgeographic.com,nationalgeographic.com
https://ancestry.com,ancestry.com
https://t-mobile.com,t-mobile.com
https://ln-msedge.net,ln-msedge.net
https://tsyndicate.com,tsyndicate.com
https://dnse2.com,dnse2.com
https://nexusmods.com,nexusmods.com
https://corriere.it,corriere.it
https://xhamster46.desi,xhamster46.desi
https://xerox.com,xerox.com
https://healthline.com,healthline.com
https://4dex.io,4dex.io
https://weforum.org,weforum.org
https://segment.io,segment.io
https://tplinknbu.com,tplinknbu.com
https://presage.io,presage.io
https://btloader.com,btloader.com
https://kwai.com,kwai.com
https://otto.de,otto.de
https://pixiv.net,pixiv.net
https://ddns.net,ddns.net
https://sofascore.com,sofascore.com
https://transsion-os.com,transsion-os.com
https://stbid.ru,stbid.ru
https://opera-api.com,opera-api.com
https://mybluehost.me,mybluehost.me
https://amagi.tv,amagi.tv
https://elmundo.es,elmundo.es
https://cdn-vk.ru,cdn-vk.ru
https://faphouse.com,faphouse.com
https://bytefcdn-ttpus.com,bytefcdn-ttpus.com
https://bol.com,bol.com
https://xhcdn.com,xhcdn.com
https://app-ads-services.com,app-ads-services.com
https://trendyol.com,trendyol.com
https://eu.com,eu.com
https://nextlgsdp.com,nextlgsdp.com
https://binance.com,binance.com
https://heytapmobi.com,heytapmobi.com
https://flipkart.com,flipkart.com
https://b-msedge.net,b-msedge.net
https://onesignal.com,onesignal.com
https://ox.ac.uk,ox.ac.uk
https://costco.com,costco.com
https://theatlantic.com,theatlantic.com
https://xing.com,xing.com
https://tiktokpangle.us,tiktokpangle.us
https://umich.edu,umich.edu
https://whitehouse.gov,whitehouse.gov
https://freepik.com,freepik.com
https://ltwebstatic.com,ltwebstatic.com
https://youronlinechoices.com,youronlinechoices.com
https://flightradar24.com,flightradar24.com
https://ecosia.org,ecosia.org
https://kwcdn.com,kwcdn.com
https://nextcloud.com,nextcloud.com
https://cdnhwc2.com,cdnhwc2.com
https://spamhaus.org,spamhaus.org
https://letterboxd.com,letterboxd.com
https://columbia.edu,columbia.edu
https://infobae.com,infobae.com
https://vk-analytics.ru,vk-analytics.ru
https://docomo.ne.jp,docomo.ne.jp
https://interia.pl,interia.pl
