Domain,Have_IP,Have_At,URL_Length,URL_Depth,Redirection,https_Domain,TinyURL,Prefix/Suffix,DNS_Record,Web_Traffic,Domain_Age,Domain_End,iFrame,Mouse_Over,Right_Click,Web_Forwards,Label
metro.co.uk,0,0,1,4,0,0,0,0,0,1,1,1,1,0,1,0,0
techcrunch.com,0,0,1,3,0,0,0,0,0,1,0,1,0,0,1,0,0
olx.ua,0,0,1,4,0,0,0,0,0,1,0,0,1,0,1,0,0
bdnews24.com,0,0,1,5,0,0,0,0,0,1,0,1,1,0,1,0,0
udn.com,0,0,1,4,0,0,0,0,0,1,0,1,1,0,1,0,0
caixa.gov.br,0,0,1,6,0,0,0,0,0,1,1,1,0,0,1,1,0
correios.com.br,0,0,1,4,0,0,0,0,0,1,0,1,0,0,1,0,0
kenh14.vn,0,0,1,2,0,0,0,0,0,1,1,1,1,0,1,0,0
khabaronline.ir,0,0,1,5,0,0,0,0,0,1,1,1,1,0,1,1,0
khabaronline.ir,0,0,1,5,0,0,0,0,0,1,1,1,1,0,1,1,0
espn.go.com,0,0,1,8,0,0,0,0,0,1,0,0,1,0,1,0,0
metro.co.uk,0,0,1,4,0,0,0,0,0,1,1,1,1,0,1,0,0
buzzfil.net,0,0,1,4,0,0,0,0,0,0,0,0,1,1,1,1,0
kienthuc.net.vn,0,0,1,2,0,0,0,0,0,0,1,1,1,0,1,0,0
gtbank.com,0,0,1,6,0,0,0,0,0,1,0,1,1,0,1,1,0
indianexpress.com,0,0,1,4,0,0,0,0,0,1,0,1,1,0,1,0,0
bestblackhatforum.com,0,0,1,1,0,0,0,0,0,0,0,1,1,0,1,0,0
cox.com,0,0,1,3,0,0,1,0,0,1,0,0,1,0,1,1,0
thenextweb.com,0,0,1,7,0,0,0,0,0,1,0,1,0,0,1,1,0
noticias.uol.com.br,0,0,1,7,0,0,0,0,0,0,0,1,1,1,1,1,0
seesaawiki.jp,0,0,1,3,0,0,0,0,0,1,0,0,1,0,1,0,0
tinnhanh360.net,0,0,1,1,0,0,0,0,0,0,0,0,1,0,1,0,0
atwiki.jp,0,0,1,2,0,0,0,0,0,1,0,0,1,0,1,0,0
ecnavi.jp,0,0,1,1,1,0,0,0,0,1,0,0,0,0,1,0,0
abc.go.com,0,0,1,8,0,0,0,0,0,1,0,0,1,0,1,0,0
nguyentandung.org,0,0,1,1,0,0,0,0,0,0,0,0,1,0,1,1,0
kienthuc.net.vn,0,0,1,2,0,0,0,0,0,0,1,1,1,0,1,0,0
mylust.com,0,0,1,3,0,0,1,0,0,1,0,0,0,0,1,0,0
emgn.com,0,0,1,2,0,0,0,0,1,0,1,1,1,1,1,1,0
emgn.com,0,0,1,2,0,0,0,0,1,0,1,1,1,1,1,1,0
ap.org,0,0,1,4,0,0,0,0,0,1,0,1,1,0,1,0,0
serverfault.com,0,0,1,3,0,0,1,0,0,1,0,1,1,0,1,0,0
metro.co.uk,0,0,1,4,0,0,0,0,0,1,1,1,1,0,1,0,0
dribbble.com,0,0,1,2,0,0,0,0,0,1,0,0,1,0,1,0,0
kenh14.vn,0,0,1,2,0,0,0,0,0,1,1,1,1,0,1,0,0
mic.com,0,0,1,3,0,0,0,0,0,1,0,1,1,0,1,0,0
interpark.com,0,0,1,2,0,0,0,0,0,1,0,0,1,0,1,0,0
abc.go.com,0,0,1,5,0,0,0,0,0,1,0,0,1,0,1,0,0
iconosquare.com,0,0,1,3,0,0,0,0,0,1,0,0,0,0,1,0,0
olx.ro,0,0,1,7,0,0,0,0,0,1,1,1,1,0,1,0,0
indianexpress.com,0,0,1,3,0,0,0,0,0,1,0,1,1,0,1,0,0
askubuntu.com,0,0,1,3,0,0,0,0,0,1,0,0,1,0,1,0,0
extratorrent.cc,0,0,1,3,0,0,0,0,1,0,1,1,1,1,1,1,0
shareba.com,0,0,1,5,0,0,0,0,0,0,0,0,1,0,1,0,0
babal.net,0,0,1,4,0,0,0,0,0,0,0,1,1,0,1,0,0
nymag.com,0,0,1,9,0,0,0,0,0,1,0,0,0,0,1,1,0
allegro.pl,0,0,1,1,0,0,0,0,0,1,0,0,1,1,1,1,0
tsite.jp,0,0,1,3,0,0,0,0,0,1,0,0,1,1,1,1,0
caixa.gov.br,0,0,1,3,0,0,0,0,0,1,1,1,0,0,1,1,0
noticias.uol.com.br,0,0,1,6,0,0,0,0,0,0,0,1,1,1,1,1,0
sourceforge.net,0,0,1,3,0,0,0,0,0,1,0,1,1,0,1,0,0
pikabu.ru,0,0,1,3,0,0,0,0,0,1,0,1,1,0,1,0,0
kenh14.vn,0,0,1,2,0,0,0,0,0,1,1,1,1,0,1,0,0
depositphotos.com,0,0,1,1,0,0,0,0,0,1,0,1,1,1,1,1,0
distractify.com,0,0,1,2,0,0,0,0,0,1,0,0,1,0,1,0,0
censor.net.ua,0,0,1,14,0,0,0,0,0,0,0,1,1,0,1,0,0
babal.net,0,0,1,3,0,0,0,0,0,0,0,1,1,0,1,0,0
extratorrent.cc,0,0,1,3,0,0,0,0,1,0,1,1,1,1,1,1,0
sourceforge.net,0,0,1,3,0,0,0,0,0,1,0,1,1,0,1,0,0
medium.com,0,1,1,2,0,0,0,0,0,1,0,1,1,0,1,0,0
lifehacker.com,0,0,1,1,0,0,0,0,0,1,0,1,1,0,1,0,0
atwiki.jp,0,0,1,2,0,0,0,0,0,1,0,0,1,0,1,0,0
twitter.com,0,0,1,1,0,0,0,0,0,1,0,0,1,0,1,0,0
mashable.com,0,0,1,4,0,0,0,0,0,1,0,1,0,0,1,0,0
censor.net.ua,0,0,1,3,0,0,0,0,0,0,0,1,1,0,1,0,0
seekingalpha.com,0,0,1,2,0,0,0,0,0,1,0,1,1,0,1,0,0
hubpages.com,0,0,1,2,0,0,0,0,0,1,0,1,1,0,1,0,0
gtbank.com,0,0,1,5,0,0,0,0,0,1,0,1,1,0,1,0,0
khabaronline.ir,0,0,1,5,0,0,0,0,0,1,1,1,1,0,1,1,0
kienthuc.net.vn,0,0,1,2,0,0,0,0,0,0,1,1,1,0,1,0,0
grantland.com,0,0,1,2,0,0,0,0,0,1,0,1,1,0,1,0,0
buzzfil.net,0,0,1,3,0,0,0,0,0,0,0,0,1,1,1,1,0
torcache.net,0,0,1,2,0,0,0,0,0,0,0,1,1,0,1,0,0
torcache.net,0,0,1,2,0,0,0,0,0,0,0,1,0,0,1,0,0
udn.com,0,0,1,4,0,0,0,0,0,1,0,1,0,0,1,0,0
distractify.com,0,0,1,10,0,0,0,0,0,1,0,0,1,0,1,0,0
extratorrent.cc,0,0,1,3,0,0,0,0,1,0,1,1,1,1,1,1,0
mic.com,0,0,1,3,0,0,0,0,0,1,0,1,1,0,1,0,0
icicibank.com,0,0,1,3,0,0,0,0,0,1,0,1,1,1,1,1,0
torcache.net,0,0,1,2,0,0,0,0,0,0,0,1,0,0,1,0,0
gizmodo.com,0,0,1,1,0,0,0,0,0,1,0,1,1,0,1,0,0
mylust.com,0,0,1,3,0,0,1,0,0,1,0,0,0,0,1,0,0
udn.com,0,0,1,4,0,0,0,0,0,1,0,1,0,0,1,0,0
thenextweb.com,0,0,1,6,0,0,0,0,0,1,0,1,0,0,1,1,0
tobogo.net,0,0,1,2,0,0,0,0,1,0,1,1,1,1,1,1,0
perezhilton.com,0,0,1,1,0,0,0,0,0,1,0,0,1,0,1,0,0
buzzfil.net,0,0,1,4,0,0,0,0,0,0,0,0,1,1,1,1,0
otomoto.pl,0,0,1,2,0,0,0,0,0,1,0,1,1,0,1,0,0
putlocker.is,0,0,1,1,0,0,0,0,0,0,0,0,0,0,1,0,0
serverfault.com,0,0,1,3,0,0,1,0,0,1,0,1,1,0,1,0,0
noticias.uol.com.br,0,0,1,6,0,0,0,0,0,0,0,1,1,1,1,1,0
themeforest.net,0,0,1,4,0,0,0,0,0,1,0,1,1,0,1,0,0
b9dm.com,0,0,1,16,0,0,0,0,0,0,0,0,1,1,1,1,0
nesn.com,0,0,1,3,0,0,0,0,0,1,0,1,0,0,1,0,0
momoshop.com.tw,0,0,1,2,0,0,0,0,0,1,0,1,1,0,1,0,0
extratorrent.cc,0,0,1,3,0,0,0,0,1,0,1,1,1,1,1,1,0
twitter.com,0,0,1,1,0,0,0,0,0,1,0,0,1,0,1,0,0
maybank2u.com.my,0,0,1,4,0,0,0,0,0,1,0,1,1,1,1,1,0
emgn.com,0,0,1,2,0,0,0,0,1,0,1,1,1,1,1,1,0
emgn.com,0,0,1,2,0,0,0,0,1,0,1,1,1,1,1,1,0
ecnavi.jp,0,0,1,1,1,0,0,0,0,1,0,0,0,0,1,0,0
jalopnik.com,0,0,1,2,0,0,0,0,0,1,0,1,0,0,1,0,0
hdfcbank.com,0,0,1,5,0,0,0,0,0,1,0,1,1,0,1,0,0
distractify.com,0,0,1,10,0,0,0,0,0,1,0,0,1,0,1,0,0
mashable.com,0,0,1,6,0,0,0,0,0,1,0,1,0,0,1,0,0
pornsharing.com,0,0,1,1,0,0,0,0,0,0,0,0,1,0,1,0,0
nguyentandung.org,0,0,1,1,0,0,0,0,0,0,0,0,1,1,1,1,0
lifehacker.com,0,0,1,2,0,0,0,0,0,1,0,1,1,0,1,0,0
distractify.com,0,0,1,2,0,0,0,0,0,1,0,0,1,0,1,0,0
kakaku.com,0,0,1,6,0,0,0,0,0,1,0,1,1,0,1,0,0
interpark.com,0,0,1,2,0,0,0,0,0,1,0,0,1,0,1,0,0
bleacherreport.com,0,0,1,2,0,0,1,0,0,1,0,1,1,0,1,0,0
twitter.com,0,0,1,1,0,0,0,0,0,1,0,0,1,0,1,0,0
ero-advertising.com,0,0,1,2,0,0,0,1,0,0,0,0,1,0,1,0,0
irecommend.ru,0,0,1,2,0,0,0,0,0,1,0,1,1,0,1,0,0
motthegioi.vn,0,0,1,3,0,0,0,0,0,0,1,1,1,0,1,0,0
searchengineland.com,0,0,1,1,0,0,0,0,0,1,0,1,1,0,1,0,0
icicibank.com,0,0,1,4,0,0,0,0,0,1,0,1,1,1,1,1,0
olx.co.id,0,0,1,7,0,0,1,0,0,1,1,1,1,1,1,1,0
babal.net,0,0,1,4,0,0,0,0,0,0,0,1,1,0,1,0,0
caixa.gov.br,0,0,1,3,0,0,0,0,0,1,1,1,1,0,1,1,0
kakaku.com,0,0,1,6,0,0,0,0,0,1,0,1,0,0,1,0,0
torcache.net,0,0,1,2,0,0,0,0,0,0,0,1,0,0,1,0,0
censor.net.ua,0,0,1,3,0,0,0,0,0,0,0,1,1,0,1,0,0
udn.com,0,0,1,4,0,0,0,0,0,1,0,1,0,0,1,0,0
steamcommunity.com,0,0,1,4,1,0,0,0,0,1,0,1,1,0,1,0,0
distractify.com,0,0,1,10,0,0,0,0,0,1,0,0,1,0,1,0,0
nesn.com,0,0,1,3,0,0,0,0,0,1,0,1,0,0,1,0,0
hollywoodlife.com,0,0,1,4,0,0,0,0,0,1,0,1,1,0,1,0,0
hollywoodlife.com,0,0,1,4,0,0,0,0,0,1,0,1,1,0,1,0,0
olx.in,0,0,1,3,0,0,0,0,0,1,0,1,1,1,1,1,0
tobogo.net,0,0,1,2,0,0,0,0,1,0,1,1,1,1,1,1,0
searchengineland.com,0,0,1,1,0,0,0,0,0,1,0,1,1,0,1,0,0
sourceforge.net,0,0,1,3,0,0,0,0,0,1,0,1,1,0,1,0,0
torcache.net,0,0,1,2,0,0,0,0,0,0,0,1,1,0,1,0,0
seesaawiki.jp,0,0,1,3,0,0,0,0,0,1,0,0,1,0,1,0,0
torcache.net,0,0,1,2,0,0,0,0,0,0,0,1,0,0,1,0,0
ap.org,0,0,1,4,0,0,0,0,0,1,0,1,1,0,1,0,0
slashdot.org,0,0,1,3,0,0,0,0,0,1,0,1,1,0,1,0,0
interpark.com,0,0,1,2,0,0,0,0,0,1,0,0,1,0,1,0,0
mic.com,0,0,1,3,0,0,0,0,0,1,0,1,1,0,1,0,0
noticias.uol.com.br,0,0,1,6,0,0,0,0,0,0,0,1,1,1,1,1,0
olx.co.id,0,0,1,7,0,0,1,0,0,1,1,1,1,1,1,1,0
xvideo-jp.com,0,0,1,3,0,0,0,1,0,1,0,1,0,0,1,1,0
twitter.com,0,0,1,1,0,0,0,0,0,1,0,0,1,0,1,0,0
ap.org,0,0,1,4,0,0,0,0,0,1,0,1,1,0,1,0,0
ringring.vn,0,0,1,1,0,0,0,0,0,0,1,1,1,0,1,0,0
aljazeera.net,0,0,1,4,0,0,0,0,0,1,0,1,1,0,1,0,0
thenextweb.com,0,0,1,6,0,0,0,0,0,1,0,1,0,0,1,1,0
correios.com.br,0,0,1,3,0,0,0,0,0,1,0,1,0,0,1,0,0
tinnhanh360.net,0,0,1,1,0,0,0,0,0,0,0,0,1,0,1,0,0
torcache.net,0,0,1,2,0,0,0,0,0,0,0,1,1,0,1,0,0
serverfault.com,0,0,1,3,0,0,1,0,0,1,0,1,1,0,1,0,0
mainichi.jp,0,0,1,2,0,0,0,0,0,1,0,1,1,0,1,0,0
censor.net.ua,0,0,1,14,0,0,0,0,0,0,0,1,1,0,1,0,0
distractify.com,0,0,1,10,0,0,0,0,0,1,0,0,1,0,1,0,0
techcrunch.com,0,0,1,3,0,0,0,0,0,1,0,1,0,0,1,0,0
torcache.net,0,0,1,2,0,0,0,0,0,0,0,1,0,0,1,0,0
akhbarelyom.com,0,0,1,5,0,0,0,0,0,1,0,1,1,0,1,0,0
tunein.com,0,0,1,5,0,0,0,0,0,1,0,1,0,0,1,1,0
mic.com,0,0,1,3,0,0,0,0,0,1,0,1,1,0,1,0,0
akhbarelyom.com,0,0,1,5,0,0,0,0,0,1,0,1,1,0,1,0,0
jalopnik.com,0,0,1,2,0,0,0,0,0,1,0,1,0,0,1,1,0
seekingalpha.com,0,0,1,2,0,0,0,0,0,1,0,1,1,0,1,0,0
icicibank.com,0,0,1,3,0,0,0,0,0,1,0,1,1,1,1,1,0
torcache.net,0,0,1,2,0,0,0,0,0,0,0,1,0,0,1,0,0
twitter.com,0,0,1,1,0,0,0,0,0,1,0,0,1,0,1,0,0
fortune.com,0,0,1,4,0,0,0,0,0,1,0,1,1,0,1,0,0
thenextweb.com,0,0,1,6,0,0,0,0,0,1,0,1,0,0,1,1,0
nesn.com,0,0,1,3,0,0,0,0,0,1,0,1,0,0,1,0,0
thenextweb.com,0,0,1,5,0,0,0,0,0,1,0,1,0,0,1,1,0
atwiki.jp,0,0,1,2,0,0,0,0,0,1,0,0,1,0,1,0,0
ink361.com,0,0,1,6,0,0,0,0,0,0,0,0,1,0,1,0,0
mylust.com,0,0,1,3,0,0,1,0,0,1,0,0,0,0,1,0,0
qz.com,0,0,1,2,0,0,0,0,0,1,0,1,1,0,1,0,0
searchengineland.com,0,0,1,1,0,0,0,0,0,1,0,1,1,0,1,0,0
nesn.com,0,0,1,3,0,0,0,0,0,1,0,1,0,0,1,0,0
web.de,0,0,1,4,0,0,0,0,0,1,1,1,1,1,1,1,0
akhbarelyom.com,0,0,1,5,0,0,0,0,0,1,0,1,1,0,1,0,0
hubpages.com,0,0,1,2,0,0,0,0,0,1,0,1,1,0,1,0,0
distractify.com,0,0,1,2,0,0,0,0,0,1,0,0,1,0,1,0,0
nypost.com,0,0,1,4,0,0,1,0,0,1,0,1,0,0,1,0,0
gizmodo.com,0,0,1,1,0,0,0,0,0,1,0,1,1,0,1,0,0
askubuntu.com,0,0,1,3,0,0,0,0,0,1,0,0,1,0,1,0,0
bankmellat.ir,0,0,1,1,0,0,0,0,0,1,1,1,1,1,1,1,0
torcache.net,0,0,1,2,0,0,0,0,0,0,0,1,0,0,1,0,0
olx.ro,0,0,1,6,0,0,0,0,0,1,1,1,1,0,1,0,0
stackoverflow.com,0,0,1,3,0,0,0,0,0,1,0,0,1,0,1,0,0
techcrunch.com,0,0,1,4,0,0,0,0,0,1,0,1,1,0,1,0,0
plarium.com,0,0,1,5,0,0,0,0,0,1,0,1,1,0,1,0,0
maybank2u.com.my,0,0,1,4,0,0,0,0,0,1,0,1,1,1,1,1,0
mylust.com,0,0,1,3,0,0,1,0,0,1,0,0,1,1,1,1,0
torcache.net,0,0,1,2,0,0,0,0,0,0,0,1,0,0,1,0,0
plarium.com,0,0,1,5,0,0,0,0,0,1,0,1,1,0,1,0,0
qz.com,0,0,1,2,0,0,0,0,0,1,0,1,1,0,1,0,0
mylust.com,0,0,1,3,0,0,1,0,0,1,0,0,0,0,1,0,0
ap.org,0,0,1,4,0,0,0,0,0,1,0,1,1,0,1,0,0
nesn.com,0,0,1,3,0,0,0,0,0,1,0,1,0,0,1,0,0
arstechnica.com,0,0,1,4,0,0,0,0,0,1,0,1,1,0,1,0,0
stackoverflow.com,0,0,1,3,0,0,0,0,0,1,0,0,1,0,1,0,0
atwiki.jp,0,0,1,2,0,0,0,0,0,1,0,0,1,0,1,0,0
sfglobe.com,0,0,1,4,0,0,0,0,0,0,0,1,1,1,1,1,0
fishki.net,0,0,1,7,0,0,0,0,0,1,0,1,1,0,1,0,0
hollywoodlife.com,0,0,1,4,0,0,0,0,0,1,0,1,1,0,1,0,0
elitedaily.com,0,0,1,3,0,0,0,0,0,1,0,1,1,0,1,1,0
techcrunch.com,0,0,1,4,0,0,0,0,0,1,0,1,1,0,1,0,0
mediaset.it,0,0,1,3,0,0,0,0,0,1,0,0,1,0,1,1,0
correios.com.br,0,0,1,4,0,0,0,0,0,1,0,1,0,0,1,0,0
sourceforge.net,0,0,1,3,0,0,0,0,0,1,0,1,1,0,1,0,0
medium.com,0,0,1,2,0,0,0,0,0,1,0,1,1,0,1,0,0
io9.com,0,0,1,2,0,0,0,0,0,1,0,0,1,0,1,0,0
techcrunch.com,0,0,1,2,0,0,0,0,0,1,0,1,1,0,1,0,0
torcache.net,0,0,1,2,0,0,0,0,0,0,0,1,1,0,1,0,0
zozo.jp,0,0,1,2,0,0,0,0,0,1,0,0,1,0,1,0,0
allrecipes.com,0,0,1,4,0,0,0,0,0,1,0,1,1,0,1,0,0
buzzfil.net,0,0,1,4,0,0,0,0,0,0,0,0,1,1,1,1,0
torrentdn.com,0,0,1,2,0,0,0,0,1,0,1,1,1,1,1,1,0
motthegioi.vn,0,0,1,3,0,0,0,0,0,0,1,1,1,0,1,0,0
pikabu.ru,0,0,1,3,0,0,0,0,0,1,0,1,1,0,1,0,0
bigcinema.tv,0,0,1,2,0,0,0,0,1,0,1,1,1,1,1,1,0
correios.com.br,0,0,1,4,0,0,0,0,0,1,0,1,0,0,1,0,0
sourceforge.net,0,0,1,3,0,0,0,0,0,1,0,1,1,0,1,0,0
ap.org,0,0,1,4,0,0,0,0,0,1,0,1,1,0,1,0,0
9gag.tv,0,0,1,3,0,0,0,0,0,0,0,1,1,1,1,1,0
akhbarelyom.com,0,0,1,5,0,0,0,0,0,1,0,1,1,0,1,0,0
twitter.com,0,0,1,1,0,0,0,0,0,1,0,0,1,0,1,0,0
bestblackhatforum.com,0,0,1,1,0,0,0,0,0,0,0,1,1,0,1,0,0
olx.co.id,0,0,1,7,0,0,1,0,0,1,1,1,1,1,1,1,0
seesaawiki.jp,0,0,1,3,0,0,0,0,0,1,0,0,1,0,1,0,0
interpark.com,0,0,1,2,0,0,0,0,0,1,0,0,1,0,1,0,0
auto.ru,0,0,1,4,0,0,0,0,0,1,0,0,1,0,1,0,0
maybank2u.com.my,0,0,1,4,0,0,0,0,0,1,0,1,1,1,1,1,0
diply.com,0,0,1,4,0,0,0,0,0,0,0,1,1,0,1,0,0
giphy.com,0,0,1,2,0,0,0,0,0,1,0,1,1,1,1,1,0
censor.net.ua,0,0,1,14,0,0,0,0,0,0,0,1,1,0,1,0,0
telegraf.com.ua,0,0,1,3,0,0,0,0,0,1,0,1,0,0,1,0,0
torcache.net,0,0,1,2,0,0,0,0,0,0,0,1,0,0,1,0,0
bdnews24.com,0,0,1,5,0,0,0,0,0,1,0,1,1,0,1,0,0
serverfault.com,0,0,1,3,0,0,1,0,0,1,0,1,1,0,1,0,0
allrecipes.com,0,0,1,3,0,0,0,0,0,1,0,1,1,0,1,0,0
askubuntu.com,0,0,1,3,0,0,0,0,0,1,0,0,1,0,1,0,0
smallseotools.com,0,0,1,2,0,0,0,0,0,1,0,1,1,0,1,0,0
500px.com,0,0,1,3,0,0,1,0,0,1,0,1,1,0,1,0,0
otomoto.pl,0,0,1,3,0,0,0,0,0,1,0,1,1,0,1,0,0
icicibank.com,0,0,1,5,0,0,0,0,0,1,0,1,1,1,1,1,0
twitter.com,0,0,1,1,0,0,0,0,0,1,0,0,1,0,1,0,0
torcache.net,0,0,1,2,0,0,0,0,0,0,0,1,1,0,1,0,0
alfalfalfa.com,0,0,1,2,0,0,0,0,0,0,0,1,0,0,1,0,0
digg.com,0,0,1,2,0,0,0,0,0,1,0,1,1,0,1,0,0
emgn.com,0,0,1,2,0,0,0,0,1,0,1,1,1,1,1,1,0
sourceforge.net,0,0,1,5,0,0,0,0,0,1,0,1,1,0,1,0,0
tinnhanh360.net,0,0,1,1,0,0,0,0,0,0,0,0,1,0,1,0,0
udn.com,0,0,1,4,0,0,0,0,0,1,0,1,0,0,1,0,0
fortune.com,0,0,1,4,0,0,0,0,0,1,0,1,1,0,1,0,0
bdnews24.com,0,0,1,5,0,0,0,0,0,1,0,1,1,0,1,0,0
extratorrent.cc,0,0,1,3,0,0,0,0,1,0,1,1,1,1,1,1,0
censor.net.ua,0,0,1,3,0,0,0,0,0,0,0,1,1,0,1,0,0
thenextweb.com,0,0,1,5,0,0,0,0,0,1,0,1,0,0,1,1,0
torcache.net,0,0,1,2,0,0,0,0,0,0,0,1,1,0,1,0,0
cheezburger.com,0,0,1,2,0,0,0,0,0,1,0,0,1,0,1,0,0
tobogo.net,0,0,1,2,0,0,0,0,1,0,1,1,1,1,1,1,0
distractify.com,0,0,1,10,0,0,0,0,0,1,0,0,1,0,1,0,0
thenextweb.com,0,0,1,6,0,0,0,0,0,1,0,1,0,0,1,1,0
graphicriver.net,0,0,1,3,0,0,0,0,0,1,0,1,1,0,1,0,0
dantri.com.vn,0,0,1,3,0,0,0,0,0,1,1,1,0,0,1,0,0
nguyentandung.org,0,0,1,1,0,0,0,0,0,0,0,0,1,0,1,1,0
codecanyon.net,0,0,1,4,0,0,0,0,0,1,0,1,1,0,1,0,0
fazenda.gov.br,0,0,1,3,0,0,0,0,1,1,1,1,1,1,1,1,0
ap.org,0,0,1,4,0,0,0,0,0,1,0,1,1,0,1,0,0
alfalfalfa.com,0,0,1,2,0,0,0,0,0,0,0,1,1,1,1,1,0
cheezburger.com,0,0,1,2,0,0,0,0,0,1,0,0,1,0,1,0,0
censor.net.ua,0,0,1,3,0,0,0,0,0,0,0,1,1,0,1,0,0
extratorrent.cc,0,0,1,3,0,0,0,0,1,0,1,1,1,1,1,1,0
genius.com,0,0,1,3,0,0,0,0,0,1,0,1,1,0,1,0,0
bigcinema.tv,0,0,1,2,0,0,0,0,1,0,1,1,1,1,1,1,0
hdfcbank.com,0,0,1,5,0,0,0,0,0,1,0,1,1,0,1,0,0
plarium.com,0,0,1,5,0,0,0,0,0,1,0,1,1,0,1,0,0
genius.com,0,0,1,3,0,0,0,0,0,1,0,1,1,0,1,0,0
olx.co.id,0,0,1,7,0,0,1,0,0,1,1,1,1,1,1,1,0
techcrunch.com,0,0,1,4,0,0,0,0,0,1,0,1,1,0,1,0,0
twitter.com,0,0,1,1,0,0,0,0,0,1,0,0,1,0,1,0,0
kotaku.com,0,0,1,2,0,0,0,0,0,1,0,0,1,0,1,0,0
akhbarelyom.com,0,0,1,5,0,0,0,0,0,1,0,1,1,0,1,0,0
akhbarelyom.com,0,0,1,5,0,0,0,0,0,1,0,1,1,0,1,0,0
motthegioi.vn,0,0,1,2,0,0,0,0,0,0,1,1,1,0,1,0,0
bdnews24.com,0,0,1,5,0,0,0,0,0,1,0,1,1,0,1,0,0
twitter.com,0,0,1,1,0,0,0,0,0,1,0,0,1,0,1,0,0
venturebeat.com,0,0,1,4,0,0,1,0,0,1,0,1,1,0,1,0,0
mylust.com,0,0,1,3,0,0,1,0,0,1,0,0,0,0,1,0,0
kenh14.vn,0,0,1,2,0,0,0,0,0,1,1,1,0,0,1,0,0
medium.com,0,0,1,2,0,0,0,0,0,1,0,1,1,0,1,0,0
superuser.com,0,0,1,3,0,0,0,0,0,1,0,0,1,0,1,0,0
motthegioi.vn,0,0,1,2,0,0,0,0,0,0,1,1,1,0,1,0,0
grantland.com,0,0,1,2,0,0,0,0,0,1,0,1,1,0,1,0,0
bigcinema.tv,0,0,1,2,0,0,0,0,1,0,1,1,1,1,1,1,0
grantland.com,0,0,1,2,0,0,0,0,0,1,0,1,0,0,1,0,0
twitter.com,0,0,1,1,0,0,0,0,0,1,0,0,1,0,1,0,0
emgn.com,0,0,1,2,0,0,0,0,1,0,1,1,1,1,1,1,0
icicibank.com,0,0,1,4,0,0,0,0,0,1,0,1,1,1,1,1,0
himado.in,0,0,1,0,0,0,0,0,1,0,1,1,1,1,1,1,0
bdnews24.com,0,0,1,5,0,0,0,0,0,1,0,1,1,0,1,0,0
akhbarelyom.com,0,0,1,5,0,0,0,0,0,1,0,1,1,0,1,0,0
codecanyon.net,0,0,1,4,0,0,0,0,0,1,0,1,1,0,1,0,0
bleacherreport.com,0,0,1,2,0,0,1,0,0,1,0,1,1,0,1,0,0
techcrunch.com,0,0,1,4,0,0,0,0,0,1,0,1,1,0,1,0,0
grantland.com,0,0,1,2,0,0,0,0,0,1,0,1,1,0,1,0,0
thenextweb.com,0,0,1,5,0,0,0,0,0,1,0,1,0,0,1,1,0
kenh14.vn,0,0,1,2,0,0,0,0,0,1,1,1,1,0,1,0,0
mic.com,0,0,1,3,0,0,0,0,0,1,0,1,1,0,1,0,0
ck101.com,0,0,1,1,0,0,0,0,0,0,0,0,1,1,1,1,0
tobogo.net,0,0,1,2,0,0,0,0,1,0,1,1,1,1,1,1,0
aljazeera.net,0,0,1,6,0,0,0,0,0,1,0,1,1,0,1,0,0
nesn.com,0,0,1,3,0,0,0,0,0,1,0,1,0,0,1,0,0
medium.com,0,0,1,2,0,0,0,0,0,1,0,1,1,0,1,0,0
searchengineland.com,0,0,1,1,0,0,0,0,0,1,0,1,1,0,1,0,0
mixi.jp,0,0,1,1,1,0,0,0,0,1,0,0,1,0,1,0,0
bleacherreport.com,0,0,1,2,0,0,1,0,0,1,0,1,1,0,1,0,0
sourceforge.net,0,0,1,3,0,0,0,0,0,1,0,1,1,0,1,0,0
qz.com,0,0,1,2,0,0,0,0,0,1,0,1,1,0,1,0,0
habrahabr.ru,0,0,1,0,0,0,0,0,0,1,0,1,1,0,1,0,0
nymag.com,0,0,1,9,0,0,0,0,0,1,0,0,1,0,1,1,0
indianexpress.com,0,0,1,4,0,0,0,0,0,1,0,1,1,0,1,0,0
icicibank.com,0,0,1,3,0,0,0,0,0,1,0,1,1,1,1,1,0
olx.ro,0,0,1,7,0,0,0,0,0,1,1,1,1,0,1,0,0
web.de,0,0,1,5,0,0,0,0,0,1,1,1,1,1,1,1,0
techcrunch.com,0,0,1,4,0,0,0,0,0,1,0,1,1,0,1,0,0
zozo.jp,0,0,1,2,0,0,0,0,0,1,0,0,1,0,1,0,0
zozo.jp,0,0,1,2,0,0,0,0,0,1,0,0,1,0,1,0,0
udn.com,0,0,1,4,0,0,0,0,0,1,0,1,0,0,1,0,0
thechive.com,0,0,1,4,0,0,0,0,0,1,0,0,1,0,1,0,0
tunein.com,0,0,1,5,0,0,0,0,0,1,0,1,0,0,1,1,0
metro.co.uk,0,0,1,4,0,0,0,0,0,1,1,1,1,0,1,0,0
wpengine.com,0,0,1,4,0,0,0,0,0,1,0,0,1,0,1,0,0
torcache.net,0,0,1,2,0,0,0,0,0,0,0,1,1,0,1,0,0
noticias.uol.com.br,0,0,1,6,0,0,0,0,0,0,0,1,1,1,1,1,0
twitter.com,0,0,1,1,0,0,0,0,0,1,0,0,1,0,1,0,0
housing.com,0,0,1,4,0,0,0,0,0,1,0,1,1,0,1,0,0
aljazeera.net,0,0,1,6,0,0,0,0,0,1,0,1,1,0,1,1,0
teespring.com,0,0,1,2,0,0,0,0,0,1,0,0,1,0,1,0,0
web.tv,0,0,1,8,0,0,0,0,0,0,0,1,1,0,1,0,0
caixa.gov.br,0,0,1,7,0,0,0,0,0,1,1,1,1,0,1,1,0
momoshop.com.tw,0,0,1,2,0,0,0,0,0,1,0,1,1,0,1,0,0
getpocket.com,0,0,1,1,1,0,1,0,0,1,0,0,1,0,1,0,0
serverfault.com,0,0,1,3,0,0,1,0,0,1,0,1,1,0,1,0,0
ap.org,0,0,1,4,0,0,0,0,0,1,0,1,1,0,1,0,0
torrentdn.com,0,0,1,2,0,0,0,0,1,0,1,1,1,1,1,1,0
olx.ro,0,0,1,7,0,0,0,0,0,1,1,1,1,0,1,0,0
lastpass.com,0,0,1,1,0,0,0,0,0,1,0,1,1,0,1,0,0
9gag.tv,0,0,1,3,0,0,0,0,0,0,0,1,1,1,1,1,0
persianblog.ir,0,0,1,4,0,0,0,0,1,0,1,1,1,1,1,1,0
tinnhanh360.net,0,0,1,1,0,0,0,0,0,0,0,0,1,0,1,0,0
tinnhanh360.net,0,0,1,1,0,0,0,0,0,0,0,0,1,0,1,0,0
stackoverflow.com,0,0,1,3,0,0,0,0,0,1,0,0,1,0,1,0,0
serverfault.com,0,0,1,3,0,0,1,0,0,1,0,1,1,0,1,0,0
grantland.com,0,0,1,2,0,0,0,0,0,1,0,1,0,0,1,0,0
stackoverflow.com,0,0,1,3,0,0,0,0,0,1,0,0,1,0,1,0,0
ifttt.com,0,0,1,2,0,0,1,0,0,1,0,1,0,0,1,0,0
kakaku.com,0,0,1,6,0,0,0,0,0,1,0,1,0,0,1,0,0
otomoto.pl,0,0,1,4,0,0,0,0,0,1,0,1,1,0,1,0,0
aljazeera.net,0,0,1,4,0,0,0,0,0,1,0,1,1,0,1,0,0
io9.com,0,0,1,2,0,0,0,0,0,1,0,0,1,0,1,0,0
giphy.com,0,0,1,2,0,0,0,0,0,1,0,1,1,1,1,1,0
metro.co.uk,0,0,1,4,0,0,0,0,0,1,1,1,1,0,1,0,0
atwiki.jp,0,0,1,2,0,0,0,0,0,1,0,0,1,0,1,0,0
themeforest.net,0,0,1,4,0,0,0,0,0,1,0,1,1,0,1,0,0
maybank2u.com.my,0,0,1,4,0,0,0,0,0,1,0,1,1,1,1,1,0
otomoto.pl,0,0,1,4,0,0,0,0,0,1,0,1,1,0,1,0,0
torcache.net,0,0,1,2,0,0,0,0,0,0,0,1,0,0,1,0,0
extratorrent.cc,0,0,1,3,0,0,0,0,1,0,1,1,1,1,1,1,0
olx.co.id,0,0,1,7,0,0,1,0,0,1,1,1,1,1,1,1,0
torcache.net,0,0,1,2,0,0,0,0,0,0,0,1,0,0,1,0,0
distractify.com,0,0,1,10,0,0,0,0,0,1,0,0,1,0,1,0,0
wikimapia.org,0,0,1,3,0,0,0,0,0,1,0,0,1,0,1,0,0
olx.co.id,0,0,1,7,0,0,1,0,0,1,1,1,1,1,1,1,0
extratorrent.cc,0,0,1,3,0,0,0,0,1,0,1,1,1,1,1,1,0
codecanyon.net,0,0,1,4,0,0,0,0,0,1,0,1,1,0,1,0,0
web.de,0,0,1,5,0,0,0,0,0,1,1,1,1,1,1,1,0
skyrock.com,0,0,1,2,0,0,0,0,0,1,0,1,1,1,1,1,0
thechive.com,0,0,1,4,0,0,0,0,0,1,0,0,1,1,1,1,0
distractify.com,0,0,1,2,0,0,0,0,0,1,0,0,1,0,1,0,0
tobogo.net,0,0,1,2,0,0,0,0,1,0,1,1,1,1,1,1,0
abcnews.go.com,0,0,1,3,0,0,0,0,0,1,0,0,1,0,1,0,0
kenh14.vn,0,0,1,2,0,0,0,0,0,1,1,1,1,0,1,0,0
digg.com,0,0,1,2,0,0,0,0,0,1,0,1,1,0,1,0,0
dealnews.com,0,0,1,3,0,0,0,0,0,1,0,0,0,0,1,1,0
arstechnica.com,0,0,1,4,0,0,0,0,0,1,0,1,1,0,1,0,0
babal.net,0,0,1,3,0,0,0,0,0,0,0,1,1,0,1,0,0
themeforest.net,0,0,1,4,0,0,0,0,0,1,0,1,1,0,1,0,0
digg.com,0,0,1,2,0,0,0,0,0,1,0,1,1,0,1,0,0
mashable.com,0,0,1,6,0,0,0,0,0,1,0,1,0,0,1,0,0
emgn.com,0,0,1,2,0,0,0,0,1,0,1,1,1,1,1,1,0
medium.com,0,0,1,2,0,0,0,0,0,1,0,1,1,0,1,0,0
distractify.com,0,0,1,10,0,0,0,0,0,1,0,0,1,0,1,0,0
moviepilot.com,0,0,1,5,0,0,1,0,0,0,0,1,1,1,1,1,0
squarespace.com,0,0,1,5,0,0,0,0,0,1,0,1,0,0,1,1,0
seasonvar.ru,0,0,1,1,0,0,0,0,0,1,0,1,1,0,1,0,0
yourlust.com,0,0,1,2,0,0,1,0,0,1,0,1,1,1,1,1,0
olx.ro,0,0,1,7,0,0,0,0,0,1,1,1,1,0,1,0,0
olx.co.id,0,0,1,7,0,0,1,0,0,1,1,1,1,1,1,1,0
9gag.tv,0,0,1,3,0,0,0,0,0,0,0,1,1,1,1,1,0
codecanyon.net,0,0,1,4,0,0,0,0,0,1,0,1,1,0,1,0,0
superuser.com,0,0,1,3,0,0,0,0,0,1,0,0,1,0,1,0,0
askubuntu.com,0,0,1,3,0,0,0,0,0,1,0,0,1,0,1,0,0
themeforest.net,0,0,1,4,0,0,0,0,0,1,0,1,1,0,1,0,0
mirtesen.ru,0,0,1,1,0,0,0,0,0,1,0,0,1,0,1,0,0
thenextweb.com,0,0,1,6,0,0,0,0,0,1,0,1,0,0,1,1,0
babal.net,0,0,1,3,0,0,0,0,0,0,0,1,1,0,1,0,0
ecnavi.jp,0,0,1,1,1,0,0,0,0,1,0,0,0,0,1,0,0
stackoverflow.com,0,0,1,3,0,0,0,0,0,1,0,0,1,0,1,0,0
ap.org,0,0,1,4,0,0,0,0,0,1,0,1,1,0,1,0,0
onedio.com,0,0,1,2,0,0,0,0,0,1,0,1,0,0,1,0,0
gawker.com,0,0,1,2,0,0,0,0,0,1,0,1,1,0,1,0,0
censor.net.ua,0,0,1,3,0,0,0,0,0,0,0,1,1,0,1,0,0
motthegioi.vn,0,0,1,2,0,0,0,0,0,0,1,1,1,0,1,0,0
comicbook.com,0,0,1,4,0,0,0,0,0,1,0,1,0,0,1,0,0
hollywoodlife.com,0,0,1,4,0,0,0,0,0,1,0,1,1,0,1,0,0
ap.org,0,0,1,4,0,0,0,0,0,1,0,1,1,0,1,0,0
myanimelist.net,0,0,1,1,0,0,0,0,0,1,0,1,0,0,1,0,0
superuser.com,0,0,1,3,0,0,0,0,0,1,0,0,1,0,1,0,0
extratorrent.cc,0,0,1,3,0,0,0,0,1,0,1,1,1,1,1,1,0
twitter.com,0,0,1,1,0,0,0,0,0,1,0,0,1,0,1,0,0
perezhilton.com,0,0,1,1,0,0,0,0,0,1,0,0,1,0,1,0,0
syosetu.com,0,0,1,3,0,0,0,0,0,1,0,1,1,0,1,0,0
torcache.net,0,0,1,2,0,0,0,0,0,0,0,1,0,0,1,0,0
clien.net,0,0,1,3,0,0,0,0,0,1,0,1,1,0,1,0,0
allegro.pl,0,0,1,1,0,0,0,0,0,1,0,0,1,0,1,0,0
mic.com,0,0,1,3,0,0,0,0,0,1,0,1,1,0,1,0,0
onedio.com,0,0,1,2,0,0,0,0,0,1,0,1,0,0,1,0,0
bigcinema.tv,0,0,1,2,0,0,0,0,1,0,1,1,1,1,1,1,0
hubpages.com,0,0,1,2,0,0,0,0,0,1,0,1,1,0,1,0,0
gov.uk,0,0,1,3,0,0,0,0,0,0,1,1,1,0,1,0,0
tobogo.net,0,0,1,2,0,0,0,0,1,0,1,1,1,1,1,1,0
avxhome.se,0,0,1,2,0,0,0,0,1,0,1,1,1,1,1,1,0
indianexpress.com,0,0,1,3,0,0,0,0,0,1,0,1,1,0,1,0,0
olx.ro,0,0,1,7,0,0,0,0,0,1,1,1,1,0,1,0,0
arstechnica.com,0,0,1,4,0,0,0,0,0,1,0,1,1,0,1,0,0
techcrunch.com,0,0,1,4,0,0,0,0,0,1,0,1,1,0,1,0,0
cox.com,0,0,1,2,0,0,1,0,0,1,0,0,0,0,1,0,0
allegro.pl,0,0,1,2,0,0,0,0,0,1,0,0,1,0,1,0,0
olx.ro,0,0,1,4,0,0,0,0,0,1,1,1,1,0,1,0,0
thenextweb.com,0,0,1,5,0,0,0,0,0,1,0,1,0,0,1,1,0
twitter.com,0,0,1,1,0,0,0,0,0,1,0,0,1,0,1,0,0
maybank2u.com.my,0,0,1,4,0,0,0,0,0,1,0,1,1,1,1,1,0
privatbank.ua,0,0,1,5,0,0,0,0,0,1,0,1,0,0,1,0,0
maybank2u.com.my,0,0,1,4,0,0,0,0,0,1,0,1,1,1,1,1,0
ap.org,0,0,1,4,0,0,0,0,0,1,0,1,1,0,1,0,0
olx.ua,0,0,1,3,0,0,0,0,0,1,0,0,1,0,1,0,0
pikabu.ru,0,0,1,2,0,0,0,0,0,1,0,1,1,0,1,0,0
yourlust.com,0,0,1,2,0,0,1,0,0,1,0,1,1,1,1,1,0
esporte.uol.com.br,0,0,1,5,0,0,0,0,0,0,0,1,1,1,1,1,0
twitter.com,0,0,1,1,0,0,0,0,0,1,0,0,1,0,1,0,0
onedio.com,0,0,1,2,0,0,0,0,0,1,0,1,0,0,1,0,0
paytm.com,0,0,1,2,0,0,0,0,0,1,0,1,0,0,1,0,0
twitter.com,0,0,1,1,0,0,0,0,0,1,0,0,1,0,1,0,0
fanpage.gr,0,0,1,3,0,0,0,0,0,0,1,1,0,0,1,1,0
extratorrent.cc,0,0,1,3,0,0,0,0,1,0,1,1,1,1,1,1,0
akhbarelyom.com,0,0,1,5,0,0,0,0,0,1,0,1,1,0,1,0,0
plarium.com,0,0,1,5,0,0,0,0,0,1,0,1,1,0,1,0,0
syosetu.com,0,0,1,3,0,0,0,0,0,1,0,1,1,0,1,0,0
mixi.jp,0,0,1,5,0,0,0,0,0,1,0,0,1,0,1,0,0
torrentdn.com,0,0,1,2,0,0,0,0,1,0,1,1,1,1,1,1,0
likemag.com,0,0,1,2,0,0,0,0,0,0,0,0,1,0,1,0,0
jalopnik.com,0,0,1,2,0,0,0,0,0,1,0,1,0,0,1,1,0
indianexpress.com,0,0,1,4,0,0,0,0,0,1,0,1,1,0,1,0,0
censor.net.ua,0,0,1,3,0,0,0,0,0,0,0,1,1,0,1,0,0
buzzfil.net,0,0,1,4,0,0,0,0,0,0,0,0,1,1,1,1,0
twitter.com,0,0,1,1,0,0,0,0,0,1,0,0,1,0,1,0,0
nguyentandung.org,0,0,1,1,0,0,0,0,0,0,0,0,1,1,1,1,0
uproxx.com,0,0,1,4,0,0,1,0,0,1,0,1,1,0,1,0,0
bleacherreport.com,0,0,1,2,0,0,1,0,0,1,0,1,1,0,1,0,0
techcrunch.com,0,0,1,4,0,0,0,0,0,1,0,1,1,0,1,0,0
getpocket.com,0,0,1,1,1,0,1,0,0,1,0,0,1,0,1,0,0
olx.ro,0,0,1,7,0,0,0,0,0,1,1,1,1,0,1,0,0
kotaku.com,0,0,1,1,0,0,0,0,0,1,0,0,1,0,1,0,0
mylust.com,0,0,1,3,0,0,1,0,0,1,0,0,1,0,1,0,0
atwiki.jp,0,0,1,2,0,0,0,0,0,1,0,0,1,0,1,0,0
sfglobe.com,0,0,1,4,0,0,0,0,0,0,0,1,1,1,1,1,0
censor.net.ua,0,0,1,14,0,0,0,0,0,0,0,1,1,0,1,0,0
udn.com,0,0,1,4,0,0,0,0,0,1,0,1,0,0,1,0,0
askubuntu.com,0,0,1,3,0,0,0,0,0,1,0,0,1,0,1,0,0
aljazeera.net,0,0,1,6,0,0,0,0,0,1,0,1,1,0,1,1,0
indianexpress.com,0,0,1,4,0,0,0,0,0,1,0,1,1,0,1,0,0
grantland.com,0,0,1,2,0,0,0,0,0,1,0,1,1,0,1,0,0
twitter.com,0,0,1,1,0,0,0,0,0,1,0,0,1,0,1,0,0
distractify.com,0,0,1,10,0,0,0,0,0,1,0,0,1,0,1,0,0
web.de,0,0,1,5,0,0,0,0,0,1,1,1,1,1,1,1,0
sourceforge.net,0,0,1,3,0,0,0,0,0,1,0,1,1,0,1,0,0
thenextweb.com,0,0,1,6,0,0,0,0,0,1,0,1,0,0,1,1,0
mic.com,0,0,1,3,0,0,0,0,0,1,0,1,1,0,1,0,0
grantland.com,0,0,1,2,0,0,0,0,0,1,0,1,1,0,1,0,0
pitchfork.com,0,0,1,4,0,0,0,0,0,1,0,0,0,0,1,1,0
medium.com,0,1,1,2,0,0,0,0,0,1,0,1,1,0,1,0,0
kickass.to,0,0,1,1,0,0,0,0,0,0,0,1,1,1,1,1,0
alohatube.com,0,0,1,2,1,0,0,0,0,1,0,0,0,0,1,0,0
depositphotos.com,0,0,1,1,0,0,0,0,0,1,0,1,1,1,1,1,0
skyrock.com,0,0,1,1,0,0,0,0,0,1,0,1,1,0,1,0,0
qz.com,0,0,1,2,0,0,0,0,0,1,0,1,1,0,1,0,0
depositphotos.com,0,0,1,1,0,0,0,0,0,1,0,1,1,1,1,1,0
web.de,0,0,1,5,0,0,0,0,0,1,1,1,1,1,1,1,0
emgn.com,0,0,1,2,0,0,0,0,1,0,1,1,1,1,1,1,0
plarium.com,0,0,1,5,0,0,0,0,0,1,0,1,1,0,1,0,0
tobogo.net,0,0,1,2,0,0,0,0,1,0,1,1,1,1,1,1,0
nymag.com,0,0,1,9,0,0,0,0,0,1,0,0,0,0,1,1,0
distractify.com,0,0,1,10,0,0,0,0,0,1,0,0,1,0,1,0,0
ap.org,0,0,1,4,0,0,0,0,0,1,0,1,1,0,1,0,0
serverfault.com,0,0,1,3,0,0,1,0,0,1,0,1,1,0,1,0,0
getpocket.com,0,0,1,1,0,0,1,0,0,1,0,0,1,0,1,0,0
mic.com,0,0,1,3,0,0,0,0,0,1,0,1,1,0,1,0,0
torcache.net,0,0,1,2,0,0,0,0,0,0,0,1,1,0,1,0,0
moviepilot.com,0,0,1,5,0,0,1,0,0,0,0,1,1,1,1,1,0
kenh14.vn,0,0,1,2,0,0,0,0,0,1,1,1,1,0,1,0,0
maybank2u.com.my,0,0,1,4,0,0,0,0,0,1,0,1,1,1,1,1,0
espn.go.com,0,0,1,8,0,0,0,0,0,1,0,0,1,0,1,0,0
grantland.com,0,0,1,2,0,0,0,0,0,1,0,1,1,0,1,0,0
interpark.com,0,0,1,2,0,0,0,0,0,1,0,0,1,0,1,0,0
thenextweb.com,0,0,1,5,0,0,0,0,0,1,0,1,0,0,1,1,0
interpark.com,0,0,1,2,0,0,0,0,0,1,0,0,1,0,1,0,0
cheezburger.com,0,0,1,2,0,0,0,0,0,1,0,0,1,0,1,0,0
thenextweb.com,0,0,1,6,0,0,0,0,0,1,0,1,0,0,1,1,0
censor.net.ua,0,0,1,3,0,0,0,0,0,0,0,1,1,0,1,0,0
extratorrent.cc,0,0,1,3,0,0,0,0,1,0,1,1,1,1,1,1,0
mic.com,0,0,1,3,0,0,0,0,0,1,0,1,1,0,1,0,0
torcache.net,0,0,1,2,0,0,0,0,0,0,0,1,0,0,1,0,0
kienthuc.net.vn,0,0,1,2,0,0,0,0,0,0,1,1,1,0,1,0,0
moviepilot.com,0,0,1,5,0,0,1,0,0,0,0,1,1,1,1,1,0
motthegioi.vn,0,0,1,2,0,0,0,0,0,0,1,1,1,0,1,0,0
xhamster.com,0,0,1,3,0,0,0,0,0,1,0,1,1,1,1,1,0
sfglobe.com,0,0,1,4,0,0,0,0,0,0,0,1,1,1,1,1,0
olx.ro,0,0,1,5,0,0,0,0,0,1,1,1,1,0,1,0,0
fortune.com,0,0,1,4,0,0,0,0,0,1,0,1,1,0,1,0,0
zozo.jp,0,0,1,2,0,0,0,0,0,1,0,0,1,0,1,0,0
hdfcbank.com,0,0,1,4,0,0,0,0,0,1,0,1,1,0,1,0,0
skyrock.com,0,0,1,2,0,0,0,0,0,1,0,1,1,0,1,0,0
thenextweb.com,0,0,1,7,0,0,0,0,0,1,0,1,0,0,1,1,0
indianexpress.com,0,0,1,4,0,0,0,0,0,1,0,1,1,0,1,0,0
anandtech.com,0,0,1,3,0,0,0,0,0,1,0,1,1,0,1,1,0
katproxy.com,0,0,1,1,0,0,0,0,0,0,0,0,0,0,1,0,0
ecnavi.jp,0,0,1,1,1,0,0,0,0,1,0,0,0,0,1,0,0
kienthuc.net.vn,0,0,1,2,0,0,0,0,0,0,1,1,1,0,1,0,0
digg.com,0,0,1,2,0,0,0,0,0,1,0,1,1,0,1,0,0
interpark.com,0,0,1,2,0,0,0,0,0,1,0,0,1,0,1,0,0
xhamster.com,0,0,1,3,0,0,0,0,0,1,0,1,1,1,1,1,0
otomoto.pl,0,0,1,5,0,0,0,0,0,1,0,1,1,0,1,0,0
pikabu.ru,0,0,1,3,0,0,0,0,0,1,0,1,1,0,1,0,0
atwiki.jp,0,0,1,2,0,0,0,0,0,1,0,0,1,0,1,0,0
serverfault.com,0,0,1,3,0,0,1,0,0,1,0,1,1,0,1,0,0
udn.com,0,0,1,4,0,0,0,0,0,1,0,1,0,0,1,0,0
emgn.com,0,0,1,2,0,0,0,0,1,0,1,1,1,1,1,1,0
emgn.com,0,0,1,2,0,0,0,0,1,0,1,1,1,1,1,1,0
1337x.to,0,0,1,3,0,0,0,0,0,1,0,1,1,1,1,1,0
serverfault.com,0,0,1,3,0,0,1,0,0,1,0,1,1,0,1,0,0
techcrunch.com,0,0,1,4,0,0,0,0,0,1,0,1,1,0,1,0,0
metro.co.uk,0,0,1,4,0,0,0,0,0,1,1,1,0,0,1,0,0
themeforest.net,0,0,1,4,0,0,0,0,0,1,0,1,1,0,1,0,0
hollywoodlife.com,0,0,1,4,0,0,0,0,0,1,0,1,1,0,1,0,0
torcache.net,0,0,1,2,0,0,0,0,0,0,0,1,1,0,1,0,0
thenextweb.com,0,0,1,5,0,0,0,0,0,1,0,1,0,0,1,1,0
comicbook.com,0,0,1,5,0,0,0,0,0,1,0,1,0,0,1,0,0
bleacherreport.com,0,0,1,2,0,0,1,0,0,1,0,1,1,0,1,0,0
anandtech.com,0,0,1,3,0,0,0,0,0,1,0,1,1,0,1,1,0
eksisozluk.com,0,0,1,0,0,0,0,0,0,1,0,1,1,0,1,0,0
serverfault.com,0,0,1,3,0,0,1,0,0,1,0,1,1,0,1,0,0
indianexpress.com,0,0,1,4,0,0,0,0,0,1,0,1,1,0,1,0,0
qz.com,0,0,1,2,0,0,0,0,0,1,0,1,1,0,1,0,0
katproxy.com,0,0,1,3,0,0,0,0,0,0,0,0,1,0,1,0,0
momoshop.com.tw,0,0,1,2,0,0,0,0,0,1,0,1,1,0,1,0,0
olx.co.id,0,0,1,7,0,0,1,0,0,1,1,1,1,1,1,1,0
tobogo.net,0,0,1,2,0,0,0,0,1,0,1,1,1,1,1,1,0
prezi.com,0,0,1,4,0,0,0,0,0,1,0,1,1,0,1,0,0
serverfault.com,0,0,1,3,0,0,1,0,0,1,0,1,1,0,1,0,0
gawker.com,0,0,1,2,0,0,0,0,0,1,0,1,1,0,1,0,0
torcache.net,0,0,1,2,0,0,0,0,0,0,0,1,0,0,1,0,0
elitedaily.com,0,0,1,5,0,0,0,0,0,1,0,1,1,0,1,0,0
mic.com,0,0,1,3,0,0,0,0,0,1,0,1,1,0,1,0,0
medium.com,0,0,1,2,0,0,0,0,0,1,0,1,1,0,1,0,0
privatbank.ua,0,0,1,4,0,0,0,0,0,1,0,1,0,0,1,0,0
jezebel.com,0,0,1,2,0,0,0,0,0,1,0,1,0,0,1,0,0
kenh14.vn,0,0,1,2,0,0,0,0,0,1,1,1,1,0,1,0,0
9gag.tv,0,0,1,3,0,0,0,0,0,0,0,1,1,1,1,1,0
arstechnica.com,0,0,1,4,0,0,0,0,0,1,0,1,1,0,1,0,0
nhs.uk,0,0,1,4,0,0,0,0,0,0,1,1,1,0,1,0,0
torcache.net,0,0,1,2,0,0,0,0,0,0,0,1,0,0,1,0,0
torcache.net,0,0,1,2,0,0,0,0,0,0,0,1,1,0,1,0,0
mylust.com,0,0,1,3,0,0,1,0,0,1,0,0,0,0,1,0,0
xossip.com,0,0,1,1,0,0,0,0,0,0,0,0,1,0,1,0,0
gizmodo.com,0,0,1,2,0,0,0,0,0,1,0,1,0,0,1,1,0
correios.com.br,0,0,1,5,0,0,0,0,0,1,0,1,0,0,1,0,0
filehippo.com,0,0,1,4,0,0,0,0,0,1,0,0,1,0,1,0,0
syosetu.com,0,0,1,3,0,0,0,0,0,1,0,1,1,0,1,0,0
torcache.net,0,0,1,2,0,0,0,0,0,0,0,1,0,0,1,0,0
lenovo.com,0,0,1,6,0,0,0,0,0,1,0,1,1,0,1,0,0
olx.in,0,0,1,3,0,0,0,0,0,1,0,1,1,0,1,0,0
motthegioi.vn,0,0,1,2,0,0,0,0,0,0,1,1,1,0,1,0,0
uproxx.com,0,0,1,4,0,0,1,0,0,1,0,1,1,0,1,0,0
vnexpress.net,0,0,1,3,0,0,0,0,0,1,0,1,1,0,1,1,0
serverfault.com,0,0,1,3,0,0,1,0,0,1,0,1,1,0,1,0,0
sfglobe.com,0,0,1,4,0,0,0,0,0,0,0,1,1,1,1,1,0
otomoto.pl,0,0,1,2,0,0,0,0,0,1,0,1,1,0,1,0,0
elitedaily.com,0,0,1,4,0,0,0,0,0,1,0,1,1,0,1,1,0
allegro.pl,0,0,1,1,0,0,0,0,0,1,0,0,1,1,1,1,0
tobogo.net,0,0,1,2,0,0,0,0,1,0,1,1,1,1,1,1,0
tinnhanh360.net,0,0,1,1,0,0,0,0,0,0,0,0,1,0,1,0,0
torcache.net,0,0,1,2,0,0,0,0,0,0,0,1,0,0,1,0,0
indianexpress.com,0,0,1,4,0,0,0,0,0,1,0,1,0,0,1,0,0
hollywoodlife.com,0,0,1,4,0,0,0,0,0,1,0,1,1,0,1,0,0
500px.com,0,0,1,3,0,0,1,0,0,1,0,1,1,0,1,0,0
slashdot.org,0,0,1,3,0,0,0,0,0,1,0,1,1,0,1,0,0
otomoto.pl,0,0,1,2,0,0,0,0,0,1,0,1,1,0,1,0,0
pitchfork.com,0,0,1,3,0,0,0,0,0,1,0,0,0,0,1,0,0
bluegape.com,0,0,1,5,0,0,0,0,0,0,0,1,1,0,1,0,0
lifehacker.com,0,0,1,3,0,0,0,0,0,1,0,1,1,0,1,0,0
allegro.pl,0,0,1,1,0,0,0,0,0,1,0,0,1,1,1,1,0
indianexpress.com,0,0,1,4,0,0,0,0,0,1,0,1,1,0,1,0,0
thenextweb.com,0,0,1,6,0,0,0,0,0,1,0,1,0,0,1,1,0
nguyentandung.org,0,0,1,1,0,0,0,0,0,0,0,0,1,0,1,1,0
interpark.com,0,0,1,2,0,0,0,0,0,1,0,0,1,0,1,0,0
web.de,0,0,1,5,0,0,0,0,0,1,1,1,1,1,1,1,0
udn.com,0,0,1,4,0,0,0,0,0,1,0,1,0,0,1,0,0
elcomercio.pe,0,0,1,3,0,0,0,0,0,1,1,1,0,0,1,0,0
allrecipes.com,0,0,1,3,0,0,0,0,0,1,0,1,1,0,1,0,0
nesn.com,0,0,1,3,0,0,0,0,0,1,0,1,0,0,1,0,0
gawker.com,0,0,1,1,0,0,0,0,0,1,0,1,1,0,1,0,0
cheezburger.com,0,0,1,2,0,0,0,0,0,1,0,0,1,0,1,0,0
babal.net,0,0,1,4,0,0,0,0,0,0,0,1,1,0,1,0,0
mic.com,0,0,1,3,0,0,0,0,0,1,0,1,1,0,1,0,0
getpocket.com,0,0,1,1,1,0,1,0,0,1,0,0,1,0,1,0,0
venturebeat.com,0,0,1,4,0,0,1,0,0,1,0,1,1,0,1,0,0
syosetu.com,0,0,1,3,0,0,0,0,0,1,0,1,1,0,1,0,0
b9dm.com,0,0,1,17,0,0,0,0,0,0,0,0,1,1,1,1,0
superuser.com,0,0,1,3,0,0,0,0,0,1,0,0,1,0,1,0,0
babal.net,0,0,1,4,0,0,0,0,0,0,0,1,1,0,1,0,0
sfglobe.com,0,0,1,4,0,0,0,0,0,0,0,1,1,1,1,1,0
elitedaily.com,0,0,1,3,0,0,0,0,0,1,0,1,1,0,1,1,0
buzzfil.net,0,0,1,4,0,0,0,0,0,0,0,0,1,1,1,1,0
kakaku.com,0,0,1,6,0,0,0,0,0,1,0,1,0,0,1,0,0
depositphotos.com,0,0,1,2,0,0,0,0,0,1,0,1,1,1,1,1,0
twitter.com,0,0,1,1,0,0,0,0,0,1,0,0,1,0,1,0,0
graphicriver.net,0,0,1,1,0,0,0,0,0,1,0,1,1,0,1,0,0
web.de,0,0,1,4,0,0,0,0,0,1,1,1,1,1,1,1,0
olx.ua,0,0,1,3,0,0,0,0,0,1,0,0,1,0,1,0,0
persianblog.ir,0,0,1,4,0,0,0,0,1,0,1,1,1,1,1,1,0
censor.net.ua,0,0,1,3,0,0,0,0,0,0,0,1,1,0,1,0,0
distractify.com,0,0,1,10,0,0,0,0,0,1,0,0,1,0,1,0,0
tunein.com,0,0,1,5,0,0,0,0,0,1,0,1,0,0,1,1,0
bongda88.info,0,0,1,6,0,0,0,0,1,0,1,1,1,1,1,1,0
kenh14.vn,0,0,1,2,0,0,0,0,0,1,1,1,1,0,1,0,0
olx.ro,0,0,1,5,0,0,0,0,0,1,1,1,1,0,1,0,0
pikabu.ru,0,0,1,3,0,0,0,0,0,1,0,1,1,0,1,0,0
myspace.com,0,0,1,4,0,0,0,0,0,1,0,1,1,0,1,0,0
emgn.com,0,0,1,2,0,0,0,0,1,0,1,1,1,1,1,1,0
udn.com,0,0,1,4,0,0,0,0,0,1,0,1,0,0,1,0,0
mylust.com,0,0,1,3,0,0,1,0,0,1,0,0,0,0,1,0,0
elitedaily.com,0,0,1,4,0,0,0,0,0,1,0,1,1,0,1,1,0
tobogo.net,0,0,1,2,0,0,0,0,1,0,1,1,1,1,1,1,0
distractify.com,0,0,1,10,0,0,0,0,0,1,0,0,1,0,1,0,0
motthegioi.vn,0,0,1,3,0,0,0,0,0,0,1,1,1,0,1,0,0
allegro.pl,0,0,1,1,0,0,0,0,0,1,0,0,1,1,1,1,0
tinnhanh360.net,0,0,1,1,0,0,0,0,0,0,0,0,1,0,1,0,0
olx.ro,0,0,1,5,0,0,0,0,0,1,1,1,1,0,1,0,0
serverfault.com,0,0,1,3,0,0,1,0,0,1,0,1,1,0,1,0,0
interpark.com,0,0,1,2,0,0,0,0,0,1,0,0,1,0,1,0,0
katproxy.com,0,0,1,3,0,0,0,0,0,0,0,0,0,0,1,0,0
variety.com,0,0,1,4,0,0,0,0,0,1,0,1,0,0,1,0,0
putlocker.is,0,0,1,1,0,0,0,0,0,0,0,0,0,0,1,0,0
metro.co.uk,0,0,1,4,0,0,0,0,0,1,1,1,1,0,1,0,0
xvideo-jp.com,0,0,1,1,0,0,0,1,0,1,0,1,0,0,1,0,0
nguyentandung.org,0,0,1,1,0,0,0,0,0,0,0,0,1,0,1,1,0
xvideo-jp.com,0,0,1,4,0,0,0,1,0,1,0,1,0,0,1,1,0
rt.com,0,0,1,3,0,0,1,0,0,1,0,0,0,0,1,1,0
teespring.com,0,0,1,2,0,0,0,0,0,1,0,0,1,0,1,0,0
distractify.com,0,0,1,10,0,0,0,0,0,1,0,0,1,0,1,0,0
tobogo.net,0,0,1,2,0,0,0,0,1,0,1,1,1,1,1,1,0
indianexpress.com,0,0,1,4,0,0,0,0,0,1,0,1,1,0,1,0,0
jalopnik.com,0,0,1,2,0,0,0,0,0,1,0,1,0,0,1,1,0
sourceforge.net,0,0,1,5,0,0,0,0,0,1,0,1,1,0,1,0,0
babal.net,0,0,1,4,0,0,0,0,0,0,0,1,1,0,1,0,0
bestblackhatforum.com,0,0,1,1,0,0,0,0,0,0,0,1,1,0,1,0,0
mashable.com,0,0,1,6,0,0,0,0,0,1,0,1,0,0,1,0,0
diply.com,0,0,1,3,0,0,0,0,0,0,0,1,1,0,1,0,0
pornsharing.com,0,0,1,1,0,0,0,0,0,0,0,0,1,0,1,0,0
tobogo.net,0,0,1,2,0,0,0,0,1,0,1,1,1,1,1,1,0
pikabu.ru,0,0,1,3,0,0,0,0,0,1,0,1,1,0,1,0,0
techcrunch.com,0,0,1,4,0,0,0,0,0,1,0,1,1,0,1,0,0
twitter.com,0,0,1,1,0,0,0,0,0,1,0,0,1,0,1,0,0
squarespace.com,0,0,1,5,0,0,0,0,0,1,0,1,0,0,1,1,0
kakaku.com,0,0,1,6,0,0,0,0,0,1,0,1,0,0,1,0,0
grantland.com,0,0,1,2,0,0,0,0,0,1,0,1,1,0,1,0,0
udn.com,0,0,1,4,0,0,0,0,0,1,0,1,0,0,1,0,0
tinnhanh360.net,0,0,1,1,0,0,0,0,0,0,0,0,1,0,1,0,0
babal.net,0,0,1,4,0,0,0,0,0,0,0,1,1,0,1,0,0
sberbank.ru,0,0,1,5,0,0,0,0,0,1,0,1,1,0,1,0,0
udn.com,0,0,1,4,0,0,0,0,0,1,0,1,0,0,1,0,0
distractify.com,0,0,1,10,0,0,0,0,0,1,0,0,1,0,1,0,0
nguyentandung.org,0,0,1,1,0,0,0,0,0,0,0,0,1,1,1,1,0
variety.com,0,0,1,4,0,0,0,0,0,1,0,1,0,0,1,0,0
torcache.net,0,0,1,2,0,0,0,0,0,0,0,1,0,0,1,0,0
500px.com,0,0,1,3,0,0,1,0,0,1,0,1,1,0,1,0,0
web.de,0,0,1,3,0,0,0,0,0,1,1,1,1,1,1,1,0
web.de,0,0,1,5,0,0,0,0,0,1,1,1,1,1,1,1,0
persianblog.ir,0,0,1,4,0,0,0,0,1,0,1,1,1,1,1,1,0
bdnews24.com,0,0,1,5,0,0,0,0,0,1,0,1,1,0,1,0,0
indianexpress.com,0,0,1,4,0,0,0,0,0,1,0,1,1,0,1,0,0
qz.com,0,0,1,2,0,0,0,0,0,1,0,1,1,0,1,0,0
tobogo.net,0,0,1,2,0,0,0,0,1,0,1,1,1,1,1,1,0
themeforest.net,0,0,1,4,0,0,0,0,0,1,0,1,1,0,1,0,0
mirtesen.ru,0,0,1,2,0,0,0,0,0,1,0,0,1,0,1,0,0
sourceforge.net,0,0,1,2,0,0,0,0,0,1,0,1,1,0,1,0,0
udn.com,0,0,1,4,0,0,0,0,0,1,0,1,0,0,1,0,0
codecanyon.net,0,0,1,4,0,0,0,0,0,1,0,1,1,0,1,0,0
babal.net,0,0,1,3,0,0,0,0,0,0,0,1,1,0,1,0,0
torrentdn.com,0,0,1,2,0,0,0,0,1,0,1,1,1,1,1,1,0
hollywoodlife.com,0,0,1,4,0,0,0,0,0,1,0,1,1,0,1,0,0
ringring.vn,0,0,1,3,0,0,0,0,0,0,1,1,1,0,1,0,0
babal.net,0,0,1,4,0,0,0,0,0,0,0,1,1,0,1,0,0
searchengineland.com,0,0,1,1,0,0,0,0,0,1,0,1,1,0,1,0,0
kenh14.vn,0,0,1,2,0,0,0,0,0,1,1,1,1,0,1,0,0
otomoto.pl,0,0,1,4,0,0,0,0,0,1,0,1,1,0,1,0,0
ecnavi.jp,0,0,1,1,1,0,0,0,0,1,0,0,0,0,1,0,0
olx.ua,0,0,1,2,0,0,0,0,0,1,0,0,1,0,1,0,0
spankbang.com,0,0,1,3,0,0,0,0,0,1,0,0,1,0,1,0,0
bleacherreport.com,0,0,1,2,0,0,1,0,0,1,0,1,1,0,1,0,0
olx.co.id,0,0,1,7,0,0,1,0,0,1,1,1,1,1,1,1,0
olx.co.id,0,0,1,7,0,0,1,0,0,1,1,1,1,1,1,1,0
myspace.com,0,0,1,4,0,0,0,0,0,1,0,1,1,0,1,0,0
variety.com,0,0,1,4,0,0,0,0,0,1,0,1,0,0,1,0,0
diply.com,0,0,1,3,0,0,0,0,0,0,0,1,1,1,1,1,0
torcache.net,0,0,1,2,0,0,0,0,0,0,0,1,1,1,1,1,0
nhs.uk,0,0,1,4,0,0,0,0,0,0,1,1,1,1,1,1,0
themeforest.net,0,0,1,4,0,0,0,0,0,1,0,1,1,0,1,0,0
kienthuc.net.vn,0,0,1,2,0,0,0,0,0,0,1,1,1,1,1,1,0
variety.com,0,0,1,4,0,0,0,0,0,1,0,1,0,0,1,0,0
steamcommunity.com,0,0,1,9,1,0,0,0,0,1,0,1,1,0,1,0,0
thenextweb.com,0,0,1,5,0,0,0,0,0,1,0,1,0,0,1,1,0
plarium.com,0,0,1,5,0,0,0,0,0,1,0,1,1,0,1,0,0
onedio.com,0,0,1,2,0,0,0,0,0,1,0,1,0,0,1,0,0
kakaku.com,0,0,1,7,0,0,0,0,0,1,0,1,0,0,1,0,0
tympanus.net,0,0,1,5,0,0,0,0,0,1,1,1,1,0,1,0,0
eksisozluk.com,0,0,1,1,0,0,0,0,0,1,0,1,1,0,1,0,0
twitter.com,0,0,1,1,0,0,0,0,0,1,0,0,1,0,1,0,0
kenh14.vn,0,0,1,2,0,0,0,0,0,1,1,1,1,0,1,0,0
tunein.com,0,0,1,5,0,0,0,0,0,1,0,1,0,0,1,1,0
nguyentandung.org,0,0,1,1,0,0,0,0,0,0,0,0,1,0,1,1,0
thenextweb.com,0,0,1,6,0,0,0,0,0,1,0,1,0,0,1,1,0
themeforest.net,0,0,1,4,0,0,0,0,0,1,0,1,1,0,1,0,0
kenh14.vn,0,0,1,2,0,0,0,0,0,1,1,1,1,0,1,0,0
icicibank.com,0,0,1,6,0,0,0,0,0,1,0,1,1,1,1,1,0
caixa.gov.br,0,0,1,7,0,0,0,0,0,1,1,1,1,0,1,1,0
distractify.com,0,0,1,10,0,0,0,0,0,1,0,0,1,0,1,0,0
tune.pk,0,0,1,3,0,0,0,0,0,0,0,1,1,1,1,1,0
himado.in,0,0,1,0,0,0,0,0,1,0,1,1,1,1,1,1,0
sourceforge.net,0,0,1,3,0,0,0,0,0,1,0,1,1,0,1,0,0
sourceforge.net,0,0,1,3,0,0,0,0,0,1,0,1,1,0,1,0,0
fazenda.gov.br,0,0,1,5,0,0,0,0,1,1,1,1,1,1,1,1,0
ap.org,0,0,1,4,0,0,0,0,0,1,0,1,1,0,1,0,0
teespring.com,0,0,1,1,0,0,0,0,0,1,0,0,1,0,1,0,0
indianexpress.com,0,0,1,4,0,0,0,0,0,1,0,1,1,0,1,0,0
metro.co.uk,0,0,1,4,0,0,0,0,0,1,1,1,1,0,1,0,0
variety.com,0,0,1,4,0,0,0,0,0,1,0,1,0,0,1,0,0
telegraf.com.ua,0,0,1,3,0,0,0,0,0,1,0,1,0,0,1,0,0
ifttt.com,0,0,1,2,0,0,1,0,0,1,0,1,0,0,1,0,0
interpark.com,0,0,1,2,0,0,0,0,0,1,0,0,1,0,1,0,0
pitchfork.com,0,0,1,2,0,0,0,0,0,1,0,0,0,0,1,0,0
nypost.com,0,0,1,4,0,0,1,0,0,1,0,1,0,0,1,0,0
extratorrent.cc,0,0,1,3,0,0,0,0,1,0,1,1,1,1,1,1,0
qz.com,0,0,1,2,0,0,0,0,0,1,0,1,1,0,1,0,0
jezebel.com,0,0,1,2,0,0,0,0,0,1,0,1,0,0,1,0,0
interpark.com,0,0,1,2,0,0,0,0,0,1,0,0,1,0,1,0,0
torcache.net,0,0,1,2,0,0,0,0,0,0,0,1,0,0,1,0,0
stackoverflow.com,0,0,1,3,0,0,0,0,0,1,0,0,1,0,1,0,0
getpocket.com,0,0,1,1,1,0,1,0,0,1,0,0,1,0,1,0,0
metro.co.uk,0,0,1,4,0,0,0,0,0,1,1,1,1,0,1,0,0
pornsharing.com,0,0,1,1,0,0,0,0,0,0,0,0,1,0,1,0,0
abc.go.com,0,0,1,9,0,0,0,0,0,1,0,0,1,0,1,0,0
tinnhanh360.net,0,0,1,1,0,0,0,0,0,0,0,0,1,0,1,0,0
mic.com,0,0,1,3,0,0,0,0,0,1,0,1,1,0,1,0,0
correios.com.br,0,0,1,5,0,0,0,0,0,1,0,1,0,0,1,0,0
twitter.com,0,0,1,1,0,0,0,0,0,1,0,0,1,0,1,0,0
otomoto.pl,0,0,1,4,0,0,0,0,0,1,0,1,1,0,1,0,0
digg.com,0,0,1,2,0,0,0,0,0,1,0,1,1,0,1,0,0
torcache.net,0,0,1,2,0,0,0,0,0,0,0,1,1,0,1,0,0
olx.co.id,0,0,1,2,0,0,1,0,0,1,1,1,1,1,1,1,0
olx.ro,0,0,1,5,0,0,0,0,0,1,1,1,1,0,1,0,0
olx.ua,0,0,1,2,0,0,0,0,0,1,0,0,1,0,1,0,0
correios.com.br,0,0,1,4,0,0,0,0,0,1,0,1,0,0,1,0,0
motthegioi.vn,0,0,1,2,0,0,0,0,0,0,1,1,1,0,1,0,0
thenextweb.com,0,0,1,5,0,0,0,0,0,1,0,1,0,0,1,1,0
kenh14.vn,0,0,1,2,0,0,0,0,0,1,1,1,1,0,1,0,0
twitter.com,0,0,1,1,0,0,0,0,0,1,0,0,1,0,1,0,0
correios.com.br,0,1,1,8,0,0,0,0,0,1,0,1,0,0,1,0,0
hootsuite.com,0,0,1,3,0,0,0,0,0,1,0,1,0,0,1,0,0
torcache.net,0,0,1,2,0,0,0,0,0,0,0,1,1,0,1,0,0
9gag.tv,0,0,1,3,0,0,0,0,0,0,0,1,1,1,1,1,0
metro.co.uk,0,0,1,4,0,0,0,0,0,1,1,1,1,0,1,0,0
jezebel.com,0,0,1,2,0,0,0,0,0,1,0,1,0,0,1,0,0
grantland.com,0,0,1,2,0,0,0,0,0,1,0,1,0,0,1,0,0
tobogo.net,0,0,1,2,0,0,0,0,1,0,1,1,1,1,1,1,0
xossip.com,0,0,1,1,0,0,0,0,0,0,0,0,1,0,1,0,0
seasonvar.ru,0,0,1,1,0,0,0,0,0,1,0,1,1,0,1,0,0
rocketnews24.com,0,0,1,2,0,0,0,0,0,1,0,1,0,0,1,0,0
maybank2u.com.my,0,0,1,4,0,0,0,0,0,1,0,1,1,1,1,1,0
extratorrent.cc,0,0,1,3,0,0,0,0,1,0,1,1,1,1,1,1,0
medium.com,0,0,1,2,0,0,0,0,0,1,0,1,1,0,1,0,0
twitter.com,0,0,1,1,0,0,0,0,0,1,0,0,1,0,1,0,0
twitter.com,0,0,1,1,0,0,0,0,0,1,0,0,1,0,1,0,0
indianexpress.com,0,0,1,4,0,0,0,0,0,1,0,1,1,0,1,0,0
thechive.com,0,0,1,4,0,0,0,0,0,1,0,0,1,0,1,0,0
mylust.com,0,0,1,3,0,0,1,0,0,1,0,0,0,0,1,0,0
ap.org,0,0,1,4,0,0,0,0,0,1,0,1,1,0,1,0,0
espn.go.com,0,0,1,6,0,0,0,0,0,1,0,0,1,0,1,0,0
kenh14.vn,0,0,1,2,0,0,0,0,0,1,1,1,1,0,1,0,0
distractify.com,0,0,1,10,0,0,0,0,0,1,0,0,1,0,1,0,0
twitter.com,0,0,1,1,0,0,0,0,0,1,0,0,1,0,1,0,0
pikabu.ru,0,0,1,2,0,0,0,0,0,1,0,1,1,0,1,0,0
distractify.com,0,0,1,10,0,0,0,0,0,1,0,0,1,0,1,0,0
rt.com,0,0,1,3,0,0,1,0,0,1,0,0,0,0,1,1,0
wikimapia.org,0,0,1,3,0,0,0,0,0,1,0,0,1,0,1,0,0
udn.com,0,0,1,4,0,0,0,0,0,1,0,1,0,0,1,0,0
variety.com,0,0,1,4,0,0,0,0,0,1,0,1,0,0,1,0,0
twitter.com,0,0,1,1,0,0,0,0,0,1,0,0,1,0,1,0,0
tobogo.net,0,0,1,2,0,0,0,0,1,0,1,1,1,1,1,1,0
torcache.net,0,0,1,2,0,0,0,0,0,0,0,1,1,0,1,0,0
indianexpress.com,0,0,1,4,0,0,0,0,0,1,0,1,1,0,1,0,0
cheezburger.com,0,0,1,2,0,0,0,0,0,1,0,0,1,0,1,0,0
patch.com,0,0,1,3,0,0,0,0,0,1,0,1,0,0,1,0,0
tobogo.net,0,0,1,2,0,0,0,0,1,0,1,1,1,1,1,1,0
olx.in,0,0,1,3,0,0,0,0,0,1,0,1,1,0,1,0,0
filehippo.com,0,0,1,4,0,0,0,0,0,1,0,0,1,0,1,0,0
buzzfil.net,0,0,1,4,0,0,0,0,0,0,0,0,1,1,1,1,0
elitedaily.com,0,0,1,4,0,0,0,0,0,1,0,1,1,0,1,1,0
sourceforge.net,0,0,1,3,0,0,0,0,0,1,0,1,1,0,1,0,0
xvideo-jp.com,0,0,1,3,0,0,0,1,0,1,0,1,0,0,1,0,0
themeforest.net,0,0,1,1,0,0,0,0,0,1,0,1,1,0,1,0,0
akhbarelyom.com,0,0,1,5,0,0,0,0,0,1,0,1,1,0,1,0,0
genius.com,0,0,1,3,0,0,0,0,0,1,0,1,1,0,1,0,0
vnexpress.net,0,0,1,3,0,0,0,0,0,1,0,1,1,0,1,1,0
tobogo.net,0,0,1,2,0,0,0,0,1,0,1,1,1,1,1,1,0
lastpass.com,0,0,1,1,0,0,0,0,0,1,0,1,1,0,1,0,0
graphicriver.net,0,0,1,1,0,0,0,0,0,1,0,1,1,0,1,0,0
xhamster.com,0,0,1,3,0,0,0,0,0,1,0,1,1,1,1,1,0
buzzfil.net,0,0,1,4,0,0,0,0,0,0,0,0,1,1,1,1,0
correios.com.br,0,0,1,4,0,0,0,0,0,1,0,1,0,0,1,0,0
grantland.com,0,0,1,2,0,0,0,0,0,1,0,1,1,0,1,0,0
icicibank.com,0,0,1,6,0,0,0,0,0,1,0,1,1,1,1,1,0
distractify.com,0,0,1,10,0,0,0,0,0,1,0,0,1,0,1,0,0
otomoto.pl,0,0,1,2,0,0,0,0,0,1,0,1,1,0,1,0,0
syosetu.com,0,0,1,3,0,0,0,0,0,1,0,1,1,0,1,0,0
metro.co.uk,0,0,1,4,0,0,0,0,0,1,1,1,1,0,1,0,0
pornsharing.com,0,0,1,1,0,0,0,0,0,0,0,0,1,0,1,0,0
moz.com,0,0,1,2,0,0,0,0,0,1,0,1,0,0,1,0,0
emgn.com,0,0,1,2,0,0,0,0,1,0,1,1,1,1,1,1,0
graphicriver.net,0,0,1,1,0,0,0,0,0,1,0,1,1,0,1,0,0
hollywoodlife.com,0,0,1,4,0,0,0,0,0,1,0,1,1,0,1,0,0
mic.com,0,0,1,3,0,0,0,0,0,1,0,1,1,0,1,0,0
venturebeat.com,0,0,1,4,0,0,1,0,0,1,0,1,1,0,1,0,0
likemag.com,0,0,1,2,0,0,0,0,0,0,0,0,1,0,1,0,0
perezhilton.com,0,0,1,1,0,0,0,0,0,1,0,0,1,0,1,0,0
otomoto.pl,0,0,1,6,0,0,0,0,0,1,0,1,1,0,1,0,0
techcrunch.com,0,0,1,4,0,0,0,0,0,1,0,1,0,0,1,0,0
uproxx.com,0,0,1,4,0,0,1,0,0,1,0,1,1,0,1,0,0
variety.com,0,0,1,4,0,0,0,0,0,1,0,1,0,0,1,0,0
udn.com,0,0,1,5,0,0,0,0,0,1,0,1,0,0,1,0,0
serverfault.com,0,0,1,3,0,0,1,0,0,1,0,1,1,0,1,0,0
patch.com,0,0,1,3,0,0,0,0,0,1,0,1,0,0,1,0,0
twitter.com,0,0,1,1,0,0,0,0,0,1,0,0,1,0,1,0,0
clien.net,0,0,1,3,0,0,0,0,0,1,0,1,1,0,1,0,0
bdnews24.com,0,0,1,5,0,0,0,0,0,1,0,1,1,0,1,0,0
correios.com.br,0,0,1,5,0,0,0,0,0,1,0,1,0,0,1,0,0
searchengineland.com,0,0,1,1,0,0,0,0,0,1,0,1,1,0,1,0,0
bdnews24.com,0,0,1,5,0,0,0,0,0,1,0,1,1,0,1,0,0
cheezburger.com,0,0,1,2,0,0,0,0,0,1,0,0,1,0,1,0,0
squarespace.com,0,0,1,5,0,0,0,0,0,1,0,1,0,0,1,1,0
ecnavi.jp,0,0,1,1,1,0,0,0,0,1,0,0,0,0,1,0,0
mashable.com,0,0,1,6,0,0,0,0,0,1,0,1,0,0,1,0,0
dantri.com.vn,0,0,1,2,0,0,0,0,0,1,1,1,0,0,1,0,0
buzzfil.net,0,0,1,4,0,0,0,0,0,0,0,0,1,1,1,1,0
mirtesen.ru,0,0,1,1,0,0,0,0,0,1,0,0,1,0,1,0,0
telegraf.com.ua,0,0,1,3,0,0,0,0,0,1,0,1,0,0,1,0,0
extratorrent.cc,0,0,1,3,0,0,0,0,1,0,1,1,1,1,1,1,0
torcache.net,0,0,1,2,0,0,0,0,0,0,0,1,0,0,1,0,0
onedio.com,0,0,1,2,0,0,0,0,0,1,0,1,0,0,1,0,0
atwiki.jp,0,0,1,2,0,0,0,0,0,1,0,0,1,0,1,0,0
tunein.com,0,0,1,5,0,0,0,0,0,1,0,1,0,0,1,1,0
twitter.com,0,0,1,1,0,0,0,0,0,1,0,0,1,0,1,0,0
plarium.com,0,0,1,5,0,0,0,0,0,1,0,1,1,0,1,0,0
udn.com,0,0,1,4,0,0,0,0,0,1,0,1,0,0,1,0,0
tinnhanh360.net,0,0,1,1,0,0,0,0,0,0,0,0,1,0,1,0,0
hubpages.com,0,0,1,2,0,0,0,0,0,1,0,1,1,0,1,0,0
torcache.net,0,0,1,2,0,0,0,0,0,0,0,1,0,0,1,0,0
xvideo-jp.com,0,0,1,3,0,0,0,1,0,1,0,1,0,0,1,0,0
gawker.com,0,0,1,2,0,0,0,0,0,1,0,1,1,0,1,0,0
olx.co.id,0,0,1,7,0,0,1,0,0,1,1,1,1,1,1,1,0
thechive.com,0,0,1,4,0,0,0,0,0,1,0,0,1,0,1,0,0
twitter.com,0,0,1,1,0,0,0,0,0,1,0,0,1,0,1,0,0
wpengine.com,0,0,1,4,0,0,0,0,0,1,0,0,1,0,1,0,0
jezebel.com,0,0,1,3,0,0,0,0,0,1,0,1,0,0,1,0,0
tunein.com,0,0,1,5,0,0,0,0,0,1,0,1,0,0,1,1,0
thenextweb.com,0,0,1,6,0,0,0,0,0,1,0,1,0,0,1,1,0
web.de,0,0,1,3,0,0,0,0,0,1,1,1,1,1,1,1,0
esporte.uol.com.br,0,0,1,6,0,0,0,0,0,0,0,1,1,1,1,1,0
emgn.com,0,0,1,2,0,0,0,0,1,0,1,1,1,1,1,1,0
torcache.net,0,0,1,2,0,0,0,0,0,0,0,1,1,0,1,0,0
steamcommunity.com,0,0,1,7,1,0,0,0,0,1,0,1,1,0,1,0,0
torcache.net,0,0,1,2,0,0,0,0,0,0,0,1,1,0,1,0,0
getpocket.com,0,0,1,4,0,0,1,0,0,1,0,0,1,0,1,0,0
sourceforge.net,0,0,1,3,0,0,0,0,0,1,0,1,1,0,1,0,0
mic.com,0,0,1,3,0,0,0,0,0,1,0,1,1,0,1,0,0
motthegioi.vn,0,0,1,2,0,0,0,0,0,0,1,1,1,0,1,0,0
tobogo.net,0,0,1,2,0,0,0,0,1,0,1,1,1,1,1,1,0
babal.net,0,0,1,4,0,0,0,0,0,0,0,1,1,0,1,0,0
torcache.net,0,0,1,2,0,0,0,0,0,0,0,1,0,0,1,0,0
allegro.pl,0,0,1,2,0,0,0,0,0,1,0,0,1,1,1,1,0
extratorrent.cc,0,0,1,3,0,0,0,0,1,0,1,1,1,1,1,1,0
udn.com,0,0,1,4,0,0,0,0,0,1,0,1,0,0,1,0,0
babal.net,0,0,1,4,0,0,0,0,0,0,0,1,1,0,1,0,0
proboards.com,0,0,1,2,0,0,0,0,0,1,0,0,1,0,1,0,0
searchengineland.com,0,0,1,1,0,0,0,0,0,1,0,1,1,0,1,0,0
udn.com,0,0,1,4,0,0,0,0,0,1,0,1,0,0,1,0,0
thenextweb.com,0,0,1,6,0,0,0,0,0,1,0,1,0,0,1,1,0
espn.go.com,0,0,1,8,0,0,0,0,0,1,0,0,1,0,1,0,0
slickdeals.net,0,0,1,2,0,0,0,0,0,1,0,1,1,0,1,0,0
indianexpress.com,0,0,1,4,0,0,0,0,0,1,0,1,1,0,1,0,0
hollywoodlife.com,0,0,1,4,0,0,0,0,0,1,0,1,1,0,1,0,0
depositphotos.com,0,0,1,1,0,0,0,0,0,1,0,1,1,1,1,1,0
skyrock.com,0,0,1,2,0,0,0,0,0,1,0,1,1,0,1,0,0
elitedaily.com,0,0,1,4,0,0,0,0,0,1,0,1,1,0,1,1,0
xhamster.com,0,0,1,3,0,0,0,0,0,1,0,1,1,1,1,1,0
slashdot.org,0,0,1,3,0,0,0,0,0,1,0,1,1,0,1,0,0
thechive.com,0,0,1,4,0,0,0,0,0,1,0,0,1,0,1,0,0
perezhilton.com,0,0,1,1,0,0,0,0,0,1,0,0,1,0,1,0,0
udn.com,0,0,1,4,0,0,0,0,0,1,0,1,0,0,1,0,0
videomega.tv,0,0,1,5,0,0,0,0,0,0,0,1,1,0,1,0,0
telegraf.com.ua,0,0,1,2,0,0,0,0,0,1,0,1,0,0,1,0,0
megogo.net,0,0,1,3,0,0,0,0,0,1,0,1,0,0,1,0,0
thenextweb.com,0,0,1,6,0,0,0,0,0,1,0,1,0,0,1,1,0
bigcinema.tv,0,0,1,2,0,0,0,0,1,0,1,1,1,1,1,1,0
themeforest.net,0,0,1,4,0,0,0,0,0,1,0,1,1,0,1,0,0
distractify.com,0,0,1,10,0,0,0,0,0,1,0,0,1,0,1,0,0
torcache.net,0,0,1,2,0,0,0,0,0,0,0,1,0,0,1,0,0
comicbook.com,0,0,1,4,0,0,0,0,0,1,0,1,0,0,1,0,0
otomoto.pl,0,0,1,5,0,0,0,0,0,1,0,1,1,0,1,0,0
censor.net.ua,0,0,1,3,0,0,0,0,0,0,0,1,1,0,1,0,0
avxhome.se,0,0,1,5,0,0,0,0,1,0,1,1,1,1,1,1,0
torcache.net,0,0,1,2,0,0,0,0,0,0,0,1,1,0,1,0,0
pornsharing.com,0,0,1,1,0,0,0,0,0,0,0,0,1,0,1,0,0
themeforest.net,0,0,1,4,0,0,0,0,0,1,0,1,1,0,1,0,0
paytm.com,0,0,1,2,0,0,0,0,0,1,0,1,0,0,1,0,0
foursquare.com,0,0,1,3,0,0,0,0,0,1,0,1,0,0,1,0,0
tune.pk,0,0,1,3,0,0,0,0,0,0,0,1,1,1,1,1,0
emgn.com,0,0,1,2,0,0,0,0,1,0,1,1,1,1,1,1,0
deadspin.com,0,0,1,2,0,0,0,0,0,1,0,1,1,1,1,1,0
bigcinema.tv,0,0,1,2,0,0,0,0,1,0,1,1,1,1,1,1,0
serverfault.com,0,0,1,3,0,0,1,0,0,1,0,1,1,0,1,0,0
sourceforge.net,0,0,1,3,0,0,0,0,0,1,0,1,1,0,1,0,0
babal.net,0,0,1,4,0,0,0,0,0,0,0,1,1,0,1,0,0
thenextweb.com,0,0,1,5,0,0,0,0,0,1,0,1,0,0,1,1,0
dantri.com.vn,0,0,1,2,0,0,0,0,0,1,1,1,0,0,1,0,0
fishki.net,0,0,1,1,0,0,0,0,0,1,0,1,0,0,1,0,0
themeforest.net,0,0,1,4,0,0,0,0,0,1,0,1,1,0,1,0,0
distractify.com,0,0,1,10,0,0,0,0,0,1,0,0,1,0,1,0,0
medium.com,0,1,1,2,0,0,0,0,0,1,0,1,1,0,1,0,0
censor.net.ua,0,0,1,3,0,0,0,0,0,0,0,1,1,0,1,0,0
depositphotos.com,0,0,1,1,0,0,0,0,0,1,0,1,1,1,1,1,0
nguyentandung.org,0,0,1,1,0,0,0,0,0,0,0,0,1,0,1,1,0
distractify.com,0,0,1,10,0,0,0,0,0,1,0,0,1,0,1,0,0
indianexpress.com,0,0,1,4,0,0,0,0,0,1,0,1,1,0,1,0,0
interpark.com,0,0,1,2,0,0,0,0,0,1,0,0,1,0,1,0,0
extratorrent.cc,0,0,1,3,0,0,0,0,1,0,1,1,1,1,1,1,0
allegro.pl,0,0,1,1,0,0,0,0,0,1,0,0,1,1,1,1,0
tobogo.net,0,0,1,2,0,0,0,0,1,0,1,1,1,1,1,1,0
nguyentandung.org,0,0,1,1,0,0,0,0,0,0,0,0,1,0,1,1,0
io9.com,0,0,1,2,0,0,0,0,0,1,0,0,1,0,1,0,0
ameblo.jp,0,0,1,3,0,0,0,0,0,1,0,1,1,0,1,0,0
noticias.uol.com.br,0,0,1,7,0,0,0,0,0,0,0,1,1,1,1,1,0
otomoto.pl,0,0,1,4,0,0,0,0,0,1,0,1,1,0,1,0,0
cox.com,0,0,1,3,0,0,1,0,0,1,0,0,1,0,1,0,0
caixa.gov.br,0,0,1,6,0,0,0,0,0,1,1,1,0,0,1,1,0
techcrunch.com,0,0,1,4,0,0,0,0,0,1,0,1,1,0,1,0,0
askubuntu.com,0,0,1,3,0,0,0,0,0,1,0,0,1,0,1,0,0
likemag.com,0,0,1,2,0,0,0,0,0,0,0,0,1,0,1,0,0
mediaset.it,0,0,1,3,0,0,0,0,0,1,0,0,1,0,1,1,0
emgn.com,0,0,1,2,0,0,0,0,1,0,1,1,1,1,1,1,0
emgn.com,0,0,1,2,0,0,0,0,1,0,1,1,1,1,1,1,0
emgn.com,0,0,1,2,0,0,0,0,1,0,1,1,1,1,1,1,0
espn.go.com,0,0,1,8,0,0,0,0,0,1,0,0,1,0,1,0,0
mixi.jp,0,0,1,1,1,0,0,0,0,1,0,0,1,0,1,0,0
olx.in,0,0,1,3,0,0,0,0,0,1,0,1,1,0,1,0,0
motthegioi.vn,0,0,1,2,0,0,0,0,0,0,1,1,1,0,1,0,0
mic.com,0,0,1,3,0,0,0,0,0,1,0,1,1,0,1,0,0
pornsharing.com,0,0,1,1,0,0,0,0,0,0,0,0,1,0,1,0,0
mic.com,0,0,1,3,0,0,0,0,0,1,0,1,1,0,1,0,0
atwiki.jp,0,0,1,2,0,0,0,0,0,1,0,0,1,0,1,0,0
tobogo.net,0,0,1,2,0,0,0,0,1,0,1,1,1,1,1,1,0
allegro.pl,0,0,1,2,0,0,0,0,0,1,0,0,1,0,1,0,0
clien.net,0,0,1,3,0,0,0,0,0,1,0,1,1,0,1,0,0
maybank2u.com.my,0,0,1,4,0,0,0,0,0,1,0,1,1,1,1,1,0
clien.net,0,0,1,3,0,0,0,0,0,1,0,1,1,0,1,0,0
medium.com,0,0,1,2,0,0,0,0,0,1,0,1,1,0,1,0,0
sprint.com,0,0,1,6,0,0,1,0,0,1,0,0,1,1,1,1,0
olx.co.id,0,0,1,2,0,0,1,0,0,1,1,1,1,1,1,1,0
web.de,0,0,1,3,0,0,0,0,0,1,1,1,1,1,1,1,0
tinnhanh360.net,0,0,1,1,0,0,0,0,0,0,0,0,1,0,1,0,0
torcache.net,0,0,1,2,0,0,0,0,0,0,0,1,0,0,1,0,0
fazenda.gov.br,0,0,1,3,0,0,0,0,1,1,1,1,1,1,1,1,0
indianexpress.com,0,0,1,4,0,0,0,0,0,1,0,1,1,0,1,0,0
motthegioi.vn,0,0,1,2,0,0,0,0,0,0,1,1,1,0,1,0,0
bigcinema.tv,0,0,1,2,0,0,0,0,1,0,1,1,1,1,1,1,0
bdnews24.com,0,0,1,5,0,0,0,0,0,1,0,1,1,0,1,0,0
katproxy.com,0,0,1,3,0,0,0,0,0,0,0,0,0,0,1,0,0
kenh14.vn,0,0,1,2,0,0,0,0,0,1,1,1,1,0,1,0,0
indianexpress.com,0,0,1,4,0,0,0,0,0,1,0,1,1,0,1,0,0
kakaku.com,0,0,1,6,0,0,0,0,0,1,0,1,0,0,1,0,0
hollywoodlife.com,0,0,1,4,0,0,0,0,0,1,0,1,1,0,1,0,0
nguyentandung.org,0,0,1,1,0,0,0,0,0,0,0,0,1,0,1,1,0
europa.eu,0,0,1,6,0,0,0,0,0,1,1,1,1,0,1,0,0
lifehacker.com,0,0,1,1,0,0,0,0,0,1,0,1,1,0,1,0,0
torcache.net,0,0,1,2,0,0,0,0,0,0,0,1,1,0,1,0,0
torcache.net,0,0,1,2,0,0,0,0,0,0,0,1,0,0,1,0,0
udn.com,0,0,1,4,0,0,0,0,0,1,0,1,0,0,1,0,0
kenh14.vn,0,0,1,2,0,0,0,0,0,1,1,1,1,0,1,0,0
elitedaily.com,0,0,1,4,0,0,0,0,0,1,0,1,1,0,1,1,0
censor.net.ua,0,0,1,3,0,0,0,0,0,0,0,1,1,0,1,0,0
hollywoodlife.com,0,0,1,4,0,0,0,0,0,1,0,1,1,0,1,0,0
torcache.net,0,0,1,2,0,0,0,0,0,0,0,1,0,0,1,0,0
mic.com,0,0,1,3,0,0,0,0,0,1,0,1,1,0,1,0,0
babal.net,0,0,1,4,0,0,0,0,0,0,0,1,1,0,1,0,0
udn.com,0,0,1,4,0,0,0,0,0,1,0,1,0,0,1,0,0
syosetu.com,0,0,1,3,0,0,0,0,0,1,0,1,1,0,1,0,0
qz.com,0,0,1,2,0,0,0,0,0,1,0,1,1,0,1,0,0
mylust.com,0,0,1,3,0,0,1,0,0,1,0,0,0,0,1,0,0
ringring.vn,0,0,1,1,0,0,0,0,0,0,1,1,1,0,1,0,0
momoshop.com.tw,0,0,1,2,0,0,0,0,0,1,0,1,1,0,1,0,0
extratorrent.cc,0,0,1,3,0,0,0,0,1,0,1,1,1,1,1,1,0
mediaset.it,0,0,1,3,0,0,0,0,0,1,0,0,1,0,1,1,0
depositphotos.com,0,0,1,1,0,0,0,0,0,1,0,1,1,1,1,1,0
aljazeera.net,0,0,1,4,0,0,0,0,0,1,0,1,1,0,1,0,0
tobogo.net,0,0,1,2,0,0,0,0,1,0,1,1,1,1,1,1,0
torcache.net,0,0,1,2,0,0,0,0,0,0,0,1,1,0,1,0,0
askubuntu.com,0,0,1,3,0,0,0,0,0,1,0,0,1,0,1,0,0
momoshop.com.tw,0,0,1,2,0,0,0,0,0,1,0,1,1,0,1,0,0
xvideo-jp.com,0,0,1,3,0,0,0,1,0,1,0,1,0,0,1,0,0
distractify.com,0,0,1,10,0,0,0,0,0,1,0,0,1,0,1,0,0
hollywoodlife.com,0,0,1,4,0,0,0,0,0,1,0,1,1,0,1,0,0
medium.com,0,0,1,2,0,0,0,0,0,1,0,1,1,0,1,0,0
ap.org,0,0,1,4,0,0,0,0,0,1,0,1,1,0,1,0,0
depositphotos.com,0,0,1,1,0,0,0,0,0,1,0,1,1,1,1,1,0
momoshop.com.tw,0,0,1,2,0,0,0,0,0,1,0,1,1,0,1,0,0
momoshop.com.tw,0,0,1,2,0,0,0,0,0,1,0,1,1,0,1,0,0
distractify.com,0,0,1,10,0,0,0,0,0,1,0,0,1,0,1,0,0
diply.com,0,0,1,3,0,0,0,0,0,0,0,1,1,0,1,0,0
deadspin.com,0,0,1,3,0,0,0,0,0,1,0,1,1,1,1,1,0
olx.in,0,0,1,3,0,0,0,0,0,1,0,1,1,0,1,0,0
ink361.com,0,0,1,6,0,0,0,0,0,0,0,0,1,0,1,0,0
getpocket.com,0,0,1,4,0,0,1,0,0,1,0,0,1,0,1,0,0
kenh14.vn,0,0,1,2,0,0,0,0,0,1,1,1,1,0,1,0,0
thenextweb.com,0,0,1,6,0,0,0,0,0,1,0,1,0,0,1,1,0
babal.net,0,0,1,4,0,0,0,0,0,0,0,1,1,0,1,0,0
interpark.com,0,0,1,2,0,0,0,0,0,1,0,0,1,0,1,0,0
elitedaily.com,0,0,1,4,0,0,0,0,0,1,0,1,1,0,1,1,0
sfglobe.com,0,0,1,4,0,0,0,0,0,0,0,1,1,1,1,1,0
tunein.com,0,0,1,5,0,0,0,0,0,1,0,1,0,0,1,1,0
gizmodo.com,0,0,1,1,0,0,0,0,0,1,0,1,1,0,1,0,0
censor.net.ua,0,0,1,14,0,0,0,0,0,0,0,1,1,0,1,0,0
otomoto.pl,0,0,1,2,0,0,0,0,0,1,0,1,1,0,1,0,0
distractify.com,0,0,1,2,0,0,0,0,0,1,0,0,1,0,1,0,0
avxhome.se,0,0,1,4,0,0,0,0,1,0,1,1,1,1,1,1,0
nesn.com,0,0,1,3,0,0,0,0,0,1,0,1,0,0,1,0,0
sourceforge.net,0,0,1,3,0,0,0,0,0,1,0,1,1,0,1,0,0
distractify.com,0,0,1,10,0,0,0,0,0,1,0,0,1,0,1,0,0
digg.com,0,0,1,2,0,0,0,0,0,1,0,1,1,0,1,0,0
depositphotos.com,0,0,1,2,0,0,0,0,0,1,0,1,1,1,1,1,0
xvideo-jp.com,0,0,1,3,0,0,0,1,0,1,0,1,0,0,1,0,0
momoshop.com.tw,0,0,1,2,0,0,0,0,0,1,0,1,1,0,1,0,0
rocketnews24.com,0,0,1,2,0,0,0,0,0,1,0,1,0,0,1,0,0
olx.in,0,0,1,3,0,0,0,0,0,1,0,1,1,0,1,0,0
udn.com,0,0,1,4,0,0,0,0,0,1,0,1,0,0,1,0,0
tunein.com,0,0,1,5,0,0,0,0,0,1,0,1,0,0,1,1,0
slashdot.org,0,0,1,3,0,0,0,0,0,1,0,1,1,0,1,0,0
udn.com,0,0,1,4,0,0,0,0,0,1,0,1,0,0,1,0,0
udn.com,0,0,1,4,0,0,0,0,0,1,0,1,0,0,1,0,0
olx.ro,0,0,1,5,0,0,0,0,0,1,1,1,1,0,1,0,0
allegro.pl,0,0,1,1,0,0,0,0,0,1,0,0,1,0,1,0,0
thenextweb.com,0,0,1,6,0,0,0,0,0,1,0,1,0,0,1,1,0
myegy.to,0,0,1,3,0,0,0,0,0,0,0,0,1,0,1,0,0
diply.com,0,0,1,4,0,0,0,0,0,0,0,1,1,0,1,0,0
censor.net.ua,0,0,1,3,0,0,0,0,0,0,0,1,1,0,1,0,0
extratorrent.cc,0,0,1,3,0,0,0,0,1,0,1,1,1,1,1,1,0
metro.co.uk,0,0,1,4,0,0,0,0,0,1,1,1,0,0,1,0,0
onedio.com,0,0,1,2,0,0,0,0,0,1,0,1,0,0,1,0,0
nguyentandung.org,0,0,1,1,0,0,0,0,0,0,0,0,1,0,1,1,0
ap.org,0,0,1,4,0,0,0,0,0,1,0,1,1,0,1,0,0
qz.com,0,0,1,2,0,0,0,0,0,1,0,1,1,0,1,0,0
correios.com.br,0,0,1,4,0,0,0,0,0,1,0,1,0,0,1,0,0
extratorrent.cc,0,0,1,3,0,0,0,0,1,0,1,1,1,1,1,1,0
interpark.com,0,0,1,2,0,0,0,0,0,1,0,0,1,0,1,0,0
otomoto.pl,0,0,1,4,0,0,0,0,0,1,0,1,1,0,1,0,0
twitter.com,0,0,1,1,0,0,0,0,0,1,0,0,1,0,1,0,0
telegraf.com.ua,0,0,1,3,0,0,0,0,0,1,0,1,0,0,1,0,0
xhamster.com,0,0,1,3,0,0,0,0,0,1,0,1,1,1,1,1,0
xhamster.com,0,0,1,3,0,0,0,0,0,1,0,1,1,1,1,1,0
emgn.com,0,0,1,2,0,0,0,0,1,0,1,1,1,1,1,1,0
serverfault.com,0,0,1,3,0,0,1,0,0,1,0,1,1,0,1,0,0
kenh14.vn,0,0,1,2,0,0,0,0,0,1,1,1,0,0,1,0,0
akhbarelyom.com,0,0,1,5,0,0,0,0,0,1,0,1,1,0,1,0,0
syosetu.com,0,0,1,3,0,0,0,0,0,1,0,1,1,0,1,0,0
kotaku.com,0,0,1,3,0,0,0,0,0,1,0,0,1,0,1,0,0
searchengineland.com,0,0,1,1,0,0,0,0,0,1,0,1,1,0,1,0,0
thenextweb.com,0,0,1,7,0,0,0,0,0,1,0,1,0,0,1,1,0
serverfault.com,0,0,1,3,0,0,1,0,0,1,0,1,1,0,1,0,0
torcache.net,0,0,1,2,0,0,0,0,0,0,0,1,0,0,1,0,0
sourceforge.net,0,0,1,2,0,0,0,0,0,1,0,1,1,0,1,0,0
torcache.net,0,0,1,2,0,0,0,0,0,0,0,1,0,0,1,0,0
depositphotos.com,0,0,1,1,0,0,0,0,0,1,0,1,1,1,1,1,0
bestblackhatforum.com,0,0,1,1,0,0,0,0,0,0,0,1,1,0,1,0,0
torcache.net,0,0,1,2,0,0,0,0,0,0,0,1,1,0,1,0,0
distractify.com,0,0,1,10,0,0,0,0,0,1,0,0,1,0,1,0,0
wikiwiki.jp,0,0,1,1,0,0,0,0,0,1,0,1,0,0,1,1,0
themeforest.net,0,0,1,4,0,0,0,0,0,1,0,1,1,0,1,0,0
thenextweb.com,0,0,1,6,0,0,0,0,0,1,0,1,0,0,1,1,0
qz.com,0,0,1,2,0,0,0,0,0,1,0,1,1,0,1,0,0
thenextweb.com,0,0,1,7,0,0,0,0,0,1,0,1,0,0,1,1,0
interpark.com,0,0,1,2,0,0,0,0,0,1,0,0,1,0,1,0,0
mylust.com,0,0,1,3,0,0,1,0,0,1,0,0,1,1,1,1,0
medium.com,0,0,1,2,0,0,0,0,0,1,0,1,1,0,1,0,0
jalopnik.com,0,0,1,2,0,0,0,0,0,1,0,1,0,0,1,1,0
themeforest.net,0,0,1,3,0,0,0,0,0,1,0,1,1,0,1,0,0
hubpages.com,0,0,1,4,0,0,0,0,0,1,0,1,1,0,1,0,0
extratorrent.cc,0,0,1,3,0,0,0,0,1,0,1,1,1,1,1,1,0
motthegioi.vn,0,0,1,2,0,0,0,0,0,0,1,1,1,0,1,0,0
serverfault.com,0,0,1,3,0,0,1,0,0,1,0,1,1,0,1,0,0
udn.com,0,0,1,4,0,0,0,0,0,1,0,1,0,0,1,0,0
venturebeat.com,0,0,1,4,0,0,1,0,0,1,0,1,1,0,1,0,0
torcache.net,0,0,1,2,0,0,0,0,0,0,0,1,0,0,1,0,0
seekingalpha.com,0,0,1,2,0,0,0,0,0,1,0,1,1,0,1,0,0
nymag.com,0,0,1,3,0,0,0,0,0,1,0,0,1,0,1,0,0
extratorrent.cc,0,0,1,3,0,0,0,0,1,0,1,1,1,1,1,1,0
steamcommunity.com,0,0,1,3,0,0,0,0,0,1,0,1,1,0,1,0,0
atwiki.jp,0,0,1,2,0,0,0,0,0,1,0,0,1,0,1,0,0
haberler.com,0,0,1,1,0,0,0,0,0,1,0,1,1,0,1,1,0
web.de,0,0,1,4,0,0,0,0,0,1,1,1,1,1,1,1,0
torrentdn.com,0,0,1,2,0,0,0,0,1,0,1,1,1,1,1,1,0
buzzfil.net,0,0,1,4,0,0,0,0,0,0,0,0,1,1,1,1,0
nesn.com,0,0,1,3,0,0,0,0,0,1,0,1,0,0,1,0,0
espn.go.com,0,0,1,7,0,0,0,0,0,1,0,0,1,0,1,0,0
censor.net.ua,0,0,1,3,0,0,0,0,0,0,0,1,1,0,1,0,0
thenextweb.com,0,0,1,5,0,0,0,0,0,1,0,1,0,0,1,1,0
olx.co.id,0,0,1,7,0,0,1,0,0,1,1,1,1,1,1,1,0
khabaronline.ir,0,0,1,5,0,0,0,0,0,1,1,1,1,0,1,1,0
hdfcbank.com,0,0,1,4,0,0,0,0,0,1,0,1,1,1,1,1,0
icicibank.com,0,0,1,3,0,0,0,0,0,1,0,1,1,1,1,1,0
irecommend.ru,0,0,1,2,0,0,0,0,0,1,0,1,1,1,1,1,0
variety.com,0,0,1,4,0,0,0,0,0,1,0,1,0,0,1,0,0
olx.ro,0,0,1,7,0,0,0,0,0,1,1,1,1,0,1,0,0
lastpass.com,0,0,1,1,0,0,0,0,0,1,0,1,1,0,1,0,0
fanpage.gr,0,0,1,3,0,0,0,0,0,0,1,1,0,0,1,1,0
hubpages.com,0,0,1,2,0,0,0,0,0,1,0,1,1,0,1,0,0
kotaku.com,0,0,1,2,0,0,0,0,0,1,0,0,1,0,1,0,0
skyrock.com,0,0,1,2,0,0,0,0,0,1,0,1,1,0,1,0,0
babal.net,0,0,1,3,0,0,0,0,0,0,0,1,1,0,1,0,0
gizmodo.com,0,0,1,2,0,0,0,0,0,1,0,1,1,0,1,1,0
indianexpress.com,0,0,1,4,0,0,0,0,0,1,0,1,1,0,1,0,0
searchengineland.com,0,0,1,1,0,0,0,0,0,1,0,1,1,0,1,0,0
venturebeat.com,0,0,1,4,0,0,1,0,0,1,0,1,1,0,1,0,0
buzzfil.net,0,0,1,4,0,0,0,0,0,0,0,0,1,1,1,1,0
grantland.com,0,0,1,2,0,0,0,0,0,1,0,1,1,0,1,0,0
extratorrent.cc,0,0,1,3,0,0,0,0,1,0,1,1,1,1,1,1,0
otomoto.pl,0,0,1,3,0,0,0,0,0,1,0,1,1,0,1,0,0
irecommend.ru,0,0,1,2,0,0,0,0,0,1,0,1,1,1,1,1,0
kienthuc.net.vn,0,0,1,2,0,0,0,0,0,0,1,1,1,0,1,0,0
perezhilton.com,0,0,1,1,0,0,0,0,0,1,0,0,1,0,1,0,0
distractify.com,0,0,1,10,0,0,0,0,0,1,0,0,1,0,1,0,0
otomoto.pl,0,0,1,2,0,0,0,0,0,1,0,1,1,0,1,0,0
olx.ro,0,0,1,4,0,0,0,0,0,1,1,1,1,0,1,0,0
themeforest.net,0,0,1,4,0,0,0,0,0,1,0,1,1,0,1,0,0
xossip.com,0,0,1,1,0,0,0,0,0,0,0,0,1,0,1,0,0
jalopnik.com,0,0,1,1,0,0,0,0,0,1,0,1,0,0,1,0,0
hollywoodlife.com,0,0,1,4,0,0,0,0,0,1,0,1,1,0,1,0,0
sourceforge.net,0,0,1,3,0,0,0,0,0,1,0,1,1,0,1,0,0
kenh14.vn,0,0,1,2,0,0,0,0,0,1,1,1,1,0,1,0,0
extratorrent.cc,0,0,1,3,0,0,0,0,1,0,1,1,1,1,1,1,0
ap.org,0,0,1,4,0,0,0,0,0,1,0,1,1,0,1,0,0
telegraf.com.ua,0,0,1,2,0,0,0,0,0,1,0,1,0,0,1,0,0
myspace.com,0,0,1,5,0,0,0,0,0,1,0,1,0,0,1,0,0
500px.com,0,0,1,3,0,0,1,0,0,1,0,1,1,0,1,0,0
ap.org,0,0,1,4,0,0,0,0,0,1,0,1,1,0,1,0,0
abcnews.go.com,0,0,1,3,0,0,0,0,0,1,0,0,1,0,1,0,0
extratorrent.cc,0,0,1,3,0,0,0,0,1,0,1,1,1,1,1,1,0
thenextweb.com,0,0,1,6,0,0,0,0,0,1,0,1,0,0,1,1,0
digg.com,0,0,1,2,0,0,0,0,0,1,0,1,1,0,1,0,0
irecommend.ru,0,0,1,2,0,0,0,0,0,1,0,1,1,0,1,0,0
tobogo.net,0,0,1,2,0,0,0,0,1,0,1,1,1,1,1,1,0
olx.ua,0,0,1,4,0,0,0,0,0,1,0,0,1,0,1,0,0
bigcinema.tv,0,0,1,2,0,0,0,0,1,0,1,1,1,1,1,1,0
xueqiu.com,0,0,1,2,0,0,0,0,0,1,0,1,1,1,1,1,0
allegro.pl,0,0,1,2,0,0,0,0,0,1,0,0,1,0,1,0,0
katproxy.com,0,0,1,1,0,0,0,0,0,0,0,0,1,0,1,0,0
searchengineland.com,0,0,1,1,0,0,0,0,0,1,0,1,1,0,1,0,0
distractify.com,0,0,1,10,0,0,0,0,0,1,0,0,1,0,1,0,0
olx.ua,0,0,1,3,0,0,0,0,0,1,0,0,1,0,1,0,0
olx.co.id,0,0,1,2,0,0,1,0,0,1,1,1,1,1,1,1,0
couchtuner.eu.com,0,0,1,3,0,0,0,0,1,1,1,1,1,1,1,1,0
torrentdn.com,0,0,1,2,0,0,0,0,1,0,1,1,1,1,1,1,0
tobogo.net,0,0,1,2,0,0,0,0,1,0,1,1,1,1,1,1,0
jezebel.com,0,0,1,2,0,0,0,0,0,1,0,1,0,0,1,0,0
distractify.com,0,0,1,10,0,0,0,0,0,1,0,0,1,0,1,0,0
sourceforge.net,0,0,1,3,0,0,0,0,0,1,0,1,1,0,1,0,0
isna.ir,0,0,1,4,0,0,0,0,0,1,1,1,1,0,1,0,0
twitter.com,0,0,1,1,0,0,0,0,0,1,0,0,1,0,1,0,0
espn.go.com,0,0,1,7,0,0,0,0,0,1,0,0,1,0,1,0,0
codecanyon.net,0,0,1,4,0,0,0,0,0,1,0,1,1,0,1,0,0
pitchfork.com,0,0,1,3,0,0,0,0,0,1,0,0,0,0,1,0,0
distractify.com,0,0,1,10,0,0,0,0,0,1,0,0,1,0,1,0,0
twitter.com,0,0,1,1,0,0,0,0,0,1,0,0,1,0,1,0,0
olx.co.id,0,0,1,7,0,0,1,0,0,1,1,1,1,1,1,1,0
pikabu.ru,0,0,1,3,0,0,0,0,0,1,0,1,1,0,1,0,0
tunein.com,0,0,1,5,0,0,0,0,0,1,0,1,0,0,1,1,0
metro.co.uk,0,0,1,4,0,0,0,0,0,1,1,1,1,0,1,0,0
olx.in,0,0,1,3,0,0,0,0,0,1,0,1,1,0,1,0,0
kotaku.com,0,0,1,2,0,0,0,0,0,1,0,0,1,0,1,0,0
web.de,0,0,1,5,0,0,0,0,0,1,1,1,1,1,1,1,0
esporte.uol.com.br,0,0,1,8,0,0,0,0,0,0,0,1,1,1,1,1,0
kienthuc.net.vn,0,0,1,2,0,0,0,0,0,0,1,1,1,0,1,0,0
archive.org,0,0,1,1,0,0,0,0,0,1,0,1,1,0,1,0,0
abc.go.com,0,0,1,5,0,0,0,0,0,1,0,0,1,0,1,0,0
moviepilot.com,0,0,1,5,0,0,1,0,0,0,0,1,1,1,1,1,0
allegro.pl,0,0,1,2,0,0,0,0,0,1,0,0,1,0,1,0,0
esporte.uol.com.br,0,0,1,6,0,0,0,0,0,0,0,1,1,1,1,1,0
xhamster.com,0,0,1,3,0,0,0,0,0,1,0,1,1,1,1,1,0
yourlust.com,0,0,1,2,0,0,1,0,0,1,0,1,1,1,1,1,0
megogo.net,0,0,1,4,0,0,0,0,0,1,0,1,0,0,1,0,0
qz.com,0,0,1,2,0,0,0,0,0,1,0,1,1,0,1,0,0
censor.net.ua,0,0,1,3,0,0,0,0,0,0,0,1,1,0,1,0,0
pikabu.ru,0,0,1,3,0,0,0,0,0,1,0,1,1,0,1,0,0
1337x.to,0,0,1,3,0,0,0,0,0,1,0,1,1,1,1,1,0
cheezburger.com,0,0,1,2,0,0,0,0,0,1,0,0,1,0,1,0,0
metro.co.uk,0,0,1,4,0,0,0,0,0,1,1,1,1,0,1,0,0
techcrunch.com,0,0,1,4,0,0,0,0,0,1,0,1,1,0,1,0,0
moviepilot.com,0,0,1,5,0,0,1,0,0,0,0,1,1,1,1,1,0
anysex.com,0,0,1,3,0,0,1,0,0,1,0,1,0,0,1,0,0
techcrunch.com,0,0,1,4,0,0,0,0,0,1,0,1,1,0,1,0,0
extratorrent.cc,0,0,1,3,0,0,0,0,1,0,1,1,1,1,1,1,0
olx.ua,0,0,1,3,0,0,0,0,0,1,0,0,1,0,1,0,0
deadspin.com,0,0,1,1,0,0,0,0,0,1,0,1,0,0,1,0,0
skyrock.com,0,0,1,2,0,0,0,0,0,1,0,1,1,0,1,0,0
metro.co.uk,0,0,1,4,0,0,0,0,0,1,1,1,1,0,1,0,0
deadspin.com,0,0,1,1,0,0,0,0,0,1,0,1,0,0,1,0,0
depositphotos.com,0,0,1,2,0,0,0,0,0,1,0,1,1,1,1,1,0
torcache.net,0,0,1,2,0,0,0,0,0,0,0,1,1,0,1,0,0
tinypic.com,0,0,1,1,0,0,0,0,0,1,0,1,1,0,1,0,0
hdfcbank.com,0,0,1,5,0,0,0,0,0,1,0,1,1,1,1,1,0
emgn.com,0,0,1,2,0,0,0,0,1,0,1,1,1,1,1,1,0
extratorrent.cc,0,0,1,3,0,0,0,0,1,0,1,1,1,1,1,1,0
indianexpress.com,0,0,1,4,0,0,0,0,0,1,0,1,0,0,1,0,0
babal.net,0,0,1,4,0,0,0,0,0,0,0,1,1,0,1,0,0
distractify.com,0,0,1,10,0,0,0,0,0,1,0,0,1,0,1,0,0
css-tricks.com,0,0,1,1,0,0,0,1,0,1,0,1,0,0,1,0,0
seekingalpha.com,0,0,1,2,0,0,0,0,0,1,0,1,1,0,1,0,0
eksisozluk.com,0,0,1,0,0,0,0,0,0,1,0,1,1,0,1,0,0
askubuntu.com,0,0,1,3,0,0,0,0,0,1,0,0,1,0,1,0,0
uproxx.com,0,0,1,4,0,0,1,0,0,1,0,1,1,0,1,0,0
kakaku.com,0,0,1,6,0,0,0,0,0,1,0,1,0,0,1,0,0
icicibank.com,0,0,1,3,0,0,0,0,0,1,0,1,1,1,1,1,0
olx.in,0,0,1,4,0,0,0,0,0,1,0,1,1,1,1,1,0
themeforest.net,0,0,1,4,0,0,0,0,0,1,0,1,1,0,1,0,0
grantland.com,0,0,1,2,0,0,0,0,0,1,0,1,0,0,1,0,0
metro.co.uk,0,0,1,4,0,0,0,0,0,1,1,1,1,0,1,0,0
twitter.com,0,0,1,1,0,0,0,0,0,1,0,0,1,0,1,0,0
ecnavi.jp,0,0,1,1,1,0,0,0,0,1,0,0,0,0,1,0,0
sfglobe.com,0,0,1,4,0,0,0,0,0,0,0,1,1,1,1,1,0
filehippo.com,0,0,1,4,0,0,0,0,0,1,0,0,1,0,1,0,0
likemag.com,0,0,1,2,0,0,0,0,0,0,0,0,1,0,1,0,0
olx.ua,0,0,1,3,0,0,0,0,0,1,0,0,1,0,1,0,0
tobogo.net,0,0,1,2,0,0,0,0,1,0,1,1,1,1,1,1,0
tobogo.net,0,0,1,2,0,0,0,0,1,0,1,1,1,1,1,1,0
techcrunch.com,0,0,1,3,0,0,0,0,0,1,0,1,0,0,1,0,0
nypost.com,0,0,1,4,0,0,1,0,0,1,0,1,0,0,1,0,0
grantland.com,0,0,1,2,0,0,0,0,0,1,0,1,0,0,1,0,0
stackoverflow.com,0,0,1,3,0,0,0,0,0,1,0,0,1,0,1,0,0
web.de,0,0,1,3,0,0,0,0,0,1,1,1,1,1,1,1,0
mic.com,0,0,1,3,0,0,0,0,0,1,0,1,1,0,1,0,0
bigcinema.tv,0,0,1,2,0,0,0,0,1,0,1,1,1,1,1,1,0
aljazeera.net,0,0,1,6,0,0,0,0,0,1,0,1,1,0,1,0,0
otomoto.pl,0,0,1,2,0,0,0,0,0,1,0,1,1,0,1,0,0
buzzfil.net,0,0,1,4,0,0,0,0,0,0,0,0,1,1,1,1,0
atwiki.jp,0,0,1,2,0,0,0,0,0,1,0,0,1,0,1,0,0
mashable.com,0,0,1,6,0,0,0,0,0,1,0,1,0,0,1,0,0
serverfault.com,0,0,1,3,0,0,1,0,0,1,0,1,1,0,1,0,0
torcache.net,0,0,1,2,0,0,0,0,0,0,0,1,0,0,1,0,0
kickass.to,0,0,1,3,0,0,0,0,0,0,0,1,1,1,1,1,0
lifehacker.com,0,0,1,2,0,0,0,0,0,1,0,1,1,0,1,0,0
distractify.com,0,0,1,10,0,0,0,0,0,1,0,0,1,0,1,0,0
mylust.com,0,0,1,3,0,0,1,0,0,1,0,0,0,0,1,0,0
abc.go.com,0,0,1,5,0,0,0,0,0,1,0,0,1,0,1,0,0
auto.ru,0,0,1,4,0,0,0,0,0,1,0,0,1,0,1,0,0
mic.com,0,0,1,3,0,0,0,0,0,1,0,1,1,0,1,0,0
sourceforge.net,0,0,1,3,0,0,0,0,0,1,0,1,1,0,1,0,0
2gis.ru,0,0,1,5,0,0,0,0,0,1,1,1,1,0,1,0,0
olx.pl,0,0,1,7,0,0,0,0,0,1,0,0,1,0,1,0,0
emgn.com,0,0,1,2,0,0,0,0,1,0,1,1,1,1,1,1,0
emgn.com,0,0,1,2,0,0,0,0,1,0,1,1,1,1,1,1,0
correios.com.br,0,0,1,4,0,0,0,0,0,1,0,1,0,0,1,0,0
superuser.com,0,0,1,3,0,0,0,0,0,1,0,0,1,0,1,0,0
bdnews24.com,0,0,1,5,0,0,0,0,0,1,0,1,1,0,1,0,0
bestblackhatforum.com,0,0,1,1,0,0,0,0,0,0,0,1,1,0,1,0,0
motthegioi.vn,0,0,1,2,0,0,0,0,0,0,1,1,1,0,1,0,0
torcache.net,0,0,1,2,0,0,0,0,0,0,0,1,0,0,1,0,0
allegro.pl,0,0,1,2,0,0,0,0,0,1,0,0,1,0,1,0,0
thenextweb.com,0,0,1,6,0,0,0,0,0,1,0,1,0,0,1,1,0
olx.ua,0,0,1,3,0,0,0,0,0,1,0,0,1,0,1,0,0
tunein.com,0,0,1,6,0,0,0,0,0,1,0,1,0,0,1,0,0
bigcinema.tv,0,0,1,2,0,0,0,0,1,0,1,1,1,1,1,1,0
filehippo.com,0,0,1,3,0,0,0,0,0,1,0,0,1,0,1,0,0
mirtesen.ru,0,0,1,1,0,0,0,0,0,1,0,0,1,1,1,1,0
hollywoodlife.com,0,0,1,4,0,0,0,0,0,1,0,1,1,0,1,0,0
sberbank.ru,0,0,1,7,0,0,0,0,0,1,0,1,1,1,1,1,0
tunein.com,0,0,1,5,0,0,0,0,0,1,0,1,0,0,1,1,0
aljazeera.net,0,0,1,2,0,0,0,0,0,1,0,1,1,0,1,0,0
tinnhanh360.net,0,0,1,1,0,0,0,0,0,0,0,0,1,0,1,0,0
thenextweb.com,0,0,1,6,0,0,0,0,0,1,0,1,0,0,1,1,0
grantland.com,0,0,1,2,0,0,0,0,0,1,0,1,1,0,1,0,0
io9.com,0,0,1,2,0,0,0,0,0,1,0,0,1,0,1,0,0
hollywoodlife.com,0,0,1,4,0,0,0,0,0,1,0,1,1,0,1,0,0
nguyentandung.org,0,0,1,1,0,0,0,0,0,0,0,0,1,0,1,1,0
tunein.com,0,0,1,5,0,0,0,0,0,1,0,1,0,0,1,0,0
motthegioi.vn,0,0,1,2,0,0,0,0,0,0,1,1,1,0,1,0,0
distractify.com,0,0,1,10,0,0,0,0,0,1,0,0,1,0,1,0,0
correios.com.br,0,0,1,4,0,0,0,0,0,1,0,1,0,0,1,0,0
mylust.com,0,0,1,3,0,0,1,0,0,1,0,0,0,0,1,0,0
themeforest.net,0,0,1,4,0,0,0,0,0,1,0,1,1,0,1,0,0
patch.com,0,0,1,3,0,0,0,0,0,1,0,1,0,0,1,0,0
codecanyon.net,0,0,1,4,0,0,0,0,0,1,0,1,1,0,1,0,0
rocketnews24.com,0,0,1,4,0,0,0,0,0,1,0,1,0,0,1,0,0
olx.ro,0,0,1,5,0,0,0,0,0,1,1,1,1,0,1,0,0
aljazeera.net,0,0,1,6,0,0,0,0,0,1,0,1,1,0,1,0,0
bestblackhatforum.com,0,0,1,1,0,0,0,0,0,0,0,1,1,0,1,0,0
interpark.com,0,0,1,2,0,0,0,0,0,1,0,0,1,0,1,0,0
askubuntu.com,0,0,1,3,0,0,0,0,0,1,0,0,1,0,1,0,0
emgn.com,0,0,1,2,0,0,0,0,1,0,1,1,1,1,1,1,0
emgn.com,0,0,1,2,0,0,0,0,1,0,1,1,1,1,1,1,0
emgn.com,0,0,1,2,0,0,0,0,1,0,1,1,1,1,1,1,0
interpark.com,0,0,1,2,0,0,0,0,0,1,0,0,1,0,1,0,0
auto.ru,0,0,1,4,0,0,0,0,0,1,0,0,1,0,1,0,0
thenextweb.com,0,0,1,5,0,0,0,0,0,1,0,1,0,0,1,1,0
mic.com,0,0,1,3,0,0,0,0,0,1,0,1,1,0,1,0,0
udn.com,0,0,1,4,0,0,0,0,0,1,0,1,0,0,1,0,0
allegro.pl,0,0,1,2,0,0,0,0,0,1,0,0,1,0,1,0,0
torcache.net,0,0,1,2,0,0,0,0,0,0,0,1,1,0,1,0,0
jezebel.com,0,0,1,1,0,0,0,0,0,1,0,1,0,0,1,0,0
kienthuc.net.vn,0,0,1,2,0,0,0,0,0,0,1,1,1,0,1,0,0
thenextweb.com,0,0,1,6,0,0,0,0,0,1,0,1,0,0,1,1,0
allegro.pl,0,0,1,2,0,0,0,0,0,1,0,0,1,1,1,1,0
themeforest.net,0,0,1,4,0,0,0,0,0,1,0,1,1,0,1,0,0
hollywoodlife.com,0,0,1,4,0,0,0,0,0,1,0,1,1,0,1,0,0
metro.co.uk,0,0,1,4,0,0,0,0,0,1,1,1,1,0,1,0,0
babal.net,0,0,1,3,0,0,0,0,0,0,0,1,1,0,1,0,0
torcache.net,0,0,1,2,0,0,0,0,0,0,0,1,1,0,1,0,0
thenextweb.com,0,0,1,6,0,0,0,0,0,1,0,1,0,0,1,1,0
torcache.net,0,0,1,2,0,0,0,0,0,0,0,1,1,0,1,0,0
otomoto.pl,0,0,1,2,0,0,0,0,0,1,0,1,1,0,1,0,0
io9.com,0,0,1,2,0,0,0,0,0,1,0,0,1,0,1,1,0
metro.co.uk,0,0,1,4,0,0,0,0,0,1,1,1,1,0,1,0,0
fanpage.gr,0,0,1,3,0,0,0,0,0,0,1,1,1,0,1,1,0
superuser.com,0,0,1,3,0,0,0,0,0,1,0,0,1,0,1,0,0
pikabu.ru,0,0,1,3,0,0,0,0,0,1,0,1,1,0,1,0,0
depositphotos.com,0,0,1,1,0,0,0,0,0,1,0,1,1,1,1,1,0
thenextweb.com,0,0,1,5,0,0,0,0,0,1,0,1,0,0,1,1,0
olx.co.id,0,0,1,7,0,0,1,0,0,1,1,1,1,1,1,1,0
babal.net,0,0,1,4,0,0,0,0,0,0,0,1,1,0,1,0,0
getpocket.com,0,0,1,1,1,0,1,0,0,1,0,0,1,0,1,0,0
telegraf.com.ua,0,0,1,3,0,0,0,0,0,1,0,1,0,0,1,0,0
ecnavi.jp,0,0,1,1,1,0,0,0,0,1,0,0,0,0,1,0,0
genius.com,0,0,1,3,0,0,0,0,0,1,0,1,1,0,1,0,0
wikimapia.org,0,0,1,3,0,0,0,0,0,1,0,0,1,0,1,0,0
steamcommunity.com,0,0,1,7,1,0,0,0,0,1,0,1,1,0,1,0,0
mic.com,0,0,1,3,0,0,0,0,0,1,0,1,1,0,1,0,0
medium.com,0,1,1,2,0,0,0,0,0,1,0,1,1,0,1,0,0
moviepilot.com,0,0,1,5,0,0,1,0,0,0,0,1,1,1,1,1,0
twitter.com,0,0,1,1,0,0,0,0,0,1,0,0,1,0,1,0,0
searchengineland.com,0,0,1,1,0,0,0,0,0,1,0,1,1,0,1,0,0
twitter.com,0,0,1,1,0,0,0,0,0,1,0,0,1,0,1,0,0
olx.ua,0,0,1,2,0,0,0,0,0,1,0,0,1,0,1,0,0
thenextweb.com,0,0,1,6,0,0,0,0,0,1,0,1,0,0,1,1,0
tobogo.net,0,0,1,2,0,0,0,0,1,0,1,1,1,1,1,1,0
tinnhanh360.net,0,0,1,1,0,0,0,0,0,0,0,0,1,0,1,0,0
torcache.net,0,0,1,2,0,0,0,0,0,0,0,1,1,0,1,0,0
tobogo.net,0,0,1,2,0,0,0,0,1,0,1,1,1,1,1,1,0
uproxx.com,0,0,1,4,0,0,1,0,0,1,0,1,1,0,1,0,0
nguyentandung.org,0,0,1,1,0,0,0,0,0,0,0,0,1,0,1,1,0
steamcommunity.com,0,0,1,5,0,0,0,0,0,1,0,1,1,0,1,0,0
nesn.com,0,0,1,3,0,0,0,0,0,1,0,1,0,0,1,0,0
olx.ro,0,0,1,5,0,0,0,0,0,1,1,1,1,0,1,0,0
thenextweb.com,0,0,1,6,0,0,0,0,0,1,0,1,0,0,1,1,0
ecnavi.jp,0,0,1,1,1,0,0,0,0,1,0,0,0,0,1,0,0
1337x.to,0,0,1,3,0,0,0,0,0,1,0,1,1,1,1,1,0
jezebel.com,0,0,1,2,0,0,0,0,0,1,0,1,0,0,1,0,0
kenh14.vn,0,0,1,2,0,0,0,0,0,1,1,1,1,0,1,0,0
distractify.com,0,0,1,10,0,0,0,0,0,1,0,0,1,0,1,0,0
tune.pk,0,0,1,3,0,0,0,0,0,0,0,1,1,1,1,1,0
kienthuc.net.vn,0,0,1,2,0,0,0,0,0,0,1,1,1,0,1,0,0
correios.com.br,0,0,1,5,0,0,0,0,0,1,0,1,0,0,1,0,0
stackexchange.com,0,0,1,2,0,0,0,0,0,1,0,1,1,0,1,0,0
babal.net,0,0,1,4,0,0,0,0,0,0,0,1,1,0,1,0,0
torcache.net,0,0,1,2,0,0,0,0,0,0,0,1,1,0,1,0,0
mic.com,0,0,1,3,0,0,0,0,0,1,0,1,1,0,1,0,0
getpocket.com,0,0,1,1,0,0,1,0,0,1,0,0,1,0,1,0,0
stackoverflow.com,0,0,1,3,0,0,0,0,0,1,0,0,1,0,1,0,0
syosetu.com,0,0,1,3,0,0,0,0,0,1,0,1,1,0,1,0,0
torcache.net,0,0,1,2,0,0,0,0,0,0,0,1,1,0,1,0,0
grantland.com,0,0,1,2,0,0,0,0,0,1,0,1,1,0,1,0,0
aljazeera.net,0,0,1,4,0,0,0,0,0,1,0,1,1,0,1,0,0
medium.com,0,1,1,2,0,0,0,0,0,1,0,1,1,0,1,0,0
thenextweb.com,0,0,1,5,0,0,0,0,0,1,0,1,0,0,1,1,0
espn.go.com,0,0,1,6,0,0,0,0,0,1,0,0,1,0,1,0,0
elcomercio.pe,0,0,1,3,0,0,0,0,0,1,1,1,0,0,1,0,0
techcrunch.com,0,0,1,4,0,0,0,0,0,1,0,1,1,0,1,0,0
gtbank.com,0,0,1,4,0,0,0,0,0,1,0,1,1,0,1,0,0
aljazeera.net,0,0,1,6,0,0,0,0,0,1,0,1,1,0,1,1,0
depositphotos.com,0,0,1,2,0,0,0,0,0,1,0,1,1,1,1,1,0
depositphotos.com,0,0,1,1,0,0,0,0,0,1,0,1,1,1,1,1,0
censor.net.ua,0,0,1,3,0,0,0,0,0,0,0,1,1,0,1,0,0
uproxx.com,0,0,1,4,0,0,1,0,0,1,0,1,1,0,1,0,0
extratorrent.cc,0,0,1,3,0,0,0,0,1,0,1,1,1,1,1,1,0
kenh14.vn,0,0,1,2,0,0,0,0,0,1,1,1,1,0,1,0,0
pornsharing.com,0,0,1,1,0,0,0,0,0,0,0,0,1,0,1,0,0
bdnews24.com,0,0,1,5,0,0,0,0,0,1,0,1,1,0,1,0,0
syosetu.com,0,0,1,3,0,0,0,0,0,1,0,1,1,0,1,0,0
distractify.com,0,0,1,10,0,0,0,0,0,1,0,0,1,0,1,0,0
motthegioi.vn,0,0,1,2,0,0,0,0,0,0,1,1,1,0,1,0,0
livetv.sx,0,0,1,3,0,0,0,0,0,1,1,1,1,1,1,1,0
emgn.com,0,0,1,2,0,0,0,0,1,0,1,1,1,1,1,1,0
irecommend.ru,0,0,1,2,0,0,0,0,0,1,0,1,1,1,1,1,0
medium.com,0,1,1,2,0,0,0,0,0,1,0,1,1,0,1,0,0
themeforest.net,0,0,1,4,0,0,0,0,0,1,0,1,1,0,1,0,0
telegraf.com.ua,0,0,1,3,0,0,0,0,0,1,0,1,0,0,1,0,0
sfglobe.com,0,0,1,4,0,0,0,0,0,0,0,1,1,1,1,1,0
xhamster.com,0,0,1,3,0,0,0,0,0,1,0,1,1,1,1,1,0
fanpage.gr,0,0,1,6,0,0,0,0,0,0,1,1,1,0,1,1,0
persianblog.ir,0,0,1,4,0,0,0,0,1,0,1,1,1,1,1,1,0
fazenda.gov.br,0,0,1,5,0,0,0,0,1,1,1,1,1,1,1,1,0
mylust.com,0,0,1,3,0,0,1,0,0,1,0,0,0,0,1,0,0
stackoverflow.com,0,0,1,3,0,0,0,0,0,1,0,0,1,0,1,0,0
comicbook.com,0,0,1,4,0,0,0,0,0,1,0,1,0,0,1,0,0
torcache.net,0,0,1,2,0,0,0,0,0,0,0,1,0,0,1,0,0
teespring.com,0,0,1,2,0,0,0,0,0,1,0,0,1,0,1,0,0
himado.in,0,0,1,0,0,0,0,0,1,0,1,1,1,1,1,1,0
pornsharing.com,0,0,1,1,0,0,0,0,0,0,0,0,1,0,1,0,0
indianexpress.com,0,0,1,4,0,0,0,0,0,1,0,1,0,0,1,0,0
torcache.net,0,0,1,2,0,0,0,0,0,0,0,1,1,0,1,0,0
web.de,0,0,1,4,0,0,0,0,0,1,1,1,1,1,1,1,0
pitchfork.com,0,0,1,3,0,0,0,0,0,1,0,0,0,0,1,0,0
persianblog.ir,0,0,1,4,0,0,0,0,1,0,1,1,1,1,1,1,0
extratorrent.cc,0,0,1,3,0,0,0,0,1,0,1,1,1,1,1,1,0
tinnhanh360.net,0,0,1,1,0,0,0,0,0,0,0,0,1,0,1,0,0
medium.com,0,0,1,2,0,0,0,0,0,1,0,1,1,0,1,0,0
askubuntu.com,0,0,1,3,0,0,0,0,0,1,0,0,1,0,1,0,0
superuser.com,0,0,1,3,0,0,0,0,0,1,0,0,1,0,1,0,0
gov.uk,0,0,1,3,0,0,0,0,0,0,1,1,1,0,1,0,0
allegro.pl,0,0,1,2,0,0,0,0,0,1,0,0,1,0,1,0,0
nymag.com,0,0,1,9,0,0,0,0,0,1,0,0,0,0,1,1,0
motthegioi.vn,0,0,1,2,0,0,0,0,0,0,1,1,1,0,1,0,0
digg.com,0,0,1,2,0,0,0,0,0,1,0,1,1,0,1,0,0
olx.ua,0,0,1,4,0,0,0,0,0,1,0,0,1,0,1,0,0
thenextweb.com,0,0,1,6,0,0,0,0,0,1,0,1,0,0,1,1,0
tinnhanh360.net,0,0,1,1,0,0,0,0,0,0,0,0,1,0,1,0,0
extratorrent.cc,0,0,1,3,0,0,0,0,1,0,1,1,1,1,1,1,0
olx.ro,0,0,1,5,0,0,0,0,0,1,1,1,1,0,1,0,0
tunein.com,0,0,1,5,0,0,0,0,0,1,0,1,0,0,1,1,0
ero-advertising.com,0,0,1,2,0,0,0,1,0,0,0,0,1,0,1,0,0
codecanyon.net,0,0,1,4,0,0,0,0,0,1,0,1,1,0,1,0,0
moviepilot.com,0,0,1,5,0,0,1,0,0,0,0,1,1,1,1,1,0
torrentdn.com,0,0,1,2,0,0,0,0,1,0,1,1,1,1,1,1,0
khabaronline.ir,0,0,1,2,0,0,0,0,0,1,1,1,1,0,1,0,0
cheezburger.com,0,0,1,2,0,0,0,0,0,1,0,0,1,0,1,0,0
olx.co.id,0,0,1,2,0,0,1,0,0,1,1,1,1,1,1,1,0
likemag.com,0,0,1,2,0,0,0,0,0,0,0,0,1,0,1,0,0
kotaku.com,0,1,1,3,0,0,0,0,0,1,0,0,1,0,1,0,0
olx.pl,0,0,1,3,0,0,0,0,0,1,0,0,1,0,1,0,0
babal.net,0,0,1,3,0,0,0,0,0,0,0,1,1,0,1,0,0
hollywoodlife.com,0,0,1,4,0,0,0,0,0,1,0,1,1,0,1,0,0
elcomercio.pe,0,0,1,3,0,0,0,0,0,1,1,1,0,0,1,0,0
extratorrent.cc,0,0,1,3,0,0,0,0,1,0,1,1,1,1,1,1,0
pikabu.ru,0,0,1,3,0,0,0,0,0,1,0,1,1,0,1,0,0
interpark.com,0,0,1,2,0,0,0,0,0,1,0,0,1,0,1,0,0
sourceforge.net,0,0,1,3,0,0,0,0,0,1,0,1,1,0,1,0,0
interpark.com,0,0,1,2,0,0,0,0,0,1,0,0,1,0,1,0,0
atwiki.jp,0,0,1,2,0,0,0,0,0,1,0,0,1,0,1,0,0
extratorrent.cc,0,0,1,3,0,0,0,0,1,0,1,1,1,1,1,1,0
kenh14.vn,0,0,1,2,0,0,0,0,0,1,1,1,1,0,1,0,0
searchengineland.com,0,0,1,1,0,0,0,0,0,1,0,1,1,0,1,0,0
web.de,0,0,1,5,0,0,0,0,0,1,1,1,1,1,1,1,0
dantri.com.vn,0,0,1,2,0,0,0,0,0,1,1,1,0,0,1,0,0
myegy.to,0,0,1,3,0,0,0,0,0,0,0,0,0,0,1,0,0
mic.com,0,0,1,3,0,0,0,0,0,1,0,1,1,0,1,0,0
ifttt.com,0,0,1,2,0,0,1,0,0,1,0,1,0,0,1,0,0
clien.net,0,0,1,3,0,0,0,0,0,1,0,1,1,0,1,0,0
prezi.com,0,0,1,2,0,0,0,0,0,1,0,1,0,0,1,0,0
venturebeat.com,0,0,1,4,0,0,1,0,0,1,0,1,1,0,1,0,0
olx.ua,0,0,1,4,0,0,0,0,0,1,0,0,1,0,1,0,0
correios.com.br,0,0,1,4,0,0,0,0,0,1,0,1,0,0,1,0,0
xhamster.com,0,0,1,3,0,0,0,0,0,1,0,1,1,1,1,1,0
maybank2u.com.my,0,0,1,4,0,0,0,0,0,1,0,1,1,1,1,1,0
torrentdn.com,0,0,1,2,0,0,0,0,1,0,1,1,1,1,1,1,0
torrentdn.com,0,0,1,2,0,0,0,0,1,0,1,1,1,1,1,1,0
teespring.com,0,0,1,2,0,0,0,0,0,1,0,0,1,0,1,0,0
techcrunch.com,0,0,1,4,0,0,0,0,0,1,0,1,1,0,1,0,0
elitedaily.com,0,0,1,3,0,0,0,0,0,1,0,1,1,0,1,1,0
olx.pl,0,0,1,5,0,0,0,0,0,1,0,0,1,0,1,0,0
torcache.net,0,0,1,2,0,0,0,0,0,0,0,1,0,0,1,0,0
duckduckgo.com,0,0,1,1,0,0,0,0,0,1,0,1,1,0,1,0,0
twitter.com,0,0,1,1,0,0,0,0,0,1,0,0,1,0,1,0,0
wikiwiki.jp,0,0,1,1,0,0,0,0,0,1,0,1,0,0,1,1,0
tobogo.net,0,0,1,2,0,0,0,0,1,0,1,1,1,1,1,1,0
torcache.net,0,0,1,2,0,0,0,0,0,0,0,1,0,0,1,0,0
olx.ua,0,0,1,3,0,0,0,0,0,1,0,0,1,0,1,0,0
tobogo.net,0,0,1,2,0,0,0,0,1,0,1,1,1,1,1,1,0
bdnews24.com,0,0,1,5,0,0,0,0,0,1,0,1,1,0,1,0,0
fanpage.gr,0,0,1,6,0,0,0,0,0,0,1,1,1,0,1,1,0
depositphotos.com,0,0,1,1,0,0,0,0,0,1,0,1,1,1,1,1,0
motthegioi.vn,0,0,1,2,0,0,0,0,0,0,1,1,1,0,1,0,0
censor.net.ua,0,0,1,3,0,0,0,0,0,0,0,1,1,0,1,0,0
censor.net.ua,0,0,1,14,0,0,0,0,0,0,0,1,1,0,1,0,0
bestblackhatforum.com,0,0,1,1,0,0,0,0,0,0,0,1,1,0,1,0,0
censor.net.ua,0,0,1,3,0,0,0,0,0,0,0,1,1,0,1,0,0
twitter.com,0,0,1,1,0,0,0,0,0,1,0,0,1,0,1,0,0
themeforest.net,0,0,1,4,0,0,0,0,0,1,0,1,1,0,1,0,0
olx.pl,0,0,1,7,0,0,0,0,0,1,0,0,1,0,1,0,0
icicibank.com,0,0,1,3,0,0,0,0,0,1,0,1,1,1,1,1,0
mic.com,0,0,1,3,0,0,0,0,0,1,0,1,1,0,1,0,0
allrecipes.com,0,0,1,3,0,0,0,0,0,1,0,1,1,0,1,0,0
comicbook.com,0,0,1,4,0,0,0,0,0,1,0,1,0,0,1,0,0
otomoto.pl,0,0,1,6,0,0,0,0,0,1,0,1,1,0,1,0,0
motthegioi.vn,0,0,1,2,0,0,0,0,0,0,1,1,1,0,1,0,0
torcache.net,0,0,1,2,0,0,0,0,0,0,0,1,0,0,1,0,0
pikabu.ru,0,0,1,3,0,0,0,0,0,1,0,1,1,0,1,0,0
distractify.com,0,0,1,10,0,0,0,0,0,1,0,0,1,0,1,0,0
bleacherreport.com,0,0,1,4,0,0,1,0,0,1,0,1,1,0,1,0,0
distractify.com,0,0,1,10,0,0,0,0,0,1,0,0,1,0,1,0,0
bigcinema.tv,0,0,1,2,0,0,0,0,1,0,1,1,1,1,1,1,0
ifttt.com,0,0,1,2,0,0,1,0,0,1,0,1,0,0,1,0,0
thenextweb.com,0,0,1,6,0,0,0,0,0,1,0,1,0,0,1,1,0
noticias.uol.com.br,0,0,1,7,0,0,0,0,0,0,0,1,1,1,1,1,0
mic.com,0,0,1,3,0,0,0,0,0,1,0,1,1,0,1,0,0
torcache.net,0,0,1,2,0,0,0,0,0,0,0,1,1,0,1,0,0
tinnhanh360.net,0,0,1,1,0,0,0,0,0,0,0,0,1,0,1,0,0
bongda88.info,0,0,1,1,0,0,0,0,1,0,1,1,1,1,1,1,0
diply.com,0,0,1,3,0,0,0,0,0,0,0,1,1,0,1,0,0
atwiki.jp,0,0,1,2,0,0,0,0,0,1,0,0,1,0,1,0,0
myspace.com,0,0,1,5,0,0,0,0,0,1,0,1,1,1,1,1,0
maybank2u.com.my,0,0,1,4,0,0,0,0,0,1,0,1,1,1,1,1,0
web.de,0,0,1,4,0,0,0,0,0,1,1,1,1,1,1,1,0
1337x.to,0,0,1,3,0,0,0,0,0,1,0,1,1,1,1,1,0
themeforest.net,0,0,1,4,0,0,0,0,0,1,0,1,1,0,1,0,0
ap.org,0,0,1,4,0,0,0,0,0,1,0,1,1,0,1,0,0
babal.net,0,0,1,4,0,0,0,0,0,0,0,1,1,0,1,0,0
skyrock.com,0,0,1,2,0,0,0,0,0,1,0,1,1,0,1,0,0
thenextweb.com,0,0,1,5,0,0,0,0,0,1,0,1,0,0,1,1,0
hubpages.com,0,0,1,2,0,0,0,0,0,1,0,1,1,0,1,0,0
onedio.com,0,0,1,2,0,0,0,0,0,1,0,1,0,0,1,0,0
olx.ro,0,0,1,5,0,0,0,0,0,1,1,1,1,0,1,0,0
genius.com,0,0,1,3,0,0,0,0,0,1,0,1,1,0,1,0,0
extratorrent.cc,0,0,1,3,0,0,0,0,1,0,1,1,1,1,1,1,0
torrentdn.com,0,0,1,2,0,0,0,0,1,0,1,1,1,1,1,1,0
torcache.net,0,0,1,2,0,0,0,0,0,0,0,1,0,0,1,0,0
mylust.com,0,0,1,3,0,0,1,0,0,1,0,0,0,0,1,0,0
censor.net.ua,0,0,1,3,0,0,0,0,0,0,0,1,1,0,1,0,0
kickass.to,0,0,1,3,0,0,0,0,0,0,0,1,1,1,1,1,0
kienthuc.net.vn,0,0,1,2,0,0,0,0,0,0,1,1,1,0,1,0,0
distractify.com,0,0,1,10,0,0,0,0,0,1,0,0,1,0,1,0,0
torcache.net,0,0,1,2,0,0,0,0,0,0,0,1,1,0,1,0,0
lifehacker.com,0,0,1,1,0,0,0,0,0,1,0,1,1,0,1,0,0
qz.com,0,0,1,2,0,0,0,0,0,1,0,1,1,0,1,0,0
500px.com,0,0,1,3,0,0,1,0,0,1,0,1,1,0,1,0,0
mic.com,0,0,1,3,0,0,0,0,0,1,0,1,1,0,1,0,0
wikimapia.org,0,0,1,3,0,0,0,0,0,1,0,0,1,0,1,0,0
web.de,0,0,1,5,0,0,0,0,0,1,1,1,1,1,1,1,0
distractify.com,0,0,1,10,0,0,0,0,0,1,0,0,1,0,1,0,0
indianexpress.com,0,0,1,3,0,0,0,0,0,1,0,1,1,0,1,0,0
motthegioi.vn,0,0,1,2,0,0,0,0,0,0,1,1,1,0,1,0,0
superuser.com,0,0,1,3,0,0,0,0,0,1,0,0,1,0,1,0,0
tune.pk,0,0,1,3,0,0,0,0,0,0,0,1,1,1,1,1,0
2gis.ru,0,0,1,11,0,0,0,0,0,1,1,1,1,0,1,0,0
tobogo.net,0,0,1,2,0,0,0,0,1,0,1,1,1,1,1,1,0
nesn.com,0,0,1,3,0,0,0,0,0,1,0,1,0,0,1,0,0
elcomercio.pe,0,0,1,3,0,0,0,0,0,1,1,1,0,0,1,0,0
udn.com,0,0,1,4,0,0,0,0,0,1,0,1,0,0,1,0,0
tinnhanh360.net,0,0,1,1,0,0,0,0,0,0,0,0,1,0,1,0,0
kizi.com,0,0,1,2,0,0,0,0,0,0,0,1,1,0,1,0,0
500px.com,0,0,1,3,0,0,1,0,0,1,0,1,1,0,1,0,0
hollywoodlife.com,0,0,1,4,0,0,0,0,0,1,0,1,1,0,1,0,0
kenh14.vn,0,0,1,2,0,0,0,0,0,1,1,1,1,0,1,0,0
correios.com.br,0,0,1,5,0,0,0,0,0,1,0,1,0,0,1,0,0
torcache.net,0,0,1,2,0,0,0,0,0,0,0,1,0,0,1,0,0
teespring.com,0,0,1,2,0,0,0,0,0,1,0,0,1,0,1,0,0
olx.ro,0,0,1,6,0,0,0,0,0,1,1,1,1,0,1,0,0
maybank2u.com.my,0,0,1,4,0,0,0,0,0,1,0,1,1,1,1,1,0
emgn.com,0,0,1,2,0,0,0,0,1,0,1,1,1,1,1,1,0
tinnhanh360.net,0,0,1,1,0,0,0,0,0,0,0,0,1,0,1,0,0
kenh14.vn,0,0,1,2,0,0,0,0,0,1,1,1,1,0,1,0,0
putlocker.is,0,0,1,1,0,0,0,0,0,0,0,0,0,0,1,0,0
abc.go.com,0,0,1,9,0,0,0,0,0,1,0,0,1,0,1,0,0
nesn.com,0,0,1,3,0,0,0,0,0,1,0,1,0,0,1,0,0
extratorrent.cc,0,0,1,3,0,0,0,0,1,0,1,1,1,1,1,1,0
searchengineland.com,0,0,1,1,0,0,0,0,0,1,0,1,1,0,1,0,0
babal.net,0,0,1,4,0,0,0,0,0,0,0,1,1,0,1,0,0
cheezburger.com,0,0,1,2,0,0,0,0,0,1,0,0,1,0,1,0,0
ink361.com,0,0,1,6,0,0,0,0,0,0,0,0,1,0,1,0,0
tinnhanh360.net,0,0,1,1,0,0,0,0,0,0,0,0,1,0,1,0,0
mashable.com,0,0,1,6,0,0,0,0,0,1,0,1,0,0,1,0,0
mic.com,0,0,1,3,0,0,0,0,0,1,0,1,1,0,1,0,0
torcache.net,0,0,1,2,0,0,0,0,0,0,0,1,1,0,1,0,0
techcrunch.com,0,0,1,2,0,0,0,0,0,1,0,1,1,0,1,0,0
xvideo-jp.com,0,0,1,3,0,0,0,1,0,1,0,1,0,0,1,0,0
grantland.com,0,0,1,2,0,0,0,0,0,1,0,1,1,0,1,0,0
ap.org,0,0,1,4,0,0,0,0,0,1,0,1,1,0,1,0,0
themeforest.net,0,0,1,4,0,0,0,0,0,1,0,1,1,0,1,0,0
interpark.com,0,0,1,2,0,0,0,0,0,1,0,0,1,0,1,0,0
mylust.com,0,0,1,3,0,0,1,0,0,1,0,0,0,0,1,0,0
eenadu.net,0,0,1,3,0,0,0,0,0,1,0,0,1,0,1,0,0
jezebel.com,0,0,1,2,0,0,0,0,0,1,0,1,0,0,1,0,0
zozo.jp,0,0,1,2,0,0,0,0,0,1,0,0,1,0,1,0,0
pikabu.ru,0,0,1,2,0,0,0,0,0,1,0,1,1,0,1,0,0
eksisozluk.com,0,0,1,0,0,0,0,0,0,1,0,1,1,0,1,0,0
hubpages.com,0,0,1,6,0,0,0,0,0,1,0,1,1,0,1,0,0
likemag.com,0,0,1,2,0,0,0,0,0,0,0,0,1,0,1,0,0
elitedaily.com,0,0,1,4,0,0,0,0,0,1,0,1,1,0,1,1,0
caixa.gov.br,0,0,1,4,0,0,0,0,0,1,1,1,1,0,1,1,0
ecnavi.jp,0,0,1,1,1,0,0,0,0,1,0,0,0,0,1,0,0
mylust.com,0,0,1,3,0,0,1,0,0,1,0,0,1,1,1,1,0
extratorrent.cc,0,0,1,3,0,0,0,0,1,0,1,1,1,1,1,1,0
mashable.com,0,0,1,6,0,0,0,0,0,1,0,1,0,0,1,0,0
moviepilot.com,0,0,1,5,0,0,1,0,0,0,0,1,1,1,1,1,0
telegraf.com.ua,0,0,1,3,0,0,0,0,0,1,0,1,0,0,1,0,0
superuser.com,0,0,1,3,0,0,0,0,0,1,0,0,1,0,1,0,0
grantland.com,0,0,1,2,0,0,0,0,0,1,0,1,0,0,1,0,0
nypost.com,0,0,1,4,0,0,1,0,0,1,0,1,0,0,1,0,0
otomoto.pl,0,0,1,4,0,0,0,0,0,1,0,1,1,0,1,0,0
otomoto.pl,0,0,1,7,0,0,0,0,0,1,0,1,1,0,1,0,0
nesn.com,0,0,1,3,0,0,0,0,0,1,0,1,0,0,1,0,0
venturebeat.com,0,0,1,4,0,0,1,0,0,1,0,1,1,0,1,0,0
momoshop.com.tw,0,0,1,2,0,0,0,0,0,1,0,1,1,0,1,0,0
buzzfil.net,0,0,1,4,0,0,0,0,0,0,0,0,1,1,1,1,0
allrecipes.com,0,0,1,3,0,0,0,0,0,1,0,1,1,0,1,0,0
torcache.net,0,0,1,2,0,0,0,0,0,0,0,1,1,0,1,0,0
tobogo.net,0,0,1,2,0,0,0,0,1,0,1,1,1,1,1,1,0
torcache.net,0,0,1,2,0,0,0,0,0,0,0,1,1,0,1,0,0
mic.com,0,0,1,3,0,0,0,0,0,1,0,1,1,0,1,0,0
mic.com,0,0,1,3,0,0,0,0,0,1,0,1,1,0,1,0,0
tune.pk,0,0,1,3,0,0,0,0,0,0,0,1,1,1,1,1,0
buzzfil.net,0,0,1,4,0,0,0,0,0,0,0,0,1,1,1,1,0
aljazeera.net,0,0,1,6,0,0,0,0,0,1,0,1,1,0,1,1,0
emgn.com,0,0,1,2,0,0,0,0,1,0,1,1,1,1,1,1,0
stackoverflow.com,0,0,1,3,0,0,0,0,0,1,0,0,1,0,1,0,0
stackoverflow.com,0,0,1,3,0,0,0,0,0,1,0,0,1,0,1,0,0
indianexpress.com,0,0,1,4,0,0,0,0,0,1,0,1,1,0,1,0,0
plarium.com,0,0,1,5,0,0,0,0,0,1,0,1,1,0,1,0,0
akhbarelyom.com,0,0,1,5,0,0,0,0,0,1,0,1,1,0,1,0,0
sourceforge.net,0,0,1,3,0,0,0,0,0,1,0,1,1,0,1,0,0
momoshop.com.tw,0,0,1,2,0,0,0,0,0,1,0,1,1,0,1,0,0
mirtesen.ru,0,0,1,2,0,0,0,0,0,1,0,0,1,0,1,0,0
codecanyon.net,0,0,1,4,0,0,0,0,0,1,0,1,1,0,1,0,0
kenh14.vn,0,0,1,2,0,0,0,0,0,1,1,1,1,0,1,0,0
indianexpress.com,0,0,1,4,0,0,0,0,0,1,0,1,1,0,1,0,0
kakaku.com,0,0,1,1,0,0,0,0,0,1,0,1,1,0,1,0,0
abc.go.com,0,0,1,5,0,0,0,0,0,1,0,0,1,0,1,0,0
seesaawiki.jp,0,0,1,3,0,0,0,0,0,1,0,0,1,0,1,0,0
thenextweb.com,0,0,1,6,0,0,0,0,0,1,0,1,0,0,1,1,0
thenextweb.com,0,0,1,6,0,0,0,0,0,1,0,1,0,0,1,1,0
thechive.com,0,0,1,4,0,0,0,0,0,1,0,0,1,0,1,0,0
torcache.net,0,0,1,2,0,0,0,0,0,0,0,1,0,0,1,0,0
xvideo-jp.com,0,0,1,3,0,0,0,1,0,1,0,1,0,0,1,0,0
abc.go.com,0,0,1,9,0,0,0,0,0,1,0,0,1,0,1,0,0
torcache.net,0,0,1,2,0,0,0,0,0,0,0,1,1,0,1,0,0
kenh14.vn,0,0,1,2,0,0,0,0,0,1,1,1,0,0,1,0,0
otomoto.pl,0,0,1,3,0,0,0,0,0,1,0,1,1,0,1,0,0
otomoto.pl,0,0,1,6,0,0,0,0,0,1,0,1,1,0,1,0,0
digg.com,0,0,1,2,0,0,0,0,0,1,0,1,1,0,1,0,0
extratorrent.cc,0,0,1,3,0,0,0,0,1,0,1,1,1,1,1,1,0
venturebeat.com,0,0,1,5,0,0,1,0,0,1,0,1,1,0,1,0,0
momoshop.com.tw,0,0,1,2,0,0,0,0,0,1,0,1,1,0,1,0,0
kakaku.com,0,0,1,6,0,0,0,0,0,1,0,1,0,0,1,0,0
askubuntu.com,0,0,1,3,0,0,0,0,0,1,0,0,1,0,1,0,0
olx.pl,0,0,1,7,0,0,0,0,0,1,0,0,1,0,1,0,0
depositphotos.com,0,0,1,1,0,0,0,0,0,1,0,1,1,1,1,1,0
distractify.com,0,0,1,10,0,0,0,0,0,1,0,0,1,0,1,0,0
distractify.com,0,0,1,10,0,0,0,0,0,1,0,0,1,0,1,0,0
ap.org,0,0,1,4,0,0,0,0,0,1,0,1,1,0,1,0,0
sfglobe.com,0,0,1,4,0,0,0,0,0,0,0,1,1,1,1,1,0
torrentdn.com,0,0,1,2,0,0,0,0,1,0,1,1,1,1,1,1,0
otomoto.pl,0,0,1,3,0,0,0,0,0,1,0,1,1,0,1,0,0
torcache.net,0,0,1,2,0,0,0,0,0,0,0,1,0,0,1,0,0
venturebeat.com,0,0,1,4,0,0,1,0,0,1,0,1,1,0,1,0,0
elitedaily.com,0,0,1,4,0,0,0,0,0,1,0,1,1,0,1,1,0
distractify.com,0,0,1,10,0,0,0,0,0,1,0,0,1,0,1,0,0
500px.com,0,0,1,3,0,0,1,0,0,1,0,1,1,0,1,0,0
mashable.com,0,0,1,6,0,0,0,0,0,1,0,1,0,0,1,0,0
torcache.net,0,0,1,2,0,0,0,0,0,0,0,1,1,0,1,0,0
web.de,0,0,1,4,0,0,0,0,0,1,1,1,1,1,1,1,0
nesn.com,0,0,1,3,0,0,0,0,0,1,0,1,0,0,1,0,0
nesn.com,0,0,1,3,0,0,0,0,0,1,0,1,0,0,1,0,0
buzzfil.net,0,0,1,4,0,0,0,0,0,0,0,0,1,1,1,1,0
emgn.com,0,0,1,2,0,0,0,0,1,0,1,1,1,1,1,1,0
jezebel.com,0,0,1,3,0,0,0,0,0,1,0,1,0,0,1,0,0
squarespace.com,0,0,1,5,0,0,0,0,0,1,0,1,0,0,1,1,0
fanpage.gr,0,0,1,3,0,0,0,0,0,0,1,1,1,0,1,1,0
extratorrent.cc,0,0,1,3,0,0,0,0,1,0,1,1,1,1,1,1,0
fanpage.gr,0,0,1,3,0,0,0,0,0,0,1,1,1,0,1,1,0
extratorrent.cc,0,0,1,3,0,0,0,0,1,0,1,1,1,1,1,1,0
foursquare.com,0,0,1,3,0,0,0,0,0,1,0,1,1,0,1,0,0
motthegioi.vn,0,0,1,2,0,0,0,0,0,0,1,1,1,0,1,0,0
thenextweb.com,0,0,1,6,0,0,0,0,0,1,0,1,0,0,1,1,0
tinnhanh360.net,0,0,1,1,0,0,0,0,0,0,0,0,1,0,1,0,0
olx.co.id,0,0,1,2,0,0,1,0,0,1,1,1,1,1,1,1,0
mixi.jp,0,0,1,1,1,0,0,0,0,1,0,0,1,0,1,0,0
prezi.com,0,0,1,4,0,0,0,0,0,1,0,1,1,0,1,0,0
depositphotos.com,0,0,1,1,0,0,0,0,0,1,0,1,1,1,1,1,0
hollywoodlife.com,0,0,1,4,0,0,0,0,0,1,0,1,1,0,1,0,0
torcache.net,0,0,1,2,0,0,0,0,0,0,0,1,1,0,1,0,0
censor.net.ua,0,0,1,3,0,0,0,0,0,0,0,1,1,0,1,0,0
thenextweb.com,0,0,1,5,0,0,0,0,0,1,0,1,0,0,1,1,0
kakaku.com,0,0,1,6,0,0,0,0,0,1,0,1,0,0,1,0,0
kenh14.vn,0,0,1,2,0,0,0,0,0,1,1,1,1,0,1,0,0
genius.com,0,0,1,1,0,0,0,0,0,1,0,1,1,0,1,0,0
olx.ro,0,0,1,6,0,0,0,0,0,1,1,1,1,0,1,0,0
olx.co.id,0,0,1,7,0,0,1,0,0,1,1,1,1,1,1,1,0
seasonvar.ru,0,0,1,1,0,0,0,0,0,1,0,1,1,0,1,0,0
tinnhanh360.net,0,0,1,1,0,0,0,0,0,0,0,0,1,0,1,0,0
motthegioi.vn,0,0,1,2,0,0,0,0,0,0,1,1,1,0,1,0,0
kickass.to,0,0,1,1,0,0,0,0,0,0,0,1,1,1,1,1,0
medium.com,0,1,1,2,0,0,0,0,0,1,0,1,1,0,1,0,0
mic.com,0,0,1,3,0,0,0,0,0,1,0,1,1,0,1,0,0
mylust.com,0,0,1,3,0,0,1,0,0,1,0,0,0,0,1,0,0
themeforest.net,0,0,1,4,0,0,0,0,0,1,0,1,1,0,1,0,0
censor.net.ua,0,0,1,3,0,0,0,0,0,0,0,1,1,0,1,0,0
ap.org,0,0,1,4,0,0,0,0,0,1,0,1,1,0,1,0,0
uproxx.com,0,0,1,4,0,0,1,0,0,1,0,1,1,0,1,0,0
teespring.com,0,0,1,2,0,0,0,0,0,1,0,0,1,0,1,0,0
indianexpress.com,0,0,1,4,0,0,0,0,0,1,0,1,1,0,1,0,0
avxhome.se,0,0,1,5,0,0,0,0,1,0,1,1,1,1,1,1,0
auto.ru,0,0,1,4,0,0,0,0,0,1,0,0,1,0,1,0,0
dantri.com.vn,0,0,1,2,0,0,0,0,0,1,1,1,0,0,1,0,0
extratorrent.cc,0,0,1,3,0,0,0,0,1,0,1,1,1,1,1,1,0
censor.net.ua,0,0,1,3,0,0,0,0,0,0,0,1,1,0,1,0,0
nypost.com,0,0,1,4,0,0,1,0,0,1,0,1,0,0,1,0,0
icicibank.com,0,0,1,3,0,0,0,0,0,1,0,1,1,1,1,1,0
iconosquare.com,0,0,1,3,0,0,0,0,0,1,0,0,0,0,1,0,0
bestblackhatforum.com,0,0,1,1,0,0,0,0,0,0,0,1,1,0,1,0,0
getpocket.com,0,0,1,1,1,0,1,0,0,1,0,0,1,0,1,0,0
web.de,0,0,1,2,0,0,0,0,0,1,1,1,1,1,1,1,0
emgn.com,0,0,1,2,0,0,0,0,1,0,1,1,1,1,1,1,0
emgn.com,0,0,1,2,0,0,0,0,1,0,1,1,1,1,1,1,0
emgn.com,0,0,1,2,0,0,0,0,1,0,1,1,1,1,1,1,0
wpengine.com,0,0,1,4,0,0,0,0,0,1,0,0,1,0,1,0,0
extratorrent.cc,0,0,1,1,0,0,0,0,1,0,1,1,1,1,1,1,0
themeforest.net,0,0,1,4,0,0,0,0,0,1,0,1,1,0,1,0,0
babal.net,0,0,1,4,0,0,0,0,0,0,0,1,1,0,1,0,0
techcrunch.com,0,0,1,4,0,0,0,0,0,1,0,1,1,0,1,0,0
nymag.com,0,0,1,9,0,0,0,0,0,1,0,0,1,0,1,1,0
mylust.com,0,0,1,3,0,0,1,0,0,1,0,0,0,0,1,0,0
instagram.com,0,0,1,2,0,0,0,0,0,1,0,1,1,0,1,0,0
torcache.net,0,0,1,2,0,0,0,0,0,0,0,1,1,0,1,0,0
gizmodo.com,0,0,1,2,0,0,0,0,0,1,0,1,0,0,1,1,0
twitter.com,0,0,1,1,0,0,0,0,0,1,0,0,1,0,1,0,0
babal.net,0,0,1,4,0,0,0,0,0,0,0,1,1,0,1,0,0
giphy.com,0,0,1,2,1,0,0,0,0,1,0,1,1,1,1,1,0
thenextweb.com,0,0,1,6,0,0,0,0,0,1,0,1,0,0,1,1,0
udn.com,0,0,1,4,0,0,0,0,0,1,0,1,0,0,1,0,0
babal.net,0,0,1,4,0,0,0,0,0,0,0,1,1,0,1,0,0
ecnavi.jp,0,0,1,1,1,0,0,0,0,1,0,0,0,0,1,0,0
sfglobe.com,0,0,1,4,0,0,0,0,0,0,0,1,1,1,1,1,0
cheezburger.com,0,0,1,2,0,0,0,0,0,1,0,0,1,0,1,0,0
ecnavi.jp,0,0,1,1,1,0,0,0,0,1,0,0,0,0,1,0,0
correios.com.br,0,0,1,3,0,0,0,0,0,1,0,1,0,0,1,0,0
thenextweb.com,0,0,1,5,0,0,0,0,0,1,0,1,0,0,1,1,0
buzzfil.net,0,0,1,4,0,0,0,0,0,0,0,0,1,1,1,1,0
qz.com,0,0,1,2,0,0,0,0,0,1,0,1,1,0,1,0,0
mylust.com,0,0,1,3,0,0,1,0,0,1,0,0,1,1,1,1,0
interpark.com,0,0,1,2,0,0,0,0,0,1,0,0,1,0,1,0,0
dantri.com.vn,0,0,1,2,0,0,0,0,0,1,1,1,0,0,1,0,0
extratorrent.cc,0,0,1,3,0,0,0,0,1,0,1,1,1,1,1,1,0
getpocket.com,0,0,1,1,1,0,1,0,0,1,0,0,1,0,1,0,0
putlocker.is,0,0,1,1,0,0,0,0,0,0,0,0,0,0,1,0,0
motthegioi.vn,0,0,1,3,0,0,0,0,0,0,1,1,1,0,1,0,0
mirtesen.ru,0,0,1,1,0,0,0,0,0,1,0,0,1,0,1,0,0
irecommend.ru,0,0,1,2,0,0,0,0,0,1,0,1,1,0,1,0,0
nesn.com,0,0,1,3,0,0,0,0,0,1,0,1,0,0,1,0,0
mixi.jp,0,0,1,1,1,0,0,0,0,1,0,0,1,0,1,0,0
elitedaily.com,0,0,1,4,0,0,0,0,0,1,0,1,1,0,1,1,0
sourceforge.net,0,0,1,2,0,0,0,0,0,1,0,1,1,0,1,0,0
indianexpress.com,0,0,1,4,0,0,0,0,0,1,0,1,1,0,1,0,0
aljazeera.net,0,0,1,4,0,0,0,0,0,1,0,1,1,0,1,0,0
mediaset.it,0,0,1,3,0,0,0,0,0,1,0,0,1,0,1,1,0
tinnhanh360.net,0,0,1,1,0,0,0,0,0,0,0,0,1,0,1,0,0
searchengineland.com,0,0,1,1,0,0,0,0,0,1,0,1,1,0,1,0,0
allrecipes.com,0,0,1,4,0,0,0,0,0,1,0,1,1,0,1,0,0
otomoto.pl,0,0,1,2,0,0,0,0,0,1,0,1,1,0,1,0,0
kenh14.vn,0,0,1,2,0,0,0,0,0,1,1,1,1,0,1,0,0
extratorrent.cc,0,0,1,3,0,0,0,0,1,0,1,1,1,1,1,1,0
twitter.com,0,0,1,1,0,0,0,0,0,1,0,0,1,0,1,0,0
caixa.gov.br,0,0,1,1,0,0,0,0,0,1,1,1,1,0,1,1,0
couchtuner.eu.com,0,0,1,3,0,0,0,0,1,1,1,1,1,1,1,1,0
esporte.uol.com.br,0,0,1,9,0,0,0,0,0,0,0,1,1,1,1,1,0
codecanyon.net,0,0,1,3,0,0,0,0,0,1,0,1,1,0,1,0,0
plarium.com,0,0,1,5,0,0,0,0,0,1,0,1,1,0,1,0,0
plarium.com,0,0,1,5,0,0,0,0,0,1,0,1,1,0,1,0,0
medium.com,0,0,1,2,0,0,0,0,0,1,0,1,1,0,1,0,0
tobogo.net,0,0,1,2,0,0,0,0,1,0,1,1,1,1,1,1,0
extratorrent.cc,0,0,1,3,0,0,0,0,1,0,1,1,1,1,1,1,0
plarium.com,0,0,1,5,0,0,0,0,0,1,0,1,1,0,1,0,0
katproxy.com,0,0,1,1,0,0,0,0,0,0,0,0,0,0,1,0,0
bigcinema.tv,0,0,1,2,0,0,0,0,1,0,1,1,1,1,1,1,0
tobogo.net,0,0,1,2,0,0,0,0,1,0,1,1,1,1,1,1,0
motthegioi.vn,0,0,1,2,0,0,0,0,0,0,1,1,1,0,1,0,0
lifehacker.com,0,0,1,4,0,0,0,0,0,1,0,1,1,0,1,0,0
distractify.com,0,0,1,2,0,0,0,0,0,1,0,0,1,0,1,1,0
thenextweb.com,0,0,1,6,0,0,0,0,0,1,0,1,0,0,1,1,0
otomoto.pl,0,0,1,2,0,0,0,0,0,1,0,1,1,0,1,0,0
atwiki.jp,0,0,1,2,0,0,0,0,0,1,0,0,1,0,1,0,0
torcache.net,0,0,1,2,0,0,0,0,0,0,0,1,0,0,1,0,0
udn.com,0,0,1,4,0,0,0,0,0,1,0,1,0,0,1,0,0
genius.com,0,0,1,3,0,0,0,0,0,1,0,1,1,0,1,0,0
motthegioi.vn,0,0,1,2,0,0,0,0,0,0,1,1,1,0,1,0,0
sourceforge.net,0,0,1,3,0,0,0,0,0,1,0,1,1,0,1,0,0
katproxy.com,0,0,1,3,0,0,0,0,0,0,0,0,0,0,1,0,0
jezebel.com,0,0,1,2,0,0,0,0,0,1,0,1,0,0,1,0,0
tinnhanh360.net,0,0,1,1,0,0,0,0,0,0,0,0,1,0,1,0,0
icicibank.com,0,0,1,4,0,0,0,0,0,1,0,1,1,1,1,1,0
slashdot.org,0,0,1,3,0,0,0,0,0,1,0,1,1,0,1,0,0
torcache.net,0,0,1,2,0,0,0,0,0,0,0,1,0,0,1,0,0
allrecipes.com,0,0,1,3,0,0,0,0,0,1,0,1,1,0,1,0,0
indianexpress.com,0,0,1,4,0,0,0,0,0,1,0,1,1,0,1,0,0
katproxy.com,0,0,1,1,0,0,0,0,0,0,0,0,0,0,1,0,0
depositphotos.com,0,0,1,1,0,0,0,0,0,1,0,1,1,1,1,1,0
olx.co.id,0,0,1,4,0,0,1,0,0,1,1,1,1,1,1,1,0
kotaku.com,0,0,1,2,0,0,0,0,0,1,0,0,1,0,1,0,0
correios.com.br,0,1,1,8,0,0,0,0,0,1,0,1,0,0,1,0,0
correios.com.br,0,0,1,4,0,0,0,0,0,1,0,1,0,0,1,0,0
themeforest.net,0,0,1,1,0,0,0,0,0,1,0,1,1,0,1,0,0
auto.ru,0,0,1,4,0,0,0,0,0,1,0,0,1,0,1,0,0
thenextweb.com,0,0,1,7,0,0,0,0,0,1,0,1,0,0,1,1,0
slashdot.org,0,0,1,3,0,0,0,0,0,1,0,1,1,0,1,0,0
deadspin.com,0,0,1,1,0,0,0,0,0,1,0,1,1,1,1,1,0
fanpage.gr,0,0,1,3,0,0,0,0,0,0,1,1,1,0,1,1,0
atwiki.jp,0,0,1,2,0,0,0,0,0,1,0,0,1,0,1,0,0
prezi.com,0,0,1,4,0,0,0,0,0,1,0,1,1,0,1,0,0
codecanyon.net,0,0,1,4,0,0,0,0,0,1,0,1,1,0,1,0,0
web.de,0,0,1,5,0,0,0,0,0,1,1,1,1,1,1,1,0
telegraf.com.ua,0,0,1,3,0,0,0,0,0,1,0,1,0,0,1,0,0
correios.com.br,0,0,1,3,0,0,0,0,0,1,0,1,1,1,1,1,0
distractify.com,0,0,1,10,0,0,0,0,0,1,0,0,1,0,1,0,0
perezhilton.com,0,0,1,1,0,0,0,0,0,1,0,0,1,0,1,0,0
khabaronline.ir,0,0,1,5,0,0,0,0,0,1,1,1,1,0,1,1,0
themeforest.net,0,0,1,4,0,0,0,0,0,1,0,1,1,0,1,0,0
searchengineland.com,0,0,1,1,0,0,0,0,0,1,0,1,1,0,1,0,0
steamcommunity.com,0,0,1,8,1,0,0,0,0,1,0,1,1,0,1,0,0
allegro.pl,0,0,1,2,0,0,0,0,0,1,0,0,1,0,1,0,0
seekingalpha.com,0,0,1,2,0,0,0,0,0,1,0,1,1,0,1,0,0
olx.ro,0,0,1,7,0,0,0,0,0,1,1,1,1,0,1,0,0
techcrunch.com,0,0,1,4,0,0,0,0,0,1,0,1,1,0,1,0,0
tunein.com,0,0,1,5,0,0,0,0,0,1,0,1,0,0,1,1,0
serverfault.com,0,0,1,3,0,0,1,0,0,1,0,1,1,0,1,0,0
codecanyon.net,0,0,1,3,0,0,0,0,0,1,0,1,1,0,1,0,0
censor.net.ua,0,0,1,3,0,0,0,0,0,0,0,1,1,0,1,0,0
wikiwiki.jp,0,0,1,1,0,0,0,0,0,1,0,1,0,0,1,1,0
thenextweb.com,0,0,1,6,0,0,0,0,0,1,0,1,0,0,1,1,0
dantri.com.vn,0,0,1,2,0,0,0,0,0,1,1,1,0,0,1,0,0
io9.com,0,0,1,2,0,0,0,0,0,1,0,0,1,0,1,0,0
atwiki.jp,0,0,1,2,0,0,0,0,0,1,0,0,1,0,1,0,0
smallseotools.com,0,0,1,2,0,0,0,0,0,1,0,1,1,0,1,0,0
putlocker.is,0,0,1,1,0,0,0,0,0,0,0,0,1,0,1,0,0
vnexpress.net,0,0,1,3,0,0,0,0,0,1,0,1,1,1,1,1,0
thechive.com,0,0,1,4,0,0,0,0,0,1,0,0,1,0,1,1,0
distractify.com,0,0,1,10,0,0,0,0,0,1,0,0,1,0,1,0,0
grantland.com,0,0,1,2,0,0,0,0,0,1,0,1,1,1,1,1,0
plarium.com,0,0,1,5,0,0,0,0,0,1,0,1,1,0,1,0,0
olx.ua,0,0,1,2,0,0,0,0,0,1,0,0,1,0,1,0,0
steamcommunity.com,0,0,1,5,0,0,0,0,0,1,0,1,1,0,1,0,0
twitter.com,0,0,1,1,0,0,0,0,0,1,0,0,1,0,1,0,0
jezebel.com,0,0,1,3,0,0,0,0,0,1,0,1,0,0,1,0,0
metro.co.uk,0,0,1,4,0,0,0,0,0,1,1,1,1,0,1,0,0
interpark.com,0,0,1,2,0,0,0,0,0,1,0,0,1,0,1,0,0
pikabu.ru,0,0,1,3,0,0,0,0,0,1,0,1,1,0,1,0,0
thechive.com,0,0,1,4,0,0,0,0,0,1,0,0,1,0,1,1,0
qz.com,0,0,1,2,0,0,0,0,0,1,0,1,1,0,1,0,0
elitedaily.com,0,0,1,4,0,0,0,0,0,1,0,1,1,0,1,1,0
mylust.com,0,0,1,3,0,0,1,0,0,1,0,0,0,0,1,0,0
abc.go.com,0,0,1,5,0,0,0,0,0,1,0,0,1,0,1,0,0
genius.com,0,0,1,3,0,0,0,0,0,1,0,1,1,0,1,0,0
fishki.net,0,0,1,2,0,0,0,0,0,1,0,1,1,0,1,0,0
censor.net.ua,0,0,1,3,0,0,0,0,0,0,0,1,1,0,1,0,0
cheezburger.com,0,0,1,2,0,0,0,0,0,1,0,0,1,0,1,0,0
allegro.pl,0,0,1,1,0,0,0,0,0,1,0,0,1,0,1,0,0
torcache.net,0,0,1,2,0,0,0,0,0,0,0,1,1,0,1,0,0
variety.com,0,0,1,4,0,0,0,0,0,1,0,1,0,0,1,0,0
putlocker.is,0,0,1,1,0,0,0,0,0,0,0,0,0,0,1,0,0
mic.com,0,0,1,3,0,0,0,0,0,1,0,1,1,0,1,0,0
torcache.net,0,0,1,2,0,0,0,0,0,0,0,1,1,0,1,0,0
olx.co.id,0,0,1,7,0,0,1,0,0,1,1,1,1,1,1,1,0
correios.com.br,0,1,1,8,0,0,0,0,0,1,0,1,1,1,1,1,0
seekingalpha.com,0,0,1,2,0,0,0,0,0,1,0,1,1,0,1,0,0
web.de,0,0,1,5,0,0,0,0,0,1,1,1,1,1,1,1,0
elcomercio.pe,0,0,1,3,0,0,0,0,0,1,1,1,0,0,1,0,0
extratorrent.cc,0,0,1,3,0,0,0,0,1,0,1,1,1,1,1,1,0
medium.com,0,0,1,2,0,0,0,0,0,1,0,1,1,0,1,0,0
getpocket.com,0,0,1,1,1,0,1,0,0,1,0,0,1,0,1,0,0
mic.com,0,0,1,3,0,0,0,0,0,1,0,1,1,0,1,0,0
otomoto.pl,0,0,1,2,0,0,0,0,0,1,0,1,1,0,1,0,0
themeforest.net,0,0,1,4,0,0,0,0,0,1,0,1,1,0,1,0,0
kakaku.com,0,0,1,6,0,0,0,0,0,1,0,1,0,0,1,0,0
sberbank.ru,0,0,1,9,0,0,0,0,0,1,0,1,1,0,1,0,0
eksisozluk.com,0,0,1,0,0,0,0,0,0,1,0,1,1,0,1,0,0
squarespace.com,0,0,1,5,0,0,0,0,0,1,0,1,0,0,1,1,0
serverfault.com,0,0,1,3,0,0,1,0,0,1,0,1,1,0,1,0,0
allrecipes.com,0,0,1,3,0,0,0,0,0,1,0,1,1,0,1,0,0
babal.net,0,0,1,4,0,0,0,0,0,0,0,1,1,0,1,0,0
olx.in,0,0,1,3,0,0,0,0,0,1,0,1,1,1,1,1,0
icicibank.com,0,0,1,3,0,0,0,0,0,1,0,1,1,1,1,1,0
web.de,0,0,1,5,0,0,0,0,0,1,1,1,1,1,1,1,0
thenextweb.com,0,0,1,6,0,0,0,0,0,1,0,1,0,0,1,1,0
mylust.com,0,0,1,3,0,0,1,0,0,1,0,0,1,1,1,1,0
uproxx.com,0,0,1,4,0,0,1,0,0,1,0,1,1,0,1,0,0
interpark.com,0,0,1,2,0,0,0,0,0,1,0,0,1,0,1,0,0
motthegioi.vn,0,0,1,2,0,0,0,0,0,0,1,1,1,0,1,0,0
nypost.com,0,0,1,4,0,0,1,0,0,1,0,1,0,0,1,0,0
lifehacker.com,0,0,1,2,0,0,0,0,0,1,0,1,1,0,1,0,0
torcache.net,0,0,1,2,0,0,0,0,0,0,0,1,1,0,1,0,0
thenextweb.com,0,0,1,5,0,0,0,0,0,1,0,1,0,0,1,1,0
distractify.com,0,0,1,10,0,0,0,0,0,1,0,0,1,0,1,0,0
otomoto.pl,0,0,1,2,0,0,0,0,0,1,0,1,1,0,1,0,0
interpark.com,0,0,1,2,0,0,0,0,0,1,0,0,1,0,1,0,0
plarium.com,0,0,1,5,0,0,0,0,0,1,0,1,1,0,1,0,0
elitedaily.com,0,0,1,4,0,0,0,0,0,1,0,1,0,0,1,1,0
xvideo-jp.com,0,0,1,3,0,0,0,1,0,1,0,1,0,0,1,0,0
stackoverflow.com,0,0,1,3,0,0,0,0,0,1,0,0,1,0,1,0,0
tinnhanh360.net,0,0,1,1,0,0,0,0,0,0,0,0,1,0,1,0,0
superuser.com,0,0,1,3,0,0,0,0,0,1,0,0,1,0,1,0,0
lifehacker.com,0,0,1,1,0,0,0,0,0,1,0,1,1,0,1,0,0
buzzfil.net,0,0,1,4,0,0,0,0,0,0,0,0,1,1,1,1,0
maybank2u.com.my,0,0,1,4,0,0,0,0,0,1,0,1,1,1,1,1,0
himado.in,0,0,1,0,0,0,0,0,1,0,1,1,1,1,1,1,0
thenextweb.com,0,0,1,6,0,0,0,0,0,1,0,1,0,0,1,1,0
yourlust.com,0,0,1,2,0,0,1,0,0,1,0,1,1,1,1,1,0
censor.net.ua,0,0,1,3,0,0,0,0,0,0,0,1,1,0,1,0,0
plarium.com,0,0,1,5,0,0,0,0,0,1,0,1,1,0,1,0,0
tunein.com,0,0,1,5,0,0,0,0,0,1,0,1,0,0,1,1,0
motthegioi.vn,0,0,1,2,0,0,0,0,0,0,1,1,1,0,1,0,0
twitter.com,0,0,1,1,0,0,0,0,0,1,0,0,1,0,1,0,0
indianexpress.com,0,0,1,4,0,0,0,0,0,1,0,1,1,0,1,0,0
mic.com,0,0,1,3,0,0,0,0,0,1,0,1,1,0,1,0,0
torcache.net,0,0,1,2,0,0,0,0,0,0,0,1,1,0,1,0,0
interpark.com,0,0,1,2,0,0,0,0,0,1,0,0,1,0,1,0,0
emgn.com,0,0,1,2,0,0,0,0,1,0,1,1,1,1,1,1,0
fazenda.gov.br,0,0,1,3,0,0,0,0,1,1,1,1,1,1,1,1,0
putlocker.is,0,0,1,1,0,0,0,0,0,0,0,0,1,0,1,0,0
plarium.com,0,0,1,5,0,0,0,0,0,1,0,1,1,0,1,0,0
tobogo.net,0,0,1,2,0,0,0,0,1,0,1,1,1,1,1,1,0
jalopnik.com,0,0,1,2,0,0,0,0,0,1,0,1,0,0,1,0,0
ringring.vn,0,0,1,1,0,0,0,0,0,0,1,1,1,0,1,0,0
tunein.com,0,0,1,5,0,0,0,0,0,1,0,1,0,0,1,1,0
interpark.com,0,0,1,2,0,0,0,0,0,1,0,0,1,0,1,0,0
olx.ua,0,0,1,3,0,0,0,0,0,1,0,0,1,0,1,0,0
torcache.net,0,0,1,2,0,0,0,0,0,0,0,1,0,0,1,0,0
paytm.com,0,0,1,6,0,0,0,0,0,1,0,1,0,0,1,0,0
patch.com,0,0,1,3,0,0,0,0,0,1,0,1,0,0,1,0,0
telegraf.com.ua,0,0,1,3,0,0,0,0,0,1,0,1,0,0,1,0,0
rt.com,0,0,1,3,0,0,1,0,0,1,0,0,0,0,1,1,0
tinnhanh360.net,0,0,1,1,0,0,0,0,0,0,0,0,1,0,1,0,0
plarium.com,0,0,1,5,0,0,0,0,0,1,0,1,1,0,1,0,0
nymag.com,0,0,1,5,0,0,0,0,0,1,0,0,1,0,1,0,0
twitter.com,0,0,1,1,0,0,0,0,0,1,0,0,1,0,1,0,0
censor.net.ua,0,0,1,3,0,0,0,0,0,0,0,1,1,0,1,0,0
qz.com,0,0,1,2,0,0,0,0,0,1,0,1,1,0,1,0,0
metro.co.uk,0,0,1,4,0,0,0,0,0,1,1,1,0,0,1,0,0
otomoto.pl,0,0,1,2,0,0,0,0,0,1,0,1,1,0,1,0,0
ap.org,0,0,1,4,0,0,0,0,0,1,0,1,1,0,1,0,0
correios.com.br,0,0,1,4,0,0,0,0,0,1,0,1,1,1,1,1,0
patch.com,0,0,1,3,0,0,0,0,0,1,0,1,1,1,1,1,0
olx.co.id,0,0,1,2,0,0,1,0,0,1,1,1,1,1,1,1,0
babal.net,0,0,1,4,0,0,0,0,0,0,0,1,1,1,1,1,0
torcache.net,0,0,1,2,0,0,0,0,0,0,0,1,0,0,1,0,0
nymag.com,0,0,1,9,0,0,0,0,0,1,0,0,0,0,1,1,0
torcache.net,0,0,1,2,0,0,0,0,0,0,0,1,1,0,1,0,0
io9.com,0,0,1,3,0,0,0,0,0,1,0,0,1,0,1,0,0
torcache.net,0,0,1,2,0,0,0,0,0,0,0,1,1,0,1,0,0
gizmodo.com,0,0,1,2,0,0,0,0,0,1,0,1,1,0,1,1,0
uproxx.com,0,0,1,4,0,0,1,0,0,1,0,1,1,0,1,0,0
distractify.com,0,0,1,10,0,0,0,0,0,1,0,0,1,0,1,0,0
motthegioi.vn,0,0,1,2,0,0,0,0,0,0,1,1,1,0,1,0,0
gov.uk,0,0,1,3,0,0,0,0,0,0,1,1,1,0,1,0,0
ecnavi.jp,0,0,1,1,1,0,0,0,0,1,0,0,0,0,1,0,0
tobogo.net,0,0,1,2,0,0,0,0,1,0,1,1,1,1,1,1,0
twitter.com,0,0,1,1,0,0,0,0,0,1,0,0,1,0,1,0,0
katproxy.com,0,0,1,1,0,0,0,0,0,0,0,0,0,0,1,0,0
babal.net,0,0,1,4,0,0,0,0,0,0,0,1,1,0,1,0,0
superuser.com,0,0,1,3,0,0,0,0,0,1,0,0,1,0,1,0,0
interpark.com,0,0,1,2,0,0,0,0,0,1,0,0,1,0,1,0,0
patch.com,0,0,1,3,0,0,0,0,0,1,0,1,0,0,1,0,0
udn.com,0,0,1,4,0,0,0,0,0,1,0,1,0,0,1,0,0
jalopnik.com,0,0,1,2,0,0,0,0,0,1,0,1,0,0,1,1,0
elcomercio.pe,0,0,1,3,0,0,0,0,0,1,1,1,0,0,1,0,0
aljazeera.net,0,0,1,6,0,0,0,0,0,1,0,1,1,0,1,1,0
emgn.com,0,0,1,2,0,0,0,0,1,0,1,1,1,1,1,1,0
seesaawiki.jp,0,0,1,3,0,0,0,0,0,1,0,0,1,0,1,0,0
twitter.com,0,0,1,1,0,0,0,0,0,1,0,0,1,1,1,1,0
getpocket.com,0,0,1,1,0,0,1,0,0,1,0,0,1,1,1,1,0
thenextweb.com,0,0,1,6,0,0,0,0,0,1,0,1,1,1,1,1,0
mylust.com,0,0,1,3,0,0,1,0,0,1,0,0,1,1,1,1,0
tobogo.net,0,0,1,2,0,0,0,0,1,0,1,1,1,1,1,1,0
tinnhanh360.net,0,0,1,1,0,0,0,0,0,0,0,0,1,0,1,0,0
stackoverflow.com,0,0,1,3,0,0,0,0,0,1,0,0,1,0,1,0,0
ameblo.jp,0,0,1,3,0,0,0,0,0,1,0,1,1,0,1,0,0
mylust.com,0,0,1,3,0,0,1,0,0,1,0,0,0,0,1,0,0
indianexpress.com,0,0,1,4,0,0,0,0,0,1,0,1,1,0,1,0,0
torrentdn.com,0,0,1,2,0,0,0,0,1,0,1,1,1,1,1,1,0
indianexpress.com,0,0,1,4,0,0,0,0,0,1,0,1,1,0,1,0,0
eksisozluk.com,0,0,1,1,0,0,0,0,0,1,0,1,1,0,1,0,0
bestblackhatforum.com,0,0,1,1,0,0,0,0,0,0,0,1,1,0,1,0,0
xueqiu.com,0,0,1,2,0,0,0,0,0,1,0,1,1,0,1,0,0
twitter.com,0,0,1,1,0,0,0,0,0,1,0,0,1,0,1,0,0
olx.ua,0,0,1,3,0,0,0,0,0,1,0,0,1,0,1,0,0
jalopnik.com,0,0,1,1,0,0,0,0,0,1,0,1,0,0,1,0,0
momoshop.com.tw,0,0,1,4,0,0,0,0,0,1,0,1,1,0,1,0,0
tinnhanh360.net,0,0,1,1,0,0,0,0,0,0,0,0,1,0,1,0,0
motthegioi.vn,0,0,1,2,0,0,0,0,0,0,1,1,1,0,1,0,0
fazenda.gov.br,0,0,1,3,0,0,0,0,1,1,1,1,1,1,1,1,0
elitedaily.com,0,0,1,3,0,0,0,0,0,1,0,1,1,0,1,1,0
olx.ua,0,0,1,3,0,0,0,0,0,1,0,0,1,0,1,0,0
cookpad.com,0,0,1,1,0,0,0,0,0,1,0,1,1,0,1,0,0
userscloud.com,0,0,1,7,0,0,0,0,0,0,0,0,0,0,1,0,0
syosetu.com,0,0,1,3,0,0,0,0,0,1,0,1,1,0,1,0,0
torcache.net,0,0,1,2,0,0,0,0,0,0,0,1,1,0,1,0,0
1337x.to,0,0,1,3,0,0,0,0,0,1,0,1,1,1,1,1,0
putlocker.is,0,0,1,1,0,0,0,0,0,0,0,0,1,0,1,0,0
kickass.to,0,0,1,1,0,0,0,0,0,0,0,1,1,1,1,1,0
kickass.to,0,0,1,2,0,0,0,0,0,0,0,1,1,1,1,1,0
correios.com.br,0,0,1,4,0,0,0,0,0,1,0,1,1,1,1,1,0
depositphotos.com,0,0,1,1,0,0,0,0,0,1,0,1,1,1,1,1,0
weathernews.jp,0,0,1,4,0,0,0,0,0,1,0,1,1,0,1,0,0
stackoverflow.com,0,0,1,3,0,0,0,0,0,1,0,0,1,0,1,0,0
extratorrent.cc,0,0,1,3,0,0,0,0,1,0,1,1,1,1,1,1,0
bestblackhatforum.com,0,0,1,1,0,0,0,0,0,0,0,1,1,0,1,0,0
fanpage.gr,0,0,1,2,0,0,0,0,0,0,1,1,0,0,1,1,0
extratorrent.cc,0,0,1,3,0,0,0,0,1,0,1,1,1,1,1,1,0
mylust.com,0,0,1,3,0,0,1,0,0,1,0,0,0,0,1,0,0
twitter.com,0,0,1,1,0,0,0,0,0,1,0,0,1,0,1,0,0
torcache.net,0,0,1,2,0,0,0,0,0,0,0,1,1,0,1,0,0
wikiwiki.jp,0,0,1,1,0,0,0,0,0,1,0,1,0,0,1,1,0
500px.com,0,0,1,3,0,0,1,0,0,1,0,1,1,0,1,0,0
xvideo-jp.com,0,0,1,1,0,0,0,1,0,1,0,1,0,0,1,0,0
distractify.com,0,0,1,10,0,0,0,0,0,1,0,0,1,0,1,0,0
distractify.com,0,0,1,10,0,0,0,0,0,1,0,0,1,0,1,0,0
mediaset.it,0,0,1,3,0,0,0,0,0,1,0,0,1,0,1,1,0
medium.com,0,0,1,2,0,0,0,0,0,1,0,1,1,0,1,0,0
buzzfil.net,0,0,1,4,0,0,0,0,0,0,0,0,1,1,1,1,0
mashable.com,0,0,1,6,0,0,0,0,0,1,0,1,0,0,1,0,0
elcomercio.pe,0,0,1,3,0,0,0,0,0,1,1,1,0,0,1,0,0
medium.com,0,1,1,2,0,0,0,0,0,1,0,1,1,0,1,0,0
medium.com,0,1,1,2,0,0,0,0,0,1,0,1,1,0,1,0,0
indianexpress.com,0,0,1,4,0,0,0,0,0,1,0,1,1,0,1,0,0
olx.ro,0,0,1,4,0,0,0,0,0,1,1,1,1,0,1,0,0
torcache.net,0,0,1,2,0,0,0,0,0,0,0,1,0,0,1,0,0
udn.com,0,0,1,4,0,0,0,0,0,1,0,1,0,0,1,0,0
searchengineland.com,0,0,1,1,0,0,0,0,0,1,0,1,1,0,1,0,0
olx.ro,0,0,1,4,0,0,0,0,0,1,1,1,1,0,1,0,0
searchengineland.com,0,0,1,1,0,0,0,0,0,1,0,1,1,0,1,0,0
thenextweb.com,0,0,1,6,0,0,0,0,0,1,0,1,0,0,1,1,0
grantland.com,0,0,1,2,0,0,0,0,0,1,0,1,0,0,1,0,0
medium.com,0,0,1,2,0,0,0,0,0,1,0,1,1,0,1,0,0
qz.com,0,0,1,2,0,0,0,0,0,1,0,1,1,0,1,0,0
torcache.net,0,0,1,2,0,0,0,0,0,0,0,1,0,0,1,0,0
motthegioi.vn,0,0,1,2,0,0,0,0,0,0,1,1,1,0,1,0,0
extratorrent.cc,0,0,1,3,0,0,0,0,1,0,1,1,1,1,1,1,0
techcrunch.com,0,0,1,4,0,0,0,0,0,1,0,1,1,0,1,0,0
abc.go.com,0,0,1,5,0,0,0,0,0,1,0,0,1,0,1,1,0
pikabu.ru,0,0,1,3,0,0,0,0,0,1,0,1,1,0,1,0,0
digg.com,0,0,1,2,0,0,0,0,0,1,0,1,1,0,1,0,0
momoshop.com.tw,0,0,1,2,0,0,0,0,0,1,0,1,1,0,1,0,0
jezebel.com,0,0,1,2,0,0,0,0,0,1,0,1,0,0,1,0,0
dantri.com.vn,0,0,1,2,0,0,0,0,0,1,1,1,0,0,1,0,0
deadspin.com,0,0,1,1,0,0,0,0,0,1,0,1,1,1,1,1,0
yourlust.com,0,0,1,2,0,0,1,0,0,1,0,1,1,1,1,1,0
medium.com,0,1,1,2,0,0,0,0,0,1,0,1,1,0,1,0,0
babal.net,0,0,1,4,0,0,0,0,0,0,0,1,1,0,1,0,0
twitter.com,0,0,1,1,0,0,0,0,0,1,0,0,1,0,1,0,0
torcache.net,0,0,1,2,0,0,0,0,0,0,0,1,0,0,1,0,0
eksisozluk.com,0,0,1,0,0,0,0,0,0,1,0,1,1,0,1,0,0
mic.com,0,0,1,3,0,0,0,0,0,1,0,1,1,0,1,0,0
bestblackhatforum.com,0,0,1,1,0,0,0,0,0,0,0,1,1,0,1,0,0
kienthuc.net.vn,0,0,1,2,0,0,0,0,0,0,1,1,1,0,1,0,0
metro.co.uk,0,0,1,4,0,0,0,0,0,1,1,1,1,0,1,0,0
ap.org,0,0,1,4,0,0,0,0,0,1,0,1,1,0,1,0,0
shareba.com,0,0,1,6,0,0,0,0,0,0,0,0,1,0,1,0,0
pitchfork.com,0,0,1,2,0,0,0,0,0,1,0,0,0,0,1,0,0
myegy.to,0,0,1,3,0,0,0,0,0,0,0,0,0,0,1,0,0
olx.ro,0,0,1,4,0,0,0,0,0,1,1,1,1,0,1,0,0
olx.pl,0,0,1,2,0,0,0,0,0,1,0,0,1,0,1,0,0
askubuntu.com,0,0,1,3,0,0,0,0,0,1,0,0,1,0,1,0,0
stackoverflow.com,0,0,1,3,0,0,0,0,0,1,0,0,1,0,1,0,0
allegro.pl,0,0,1,1,0,0,0,0,0,1,0,0,1,0,1,0,0
irecommend.ru,0,0,1,2,0,0,0,0,0,1,0,1,1,0,1,0,0
kickass.to,0,0,1,3,0,0,0,0,0,0,0,1,1,1,1,1,0
persianblog.ir,0,0,1,4,0,0,0,0,1,0,1,1,1,1,1,1,0
codecanyon.net,0,0,1,4,0,0,0,0,0,1,0,1,1,0,1,0,0
udn.com,0,0,1,4,0,0,0,0,0,1,0,1,0,0,1,0,0
superuser.com,0,0,1,3,0,0,0,0,0,1,0,0,1,0,1,0,0
mic.com,0,0,1,3,0,0,0,0,0,1,0,1,1,0,1,0,0
twitter.com,0,0,1,1,0,0,0,0,0,1,0,0,1,0,1,0,0
serverfault.com,0,0,1,3,0,0,1,0,0,1,0,1,1,0,1,0,0
torcache.net,0,0,1,2,0,0,0,0,0,0,0,1,0,0,1,0,0
patch.com,0,0,1,3,0,0,0,0,0,1,0,1,0,0,1,0,0
auto.ru,0,0,1,4,0,0,0,0,0,1,0,0,1,0,1,0,0
ecnavi.jp,0,0,1,1,1,0,0,0,0,1,0,0,0,0,1,0,0
megogo.net,0,0,1,3,0,0,0,0,0,1,0,1,0,0,1,0,0
auto.ru,0,0,1,4,0,0,0,0,0,1,0,0,1,0,1,0,0
momoshop.com.tw,0,0,1,2,0,0,0,0,0,1,0,1,1,0,1,0,0
auto.ru,0,0,1,4,0,0,0,0,0,1,0,0,1,0,1,0,0
bigcinema.tv,0,0,1,2,0,0,0,0,1,0,1,1,1,1,1,1,0
codecanyon.net,0,0,1,1,0,0,0,0,0,1,0,1,1,0,1,0,0
tinnhanh360.net,0,0,1,1,0,0,0,0,0,0,0,0,1,0,1,0,0
perezhilton.com,0,0,1,2,0,0,0,0,0,1,0,0,1,0,1,0,0
torcache.net,0,0,1,2,0,0,0,0,0,0,0,1,1,0,1,0,0
superuser.com,0,0,1,3,0,0,0,0,0,1,0,0,1,0,1,0,0
techcrunch.com,0,0,1,4,0,0,0,0,0,1,0,1,1,1,1,1,0
torcache.net,0,0,1,2,0,0,0,0,0,0,0,1,0,0,1,0,0
web.de,0,0,1,5,0,0,0,0,0,1,1,1,1,1,1,1,0
uproxx.com,0,0,1,4,0,0,1,0,0,1,0,1,1,0,1,0,0
bigcinema.tv,0,0,1,2,0,0,0,0,1,0,1,1,1,1,1,1,0
1337x.to,0,0,1,3,0,0,0,0,0,1,0,1,1,1,1,1,0
extratorrent.cc,0,0,1,3,0,0,0,0,1,0,1,1,1,1,1,1,0
bestblackhatforum.com,0,0,1,1,0,0,0,0,0,0,0,1,1,0,1,0,0
getpocket.com,0,0,1,1,1,0,1,0,0,1,0,0,1,0,1,0,0
katproxy.com,0,0,1,1,0,0,0,0,0,0,0,0,1,0,1,0,0
kenh14.vn,0,0,1,2,0,0,0,0,0,1,1,1,0,0,1,0,0
twitter.com,0,0,1,1,0,0,0,0,0,1,0,0,1,0,1,0,0
mic.com,0,0,1,3,0,0,0,0,0,1,0,1,1,0,1,0,0
ap.org,0,0,1,4,0,0,0,0,0,1,0,1,1,0,1,0,0
extratorrent.cc,0,0,1,3,0,0,0,0,1,0,1,1,1,1,1,1,0
mic.com,0,0,1,3,0,0,0,0,0,1,0,1,1,0,1,0,0
teespring.com,0,0,1,0,0,0,0,0,0,1,0,0,1,0,1,0,0
getpocket.com,0,0,1,4,0,0,1,0,0,1,0,0,1,0,1,0,0
tobogo.net,0,0,1,2,0,0,0,0,1,0,1,1,1,1,1,1,0
fazenda.gov.br,0,0,1,5,0,0,0,0,1,1,1,1,1,1,1,1,0
persianblog.ir,0,0,1,3,0,0,0,0,1,0,1,1,1,1,1,1,0
persianblog.ir,0,0,1,4,0,0,0,0,1,0,1,1,1,1,1,1,0
motherless.com,0,0,1,2,1,0,0,0,0,0,0,1,1,1,1,1,0
babal.net,0,0,1,3,0,0,0,0,0,0,0,1,1,0,1,0,0
extratorrent.cc,0,0,1,3,0,0,0,0,1,0,1,1,1,1,1,1,0
torcache.net,0,0,1,2,0,0,0,0,0,0,0,1,0,0,1,0,0
noticias.uol.com.br,0,0,1,7,0,0,0,0,0,0,0,1,1,1,1,1,0
thenextweb.com,0,0,1,6,0,0,0,0,0,1,0,1,0,0,1,1,0
interpark.com,0,0,1,2,0,0,0,0,0,1,0,0,1,0,1,0,0
web.de,0,0,1,5,0,0,0,0,0,1,1,1,1,1,1,1,0
akhbarelyom.com,0,0,1,5,0,0,0,0,0,1,0,1,1,0,1,0,0
steamcommunity.com,0,0,1,6,1,0,0,0,0,1,0,1,1,0,1,0,0
allegro.pl,0,0,1,1,0,0,0,0,0,1,0,0,1,0,1,0,0
mirtesen.ru,0,0,1,1,0,0,0,0,0,1,0,0,1,0,1,0,0
techcrunch.com,0,0,1,3,0,0,0,0,0,1,0,1,0,0,1,0,0
searchengines.guru,0,0,1,1,0,0,0,0,0,1,1,1,1,0,1,0,0
elcomercio.pe,0,0,1,3,0,0,0,0,0,1,1,1,0,0,1,0,0
twitter.com,0,0,1,1,0,0,0,0,0,1,0,0,1,0,1,0,0
tobogo.net,0,0,1,2,0,0,0,0,1,0,1,1,1,1,1,1,0
gawker.com,0,0,1,2,0,0,0,0,0,1,0,1,1,0,1,0,0
extratorrent.cc,0,0,1,3,0,0,0,0,1,0,1,1,1,1,1,1,0
pikabu.ru,0,0,1,3,0,0,0,0,0,1,0,1,1,0,1,0,0
sourceforge.net,0,0,1,3,0,0,0,0,0,1,0,1,1,0,1,0,0
elevenia.co.id,0,0,1,3,0,0,0,0,1,0,1,1,1,1,1,1,0
udn.com,0,0,1,4,0,0,0,0,0,1,0,1,0,0,1,0,0
bongda88.info,0,0,1,1,0,0,0,0,1,0,1,1,1,1,1,1,0
torcache.net,0,0,1,2,0,0,0,0,0,0,0,1,0,0,1,0,0
maybank2u.com.my,0,0,1,4,0,0,0,0,0,1,0,1,1,1,1,1,0
distractify.com,0,0,1,10,0,0,0,0,0,1,0,0,1,0,1,0,0
olx.in,0,0,1,3,0,0,0,0,0,1,0,1,1,1,1,1,0
olx.ua,0,0,1,4,0,0,0,0,0,1,0,0,1,0,1,0,0
kickass.to,0,0,1,1,0,0,0,0,0,0,0,1,1,1,1,1,0
motherless.com,0,0,1,2,1,0,0,0,0,0,0,1,1,1,1,1,0
sourceforge.net,0,0,1,3,0,0,0,0,0,1,0,1,1,0,1,0,0
qz.com,0,0,1,2,0,0,0,0,0,1,0,1,1,0,1,0,0
qz.com,0,0,1,2,0,0,0,0,0,1,0,1,1,0,1,0,0
tobogo.net,0,0,1,2,0,0,0,0,1,0,1,1,1,1,1,1,0
isna.ir,0,0,1,4,0,0,0,0,0,1,1,1,1,0,1,0,0
pornsharing.com,0,0,1,1,0,0,0,0,0,0,0,0,1,0,1,0,0
espn.go.com,0,0,1,7,0,0,0,0,0,1,0,0,1,0,1,0,0
thenextweb.com,0,0,1,6,0,0,0,0,0,1,0,1,0,0,1,1,0
atwiki.jp,0,0,1,2,0,0,0,0,0,1,0,0,1,0,1,0,0
olx.ro,0,0,1,7,0,0,0,0,0,1,1,1,1,0,1,0,0
gizmodo.com,0,0,1,2,0,0,0,0,0,1,0,1,1,0,1,0,0
web.de,0,0,1,3,0,0,0,0,0,1,1,1,1,1,1,1,0
buzzfil.net,0,0,1,4,0,0,0,0,0,0,0,0,1,1,1,1,0
kakaku.com,0,0,1,6,0,0,0,0,0,1,0,1,0,0,1,0,0
mic.com,0,0,1,3,0,0,0,0,0,1,0,1,1,0,1,0,0
digg.com,0,0,1,2,0,0,0,0,0,1,0,1,1,0,1,0,0
correios.com.br,0,0,1,4,0,0,0,0,0,1,0,1,0,0,1,0,0
searchengineland.com,0,0,1,1,0,0,0,0,0,1,0,1,1,0,1,0,0
censor.net.ua,0,0,1,14,0,0,0,0,0,0,0,1,1,0,1,0,0
tobogo.net,0,0,1,2,0,0,0,0,1,0,1,1,1,1,1,1,0
thenextweb.com,0,0,1,7,0,0,0,0,0,1,0,1,0,0,1,1,0
thenextweb.com,0,0,1,6,0,0,0,0,0,1,0,1,0,0,1,1,0
thenextweb.com,0,0,1,6,0,0,0,0,0,1,0,1,0,0,1,1,0
grantland.com,0,0,1,2,0,0,0,0,0,1,0,1,1,0,1,0,0
mic.com,0,0,1,3,0,0,0,0,0,1,0,1,1,0,1,0,0
allrecipes.com,0,0,1,3,0,0,0,0,0,1,0,1,1,0,1,0,0
twitter.com,0,0,1,1,0,0,0,0,0,1,0,0,1,0,1,0,0
mylust.com,0,0,1,3,0,0,1,0,0,1,0,0,0,0,1,0,0
500px.com,0,0,1,3,0,0,1,0,0,1,0,1,1,0,1,0,0
extratorrent.cc,0,0,1,3,0,0,0,0,1,0,1,1,1,1,1,1,0
sourceforge.net,0,0,1,3,0,0,0,0,0,1,0,1,1,0,1,0,0
katproxy.com,0,0,1,1,0,0,0,0,0,0,0,0,0,0,1,0,0
nguyentandung.org,0,0,1,1,0,0,0,0,0,0,0,0,1,0,1,1,0
otomoto.pl,0,0,1,3,0,0,0,0,0,1,0,1,1,0,1,0,0
tobogo.net,0,0,1,2,0,0,0,0,1,0,1,1,1,1,1,1,0
moviepilot.com,0,0,1,5,0,0,1,0,0,0,0,1,1,1,1,1,0
correios.com.br,0,1,1,8,0,0,0,0,0,1,0,1,0,0,1,0,0
tobogo.net,0,0,1,2,0,0,0,0,1,0,1,1,1,1,1,1,0
askubuntu.com,0,0,1,3,0,0,0,0,0,1,0,0,1,0,1,0,0
maybank2u.com.my,0,0,1,4,0,0,0,0,0,1,0,1,1,1,1,1,0
lifehacker.com,0,0,1,2,0,0,0,0,0,1,0,1,1,0,1,0,0
kickass.to,0,0,1,1,0,0,0,0,0,0,0,1,1,1,1,1,0
extratorrent.cc,0,0,1,3,0,0,0,0,1,0,1,1,1,1,1,1,0
ap.org,0,0,1,4,0,0,0,0,0,1,0,1,1,0,1,0,0
hubpages.com,0,0,1,2,0,0,0,0,0,1,0,1,1,0,1,0,0
indianexpress.com,0,0,1,4,0,0,0,0,0,1,0,1,1,0,1,0,0
kenh14.vn,0,0,1,2,0,0,0,0,0,1,1,1,1,0,1,0,0
kenh14.vn,0,0,1,2,0,0,0,0,0,1,1,1,0,0,1,0,0
tobogo.net,0,0,1,2,0,0,0,0,1,0,1,1,1,1,1,1,0
thenextweb.com,0,0,1,6,0,0,0,0,0,1,0,1,0,0,1,1,0
grantland.com,0,0,1,2,0,0,0,0,0,1,0,1,0,0,1,0,0
extratorrent.cc,0,0,1,3,0,0,0,0,1,0,1,1,1,1,1,1,0
sourceforge.net,0,0,1,3,0,0,0,0,0,1,0,1,1,0,1,0,0
perezhilton.com,0,0,1,2,0,0,0,0,0,1,0,0,1,0,1,0,0
pitchfork.com,0,0,1,3,0,0,0,0,0,1,0,0,0,0,1,0,0
screenrant.com,0,0,1,2,0,0,1,0,0,1,0,0,1,1,1,1,0
torcache.net,0,0,1,2,0,0,0,0,0,0,0,1,1,0,1,0,0
500px.com,0,0,1,3,0,0,1,0,0,1,0,1,1,0,1,0,0
khabaronline.ir,0,0,1,2,0,0,0,0,0,1,1,1,1,0,1,0,0
variety.com,0,0,1,4,0,0,0,0,0,1,0,1,0,0,1,0,0
correios.com.br,0,0,1,4,0,0,0,0,0,1,0,1,0,0,1,0,0
allegro.pl,0,0,1,2,0,0,0,0,0,1,0,0,1,0,1,0,0
twitter.com,0,0,1,1,0,0,0,0,0,1,0,0,1,0,1,0,0
nypost.com,0,0,1,4,0,0,1,0,0,1,0,1,0,0,1,0,0
extratorrent.cc,0,0,1,3,0,0,0,0,1,0,1,1,1,1,1,1,0
icicibank.com,0,0,1,5,0,0,0,0,0,1,0,1,1,1,1,1,0
fanpage.gr,0,0,1,3,0,0,0,0,0,0,1,1,1,0,1,1,0
stackoverflow.com,0,0,1,3,0,0,0,0,0,1,0,0,1,0,1,0,0
elitedaily.com,0,0,1,4,0,0,0,0,0,1,0,1,1,0,1,1,0
ifttt.com,0,0,1,2,0,0,1,0,0,1,0,1,0,0,1,0,0
xvideo-jp.com,0,0,1,6,0,0,0,1,0,1,0,1,0,0,1,0,0
mic.com,0,0,1,3,0,0,0,0,0,1,0,1,1,0,1,0,0
babal.net,0,0,1,4,0,0,0,0,0,0,0,1,1,0,1,0,0
metro.co.uk,0,0,1,4,0,0,0,0,0,1,1,1,1,0,1,0,0
tunein.com,0,0,1,5,0,0,0,0,0,1,0,1,0,0,1,1,0
chaturbate.com,0,0,1,3,0,0,0,0,0,1,0,1,1,1,1,1,0
emgn.com,0,0,1,2,0,0,0,0,1,0,1,1,1,1,1,1,0
babal.net,0,0,1,3,0,0,0,0,0,0,0,1,1,0,1,0,0
atwiki.jp,0,0,1,2,0,0,0,0,0,1,0,0,1,0,1,0,0
plarium.com,0,0,1,5,0,0,0,0,0,1,0,1,1,0,1,0,0
tinnhanh360.net,0,0,1,1,0,0,0,0,0,0,0,0,1,0,1,0,0
techcrunch.com,0,0,1,3,0,0,0,0,0,1,0,1,0,0,1,0,0
babal.net,0,0,1,4,0,0,0,0,0,0,0,1,1,0,1,0,0
thenextweb.com,0,0,1,6,0,0,0,0,0,1,0,1,0,0,1,1,0
hollywoodlife.com,0,0,1,4,0,0,0,0,0,1,0,1,1,0,1,0,0
qz.com,0,0,1,2,0,0,0,0,0,1,0,1,1,0,1,0,0
superuser.com,0,0,1,3,0,0,0,0,0,1,0,0,1,0,1,0,0
extratorrent.cc,0,0,1,3,0,0,0,0,1,0,1,1,1,1,1,1,0
gov.uk,0,0,1,3,0,0,0,0,0,0,1,1,1,0,1,0,0
khabaronline.ir,0,0,1,5,0,0,0,0,0,1,1,1,1,0,1,1,0
extratorrent.cc,0,0,1,3,0,0,0,0,1,0,1,1,1,1,1,1,0
correios.com.br,0,0,1,4,0,0,0,0,0,1,0,1,0,0,1,0,0
olx.co.id,0,0,1,7,0,0,1,0,0,1,1,1,1,1,1,1,0
nesn.com,0,0,1,3,0,0,0,0,0,1,0,1,0,0,1,0,0
themeforest.net,0,0,1,3,0,0,0,0,0,1,0,1,1,0,1,0,0
ameblo.jp,0,0,1,3,0,0,0,0,0,1,0,1,1,0,1,0,0
otomoto.pl,0,0,1,2,0,0,0,0,0,1,0,1,1,0,1,0,0
interpark.com,0,0,1,2,0,0,0,0,0,1,0,0,1,0,1,0,0
otomoto.pl,0,0,1,2,0,0,0,0,0,1,0,1,1,0,1,0,0
olx.ua,0,0,1,3,0,0,0,0,0,1,0,0,1,0,1,0,0
buzzfil.net,0,0,1,4,0,0,0,0,0,0,0,0,1,1,1,1,0
perezhilton.com,0,0,1,1,0,0,0,0,0,1,0,0,1,0,1,0,0
myspace.com,0,0,1,4,0,0,0,0,0,1,0,1,1,0,1,0,0
xhamster.com,0,0,1,3,0,0,0,0,0,1,0,1,1,1,1,1,0
arstechnica.com,0,0,1,4,0,0,0,0,0,1,0,1,1,0,1,0,0
medium.com,0,0,1,2,0,0,0,0,0,1,0,1,1,0,1,0,0
kickass.to,0,0,1,1,0,0,0,0,0,0,0,1,1,1,1,1,0
thenextweb.com,0,0,1,5,0,0,0,0,0,1,0,1,0,0,1,1,0
babal.net,0,0,1,4,0,0,0,0,0,0,0,1,1,0,1,0,0
thenextweb.com,0,0,1,6,0,0,0,0,0,1,0,1,0,0,1,1,0
tobogo.net,0,0,1,2,0,0,0,0,1,0,1,1,1,1,1,1,0
otomoto.pl,0,0,1,3,0,0,0,0,0,1,0,1,1,0,1,0,0
irecommend.ru,0,0,1,2,0,0,0,0,0,1,0,1,1,0,1,0,0
motthegioi.vn,0,0,1,2,0,0,0,0,0,0,1,1,1,0,1,0,0
censor.net.ua,0,0,1,3,0,0,0,0,0,0,0,1,1,0,1,0,0
yourlust.com,0,0,1,2,0,0,1,0,0,1,0,1,1,1,1,1,0
distractify.com,0,0,1,10,0,0,0,0,0,1,0,0,1,0,1,0,0
thenextweb.com,0,0,1,6,0,0,0,0,0,1,0,1,0,0,1,1,0
olx.ro,0,0,1,7,0,0,0,0,0,1,1,1,1,0,1,0,0
tobogo.net,0,0,1,2,0,0,0,0,1,0,1,1,1,1,1,1,0
kakaku.com,0,0,1,2,0,0,0,0,0,1,0,1,1,0,1,0,0
nesn.com,0,0,1,3,0,0,0,0,0,1,0,1,0,0,1,0,0
allegro.pl,0,0,1,1,0,0,0,0,0,1,0,0,1,1,1,1,0
motthegioi.vn,0,0,1,2,0,0,0,0,0,0,1,1,1,0,1,0,0
gawker.com,0,0,1,1,0,0,0,0,0,1,0,1,1,0,1,0,0
olx.ua,0,0,1,3,0,0,0,0,0,1,0,0,1,0,1,0,0
buzzfil.net,0,0,1,3,0,0,0,0,0,0,0,0,1,1,1,1,0
extratorrent.cc,0,0,1,3,0,0,0,0,1,0,1,1,1,1,1,1,0
tobogo.net,0,0,1,2,0,0,0,0,1,0,1,1,1,1,1,1,0
qz.com,0,0,1,2,0,0,0,0,0,1,0,1,1,0,1,0,0
indianexpress.com,0,0,1,4,0,0,0,0,0,1,0,1,0,0,1,0,0
thenextweb.com,0,0,1,6,0,0,0,0,0,1,0,1,0,0,1,1,0
allegro.pl,0,0,1,1,0,0,0,0,0,1,0,0,1,0,1,0,0
steamcommunity.com,0,0,1,5,0,0,0,0,0,1,0,1,1,0,1,0,0
otomoto.pl,0,0,1,6,0,0,0,0,0,1,0,1,1,0,1,0,0
olx.ro,0,0,1,6,0,0,0,0,0,1,1,1,1,0,1,0,0
cheezburger.com,0,0,1,2,0,0,0,0,0,1,0,0,1,0,1,0,0
stackoverflow.com,0,0,1,3,0,0,0,0,0,1,0,0,1,0,1,0,0
udn.com,0,0,1,4,0,0,0,0,0,1,0,1,0,0,1,0,0
maybank2u.com.my,0,0,1,4,0,0,0,0,0,1,0,1,1,1,1,1,0
kotaku.com,0,0,1,1,0,0,0,0,0,1,0,0,1,0,1,0,0
elitedaily.com,0,0,1,4,0,0,0,0,0,1,0,1,1,0,1,1,0
censor.net.ua,0,0,1,3,0,0,0,0,0,0,0,1,1,0,1,0,0
thenextweb.com,0,0,1,5,0,0,0,0,0,1,0,1,0,0,1,1,0
correios.com.br,0,0,1,5,0,0,0,0,0,1,0,1,0,0,1,0,0
getpocket.com,0,0,1,1,1,0,1,0,0,1,0,0,1,0,1,0,0
chaturbate.com,0,0,1,3,0,0,0,0,0,1,0,1,1,1,1,1,0
censor.net.ua,0,0,1,3,0,0,0,0,0,0,0,1,1,0,1,0,0
correios.com.br,0,1,1,8,0,0,0,0,0,1,0,1,0,0,1,0,0
kenh14.vn,0,0,1,2,0,0,0,0,0,1,1,1,1,0,1,0,0
aljazeera.net,0,0,1,6,0,0,0,0,0,1,0,1,1,0,1,1,0
twitter.com,0,0,1,1,0,0,0,0,0,1,0,0,1,0,1,0,0
io9.com,0,0,1,2,0,0,0,0,0,1,0,0,1,0,1,0,0
interpark.com,0,0,1,2,0,0,0,0,0,1,0,0,1,0,1,0,0
variety.com,0,0,1,4,0,0,0,0,0,1,0,1,0,0,1,0,0
9gag.tv,0,0,1,3,0,0,0,0,0,0,0,1,1,1,1,1,0
olx.ro,0,0,1,7,0,0,0,0,0,1,1,1,1,0,1,0,0
kickass.to,0,0,1,3,0,0,0,0,0,0,0,1,1,1,1,1,0
syosetu.com,0,0,1,3,0,0,0,0,0,1,0,1,1,0,1,0,0
askubuntu.com,0,0,1,3,0,0,0,0,0,1,0,0,1,0,1,0,0
torcache.net,0,0,1,2,0,0,0,0,0,0,0,1,0,0,1,0,0
otomoto.pl,0,0,1,2,0,0,0,0,0,1,0,1,1,0,1,0,0
otomoto.pl,0,0,1,4,0,0,0,0,0,1,0,1,1,0,1,0,0
gov.uk,0,0,1,3,0,0,0,0,0,0,1,1,1,0,1,0,0
allegro.pl,0,0,1,2,0,0,0,0,0,1,0,0,1,0,1,0,0
metro.co.uk,0,0,1,4,0,0,0,0,0,1,1,1,0,0,1,0,0
extratorrent.cc,0,0,1,3,0,0,0,0,1,0,1,1,1,1,1,1,0
grantland.com,0,0,1,2,0,0,0,0,0,1,0,1,1,0,1,0,0
superuser.com,0,0,1,3,0,0,0,0,0,1,0,0,1,0,1,0,0
worldoftanks.ru,0,0,1,5,0,0,0,0,0,0,0,1,0,0,1,0,0
kienthuc.net.vn,0,0,1,2,0,0,0,0,0,0,1,1,1,0,1,0,0
cheezburger.com,0,0,1,2,0,0,0,0,0,1,0,0,1,0,1,0,0
correios.com.br,0,0,1,4,0,0,0,0,0,1,0,1,0,0,1,0,0
babal.net,0,0,1,4,0,0,0,0,0,0,0,1,1,0,1,0,0
web.de,0,0,1,6,0,0,0,0,0,1,1,1,1,1,1,1,0
espn.go.com,0,0,1,7,0,0,0,0,0,1,0,0,1,0,1,0,0
emgn.com,0,0,1,2,0,0,0,0,1,0,1,1,1,1,1,1,0
ap.org,0,0,1,4,0,0,0,0,0,1,0,1,1,0,1,0,0
mylust.com,0,0,1,3,0,0,1,0,0,1,0,0,0,0,1,0,0
ecnavi.jp,0,0,1,1,1,0,0,0,0,1,0,0,0,0,1,0,0
mylust.com,0,0,1,3,0,0,1,0,0,1,0,0,1,1,1,1,0
medium.com,0,0,1,2,0,0,0,0,0,1,0,1,1,0,1,0,0
hubpages.com,0,0,1,2,0,0,0,0,0,1,0,1,1,0,1,0,0
superuser.com,0,0,1,3,0,0,0,0,0,1,0,0,1,0,1,0,0
spankbang.com,0,0,1,3,0,0,0,0,0,1,0,0,1,0,1,0,0
ifttt.com,0,0,1,2,0,0,1,0,0,1,0,1,0,0,1,0,0
digg.com,0,0,1,2,0,0,0,0,0,1,0,1,1,0,1,0,0
rt.com,0,0,1,3,0,0,1,0,0,1,0,0,0,0,1,1,0
twitter.com,0,0,1,1,0,0,0,0,0,1,0,0,1,0,1,0,0
shareba.com,0,0,1,5,0,0,0,0,0,0,0,0,1,0,1,0,0
quizlet.com,0,0,1,1,0,0,1,0,0,1,0,1,1,0,1,0,0
torcache.net,0,0,1,2,0,0,0,0,0,0,0,1,0,0,1,0,0
pikabu.ru,0,0,1,3,0,0,0,0,0,1,0,1,1,0,1,0,0
wikiwiki.jp,0,0,1,1,0,0,0,0,0,1,0,1,0,0,1,1,0
udn.com,0,0,1,4,0,0,0,0,0,1,0,1,0,0,1,0,0
ahrefs.com,0,0,1,8,0,0,0,0,0,1,0,1,1,0,1,0,0
nguyentandung.org,0,0,1,1,0,0,0,0,0,0,0,0,1,0,1,1,0
twitter.com,0,0,1,1,0,0,0,0,0,1,0,0,1,0,1,0,0
mylust.com,0,0,1,3,0,0,1,0,0,1,0,0,0,0,1,0,0
distractify.com,0,0,1,10,0,0,0,0,0,1,0,0,1,0,1,0,0
buzzfil.net,0,0,1,4,0,0,0,0,0,0,0,0,1,1,1,1,0
kakaku.com,0,0,1,6,0,0,0,0,0,1,0,1,0,0,1,0,0
torcache.net,0,0,1,2,0,0,0,0,0,0,0,1,1,0,1,0,0
bdnews24.com,0,0,1,5,0,0,0,0,0,1,0,1,1,0,1,0,0
torrentdn.com,0,0,1,2,0,0,0,0,1,0,1,1,1,1,1,1,0
pitchfork.com,0,0,1,2,0,0,0,0,0,1,0,0,0,0,1,0,0
hdfcbank.com,0,0,1,5,0,0,0,0,0,1,0,1,1,0,1,0,0
qz.com,0,0,1,2,0,0,0,0,0,1,0,1,1,0,1,0,0
torrentdn.com,0,0,1,2,0,0,0,0,1,0,1,1,1,1,1,1,0
themeforest.net,0,0,1,4,0,0,0,0,0,1,0,1,1,0,1,0,0
mic.com,0,0,1,3,0,0,0,0,0,1,0,1,1,0,1,0,0
olx.ro,0,0,1,7,0,0,0,0,0,1,1,1,1,0,1,0,0
mashable.com,0,0,1,6,0,0,0,0,0,1,0,1,0,0,1,0,0
plarium.com,0,0,1,5,0,0,0,0,0,1,0,1,1,0,1,0,0
correios.com.br,0,0,1,4,0,0,0,0,0,1,0,1,0,0,1,0,0
motthegioi.vn,0,0,1,2,0,0,0,0,0,0,1,1,1,0,1,0,0
olx.ua,0,0,1,4,0,0,0,0,0,1,0,0,1,0,1,0,0
otomoto.pl,0,0,1,2,0,0,0,0,0,1,0,1,1,0,1,0,0
smallseotools.com,0,0,1,2,0,0,0,0,0,1,0,1,1,0,1,0,0
elitedaily.com,0,0,1,4,0,0,0,0,0,1,0,1,1,0,1,1,0
nesn.com,0,0,1,3,0,0,0,0,0,1,0,1,0,0,1,1,0
kickass.to,0,0,1,1,0,0,0,0,0,0,0,1,1,1,1,1,0
motthegioi.vn,0,0,1,2,0,0,0,0,0,0,1,1,1,0,1,0,0
torcache.net,0,0,1,2,0,0,0,0,0,0,0,1,0,0,1,0,0
himado.in,0,0,1,0,0,0,0,0,1,0,1,1,1,1,1,1,0
kienthuc.net.vn,0,0,1,2,0,0,0,0,0,0,1,1,1,0,1,0,0
correios.com.br,0,0,1,4,0,0,0,0,0,1,0,1,0,0,1,0,0
plarium.com,0,0,1,5,0,0,0,0,0,1,0,1,1,0,1,0,0
tinnhanh360.net,0,0,1,1,0,0,0,0,0,0,0,0,1,0,1,0,0
askubuntu.com,0,0,1,3,0,0,0,0,0,1,0,0,1,0,1,0,0
ringring.vn,0,0,1,1,0,0,0,0,0,0,1,1,1,0,1,0,0
pornsharing.com,0,0,1,1,0,0,0,0,0,0,0,0,1,0,1,0,0
cheezburger.com,0,0,1,2,0,0,0,0,0,1,0,0,1,0,1,0,0
steamcommunity.com,0,0,1,7,1,0,0,0,0,1,0,1,1,0,1,0,0
tunein.com,0,0,1,5,0,0,0,0,0,1,0,1,0,0,1,1,0
tobogo.net,0,0,1,2,0,0,0,0,1,0,1,1,1,1,1,1,0
thenextweb.com,0,0,1,6,0,0,0,0,0,1,0,1,0,0,1,1,0
nguyentandung.org,0,0,1,1,0,0,0,0,0,0,0,0,1,0,1,1,0
techcrunch.com,0,0,1,4,0,0,0,0,0,1,0,1,1,0,1,0,0
udn.com,0,0,1,4,0,0,0,0,0,1,0,1,0,0,1,0,0
seekingalpha.com,0,0,1,2,0,0,0,0,0,1,0,1,1,0,1,0,0
stackoverflow.com,0,0,1,3,0,0,0,0,0,1,0,0,1,0,1,0,0
motthegioi.vn,0,0,1,2,0,0,0,0,0,0,1,1,1,0,1,0,0
twitter.com,0,0,1,1,0,0,0,0,0,1,0,0,1,0,1,0,0
tobogo.net,0,0,1,2,0,0,0,0,1,0,1,1,1,1,1,1,0
mylust.com,0,0,1,3,0,0,1,0,0,1,0,0,1,1,1,1,0
thenextweb.com,0,0,1,6,0,0,0,0,0,1,0,1,0,0,1,1,0
tunein.com,0,0,1,5,0,0,0,0,0,1,0,1,0,0,1,1,0
grantland.com,0,0,1,2,0,0,0,0,0,1,0,1,1,0,1,0,0
mashable.com,0,0,1,6,0,0,0,0,0,1,0,1,0,0,1,0,0
udn.com,0,0,1,4,0,0,0,0,0,1,0,1,0,0,1,0,0
rocketnews24.com,0,0,1,4,0,0,0,0,0,1,0,1,0,0,1,0,0
torrentdn.com,0,0,1,2,0,0,0,0,1,0,1,1,1,1,1,1,0
auto.ru,0,0,1,4,0,0,0,0,0,1,0,0,1,0,1,0,0
onedio.com,0,0,1,2,0,0,0,0,0,1,0,1,0,0,1,0,0
pikabu.ru,0,0,1,3,0,0,0,0,0,1,0,1,1,0,1,0,0
cheezburger.com,0,0,1,2,0,0,0,0,0,1,0,0,1,0,1,0,0
otomoto.pl,0,0,1,2,0,0,0,0,0,1,0,1,1,0,1,0,0
abc.go.com,0,0,1,5,0,0,0,0,0,1,0,0,1,0,1,0,0
ecnavi.jp,0,0,1,1,1,0,0,0,0,1,0,0,0,0,1,0,0
tune.pk,0,0,1,3,0,0,0,0,0,0,0,1,1,1,1,1,0
thenextweb.com,0,0,1,6,0,0,0,0,0,1,0,1,0,0,1,1,0
maybank2u.com.my,0,0,1,4,0,0,0,0,0,1,0,1,1,1,1,1,0
depositphotos.com,0,0,1,1,0,0,0,0,0,1,0,1,1,1,1,1,0
patch.com,0,0,1,3,0,0,0,0,0,1,0,1,0,0,1,0,0
venturebeat.com,0,0,1,8,0,0,1,0,0,1,0,1,1,0,1,0,0
kenh14.vn,0,0,1,2,0,0,0,0,0,1,1,1,1,0,1,0,0
olx.in,0,0,1,2,0,0,0,0,0,1,0,1,1,0,1,0,0
olx.ua,0,0,1,3,0,0,0,0,0,1,0,0,1,0,1,0,0
otomoto.pl,0,0,1,2,0,0,0,0,0,1,0,1,1,0,1,0,0
rt.com,0,0,1,3,0,0,1,0,0,1,0,0,0,0,1,0,0
maybank2u.com.my,0,0,1,4,0,0,0,0,0,1,0,1,1,1,1,1,0
paytm.com,0,0,1,7,0,0,0,0,0,1,0,1,0,0,1,0,0
aljazeera.net,0,0,1,6,0,0,0,0,0,1,0,1,1,0,1,1,0
lifehacker.com,0,0,1,2,0,0,0,0,0,1,0,1,1,0,1,0,0
caixa.gov.br,0,0,1,3,0,0,0,0,0,1,1,1,0,0,1,1,0
buzzfil.net,0,0,1,4,0,0,0,0,0,0,0,0,1,1,1,1,0
hollywoodlife.com,0,0,1,4,0,0,0,0,0,1,0,1,1,0,1,0,0
gtbank.com,0,0,1,5,0,0,0,0,0,1,0,1,0,0,1,0,0
torcache.net,0,0,1,2,0,0,0,0,0,0,0,1,0,0,1,0,0
torcache.net,0,0,1,2,0,0,0,0,0,0,0,1,0,0,1,0,0
tobogo.net,0,0,1,2,0,0,0,0,1,0,1,1,1,1,1,1,0
babal.net,0,0,1,4,0,0,0,0,0,0,0,1,1,0,1,0,0
askubuntu.com,0,0,1,3,0,0,0,0,0,1,0,0,1,0,1,0,0
mic.com,0,0,1,3,0,0,0,0,0,1,0,1,1,0,1,0,0
patch.com,0,0,1,3,0,0,0,0,0,1,0,1,0,0,1,0,0
distractify.com,0,0,1,10,0,0,0,0,0,1,0,0,1,0,1,0,0
babal.net,0,0,1,3,0,0,0,0,0,0,0,1,1,0,1,0,0
steamcommunity.com,0,0,1,7,1,0,0,0,0,1,0,1,1,0,1,0,0
bdnews24.com,0,0,1,5,0,0,0,0,0,1,0,1,1,0,1,0,0
otomoto.pl,0,0,1,2,0,0,0,0,0,1,0,1,1,0,1,0,0
olx.co.id,0,0,1,2,0,0,1,0,0,1,1,1,1,1,1,1,0
serverfault.com,0,0,1,3,0,0,1,0,0,1,0,1,1,0,1,0,0
correios.com.br,0,0,1,4,0,0,0,0,0,1,0,1,0,0,1,0,0
correios.com.br,0,0,1,3,0,0,0,0,0,1,0,1,0,0,1,0,0
pikabu.ru,0,0,1,2,0,0,0,0,0,1,0,1,1,0,1,0,0
tunein.com,0,0,1,5,0,0,0,0,0,1,0,1,0,0,1,1,0
uproxx.com,0,0,1,4,0,0,1,0,0,1,0,1,1,0,1,0,0
extratorrent.cc,0,0,1,3,0,0,0,0,1,0,1,1,1,1,1,1,0
icicibank.com,0,0,1,3,0,0,0,0,0,1,0,1,1,1,1,1,0
kickass.to,0,0,1,3,0,0,0,0,0,0,0,1,1,1,1,1,0
themeforest.net,0,0,1,4,0,0,0,0,0,1,0,1,1,0,1,0,0
medium.com,0,0,1,1,0,0,0,0,0,1,0,1,1,0,1,0,0
buzzfil.net,0,0,1,3,0,0,0,0,0,0,0,0,1,1,1,1,0
ecnavi.jp,0,0,1,1,1,0,0,0,0,1,0,0,0,0,1,0,0
olx.in,0,0,1,2,0,0,0,0,0,1,0,1,1,1,1,1,0
twitter.com,0,0,1,1,0,0,0,0,0,1,0,0,1,0,1,0,0
slickdeals.net,0,0,1,2,0,0,0,0,0,1,0,1,1,0,1,0,0
extratorrent.cc,0,0,1,3,0,0,0,0,1,0,1,1,1,1,1,1,0
genius.com,0,0,1,3,0,0,0,0,0,1,0,1,1,0,1,0,0
instagram.com,0,0,1,2,0,0,0,0,0,1,0,1,1,0,1,0,0
askubuntu.com,0,0,1,3,0,0,0,0,0,1,0,0,1,0,1,0,0
mic.com,0,0,1,3,0,0,0,0,0,1,0,1,1,0,1,0,0
web.de,0,0,1,5,0,0,0,0,0,1,1,1,1,1,1,1,0
xhamster.com,0,0,1,3,0,0,0,0,0,1,0,1,1,1,1,1,0
comicbook.com,0,0,1,4,0,0,0,0,0,1,0,1,0,0,1,0,0
sfglobe.com,0,0,1,4,0,0,0,0,0,0,0,1,1,1,1,1,0
fortune.com,0,0,1,4,0,0,0,0,0,1,0,1,1,0,1,0,0
correios.com.br,0,0,1,6,0,0,0,0,0,1,0,1,0,0,1,0,0
bitbucket.org,0,0,1,5,0,0,0,0,0,1,0,0,1,0,1,0,0
codecanyon.net,0,0,1,3,0,0,0,0,0,1,0,1,1,0,1,0,0
likemag.com,0,0,1,2,0,0,0,0,0,0,0,0,1,0,1,0,0
mic.com,0,0,1,3,0,0,0,0,0,1,0,1,1,0,1,0,0
kienthuc.net.vn,0,0,1,2,0,0,0,0,0,0,1,1,1,0,1,0,0
techcrunch.com,0,0,1,3,0,0,0,0,0,1,0,1,0,0,1,0,0
maybank2u.com.my,0,0,1,4,0,0,0,0,0,1,0,1,1,1,1,1,0
persianblog.ir,0,0,1,4,0,0,0,0,1,0,1,1,1,1,1,1,0
codecanyon.net,0,0,1,4,0,0,0,0,0,1,0,1,1,0,1,0,0
indianexpress.com,0,0,1,4,0,0,0,0,0,1,0,1,1,0,1,0,0
mirtesen.ru,0,0,1,2,0,0,0,0,0,1,0,0,1,0,1,0,0
mic.com,0,0,1,3,0,0,0,0,0,1,0,1,1,0,1,0,0
myspace.com,0,0,1,5,0,0,0,0,0,1,0,1,0,0,1,0,0
twitter.com,0,0,1,1,0,0,0,0,0,1,0,0,1,0,1,0,0
sourceforge.net,0,0,1,3,0,0,0,0,0,1,0,1,1,0,1,0,0
otomoto.pl,0,0,1,5,0,0,0,0,0,1,0,1,1,0,1,0,0
eksisozluk.com,0,0,1,1,0,0,0,0,0,1,0,1,1,0,1,0,0
indianexpress.com,0,0,1,5,0,0,0,0,0,1,0,1,1,0,1,0,0
extratorrent.cc,0,0,1,3,0,0,0,0,1,0,1,1,1,1,1,1,0
olx.co.id,0,0,1,7,0,0,1,0,0,1,1,1,1,1,1,1,0
olx.co.id,0,0,1,7,0,0,1,0,0,1,1,1,1,1,1,1,0
mic.com,0,0,1,3,0,0,0,0,0,1,0,1,1,0,1,0,0
torcache.net,0,0,1,2,0,0,0,0,0,0,0,1,0,0,1,0,0
kenh14.vn,0,0,1,2,0,0,0,0,0,1,1,1,0,0,1,0,0
sourceforge.net,0,0,1,2,0,0,0,0,0,1,0,1,1,0,1,0,0
sourceforge.net,0,0,1,3,0,0,0,0,0,1,0,1,1,0,1,0,0
mylust.com,0,0,1,3,0,0,1,0,0,1,0,0,0,0,1,0,0
serverfault.com,0,0,1,3,0,0,1,0,0,1,0,1,1,0,1,0,0
web.de,0,0,1,5,0,0,0,0,0,1,1,1,1,1,1,1,0
otomoto.pl,0,0,1,2,0,0,0,0,0,1,0,1,1,0,1,0,0
olx.in,0,0,1,2,0,0,0,0,0,1,0,1,1,1,1,1,0
serverfault.com,0,0,1,3,0,0,1,0,0,1,0,1,1,0,1,0,0
stackoverflow.com,0,0,1,3,0,0,0,0,0,1,0,0,1,0,1,0,0
genius.com,0,0,1,3,0,0,0,0,0,1,0,1,1,0,1,0,0
otomoto.pl,0,0,1,2,0,0,0,0,0,1,0,1,1,0,1,0,0
thenextweb.com,0,0,1,5,0,0,0,0,0,1,0,1,0,0,1,1,0
web.de,0,0,1,4,0,0,0,0,0,1,1,1,1,1,1,1,0
diply.com,0,0,1,3,0,0,0,0,0,0,0,1,1,0,1,0,0
perezhilton.com,0,0,1,1,0,0,0,0,0,1,0,0,1,0,1,0,0
onedio.com,0,0,1,2,0,0,0,0,0,1,0,1,0,0,1,0,0
extratorrent.cc,0,0,1,3,0,0,0,0,1,0,1,1,1,1,1,1,0
myspace.com,0,0,1,4,0,0,0,0,0,1,0,1,1,0,1,0,0
ap.org,0,0,1,4,0,0,0,0,0,1,0,1,1,0,1,0,0
olx.in,0,0,1,2,0,0,0,0,0,1,0,1,1,1,1,1,0
udn.com,0,0,1,4,0,0,0,0,0,1,0,1,1,0,1,0,0
patch.com,0,0,1,3,0,0,0,0,0,1,0,1,0,0,1,0,0
maybank2u.com.my,0,0,1,4,0,0,0,0,0,1,0,1,1,1,1,1,0
distractify.com,0,0,1,10,0,0,0,0,0,1,0,0,1,0,1,0,0
torcache.net,0,0,1,2,0,0,0,0,0,0,0,1,0,0,1,0,0
mic.com,0,0,1,3,0,0,0,0,0,1,0,1,1,0,1,0,0
mashable.com,0,0,1,6,0,0,0,0,0,1,0,1,0,0,1,0,0
abcnews.go.com,0,0,1,3,0,0,0,0,0,1,0,0,1,0,1,0,0
emgn.com,0,0,1,2,0,0,0,0,1,0,1,1,1,1,1,1,0
qz.com,0,0,1,2,0,0,0,0,0,1,0,1,1,0,1,0,0
skyrock.com,0,0,1,1,0,0,1,0,0,1,0,1,1,0,1,0,0
depositphotos.com,0,0,1,1,0,0,0,0,0,1,0,1,1,1,1,1,0
nguyentandung.org,0,0,1,1,0,0,0,0,0,0,0,0,1,0,1,1,0
1337x.to,0,0,1,3,0,0,0,0,0,1,0,1,1,1,1,1,0
thenextweb.com,0,0,1,6,0,0,0,0,0,1,0,1,0,0,1,1,0
digg.com,0,0,1,2,0,0,0,0,0,1,0,1,1,0,1,0,0
moviepilot.com,0,0,1,5,0,0,1,0,0,0,0,1,1,1,1,1,0
maybank2u.com.my,0,0,1,4,0,0,0,0,0,1,0,1,1,1,1,1,0
fortune.com,0,0,1,4,0,0,0,0,0,1,0,1,1,0,1,0,0
depositphotos.com,0,0,1,1,0,0,0,0,0,1,0,1,1,1,1,1,0
kickass.to,0,0,1,1,0,0,0,0,0,0,0,1,1,1,1,1,0
distractify.com,0,0,1,10,0,0,0,0,0,1,0,0,1,0,1,0,0
extratorrent.cc,0,0,1,3,0,0,0,0,1,0,1,1,1,1,1,1,0
tobogo.net,0,0,1,2,0,0,0,0,1,0,1,1,1,1,1,1,0
pitchfork.com,0,0,1,3,0,0,0,0,0,1,0,0,0,0,1,0,0
metro.co.uk,0,0,1,4,0,0,0,0,0,1,1,1,1,0,1,0,0
torcache.net,0,0,1,2,0,0,0,0,0,0,0,1,1,0,1,0,0
correios.com.br,0,0,1,6,0,0,0,0,0,1,0,1,0,0,1,0,0
xhamster.com,0,0,1,3,0,0,0,0,0,1,0,1,1,1,1,1,0
tobogo.net,0,0,1,2,0,0,0,0,1,0,1,1,1,1,1,1,0
dribbble.com,0,0,1,2,0,0,0,0,0,1,0,0,1,0,1,0,0
motthegioi.vn,0,0,1,2,0,0,0,0,0,0,1,1,1,0,1,0,0
xvideo-jp.com,0,0,1,3,0,0,0,1,0,1,0,1,0,0,1,0,0
nguyentandung.org,0,0,1,1,0,0,0,0,0,0,0,0,1,0,1,1,0
jezebel.com,0,0,1,2,0,0,0,0,0,1,0,1,0,0,1,0,0
chaturbate.com,0,0,1,3,0,0,0,0,0,1,0,1,1,1,1,1,0
depositphotos.com,0,0,1,1,0,0,0,0,0,1,0,1,1,1,1,1,0
pornsharing.com,0,0,1,1,0,0,0,0,0,0,0,0,1,0,1,0,0
olx.co.id,0,0,1,4,0,0,1,0,0,1,1,1,1,1,1,1,0
nesn.com,0,0,1,3,0,0,0,0,0,1,0,1,0,0,1,0,0
torcache.net,0,0,1,2,0,0,0,0,0,0,0,1,0,0,1,0,0
medium.com,0,1,1,2,0,0,0,0,0,1,0,1,1,0,1,0,0
filehippo.com,0,0,1,3,0,0,0,0,0,1,0,0,1,0,1,0,0
yourlust.com,0,0,1,2,0,0,1,0,0,1,0,1,1,1,1,1,0
yourlust.com,0,0,1,2,0,0,1,0,0,1,0,1,1,1,1,1,0
ecnavi.jp,0,0,1,1,1,0,0,0,0,1,0,0,0,0,1,0,0
web.de,0,0,1,4,0,0,0,0,0,1,1,1,1,1,1,1,0
genius.com,0,0,1,3,0,0,0,0,0,1,0,1,1,0,1,0,0
plarium.com,0,0,1,5,0,0,0,0,0,1,0,1,1,0,1,0,0
ap.org,0,0,1,4,0,0,0,0,0,1,0,1,1,0,1,0,0
deadspin.com,0,0,1,2,0,0,0,0,0,1,0,1,0,0,1,1,0
extratorrent.cc,0,0,1,3,0,0,0,0,1,0,1,1,1,1,1,1,0
avxhome.se,0,0,1,3,0,0,0,0,1,0,1,1,1,1,1,1,0
askubuntu.com,0,0,1,3,0,0,0,0,0,1,0,0,1,0,1,0,0
twitter.com,0,0,1,1,0,0,0,0,0,1,0,0,1,0,1,0,0
allegro.pl,0,0,1,2,0,0,0,0,0,1,0,0,1,1,1,1,0
motthegioi.vn,0,0,1,3,0,0,0,0,0,0,1,1,1,0,1,0,0
olx.ro,0,0,1,7,0,0,0,0,0,1,1,1,1,0,1,0,0
qz.com,0,0,1,2,0,0,0,0,0,1,0,1,1,0,1,0,0
kotaku.com,0,0,1,1,0,0,0,0,0,1,0,0,1,0,1,0,0
nguyentandung.org,0,0,1,1,0,0,0,0,0,0,0,0,1,0,1,1,0
pornsharing.com,0,0,1,1,0,0,0,0,0,0,0,0,1,0,1,0,0
emgn.com,0,0,1,2,0,0,0,0,1,0,1,1,1,1,1,1,0
emgn.com,0,0,1,2,0,0,0,0,1,0,1,1,1,1,1,1,0
extratorrent.cc,0,0,1,3,0,0,0,0,1,0,1,1,1,1,1,1,0
thenextweb.com,0,0,1,6,0,0,0,0,0,1,0,1,0,0,1,1,0
motthegioi.vn,0,0,1,2,0,0,0,0,0,0,1,1,1,0,1,0,0
olx.ro,0,0,1,6,0,0,0,0,0,1,1,1,1,0,1,0,0
io9.com,0,0,1,2,0,0,0,0,0,1,0,0,1,0,1,0,0
uproxx.com,0,0,1,4,0,0,1,0,0,1,0,1,1,0,1,0,0
jezebel.com,0,0,1,2,0,0,0,0,0,1,0,1,0,0,1,0,0
askubuntu.com,0,0,1,3,0,0,0,0,0,1,0,0,1,0,1,0,0
variety.com,0,0,1,4,0,0,0,0,0,1,0,1,0,0,1,0,0
censor.net.ua,0,0,1,3,0,0,0,0,0,0,0,1,1,0,1,0,0
babal.net,0,0,1,3,0,0,0,0,0,0,0,1,1,0,1,0,0
jalopnik.com,0,0,1,2,0,0,0,0,0,1,0,1,0,0,1,0,0
mediaset.it,0,0,1,3,0,0,0,0,0,1,0,0,1,0,1,1,0
hubpages.com,0,0,1,2,0,0,0,0,0,1,0,1,1,0,1,0,0
wikiwiki.jp,0,0,1,1,0,0,0,0,0,1,0,1,0,0,1,1,0
olx.ua,0,0,1,3,0,0,0,0,0,1,0,0,1,0,1,0,0
grantland.com,0,0,1,2,0,0,0,0,0,1,0,1,1,0,1,0,0
aljazeera.net,0,0,1,4,0,0,0,0,0,1,0,1,1,0,1,0,0
hollywoodlife.com,0,0,1,4,0,0,0,0,0,1,0,1,1,0,1,0,0
correios.com.br,0,0,1,4,0,0,0,0,0,1,0,1,0,0,1,0,0
prezi.com,0,0,1,4,0,0,0,0,0,1,0,1,1,0,1,0,0
pikabu.ru,0,0,1,3,0,0,0,0,0,1,0,1,1,0,1,0,0
extratorrent.cc,0,0,1,3,0,0,0,0,1,0,1,1,1,1,1,1,0
buzzfil.net,0,0,1,4,0,0,0,0,0,0,0,0,1,1,1,1,0
atwiki.jp,0,0,1,2,0,0,0,0,0,1,0,0,1,0,1,0,0
deadspin.com,0,0,1,1,0,0,0,0,0,1,0,1,0,0,1,0,0
codecanyon.net,0,0,1,1,0,0,0,0,0,1,0,1,1,0,1,0,0
mashable.com,0,0,1,6,0,0,0,0,0,1,0,1,0,0,1,0,0
torcache.net,0,0,1,2,0,0,0,0,0,0,0,1,1,0,1,0,0
twitter.com,0,0,1,1,0,0,0,0,0,1,0,0,1,0,1,0,0
kienthuc.net.vn,0,0,1,2,0,0,0,0,0,0,1,1,1,0,1,0,0
motthegioi.vn,0,0,1,2,0,0,0,0,0,0,1,1,1,0,1,0,0
cheezburger.com,0,0,1,2,0,0,0,0,0,1,0,0,1,0,1,0,0
extratorrent.cc,0,0,1,3,0,0,0,0,1,0,1,1,1,1,1,1,0
io9.com,0,0,1,3,0,0,0,0,0,1,0,0,1,0,1,0,0
torcache.net,0,0,1,2,0,0,0,0,0,0,0,1,0,0,1,0,0
yourlust.com,0,0,1,2,0,0,1,0,0,1,0,1,1,1,1,1,0
privatbank.ua,0,0,1,4,0,0,0,0,0,1,0,1,0,0,1,0,0
ringring.vn,0,0,1,1,0,0,0,0,0,0,1,1,1,0,1,0,0
mic.com,0,0,1,3,0,0,0,0,0,1,0,1,1,0,1,0,0
couchtuner.eu.com,0,0,1,3,0,0,0,0,1,1,1,1,1,1,1,1,0
hollywoodlife.com,0,0,1,4,0,0,0,0,0,1,0,1,1,0,1,0,0
distractify.com,0,0,1,2,0,0,0,0,0,1,0,0,1,0,1,0,0
censor.net.ua,0,0,1,3,0,0,0,0,0,0,0,1,1,0,1,0,0
motthegioi.vn,0,0,1,3,0,0,0,0,0,0,1,1,1,0,1,0,0
twitter.com,0,0,1,1,0,0,0,0,0,1,0,0,1,0,1,0,0
kenh14.vn,0,0,1,2,0,0,0,0,0,1,1,1,0,0,1,0,0
buzzfil.net,0,0,1,3,0,0,0,0,0,0,0,0,1,1,1,1,0
emgn.com,0,0,1,2,0,0,0,0,1,0,1,1,1,1,1,1,0
emgn.com,0,0,1,2,0,0,0,0,1,0,1,1,1,1,1,1,0
censor.net.ua,0,0,1,14,0,0,0,0,0,0,0,1,1,0,1,0,0
kakaku.com,0,0,1,7,0,0,0,0,0,1,0,1,1,0,1,0,0
thechive.com,0,0,1,4,0,0,0,0,0,1,0,0,1,0,1,1,0
lifehacker.com,0,0,1,2,0,0,0,0,0,1,0,1,1,0,1,0,0
irecommend.ru,0,0,1,2,0,0,0,0,0,1,0,1,1,0,1,0,0
jalopnik.com,0,0,1,2,0,0,0,0,0,1,0,1,0,0,1,0,0
torcache.net,0,0,1,2,0,0,0,0,0,0,0,1,1,0,1,0,0
kakaku.com,0,0,1,6,0,0,0,0,0,1,0,1,1,0,1,0,0
jezebel.com,0,0,1,2,0,0,0,0,0,1,0,1,0,0,1,0,0
lifehacker.com,0,0,1,2,0,0,0,0,0,1,0,1,1,0,1,0,0
interpark.com,0,0,1,2,0,0,0,0,0,1,0,0,1,0,1,0,0
thenextweb.com,0,0,1,5,0,0,0,0,0,1,0,1,0,0,1,1,0
buzzfil.net,0,0,1,4,0,0,0,0,0,0,0,0,1,1,1,1,0
tobogo.net,0,0,1,2,0,0,0,0,1,0,1,1,1,1,1,1,0
motthegioi.vn,0,0,1,2,0,0,0,0,0,0,1,1,1,0,1,0,0
torcache.net,0,0,1,2,0,0,0,0,0,0,0,1,1,0,1,0,0
wpengine.com,0,0,1,4,0,0,0,0,0,1,0,0,1,0,1,0,0
censor.net.ua,0,0,1,3,0,0,0,0,0,0,0,1,1,0,1,0,0
interpark.com,0,0,1,2,0,0,0,0,0,1,0,0,1,0,1,0,0
megogo.net,0,0,1,4,0,0,0,0,0,1,0,1,0,0,1,0,0
1337x.to,0,0,1,3,0,0,0,0,0,1,0,1,1,1,1,1,0
1337x.to,0,0,1,3,0,0,0,0,0,1,0,1,1,1,1,1,0
distractify.com,0,0,1,10,0,0,0,0,0,1,0,0,1,0,1,0,0
interpark.com,0,0,1,2,0,0,0,0,0,1,0,0,1,0,1,0,0
syosetu.com,0,0,1,3,0,0,0,0,0,1,0,1,1,0,1,0,0
kenh14.vn,0,0,1,2,0,0,0,0,0,1,1,1,1,0,1,0,0
nypost.com,0,0,1,4,0,0,1,0,0,1,0,1,0,0,1,0,0
kenh14.vn,0,0,1,2,0,0,0,0,0,1,1,1,1,0,1,0,0
olx.in,0,0,1,3,0,0,0,0,0,1,0,1,1,1,1,1,0
onedio.com,0,0,1,2,0,0,0,0,0,1,0,1,0,0,1,0,0
sfglobe.com,0,0,1,4,0,0,0,0,0,0,0,1,1,1,1,1,0
jalopnik.com,0,0,1,1,0,0,0,0,0,1,0,1,0,0,1,0,0
themeforest.net,0,0,1,4,0,0,0,0,0,1,0,1,1,0,1,0,0
censor.net.ua,0,0,1,14,0,0,0,0,0,0,0,1,1,0,1,0,0
otomoto.pl,0,0,1,3,0,0,0,0,0,1,0,1,1,0,1,0,0
interpark.com,0,0,1,2,0,0,0,0,0,1,0,0,1,0,1,0,0
olx.ro,0,0,1,7,0,0,0,0,0,1,1,1,1,0,1,0,0
auto.ru,0,0,1,4,0,0,0,0,0,1,0,0,1,0,1,0,0
torrentdn.com,0,0,1,2,0,0,0,0,1,0,1,1,1,1,1,1,0
extratorrent.cc,0,0,1,3,0,0,0,0,1,0,1,1,1,1,1,1,0
askubuntu.com,0,0,1,3,0,0,0,0,0,1,0,0,1,0,1,0,0
atwiki.jp,0,0,1,2,0,0,0,0,0,1,0,0,1,0,1,0,0
askubuntu.com,0,0,1,3,0,0,0,0,0,1,0,0,1,0,1,0,0
ringring.vn,0,0,1,1,0,0,0,0,0,0,1,1,1,0,1,0,0
allegro.pl,0,0,1,1,0,0,0,0,0,1,0,0,1,0,1,0,0
olx.ua,0,0,1,4,0,0,0,0,0,1,0,0,1,0,1,0,0
kotaku.com,0,0,1,2,0,0,0,0,0,1,0,0,1,0,1,0,0
abcnews.go.com,0,0,1,3,0,0,0,0,0,1,0,0,1,0,1,0,0
esporte.uol.com.br,0,0,1,5,0,0,0,0,0,0,0,1,1,1,1,1,0
xhamster.com,0,0,1,3,0,0,0,0,0,1,0,1,1,1,1,1,0
tobogo.net,0,0,1,2,0,0,0,0,1,0,1,1,1,1,1,1,0
fazenda.gov.br,0,0,1,3,0,0,0,0,1,1,1,1,1,1,1,1,0
genius.com,0,0,1,3,0,0,0,0,0,1,0,1,1,0,1,0,0
stackoverflow.com,0,0,1,3,0,0,0,0,0,1,0,0,1,0,1,0,0
torcache.net,0,0,1,2,0,0,0,0,0,0,0,1,0,0,1,0,0
thechive.com,0,0,1,4,0,0,0,0,0,1,0,0,1,0,1,0,0
olx.ua,0,0,1,3,0,0,0,0,0,1,0,0,1,0,1,0,0
techcrunch.com,0,0,1,3,0,0,0,0,0,1,0,1,0,0,1,0,0
censor.net.ua,0,0,1,3,0,0,0,0,0,0,0,1,1,0,1,0,0
tobogo.net,0,0,1,2,0,0,0,0,1,0,1,1,1,1,1,1,0
stackoverflow.com,0,0,1,3,0,0,0,0,0,1,0,0,1,0,1,0,0
distractify.com,0,0,1,10,0,0,0,0,0,1,0,0,1,0,1,0,0
comicbook.com,0,0,1,5,0,0,0,0,0,1,0,1,0,0,1,0,0
extratorrent.cc,0,0,1,3,0,0,0,0,1,0,1,1,1,1,1,1,0
putlocker.is,0,0,1,1,0,0,0,0,0,0,0,0,1,0,1,0,0
moviepilot.com,0,0,1,5,0,0,1,0,0,0,0,1,1,1,1,1,0
twitter.com,0,0,1,1,0,0,0,0,0,1,0,0,1,0,1,0,0
hdfcbank.com,0,0,1,4,0,0,0,0,0,1,0,1,1,1,1,1,0
variety.com,0,0,1,8,0,0,0,0,0,1,0,1,0,0,1,0,0
ap.org,0,0,1,4,0,0,0,0,0,1,0,1,1,0,1,0,0
udn.com,0,0,1,4,0,0,0,0,0,1,0,1,0,0,1,0,0
olx.ro,0,0,1,7,0,0,0,0,0,1,1,1,1,0,1,0,0
500px.com,0,0,1,3,0,0,1,0,0,1,0,1,1,0,1,0,0
tinnhanh360.net,0,0,1,1,0,0,0,0,0,0,0,0,1,0,1,0,0
otomoto.pl,0,0,1,4,0,0,0,0,0,1,0,1,1,0,1,0,0
otomoto.pl,0,0,1,6,0,0,0,0,0,1,0,1,1,0,1,0,0
ap.org,0,0,1,4,0,0,0,0,0,1,0,1,1,0,1,0,0
motthegioi.vn,0,0,1,2,0,0,0,0,0,0,1,1,1,0,1,0,0
variety.com,0,0,1,4,0,0,0,0,0,1,0,1,0,0,1,0,0
olx.ro,0,0,1,5,0,0,0,0,0,1,1,1,1,0,1,0,0
hubpages.com,0,0,1,7,0,0,0,0,0,1,0,1,1,0,1,0,0
correios.com.br,0,0,1,3,0,0,0,0,0,1,0,1,0,0,1,0,0
superuser.com,0,0,1,3,0,0,0,0,0,1,0,0,1,0,1,0,0
torcache.net,0,0,1,2,0,0,0,0,0,0,0,1,0,0,1,0,0
allegro.pl,0,0,1,2,0,0,0,0,0,1,0,0,1,1,1,1,0
foursquare.com,0,0,1,3,0,0,0,0,0,1,0,1,1,0,1,0,0
pikabu.ru,0,0,1,3,0,0,0,0,0,1,0,1,1,0,1,0,0
techcrunch.com,0,0,1,3,0,0,0,0,0,1,0,1,0,0,1,0,0
zozo.jp,0,0,1,2,0,0,0,0,0,1,0,0,1,0,1,0,0
pikabu.ru,0,0,1,3,0,0,0,0,0,1,0,1,1,0,1,0,0
archive.org,0,0,1,1,0,0,0,0,0,1,0,1,1,0,1,0,0
katproxy.com,0,0,1,1,0,0,0,0,0,0,0,0,0,0,1,0,0
hubpages.com,0,0,1,2,0,0,0,0,0,1,0,1,1,0,1,0,0
codecanyon.net,0,0,1,4,0,0,0,0,0,1,0,1,1,0,1,0,0
tinnhanh360.net,0,0,1,1,0,0,0,0,0,0,0,0,1,0,1,0,0
nesn.com,0,0,1,3,0,0,0,0,0,1,0,1,0,0,1,0,0
olx.ua,0,0,1,3,0,0,0,0,0,1,0,0,1,0,1,0,0
icicibank.com,0,0,1,3,0,0,0,0,0,1,0,1,1,1,1,1,0
cox.com,0,0,1,3,0,0,1,0,0,1,0,0,0,0,1,0,0
nguyentandung.org,0,0,1,1,0,0,0,0,0,0,0,0,1,1,1,1,0
akhbarelyom.com,0,0,1,5,0,0,0,0,0,1,0,1,1,0,1,0,0
mic.com,0,0,1,3,0,0,0,0,0,1,0,1,1,0,1,0,0
thenextweb.com,0,0,1,6,0,0,0,0,0,1,0,1,0,0,1,1,0
tobogo.net,0,0,1,2,0,0,0,0,1,0,1,1,1,1,1,1,0
kakaku.com,0,0,1,6,0,0,0,0,0,1,0,1,0,0,1,0,0
grantland.com,0,0,1,2,0,0,0,0,0,1,0,1,1,0,1,0,0
mylust.com,0,0,1,3,0,0,1,0,0,1,0,0,0,0,1,0,0
thenextweb.com,0,0,1,6,0,0,0,0,0,1,0,1,0,0,1,1,0
interpark.com,0,0,1,2,0,0,0,0,0,1,0,0,1,0,1,0,0
atwiki.jp,0,0,1,2,0,0,0,0,0,1,0,0,1,0,1,0,0
grantland.com,0,0,1,2,0,0,0,0,0,1,0,1,1,0,1,0,0
mirtesen.ru,0,0,1,1,0,0,0,0,0,1,0,0,1,0,1,0,0
icicibank.com,0,0,1,4,0,0,0,0,0,1,0,1,1,1,1,1,0
olx.co.id,0,0,1,7,0,0,1,0,0,1,1,1,1,1,1,1,0
metro.co.uk,0,0,1,4,0,0,0,0,0,1,1,1,1,0,1,0,0
sberbank.ru,0,0,1,9,0,0,0,0,0,1,0,1,1,0,1,0,0
distractify.com,0,0,1,10,0,0,0,0,0,1,0,0,1,0,1,0,0
askubuntu.com,0,0,1,3,0,0,0,0,0,1,0,0,1,0,1,0,0
eksisozluk.com,0,0,1,0,0,0,0,0,0,1,0,1,1,0,1,0,0
tunein.com,0,0,1,5,0,0,0,0,0,1,0,1,0,0,1,1,0
searchengineland.com,0,0,1,1,0,0,0,0,0,1,0,1,1,0,1,0,0
torcache.net,0,0,1,2,0,0,0,0,0,0,0,1,1,0,1,0,0
buzzfil.net,0,0,1,4,0,0,0,0,0,0,0,0,1,1,1,1,0
plarium.com,0,0,1,5,0,0,0,0,0,1,0,1,1,0,1,0,0
fazenda.gov.br,0,0,1,3,0,0,0,0,1,1,1,1,1,1,1,1,0
superuser.com,0,0,1,3,0,0,0,0,0,1,0,0,1,0,1,0,0
motthegioi.vn,0,0,1,2,0,0,0,0,0,0,1,1,1,0,1,0,0
interpark.com,0,0,1,2,0,0,0,0,0,1,0,0,1,0,1,0,0
extratorrent.cc,0,0,1,3,0,0,0,0,1,0,1,1,1,1,1,1,0
twitter.com,0,0,1,1,0,0,0,0,0,1,0,0,1,0,1,0,0
web.de,0,0,1,3,0,0,0,0,0,1,1,1,1,1,1,1,0
mic.com,0,0,1,3,0,0,0,0,0,1,0,1,1,0,1,0,0
nguyentandung.org,0,0,1,1,0,0,0,0,0,0,0,0,1,1,1,1,0
stackexchange.com,0,0,1,2,0,0,0,0,0,1,0,1,1,0,1,0,0
mic.com,0,0,1,3,0,0,0,0,0,1,0,1,1,0,1,0,0
io9.com,0,0,1,2,0,0,0,0,0,1,0,0,1,0,1,0,0
comicbook.com,0,0,1,4,0,0,0,0,0,1,0,1,0,0,1,0,0
bongda88.info,0,0,1,1,0,0,0,0,1,0,1,1,1,1,1,1,0
twitter.com,0,0,1,1,0,0,0,0,0,1,0,0,1,0,1,0,0
nypost.com,0,0,1,4,0,0,1,0,0,1,0,1,0,0,1,0,0
skyrock.com,0,0,1,2,0,0,0,0,0,1,0,1,1,0,1,0,0
searchengineland.com,0,0,1,1,0,0,0,0,0,1,0,1,1,0,1,0,0
torcache.net,0,0,1,2,0,0,0,0,0,0,0,1,0,0,1,0,0
variety.com,0,0,1,8,0,0,0,0,0,1,0,1,0,0,1,0,0
udn.com,0,0,1,4,0,0,0,0,0,1,0,1,0,0,1,0,0
thenextweb.com,0,0,1,6,0,0,0,0,0,1,0,1,0,0,1,1,0
depositphotos.com,0,0,1,1,0,0,0,0,0,1,0,1,1,1,1,1,0
icicibank.com,0,0,1,4,0,0,0,0,0,1,0,1,1,1,1,1,0
sprint.com,0,0,1,4,0,0,1,0,0,1,0,0,1,1,1,1,0
kienthuc.net.vn,0,0,1,2,0,0,0,0,0,0,1,1,1,0,1,0,0
tobogo.net,0,0,1,2,0,0,0,0,1,0,1,1,1,1,1,1,0
ameblo.jp,0,0,1,3,0,0,0,0,0,1,0,1,1,0,1,0,0
thenextweb.com,0,0,1,6,0,0,0,0,0,1,0,1,0,0,1,1,0
torcache.net,0,0,1,2,0,0,0,0,0,0,0,1,1,0,1,0,0
tinnhanh360.net,0,0,1,2,0,0,0,0,0,0,0,0,1,0,1,0,0
diply.com,0,0,1,3,0,0,0,0,0,0,0,1,1,0,1,0,0
jalopnik.com,0,0,1,2,0,0,0,0,0,1,0,1,0,0,1,1,0
twitter.com,0,0,1,1,0,0,1,0,0,1,0,0,1,0,1,0,0
nguyentandung.org,0,0,1,1,0,0,0,0,0,0,0,0,1,0,1,1,0
correios.com.br,0,0,1,3,0,0,0,0,0,1,0,1,0,0,1,0,0
otomoto.pl,0,0,1,4,0,0,0,0,0,1,0,1,1,0,1,0,0
xhamster.com,0,0,1,3,0,0,0,0,0,1,0,1,1,1,1,1,0
hdfcbank.com,0,0,1,6,0,0,0,0,0,1,0,1,1,1,1,1,0
web.de,0,0,1,4,0,0,0,0,0,1,1,1,1,1,1,1,0
grantland.com,0,0,1,2,0,0,0,0,0,1,0,1,1,0,1,0,0
moviepilot.com,0,0,1,5,0,0,1,0,0,0,0,1,1,1,1,1,0
themeforest.net,0,0,1,4,0,0,0,0,0,1,0,1,1,0,1,0,0
qz.com,0,0,1,2,0,0,0,0,0,1,0,1,1,0,1,0,0
web.de,0,0,1,5,0,0,0,0,0,1,1,1,1,1,1,1,0
xvideo-jp.com,0,0,1,3,0,0,0,1,0,1,0,1,0,0,1,0,0
censor.net.ua,0,0,1,3,0,0,0,0,0,0,0,1,1,0,1,0,0
distractify.com,0,0,1,10,0,0,0,0,0,1,0,0,1,0,1,0,0
torcache.net,0,0,1,2,0,0,0,0,0,0,0,1,1,0,1,0,0
bdnews24.com,0,0,1,5,0,0,0,0,0,1,0,1,1,0,1,0,0
ecnavi.jp,0,0,1,1,1,0,0,0,0,1,0,0,0,0,1,0,0
extratorrent.cc,0,0,1,3,0,0,0,0,1,0,1,1,1,1,1,1,0
olx.ua,0,0,1,3,0,0,0,0,0,1,0,0,1,0,1,0,0
wordpress.org,0,0,1,2,0,0,0,0,0,1,0,1,0,0,1,0,0
web.de,0,0,1,3,0,0,0,0,0,1,1,1,1,1,1,1,0
censor.net.ua,0,0,1,14,0,0,0,0,0,0,0,1,1,0,1,0,0
distractify.com,0,0,1,10,0,0,0,0,0,1,0,0,1,0,1,0,0
torcache.net,0,0,1,2,0,0,0,0,0,0,0,1,1,0,1,0,0
torcache.net,0,0,1,2,0,0,0,0,0,0,0,1,1,0,1,0,0
skyrock.com,0,0,1,2,0,0,0,0,0,1,0,1,1,0,1,0,0
udn.com,0,0,1,4,0,0,0,0,0,1,0,1,0,0,1,0,0
correios.com.br,0,0,1,4,0,0,0,0,0,1,0,1,0,0,1,0,0
emgn.com,0,0,1,2,0,0,0,0,1,0,1,1,1,1,1,1,0
torrentdn.com,0,0,1,2,0,0,0,0,1,0,1,1,1,1,1,1,0
correios.com.br,0,0,1,4,0,0,0,0,0,1,0,1,0,0,1,0,0
avxhome.se,0,0,1,5,0,0,0,0,1,0,1,1,1,1,1,1,0
nguyentandung.org,0,0,1,1,0,0,0,0,0,0,0,0,1,1,1,1,0
mic.com,0,0,1,3,0,0,0,0,0,1,0,1,1,0,1,0,0
sourceforge.net,0,0,1,3,0,0,0,0,0,1,0,1,1,0,1,0,0
ap.org,0,0,1,4,0,0,0,0,0,1,0,1,1,0,1,0,0
ecnavi.jp,0,0,1,1,1,0,0,0,0,1,0,0,0,0,1,0,0
katproxy.com,0,0,1,1,0,0,0,0,0,0,0,0,1,0,1,0,0
sfglobe.com,0,0,1,4,0,0,0,0,0,0,0,1,1,1,1,1,0
hubpages.com,0,0,1,1,0,0,0,0,0,1,0,1,1,0,1,0,0
nguyentandung.org,0,0,1,1,0,0,0,0,0,0,0,0,1,1,1,1,0
buzzfil.net,0,0,1,4,0,0,0,0,0,0,0,0,1,1,1,1,0
atwiki.jp,0,0,1,2,0,0,0,0,0,1,0,0,1,0,1,0,0
hollywoodlife.com,0,0,1,4,0,0,0,0,0,1,0,1,1,0,1,0,0
bdnews24.com,0,0,1,5,0,0,0,0,0,1,0,1,1,0,1,0,0
comicbook.com,0,0,1,4,0,0,0,0,0,1,0,1,0,0,1,0,0
thenextweb.com,0,0,1,6,0,0,0,0,0,1,0,1,0,0,1,1,0
distractify.com,0,0,1,10,0,0,0,0,0,1,0,0,1,0,1,0,0
cox.com,0,0,1,3,0,0,1,0,0,1,0,0,1,0,1,0,0
hubpages.com,0,0,1,2,0,0,0,0,0,1,0,1,1,0,1,0,0
indianexpress.com,0,0,1,4,0,0,0,0,0,1,0,1,1,0,1,0,0
olx.ro,0,0,1,6,0,0,0,0,0,1,1,1,1,0,1,0,0
tunein.com,0,0,1,5,0,0,0,0,0,1,0,1,0,0,1,1,0
tunein.com,0,0,1,5,0,0,0,0,0,1,0,1,0,0,1,1,0
thechive.com,0,0,1,4,0,0,0,0,0,1,0,0,1,0,1,0,0
serverfault.com,0,0,1,3,0,0,1,0,0,1,0,1,1,0,1,0,0
worldoftanks.ru,0,0,1,5,0,0,0,0,0,0,0,1,0,0,1,0,0
aljazeera.net,0,0,1,2,0,0,0,0,0,1,0,1,1,0,1,0,0
privatbank.ua,0,0,1,4,0,0,0,0,0,1,0,1,0,0,1,0,0
genius.com,0,0,1,3,0,0,0,0,0,1,0,1,1,0,1,0,0
hubpages.com,0,0,1,2,0,0,0,0,0,1,0,1,1,0,1,0,0
ecnavi.jp,0,0,1,1,1,0,0,0,0,1,0,0,0,0,1,0,0
mic.com,0,0,1,3,0,0,0,0,0,1,0,1,1,0,1,0,0
buzzfil.net,0,0,1,4,0,0,0,0,0,0,0,0,1,1,1,1,0
ap.org,0,0,1,4,0,0,0,0,0,1,0,1,1,0,1,0,0
pornsharing.com,0,0,1,1,0,0,0,0,0,0,0,0,1,0,1,0,0
tinnhanh360.net,0,0,1,1,0,0,0,0,0,0,0,0,1,0,1,0,0
pikabu.ru,0,0,1,2,0,0,0,0,0,1,0,1,1,0,1,0,0
kenh14.vn,0,0,1,2,0,0,0,0,0,1,1,1,1,0,1,0,0
olx.pl,0,0,1,7,0,0,0,0,0,1,0,0,1,0,1,0,0
motthegioi.vn,0,0,1,3,0,0,0,0,0,0,1,1,1,0,1,0,0
pornsharing.com,0,0,1,1,0,0,0,0,0,0,0,0,1,0,1,0,0
wikiwiki.jp,0,0,1,1,0,0,0,0,0,1,0,1,1,0,1,0,0
uproxx.com,0,0,1,4,0,0,1,0,0,1,0,1,1,0,1,0,0
medium.com,0,1,1,2,0,0,0,0,0,1,0,1,1,0,1,0,0
putlocker.is,0,0,1,1,0,0,0,0,0,0,0,0,0,0,1,0,0
otomoto.pl,0,0,1,2,0,0,0,0,0,1,0,1,1,0,1,0,0
indianexpress.com,0,0,1,3,0,0,0,0,0,1,0,1,1,0,1,0,0
clien.net,0,0,1,3,0,0,0,0,0,1,0,1,1,0,1,0,0
nypost.com,0,0,1,4,0,0,1,0,0,1,0,1,1,0,1,0,0
wikimapia.org,0,0,1,2,0,0,0,0,0,1,0,0,1,0,1,0,0
buzzfil.net,0,0,1,4,0,0,0,0,0,0,0,0,1,1,1,1,0
censor.net.ua,0,0,1,3,0,0,0,0,0,0,0,1,1,0,1,0,0
ck101.com,0,0,1,1,0,0,0,0,0,0,0,0,1,1,1,1,0
udn.com,0,0,1,4,0,0,0,0,0,1,0,1,0,0,1,0,0
hubpages.com,0,0,1,2,0,0,0,0,0,1,0,1,1,0,1,0,0
uproxx.com,0,0,1,4,0,0,1,0,0,1,0,1,1,0,1,0,0
1337x.to,0,0,1,3,0,0,0,0,0,1,0,1,1,1,1,1,0
caixa.gov.br,0,0,1,5,0,0,0,0,0,1,1,1,0,0,1,1,0
emgn.com,0,0,1,2,0,0,0,0,1,0,1,1,1,1,1,1,0
emgn.com,0,0,1,2,0,0,0,0,1,0,1,1,1,1,1,1,0
emgn.com,0,0,1,2,0,0,0,0,1,0,1,1,1,1,1,1,0
tobogo.net,0,0,1,2,0,0,0,0,1,0,1,1,1,1,1,1,0
tobogo.net,0,0,1,2,0,0,0,0,1,0,1,1,1,1,1,1,0
serverfault.com,0,0,1,3,0,0,1,0,0,1,0,1,1,0,1,0,0
superuser.com,0,0,1,3,0,0,0,0,0,1,0,0,1,0,1,0,0
fazenda.gov.br,0,0,1,5,0,0,0,0,1,1,1,1,1,1,1,1,0
jalopnik.com,0,0,1,2,0,0,0,0,0,1,0,1,0,0,1,0,0
thenextweb.com,0,0,1,7,0,0,0,0,0,1,0,1,0,0,1,1,0
tunein.com,0,0,1,5,0,0,0,0,0,1,0,1,0,0,1,0,0
extratorrent.cc,0,0,1,3,0,0,0,0,1,0,1,1,1,1,1,1,0
abcnews.go.com,0,0,1,3,0,0,0,0,0,1,0,0,1,0,1,0,0
olx.ua,0,0,1,4,0,0,0,0,0,1,0,0,1,0,1,0,0
torcache.net,0,0,1,2,0,0,0,0,0,0,0,1,1,0,1,0,0
torcache.net,0,0,1,2,0,0,0,0,0,0,0,1,0,0,1,0,0
interpark.com,0,0,1,2,0,0,0,0,0,1,0,0,1,0,1,0,0
mylust.com,0,0,1,3,0,0,1,0,0,1,0,0,1,1,1,1,0
mashable.com,0,0,1,6,0,0,0,0,0,1,0,1,0,0,1,0,0
indianexpress.com,0,0,1,5,0,0,0,0,0,1,0,1,1,0,1,0,0
sourceforge.net,0,0,1,2,0,0,0,0,0,1,0,1,1,0,1,0,0
steamcommunity.com,0,0,1,5,0,0,0,0,0,1,0,1,1,0,1,0,0
tunein.com,0,0,1,5,0,0,0,0,0,1,0,1,0,0,1,1,0
shareba.com,0,0,1,5,0,0,0,0,0,0,0,0,1,0,1,0,0
mylust.com,0,0,1,3,0,0,1,0,0,1,0,0,0,0,1,0,0
web.tv,0,0,1,8,0,0,0,0,0,0,0,1,1,0,1,0,0
torrentdn.com,0,0,1,2,0,0,0,0,1,0,1,1,1,1,1,1,0
tinnhanh360.net,0,0,1,1,0,0,0,0,0,0,0,0,1,0,1,0,0
tinnhanh360.net,0,0,1,1,0,0,0,0,0,0,0,0,1,0,1,0,0
putlocker.is,0,0,1,1,0,0,0,0,0,0,0,0,1,0,1,0,0
twitter.com,0,0,1,1,0,0,0,0,0,1,0,0,1,0,1,0,0
pikabu.ru,0,0,1,2,0,0,0,0,0,1,0,1,1,0,1,0,0
plarium.com,0,0,1,5,0,0,0,0,0,1,0,1,1,0,1,0,0
babal.net,0,0,1,4,0,0,0,0,0,0,0,1,1,0,1,0,0
ero-advertising.com,0,0,1,5,0,0,0,1,0,0,0,0,1,0,1,0,0
onedio.com,0,0,1,2,0,0,0,0,0,1,0,1,0,0,1,0,0
distractify.com,0,0,1,10,0,0,0,0,0,1,0,0,1,0,1,0,0
katproxy.com,0,0,1,1,0,0,0,0,0,0,0,0,0,0,1,0,0
distractify.com,0,0,1,10,0,0,0,0,0,1,0,0,1,0,1,0,0
gov.uk,0,0,1,3,0,0,0,0,0,0,1,1,1,0,1,0,0
correios.com.br,0,0,1,3,0,0,0,0,0,1,0,1,0,0,1,0,0
stackoverflow.com,0,0,1,3,0,0,0,0,0,1,0,0,1,0,1,0,0
mylust.com,0,0,1,3,0,0,1,0,0,1,0,0,1,0,1,0,0
babal.net,0,0,1,4,0,0,0,0,0,0,0,1,1,0,1,0,0
torcache.net,0,0,1,2,0,0,0,0,0,0,0,1,0,0,1,0,0
tobogo.net,0,0,1,2,0,0,0,0,1,0,1,1,1,1,1,1,0
distractify.com,0,0,1,10,0,0,0,0,0,1,0,0,1,0,1,0,0
pornsharing.com,0,0,1,1,0,0,0,0,0,0,0,0,1,0,1,0,0
censor.net.ua,0,0,1,3,0,0,0,0,0,0,0,1,1,0,1,0,0
olx.co.id,0,0,1,7,0,0,1,0,0,1,1,1,1,1,1,1,0
web.de,0,0,1,4,0,0,0,0,0,1,1,1,1,1,1,1,0
hubpages.com,0,0,1,2,0,0,0,0,0,1,0,1,1,0,1,0,0
yourlust.com,0,0,1,2,0,0,1,0,0,1,0,1,1,1,1,1,0
bigcinema.tv,0,0,1,2,0,0,0,0,1,0,1,1,1,1,1,1,0
nypost.com,0,0,1,4,0,0,1,0,0,1,0,1,0,0,1,0,0
mic.com,0,0,1,3,0,0,0,0,0,1,0,1,1,0,1,0,0
kenh14.vn,0,0,1,2,0,0,0,0,0,1,1,1,1,0,1,0,0
getpocket.com,0,0,1,1,1,0,1,0,0,1,0,0,1,0,1,0,0
sfglobe.com,0,0,1,4,0,0,0,0,0,0,0,1,1,1,1,1,0
torcache.net,0,0,1,2,0,0,0,0,0,0,0,1,0,0,1,0,0
babal.net,0,0,1,4,0,0,0,0,0,0,0,1,1,0,1,0,0
distractify.com,0,0,1,10,0,0,0,0,0,1,0,0,1,0,1,0,0
censor.net.ua,0,0,1,3,0,0,0,0,0,0,0,1,1,0,1,0,0
searchengineland.com,0,0,1,1,0,0,0,0,0,1,0,1,1,0,1,0,0
genius.com,0,0,1,3,0,0,0,0,0,1,0,1,1,0,1,0,0
distractify.com,0,0,1,10,0,0,0,0,0,1,0,0,1,0,1,0,0
thenextweb.com,0,0,1,5,0,0,0,0,0,1,0,1,0,0,1,1,0
io9.com,0,0,1,3,0,0,0,0,0,1,0,0,1,0,1,0,0
twitter.com,0,0,1,1,0,0,0,0,0,1,0,0,1,0,1,0,0
thenextweb.com,0,0,1,5,0,0,0,0,0,1,0,1,0,0,1,1,0
icicibank.com,0,0,1,3,0,0,0,0,0,1,0,1,1,1,1,1,0
nguyentandung.org,0,0,1,1,0,0,0,0,0,0,0,0,1,0,1,1,0
searchengineland.com,0,0,1,1,0,0,0,0,0,1,0,1,1,0,1,0,0
screenrant.com,0,0,1,1,0,0,1,0,0,1,0,0,1,1,1,1,0
slashdot.org,0,0,1,6,0,0,0,0,0,1,0,1,1,0,1,0,0
bdnews24.com,0,0,1,5,0,0,0,0,0,1,0,1,1,0,1,0,0
perezhilton.com,0,0,1,1,0,0,0,0,0,1,0,0,1,0,1,0,0
grantland.com,0,0,1,2,0,0,0,0,0,1,0,1,1,0,1,0,0
aljazeera.net,0,0,1,6,0,0,0,0,0,1,0,1,1,0,1,0,0
babal.net,0,0,1,4,0,0,0,0,0,0,0,1,1,0,1,0,0
motthegioi.vn,0,0,1,2,0,0,0,0,0,0,1,1,1,0,1,0,0
tobogo.net,0,0,1,2,0,0,0,0,1,0,1,1,1,1,1,1,0
extratorrent.cc,0,0,1,3,0,0,0,0,1,0,1,1,1,1,1,1,0
katproxy.com,0,0,1,1,0,0,0,0,0,0,0,0,1,0,1,0,0
olx.ro,0,0,1,6,0,0,0,0,0,1,1,1,1,0,1,0,0
hollywoodlife.com,0,0,1,4,0,0,0,0,0,1,0,1,1,0,1,0,0
babal.net,0,0,1,4,0,0,0,0,0,0,0,1,1,0,1,0,0
medium.com,0,0,1,2,0,0,0,0,0,1,0,1,1,0,1,0,0
olx.ro,0,0,1,7,0,0,0,0,0,1,1,1,1,0,1,0,0
extratorrent.cc,0,0,1,3,0,0,0,0,1,0,1,1,1,1,1,1,0
distractify.com,0,0,1,10,0,0,0,0,0,1,0,0,1,0,1,0,0
perezhilton.com,0,0,1,1,0,0,0,0,0,1,0,0,1,0,1,0,0
stackoverflow.com,0,0,1,3,0,0,0,0,0,1,0,0,1,0,1,0,0
extratorrent.cc,0,0,1,3,0,0,0,0,1,0,1,1,1,1,1,1,0
distractify.com,0,0,1,10,0,0,0,0,0,1,0,0,1,0,1,0,0
arstechnica.com,0,0,1,4,0,0,0,0,0,1,0,1,1,0,1,0,0
digg.com,0,0,1,2,0,0,0,0,0,1,0,1,1,0,1,0,0
serverfault.com,0,0,1,3,0,0,1,0,0,1,0,1,1,0,1,0,0
plarium.com,0,0,1,5,0,0,0,0,0,1,0,1,1,0,1,0,0
putlocker.is,0,0,1,1,0,0,0,0,0,0,0,0,0,0,1,0,0
nesn.com,0,0,1,3,0,0,0,0,0,1,0,1,0,0,1,0,0
189.cn,0,0,1,3,0,0,0,0,0,1,0,1,1,1,1,1,0
web.de,0,0,1,5,0,0,0,0,0,1,1,1,1,1,1,1,0
allrecipes.com,0,0,1,3,0,0,0,0,0,1,0,1,1,0,1,0,0
distractify.com,0,0,1,10,0,0,0,0,0,1,0,0,1,0,1,0,0
kenh14.vn,0,0,1,2,0,0,0,0,0,1,1,1,1,0,1,0,0
codecanyon.net,0,0,1,3,0,0,0,0,0,1,0,1,1,0,1,0,0
coccoc.com,0,0,1,3,0,0,0,0,0,1,0,1,1,0,1,0,0
pornsharing.com,0,0,1,1,0,0,0,0,0,0,0,0,1,0,1,0,0
motthegioi.vn,0,0,1,2,0,0,0,0,0,0,1,1,1,0,1,0,0
fanpage.gr,0,0,1,3,0,0,0,0,0,0,1,1,1,0,1,1,0
mylust.com,0,0,1,3,0,0,1,0,0,1,0,0,0,0,1,0,0
myspace.com,0,0,1,5,0,0,0,0,0,1,0,1,1,1,1,1,0
correios.com.br,0,1,1,8,0,0,0,0,0,1,0,1,0,0,1,0,0
rt.com,0,0,1,3,0,0,1,0,0,1,0,0,0,0,1,1,0
distractify.com,0,0,1,10,0,0,0,0,0,1,0,0,1,0,1,0,0
thenextweb.com,0,0,1,6,0,0,0,0,0,1,0,1,0,0,1,1,0
ecnavi.jp,0,0,1,1,1,0,0,0,0,1,0,0,0,0,1,0,0
tunein.com,0,0,1,5,0,0,0,0,0,1,0,1,0,0,1,1,0
allrecipes.com,0,0,1,4,0,0,0,0,0,1,0,1,1,0,1,0,0
megogo.net,0,0,1,3,0,0,0,0,0,1,0,1,0,0,1,0,0
userscloud.com,0,0,1,7,0,0,0,0,0,0,0,0,1,0,1,0,0
olx.in,0,0,1,2,0,0,0,0,0,1,0,1,1,1,1,1,0
distractify.com,0,0,1,10,0,0,0,0,0,1,0,0,1,0,1,0,0
depositphotos.com,0,0,1,1,0,0,0,0,0,1,0,1,1,1,1,1,0
xhamster.com,0,0,1,3,0,0,0,0,0,1,0,1,1,1,1,1,0
tinnhanh360.net,0,0,1,1,0,0,0,0,0,0,0,0,1,0,1,0,0
500px.com,0,0,1,3,0,0,1,0,0,1,0,1,1,0,1,0,0
olx.ua,0,0,1,3,0,0,0,0,0,1,0,0,1,0,1,0,0
momoshop.com.tw,0,0,1,2,0,0,0,0,0,1,0,1,1,0,1,0,0
otomoto.pl,0,0,1,3,0,0,0,0,0,1,0,1,1,0,1,0,0
indianexpress.com,0,0,1,3,0,0,0,0,0,1,0,1,0,0,1,0,0
kienthuc.net.vn,0,0,1,2,0,0,0,0,0,0,1,1,1,0,1,0,0
techcrunch.com,0,0,1,3,0,0,0,0,0,1,0,1,0,0,1,0,0
olx.co.id,0,0,1,7,0,0,1,0,0,1,1,1,1,1,1,1,0
mashable.com,0,0,1,5,0,0,0,0,0,1,0,1,0,0,1,0,0
nesn.com,0,0,1,3,0,0,0,0,0,1,0,1,0,0,1,0,0
torrentdn.com,0,0,1,2,0,0,0,0,1,0,1,1,1,1,1,1,0
olx.ua,0,0,1,2,0,0,0,0,0,1,0,0,1,0,1,0,0
censor.net.ua,0,0,1,14,0,0,0,0,0,0,0,1,1,0,1,0,0
buzzfil.net,0,0,1,3,0,0,0,0,0,0,0,0,1,1,1,1,0
nypost.com,0,0,1,4,0,0,1,0,0,1,0,1,0,0,1,0,0
marvel.com,0,0,1,4,0,0,0,0,0,1,0,0,1,0,1,0,0
dropbooks.tv,0,0,1,5,0,0,0,0,0,0,0,1,1,0,1,0,0
techcrunch.com,0,0,1,4,0,0,0,0,0,1,0,1,1,0,1,0,0
steamcommunity.com,0,0,1,7,1,0,0,0,0,1,0,1,1,0,1,0,0
tobogo.net,0,0,1,2,0,0,0,0,1,0,1,1,1,1,1,1,0
slashdot.org,0,0,1,1,0,0,0,0,0,1,0,1,1,0,1,0,0
gawker.com,0,0,1,3,0,0,0,0,0,1,0,1,1,0,1,0,0
1337x.to,0,0,1,3,0,0,0,0,0,1,0,1,1,1,1,1,0
thenextweb.com,0,0,1,5,0,0,0,0,0,1,0,1,0,0,1,1,0
comicbook.com,0,0,1,4,0,0,0,0,0,1,0,1,0,0,1,0,0
web.de,0,0,1,3,0,0,0,0,0,1,1,1,1,1,1,1,0
qz.com,0,0,1,2,0,0,0,0,0,1,0,1,1,0,1,0,0
codecanyon.net,0,0,1,4,0,0,0,0,0,1,0,1,1,0,1,0,0
extratorrent.cc,0,0,1,3,0,0,0,0,1,0,1,1,1,1,1,1,0
kakaku.com,0,0,1,6,0,0,0,0,0,1,0,1,1,0,1,0,0
techcrunch.com,0,0,1,4,0,0,0,0,0,1,0,1,0,0,1,0,0
kotaku.com,0,0,1,3,0,0,0,0,0,1,0,0,1,0,1,0,0
gawker.com,0,0,1,1,0,0,0,0,0,1,0,1,1,0,1,0,0
elitedaily.com,0,0,1,4,0,0,0,0,0,1,0,1,1,0,1,1,0
indianexpress.com,0,0,1,4,0,0,0,0,0,1,0,1,1,0,1,0,0
twitter.com,0,0,1,1,0,0,0,0,0,1,0,0,1,0,1,0,0
distractify.com,0,0,1,10,0,0,0,0,0,1,0,0,1,0,1,0,0
interpark.com,0,0,1,2,0,0,0,0,0,1,0,0,1,0,1,0,0
plarium.com,0,0,1,5,0,0,0,0,0,1,0,1,1,0,1,0,0
akhbarelyom.com,0,0,1,5,0,0,0,0,0,1,0,1,1,0,1,0,0
motthegioi.vn,0,0,1,2,0,0,0,0,0,0,1,1,1,0,1,0,0
olx.in,0,0,1,3,0,0,0,0,0,1,0,1,1,0,1,0,0
katproxy.com,0,0,1,1,0,0,0,0,0,0,0,0,1,0,1,0,0
otomoto.pl,0,0,1,5,0,0,0,0,0,1,0,1,1,0,1,0,0
depositphotos.com,0,0,1,1,0,0,0,0,0,1,0,1,1,1,1,1,0
otomoto.pl,0,0,1,4,0,0,0,0,0,1,0,1,1,0,1,0,0
distractify.com,0,0,1,10,0,0,0,0,0,1,0,0,1,0,1,0,0
tobogo.net,0,0,1,2,0,0,0,0,1,0,1,1,1,1,1,1,0
babal.net,0,0,1,3,0,0,0,0,0,0,0,1,1,0,1,0,0
indianexpress.com,0,0,1,3,0,0,0,0,0,1,0,1,1,0,1,0,0
censor.net.ua,0,0,1,3,0,0,0,0,0,0,0,1,1,0,1,0,0
telegraf.com.ua,0,0,1,2,0,0,0,0,0,1,0,1,0,0,1,0,0
olx.ua,0,0,1,4,0,0,0,0,0,1,0,0,1,0,1,0,0
olx.ro,0,0,1,5,0,0,0,0,0,1,1,1,1,0,1,0,0
web.tv,0,0,1,6,0,0,0,0,0,0,0,1,1,0,1,0,0
grantland.com,0,0,1,2,0,0,0,0,0,1,0,1,0,0,1,0,0
codepen.io,0,0,1,2,0,0,0,0,0,1,0,1,1,0,1,0,0
superuser.com,0,0,1,3,0,0,0,0,0,1,0,0,1,0,1,0,0
techcrunch.com,0,0,1,4,0,0,0,0,0,1,0,1,1,0,1,0,0
deadspin.com,0,0,1,4,0,0,0,0,0,1,0,1,1,1,1,1,0
pitchfork.com,0,0,1,3,0,0,0,0,0,1,0,0,0,0,1,0,0
medium.com,0,0,1,2,0,0,0,0,0,1,0,1,1,0,1,0,0
mic.com,0,0,1,3,0,0,0,0,0,1,0,1,1,0,1,0,0
kotaku.com,0,0,1,1,0,0,0,0,0,1,0,0,1,0,1,0,0
comicbook.com,0,0,1,4,0,0,0,0,0,1,0,1,0,0,1,0,0
bestblackhatforum.com,0,0,1,1,0,0,0,0,0,0,0,1,1,0,1,0,0
grantland.com,0,0,1,2,0,0,0,0,0,1,0,1,1,0,1,0,0
onedio.com,0,0,1,2,0,0,0,0,0,1,0,1,0,0,1,0,0
torcache.net,0,0,1,2,0,0,0,0,0,0,0,1,0,0,1,0,0
thechive.com,0,0,1,4,0,0,0,0,0,1,0,0,1,0,1,0,0
sfglobe.com,0,0,1,4,0,0,0,0,0,0,0,1,1,1,1,1,0
fazenda.gov.br,0,0,1,3,0,0,0,0,1,1,1,1,1,1,1,1,0
espn.go.com,0,0,1,7,0,0,0,0,0,1,0,0,1,0,1,0,0
hdfcbank.com,0,0,1,4,0,0,0,0,0,1,0,1,1,1,1,1,0
emgn.com,0,0,1,2,0,0,0,0,1,0,1,1,1,1,1,1,0
kickass.to,0,0,1,1,0,0,0,0,0,0,0,1,1,1,1,1,0
tobogo.net,0,0,1,2,0,0,0,0,1,0,1,1,1,1,1,1,0
sourceforge.net,0,0,1,3,0,0,0,0,0,1,0,1,1,0,1,0,0
elitedaily.com,0,0,1,4,0,0,0,0,0,1,0,1,1,0,1,1,0
allegro.pl,0,0,1,2,0,0,0,0,0,1,0,0,1,0,1,0,0
thenextweb.com,0,0,1,6,0,0,0,0,0,1,0,1,0,0,1,1,0
twitter.com,0,0,1,1,0,0,0,0,0,1,0,0,1,0,1,0,0
indianexpress.com,0,0,1,4,0,0,0,0,0,1,0,1,1,0,1,0,0
maybank2u.com.my,0,0,1,4,0,0,0,0,0,1,0,1,1,1,1,1,0
mylust.com,0,0,1,3,0,0,1,0,0,1,0,0,0,0,1,0,0
atwiki.jp,0,0,1,2,0,0,0,0,0,1,0,0,1,0,1,0,0
kienthuc.net.vn,0,0,1,2,0,0,0,0,0,0,1,1,1,0,1,0,0
web.de,0,0,1,4,0,0,0,0,0,1,1,1,1,1,1,1,0
9gag.tv,0,0,1,3,0,0,0,0,0,0,0,1,1,1,1,1,0
torcache.net,0,0,1,2,0,0,0,0,0,0,0,1,1,0,1,0,0
interpark.com,0,0,1,2,0,0,0,0,0,1,0,0,1,0,1,0,0
stackoverflow.com,0,0,1,3,0,0,0,0,0,1,0,0,1,0,1,0,0
grantland.com,0,0,1,2,0,0,0,0,0,1,0,1,1,0,1,0,0
stackoverflow.com,0,0,1,3,0,0,0,0,0,1,0,0,1,0,1,0,0
mylust.com,0,0,1,3,0,0,1,0,0,1,0,0,1,1,1,1,0
mashable.com,0,0,1,6,0,0,0,0,0,1,0,1,0,0,1,0,0
mic.com,0,0,1,3,0,0,0,0,0,1,0,1,1,0,1,0,0
sourceforge.net,0,0,1,3,0,0,0,0,0,1,0,1,1,0,1,0,0
fazenda.gov.br,0,0,1,3,0,0,0,0,1,1,1,1,1,1,1,1,0
twitter.com,0,0,1,1,0,0,0,0,0,1,0,0,1,0,1,0,0
indianexpress.com,0,0,1,4,0,0,0,0,0,1,0,1,1,0,1,0,0
sfglobe.com,0,0,1,4,0,0,0,0,0,0,0,1,1,1,1,1,0
pikabu.ru,0,0,1,2,0,0,0,0,0,1,0,1,1,0,1,0,0
1337x.to,0,0,1,3,0,0,0,0,0,1,0,1,1,1,1,1,0
torcache.net,0,0,1,2,0,0,0,0,0,0,0,1,0,0,1,0,0
emgn.com,0,0,1,2,0,0,0,0,1,0,1,1,1,1,1,1,0
emgn.com,0,0,1,2,0,0,0,0,1,0,1,1,1,1,1,1,0
torrentdn.com,0,0,1,2,0,0,0,0,1,0,1,1,1,1,1,1,0
ecnavi.jp,0,0,1,1,1,0,0,0,0,1,0,0,0,0,1,0,0
torrentdn.com,0,0,1,2,0,0,0,0,1,0,1,1,1,1,1,1,0
themeforest.net,0,0,1,4,0,0,0,0,0,1,0,1,1,0,1,0,0
prezi.com,0,0,1,2,0,0,0,0,0,1,0,1,1,0,1,0,0
web.de,0,0,1,5,0,0,0,0,0,1,1,1,1,1,1,1,0
thenextweb.com,0,0,1,5,0,0,0,0,0,1,0,1,0,0,1,1,0
gov.uk,0,0,1,3,0,0,0,0,0,0,1,1,1,0,1,0,0
cox.com,0,0,1,3,0,0,1,0,0,1,0,0,0,0,1,0,0
plarium.com,0,0,1,5,0,0,0,0,0,1,0,1,1,0,1,0,0
superuser.com,0,0,1,3,0,0,0,0,0,1,0,0,1,0,1,0,0
ap.org,0,0,1,4,0,0,0,0,0,1,0,1,1,0,1,0,0
thenextweb.com,0,0,1,6,0,0,0,0,0,1,0,1,0,0,1,1,0
lifehacker.com,0,0,1,2,0,0,0,0,0,1,0,1,1,0,1,0,0
olx.pl,0,0,1,7,0,0,0,0,0,1,0,0,1,0,1,0,0
motthegioi.vn,0,0,1,2,0,0,0,0,0,0,1,1,1,0,1,0,0
gov.uk,0,0,1,3,0,0,0,0,0,0,1,1,1,0,1,0,0
digg.com,0,0,1,2,0,0,0,0,0,1,0,1,1,0,1,0,0
thenextweb.com,0,0,1,6,0,0,0,0,0,1,0,1,0,0,1,1,0
fazenda.gov.br,0,0,1,6,0,0,0,0,1,1,1,1,1,1,1,1,0
bongda88.info,0,0,1,1,0,0,0,0,1,0,1,1,1,1,1,1,0
hollywoodlife.com,0,0,1,4,0,0,0,0,0,1,0,1,1,0,1,0,0
plarium.com,0,0,1,5,0,0,0,0,0,1,0,1,1,0,1,0,0
paytm.com,0,0,1,5,0,0,0,0,0,1,0,1,1,0,1,0,0
tobogo.net,0,0,1,2,0,0,0,0,1,0,1,1,1,1,1,1,0
twitter.com,0,0,1,1,0,0,0,0,0,1,0,0,1,0,1,0,0
motthegioi.vn,0,0,1,2,0,0,0,0,0,0,1,1,1,0,1,0,0
extratorrent.cc,0,0,1,3,0,0,0,0,1,0,1,1,1,1,1,1,0
uproxx.com,0,0,1,4,0,0,1,0,0,1,0,1,1,0,1,0,0
pornsharing.com,0,0,1,1,0,0,0,0,0,0,0,0,1,0,1,0,0
aljazeera.net,0,0,1,4,0,0,0,0,0,1,0,1,1,0,1,0,0
extratorrent.cc,0,0,1,3,0,0,0,0,1,0,1,1,1,1,1,1,0
pornsharing.com,0,0,1,1,0,0,0,0,0,0,0,0,1,0,1,0,0
ap.org,0,0,1,4,0,0,0,0,0,1,0,1,1,0,1,0,0
perezhilton.com,0,0,1,1,0,0,0,0,0,1,0,0,1,0,1,0,0
grantland.com,0,0,1,2,0,0,0,0,0,1,0,1,1,0,1,0,0
plarium.com,0,0,1,5,0,0,0,0,0,1,0,1,1,0,1,0,0
shop-pro.jp,0,0,1,7,0,0,0,1,0,1,0,0,1,0,1,0,0
seekingalpha.com,0,0,1,2,0,0,0,0,0,1,0,1,1,0,1,0,0
searchengineland.com,0,0,1,1,0,0,0,0,0,1,0,1,1,0,1,0,0
uproxx.com,0,0,1,6,0,0,1,0,0,1,0,1,1,0,1,0,0
qz.com,0,0,1,2,0,0,0,0,0,1,0,1,1,0,1,0,0
auto.ru,0,0,1,4,0,0,0,0,0,1,0,0,1,0,1,0,0
depositphotos.com,0,0,1,1,0,0,0,0,0,1,0,1,1,1,1,1,0
otomoto.pl,0,0,1,4,0,0,0,0,0,1,0,1,1,0,1,0,0
onedio.com,0,0,1,2,0,0,0,0,0,1,0,1,0,0,1,0,0
torcache.net,0,0,1,2,0,0,0,0,0,0,0,1,0,0,1,0,0
xhamster.com,0,0,1,3,0,0,0,0,0,1,0,1,1,1,1,1,0
jalopnik.com,0,0,1,2,0,0,0,0,0,1,0,1,0,0,1,0,0
hubpages.com,0,0,1,1,0,0,0,0,0,1,0,1,1,0,1,0,0
olx.pl,0,0,1,7,0,0,0,0,0,1,0,0,1,0,1,0,0
extratorrent.cc,0,0,1,3,0,0,0,0,1,0,1,1,1,1,1,1,0
nypost.com,0,0,1,4,0,0,1,0,0,1,0,1,0,0,1,0,0
grantland.com,0,0,1,2,0,0,0,0,0,1,0,1,0,0,1,0,0
nesn.com,0,0,1,3,0,0,0,0,0,1,0,1,0,0,1,0,0
noticias.uol.com.br,0,0,1,6,0,0,0,0,0,0,0,1,1,1,1,1,0
cheezburger.com,0,0,1,2,0,0,0,0,0,1,0,0,1,0,1,0,0
indianexpress.com,0,0,1,3,0,0,0,0,0,1,0,1,1,0,1,0,0
serverfault.com,0,0,1,3,0,0,1,0,0,1,0,1,1,0,1,0,0
olx.co.id,0,0,1,7,0,0,1,0,0,1,1,1,1,1,1,1,0
bdnews24.com,0,0,1,5,0,0,0,0,0,1,0,1,1,0,1,0,0
eksisozluk.com,0,0,1,1,0,0,0,0,0,1,0,1,1,0,1,0,0
torcache.net,0,0,1,2,0,0,0,0,0,0,0,1,0,0,1,0,0
twitter.com,0,0,1,1,0,0,0,0,0,1,0,0,1,0,1,0,0
anysex.com,0,0,1,3,0,0,1,0,0,1,0,1,1,1,1,1,0
twitter.com,0,0,1,1,0,0,0,0,0,1,0,0,1,0,1,0,0
olx.ro,0,0,1,7,0,0,0,0,0,1,1,1,1,0,1,0,0
correios.com.br,0,0,1,4,0,0,0,0,0,1,0,1,0,0,1,0,0
persianblog.ir,0,0,1,4,0,0,0,0,1,0,1,1,1,1,1,1,0
sourceforge.net,0,0,1,6,0,0,0,0,0,1,0,1,1,0,1,0,0
smallseotools.com,0,0,1,2,0,0,0,0,0,1,0,1,1,0,1,0,0
sourceforge.net,0,0,1,3,0,0,0,0,0,1,0,1,1,0,1,0,0
allegro.pl,0,0,1,1,0,0,0,0,0,1,0,0,1,0,1,0,0
espn.go.com,0,0,1,8,0,0,0,0,0,1,0,0,1,0,1,0,0
pornsharing.com,0,0,1,1,0,0,0,0,0,0,0,0,1,0,1,0,0
icicibank.com,0,0,1,5,0,0,0,0,0,1,0,1,1,1,1,1,0
nesn.com,0,0,1,3,0,0,0,0,0,1,0,1,1,1,1,1,0
thenextweb.com,0,0,1,5,0,0,0,0,0,1,0,1,0,0,1,1,0
nesn.com,0,0,1,3,0,0,0,0,0,1,0,1,0,0,1,0,0
mirtesen.ru,0,0,1,1,0,0,0,0,0,1,0,0,1,0,1,0,0
indianexpress.com,0,0,1,4,0,0,0,0,0,1,0,1,1,0,1,0,0
tinnhanh360.net,0,0,1,1,0,0,0,0,0,0,0,0,1,0,1,0,0
extratorrent.cc,0,0,1,3,0,0,0,0,1,0,1,1,1,1,1,1,0
nesn.com,0,0,1,3,0,0,0,0,0,1,0,1,0,0,1,0,0
kickass.to,0,0,1,4,0,0,0,0,0,0,0,1,1,1,1,1,0
buzzfil.net,0,0,1,4,0,0,0,0,0,0,0,0,1,1,1,1,0
akhbarelyom.com,0,0,1,5,0,0,0,0,0,1,0,1,1,0,1,0,0
depositphotos.com,0,0,1,1,0,0,0,0,0,1,0,1,1,1,1,1,0
olx.ro,0,0,1,2,0,0,0,0,0,1,1,1,1,0,1,0,0
rt.com,0,0,1,3,0,0,1,0,0,1,0,0,0,0,1,1,0
torcache.net,0,0,1,2,0,0,0,0,0,0,0,1,0,0,1,0,0
500px.com,0,0,1,3,0,0,1,0,0,1,0,1,1,0,1,0,0
stackoverflow.com,0,0,1,3,0,0,0,0,0,1,0,0,1,0,1,0,0
icicibank.com,0,0,1,3,0,0,0,0,0,1,0,1,1,1,1,1,0
depositphotos.com,0,0,1,2,0,0,0,0,0,1,0,1,1,1,1,1,0
indianexpress.com,0,0,1,4,0,0,0,0,0,1,0,1,1,0,1,0,0
pornsharing.com,0,0,1,1,0,0,0,0,0,0,0,0,1,0,1,0,0
otomoto.pl,0,0,1,2,0,0,0,0,0,1,0,1,1,0,1,0,0
mylust.com,0,0,1,3,0,0,1,0,0,1,0,0,0,0,1,0,0
interpark.com,0,0,1,2,0,0,0,0,0,1,0,0,1,0,1,0,0
mic.com,0,0,1,3,0,0,0,0,0,1,0,1,1,0,1,0,0
distractify.com,0,0,1,10,0,0,0,0,0,1,0,0,1,0,1,0,0
myspace.com,0,0,1,5,0,0,0,0,0,1,0,1,1,1,1,1,0
web.de,0,0,1,4,0,0,0,0,0,1,1,1,1,1,1,1,0
khabaronline.ir,0,0,1,5,0,0,0,0,0,1,1,1,1,0,1,1,0
variety.com,0,0,1,4,0,0,0,0,0,1,0,1,0,0,1,0,0
emgn.com,0,0,1,2,0,0,0,0,1,0,1,1,1,1,1,1,0
distractify.com,0,0,1,10,0,0,0,0,0,1,0,0,1,0,1,0,0
nguyentandung.org,0,0,1,1,0,0,0,0,0,0,0,0,1,0,1,1,0
tunein.com,0,0,1,5,0,0,0,0,0,1,0,1,0,0,1,1,0
thenextweb.com,0,0,1,6,0,0,0,0,0,1,0,1,0,0,1,1,0
buzzfil.net,0,0,1,4,0,0,0,0,0,0,0,0,1,1,1,1,0
extratorrent.cc,0,0,1,3,0,0,0,0,1,0,1,1,1,1,1,1,0
tinnhanh360.net,0,0,1,1,0,0,0,0,0,0,0,0,1,0,1,0,0
getpocket.com,0,0,1,1,0,0,1,0,0,1,0,0,1,0,1,0,0
motthegioi.vn,0,0,1,3,0,0,0,0,0,0,1,1,1,0,1,0,0
olx.in,0,0,1,3,0,0,0,0,0,1,0,1,1,1,1,1,0
hubpages.com,0,0,1,2,0,0,0,0,0,1,0,1,1,0,1,0,0
web.de,0,0,1,5,0,0,0,0,0,1,1,1,1,1,1,1,0
extratorrent.cc,0,0,1,3,0,0,0,0,1,0,1,1,1,1,1,1,0
medium.com,0,0,1,2,0,0,0,0,0,1,0,1,1,0,1,0,0
babal.net,0,0,1,4,0,0,0,0,0,0,0,1,1,0,1,0,0
babal.net,0,0,1,4,0,0,0,0,0,0,0,1,1,0,1,0,0
dantri.com.vn,0,0,1,2,0,0,0,0,0,1,1,1,0,0,1,0,0
olx.ua,0,0,1,4,0,0,0,0,0,1,0,0,1,0,1,0,0
censor.net.ua,0,0,1,14,0,0,0,0,0,0,0,1,1,0,1,0,0
rt.com,0,0,1,3,0,0,1,0,0,1,0,0,0,0,1,1,0
thechive.com,0,0,1,2,0,0,0,0,0,1,0,0,1,0,1,0,0
kenh14.vn,0,0,1,2,0,0,0,0,0,1,1,1,1,0,1,0,0
seekingalpha.com,0,0,1,2,0,0,0,0,0,1,0,1,1,0,1,0,0
tobogo.net,0,0,1,2,0,0,0,0,1,0,1,1,1,1,1,1,0
mashable.com,0,0,1,6,0,0,0,0,0,1,0,1,0,0,1,0,0
extratorrent.cc,0,0,1,3,0,0,0,0,1,0,1,1,1,1,1,1,0
stackoverflow.com,0,0,1,3,0,0,0,0,0,1,0,0,1,0,1,0,0
tobogo.net,0,0,1,2,0,0,0,0,1,0,1,1,1,1,1,1,0
torrentdn.com,0,0,1,2,0,0,0,0,1,0,1,1,1,1,1,1,0
metro.co.uk,0,0,1,4,0,0,0,0,0,1,1,1,1,0,1,0,0
mic.com,0,0,1,3,0,0,0,0,0,1,0,1,1,0,1,0,0
mic.com,0,0,1,3,0,0,0,0,0,1,0,1,1,0,1,0,0
maybank2u.com.my,0,0,1,4,0,0,0,0,0,1,0,1,1,1,1,1,0
sourceforge.net,0,0,1,3,0,0,0,0,0,1,0,1,1,0,1,0,0
thenextweb.com,0,0,1,5,0,0,0,0,0,1,0,1,0,0,1,1,0
olx.co.id,0,0,1,7,0,0,1,0,0,1,1,1,1,1,1,1,0
extratorrent.cc,0,0,1,3,0,0,0,0,1,0,1,1,1,1,1,1,0
akhbarelyom.com,0,0,1,5,0,0,0,0,0,1,0,1,1,0,1,0,0
katproxy.com,0,0,1,1,0,0,0,0,0,0,0,0,0,0,1,0,0
uproxx.com,0,0,1,4,0,0,1,0,0,1,0,1,1,0,1,0,0
nypost.com,0,0,1,4,0,0,1,0,0,1,0,1,0,0,1,0,0
udn.com,0,0,1,4,0,0,0,0,0,1,0,1,0,0,1,0,0
nypost.com,0,0,1,4,0,0,1,0,0,1,0,1,0,0,1,0,0
censor.net.ua,0,0,1,3,0,0,0,0,0,0,0,1,1,0,1,0,0
thenextweb.com,0,0,1,6,0,0,0,0,0,1,0,1,0,0,1,1,0
searchengines.guru,0,0,1,1,0,0,0,0,0,1,1,1,1,0,1,0,0
udn.com,0,0,1,4,0,0,0,0,0,1,0,1,0,0,1,0,0
mentalfloss.com,0,0,1,5,0,0,0,0,0,1,0,1,1,0,1,0,0
distractify.com,0,0,1,10,0,0,0,0,0,1,0,0,1,0,1,0,0
medium.com,0,0,1,2,0,0,0,0,0,1,0,1,1,0,1,0,0
jezebel.com,0,0,1,2,0,0,0,0,0,1,0,1,1,1,1,1,0
buzzfil.net,0,0,1,4,0,0,0,0,0,0,0,0,1,1,1,1,0
indianexpress.com,0,0,1,4,0,0,0,0,0,1,0,1,1,0,1,0,0
momoshop.com.tw,0,0,1,2,0,0,0,0,0,1,0,1,1,0,1,0,0
stackoverflow.com,0,0,1,3,0,0,0,0,0,1,0,0,1,0,1,0,0
interpark.com,0,0,1,2,0,0,0,0,0,1,0,0,1,0,1,0,0
qz.com,0,0,1,2,0,0,0,0,0,1,0,1,1,0,1,0,0
emgn.com,0,0,1,2,0,0,0,0,1,0,1,1,1,1,1,1,0
emgn.com,0,0,1,2,0,0,0,0,1,0,1,1,1,1,1,1,0
twitter.com,0,0,1,1,0,0,0,0,0,1,0,0,1,0,1,0,0
nguyentandung.org,0,0,1,1,0,0,0,0,0,0,0,0,1,1,1,1,0
kienthuc.net.vn,0,0,1,2,0,0,0,0,0,0,1,1,1,0,1,0,0
tobogo.net,0,0,1,2,0,0,0,0,1,0,1,1,1,1,1,1,0
ink361.com,0,0,1,6,0,0,0,0,0,0,0,0,1,0,1,0,0
ecnavi.jp,0,0,1,1,1,0,0,0,0,1,0,0,0,0,1,0,0
interpark.com,0,0,1,2,0,0,0,0,0,1,0,0,1,0,1,0,0
thenextweb.com,0,0,1,6,0,0,0,0,0,1,0,1,0,0,1,1,0
akhbarelyom.com,0,0,1,5,0,0,0,0,0,1,0,1,1,0,1,0,0
sfglobe.com,0,0,1,4,0,0,0,0,0,0,0,1,1,1,1,1,0
syosetu.com,0,0,1,3,0,0,0,0,0,1,0,1,1,0,1,0,0
dantri.com.vn,0,0,1,2,0,0,0,0,0,1,1,1,0,0,1,0,0
motthegioi.vn,0,0,1,2,0,0,0,0,0,0,1,1,1,0,1,0,0
akhbarelyom.com,0,0,1,5,0,0,0,0,0,1,0,1,1,0,1,0,0
bongda88.info,0,0,1,1,0,0,0,0,1,0,1,1,1,1,1,1,0
nesn.com,0,0,1,3,0,0,0,0,0,1,0,1,0,0,1,0,0
plarium.com,0,0,1,5,0,0,0,0,0,1,0,1,1,0,1,0,0
interpark.com,0,0,1,2,0,0,0,0,0,1,0,0,1,0,1,0,0
depositphotos.com,0,0,1,1,0,0,0,0,0,1,0,1,1,1,1,1,0
sourceforge.net,0,0,1,3,0,0,0,0,0,1,0,1,1,0,1,0,0
elitedaily.com,0,0,1,3,0,0,0,0,0,1,0,1,1,0,1,1,0
superuser.com,0,0,1,3,0,0,0,0,0,1,0,0,1,0,1,0,0
myegy.to,0,0,1,3,0,0,0,0,0,0,0,0,0,0,1,0,0
uproxx.com,0,0,1,4,0,0,1,0,0,1,0,1,1,0,1,0,0
aljazeera.net,0,0,1,6,0,0,0,0,0,1,0,1,1,0,1,1,0
elitedaily.com,0,0,1,4,0,0,0,0,0,1,0,1,1,0,1,1,0
comicbook.com,0,0,1,4,0,0,0,0,0,1,0,1,0,0,1,0,0
akhbarelyom.com,0,0,1,5,0,0,0,0,0,1,0,1,1,0,1,0,0
io9.com,0,0,1,2,0,0,0,0,0,1,0,0,1,0,1,0,0
ap.org,0,0,1,4,0,0,0,0,0,1,0,1,1,0,1,0,0
momoshop.com.tw,0,0,1,2,0,0,0,0,0,1,0,1,1,0,1,0,0
tobogo.net,0,0,1,2,0,0,0,0,1,0,1,1,1,1,1,1,0
torcache.net,0,0,1,2,0,0,1,0,0,0,0,1,0,0,1,0,0
jalopnik.com,0,0,1,2,0,0,0,0,0,1,0,1,0,0,1,1,0
fanpage.gr,0,0,1,2,0,0,0,0,0,0,1,1,1,0,1,1,0
nguyentandung.org,0,0,1,1,0,0,0,0,0,0,0,0,1,0,1,1,0
steamcommunity.com,0,0,1,8,1,0,0,0,0,1,0,1,1,0,1,0,0
nesn.com,0,0,1,3,0,0,0,0,0,1,0,1,0,0,1,0,0
icicibank.com,0,0,1,5,0,0,0,0,0,1,0,1,1,1,1,1,0
nesn.com,0,0,1,3,0,0,0,0,0,1,0,1,0,0,1,0,0
distractify.com,0,0,1,10,0,0,0,0,0,1,0,0,1,0,1,0,0
themeforest.net,0,0,1,4,0,0,0,0,0,1,0,1,1,0,1,0,0
torcache.net,0,0,1,2,0,0,0,0,0,0,0,1,1,0,1,0,0
kenh14.vn,0,0,1,2,0,0,0,0,0,1,1,1,1,0,1,0,0
themeforest.net,0,0,1,1,0,0,0,0,0,1,0,1,1,0,1,0,0
techcrunch.com,0,0,1,4,0,0,0,0,0,1,0,1,1,0,1,0,0
elitedaily.com,0,0,1,4,0,0,0,0,0,1,0,1,1,0,1,1,0
allegro.pl,0,0,1,2,0,0,0,0,0,1,0,0,1,0,1,0,0
askubuntu.com,0,0,1,3,0,0,0,0,0,1,0,0,1,0,1,0,0
torcache.net,0,0,1,2,0,0,0,0,0,0,0,1,1,0,1,0,0
mic.com,0,0,1,3,0,0,0,0,0,1,0,1,1,0,1,0,0
buzzfil.net,0,0,1,4,0,0,0,0,0,0,0,0,1,1,1,1,0
web.de,0,0,1,5,0,0,0,0,0,1,1,1,1,1,1,1,0
sourceforge.net,0,0,1,3,0,0,0,0,0,1,0,1,1,0,1,0,0
mylust.com,0,0,1,3,0,0,1,0,0,1,0,0,1,1,1,1,0
elevenia.co.id,0,0,1,1,0,0,0,0,1,0,1,1,1,1,1,1,0
thenextweb.com,0,0,1,6,0,0,0,0,0,1,0,1,0,0,1,1,0
jezebel.com,0,0,1,2,0,0,0,0,0,1,0,1,0,0,1,0,0
distractify.com,0,0,1,10,0,0,0,0,0,1,0,0,1,0,1,0,0
plarium.com,0,0,1,5,0,0,0,0,0,1,0,1,1,0,1,0,0
distractify.com,0,0,1,10,0,0,0,0,0,1,0,0,1,0,1,0,0
tobogo.net,0,0,1,2,0,0,0,0,1,0,1,1,1,1,1,1,0
xvideo-jp.com,0,0,1,5,0,0,0,1,0,1,0,1,0,0,1,0,0
jalopnik.com,0,0,1,1,0,0,0,0,0,1,0,1,0,0,1,0,0
metro.co.uk,0,0,1,4,0,0,0,0,0,1,1,1,1,0,1,0,0
alfalfalfa.com,0,0,1,2,0,0,0,0,0,0,0,1,0,0,1,0,0
extratorrent.cc,0,0,1,3,0,0,0,0,1,0,1,1,1,1,1,1,0
nymag.com,0,0,1,5,0,0,0,0,0,1,0,0,0,0,1,0,0
censor.net.ua,0,0,1,3,0,0,0,0,0,0,0,1,1,0,1,0,0
icicibank.com,0,0,1,3,0,0,0,0,0,1,0,1,1,1,1,1,0
getpocket.com,0,0,1,4,0,0,1,0,0,1,0,0,1,0,1,0,0
motthegioi.vn,0,0,1,2,0,0,0,0,0,0,1,1,1,0,1,0,0
metro.co.uk,0,0,1,4,0,0,0,0,0,1,1,1,1,0,1,0,0
mic.com,0,0,1,3,0,0,0,0,0,1,0,1,1,0,1,0,0
pikabu.ru,0,0,1,3,0,0,0,0,0,1,0,1,1,0,1,0,0
500px.com,0,0,1,3,0,0,1,0,0,1,0,1,1,0,1,0,0
ringring.vn,0,0,1,1,0,0,0,0,0,0,1,1,1,0,1,0,0
medium.com,0,1,1,2,0,0,0,0,0,1,0,1,1,0,1,0,0
twitter.com,0,0,1,1,0,0,0,0,0,1,0,0,1,0,1,0,0
xhamster.com,0,0,1,3,0,0,0,0,0,1,0,1,1,1,1,1,0
otomoto.pl,0,0,1,4,0,0,0,0,0,1,0,1,1,0,1,0,0
yourlust.com,0,0,1,2,0,0,1,0,0,1,0,1,1,1,1,1,0
distractify.com,0,0,1,10,0,0,0,0,0,1,0,0,1,0,1,0,0
correios.com.br,0,0,1,4,0,0,0,0,0,1,0,1,0,0,1,0,0
elitedaily.com,0,0,1,4,0,0,0,0,0,1,0,1,1,0,1,1,0
twitter.com,0,0,1,1,0,0,0,0,0,1,0,0,1,0,1,0,0
censor.net.ua,0,0,1,3,0,0,0,0,0,0,0,1,1,0,1,0,0
techcrunch.com,0,0,1,4,0,0,0,0,0,1,0,1,1,0,1,0,0
censor.net.ua,0,0,1,3,0,0,0,0,0,0,0,1,1,0,1,0,0
olx.in,0,0,1,3,0,0,0,0,0,1,0,1,1,0,1,0,0
udn.com,0,0,1,4,0,0,0,0,0,1,0,1,0,0,1,0,0
sourceforge.net,0,0,1,3,0,0,0,0,0,1,0,1,1,0,1,0,0
interpark.com,0,0,1,2,0,0,0,0,0,1,0,0,1,0,1,0,0
gawker.com,0,0,1,2,0,0,0,0,0,1,0,1,1,0,1,0,0
maybank2u.com.my,0,0,1,4,0,0,0,0,0,1,0,1,1,1,1,1,0
otomoto.pl,0,0,1,4,0,0,0,0,0,1,0,1,1,0,1,0,0
steamcommunity.com,0,0,1,5,0,0,0,0,0,1,0,1,1,0,1,0,0
telegraf.com.ua,0,0,1,3,0,0,0,0,0,1,0,1,0,0,1,0,0
getpocket.com,0,0,1,1,0,0,1,0,0,1,0,0,1,0,1,0,0
kienthuc.net.vn,0,0,1,2,0,0,0,0,0,0,1,1,1,0,1,0,0
yourlust.com,0,0,1,2,0,0,1,0,0,1,0,1,1,1,1,1,0
web.de,0,0,1,5,0,0,0,0,0,1,1,1,1,1,1,1,0
emgn.com,0,0,1,3,0,0,0,0,1,0,1,1,1,1,1,1,0
eksisozluk.com,0,0,1,0,0,0,0,0,0,1,0,1,1,0,1,0,0
mic.com,0,0,1,3,0,0,0,0,0,1,0,1,1,0,1,0,0
mic.com,0,0,1,3,0,0,0,0,0,1,0,1,1,0,1,0,0
sourceforge.net,0,0,1,2,0,0,0,0,0,1,0,1,1,0,1,0,0
stackoverflow.com,0,0,1,3,0,0,0,0,0,1,0,0,1,0,1,0,0
torcache.net,0,0,1,2,0,0,0,0,0,0,0,1,1,0,1,0,0
torcache.net,0,0,1,2,0,0,0,0,0,0,0,1,0,0,1,0,0
squarespace.com,0,0,1,5,0,0,0,0,0,1,0,1,0,0,1,1,0
fanpage.gr,0,0,1,3,0,0,0,0,0,0,1,1,0,0,1,1,0
themeforest.net,0,0,1,4,0,0,0,0,0,1,0,1,1,0,1,0,0
medium.com,0,1,1,2,0,0,0,0,0,1,0,1,1,0,1,0,0
ecnavi.jp,0,0,1,1,1,0,0,0,0,1,0,0,0,0,1,0,0
distractify.com,0,0,1,10,0,0,0,0,0,1,0,0,1,0,1,0,0
grantland.com,0,0,1,2,0,0,0,0,0,1,0,1,0,0,1,0,0
sberbank.ru,0,0,1,7,0,0,0,0,0,1,0,1,1,0,1,0,0
babal.net,0,0,1,4,0,0,0,0,0,0,0,1,1,0,1,0,0
babal.net,0,0,1,4,0,0,0,0,0,0,0,1,1,0,1,0,0
censor.net.ua,0,0,1,14,0,0,0,0,0,0,0,1,1,0,1,0,0
udn.com,0,0,1,4,0,0,0,0,0,1,0,1,0,0,1,0,0
twitter.com,0,0,1,1,0,0,0,0,0,1,0,0,1,0,1,0,0
momoshop.com.tw,0,0,1,2,0,0,0,0,0,1,0,1,1,0,1,0,0
interpark.com,0,0,1,2,0,0,0,0,0,1,0,0,1,0,1,0,0
getpocket.com,0,0,1,1,0,0,1,0,0,1,0,0,1,0,1,0,0
otomoto.pl,0,0,1,4,0,0,0,0,0,1,0,1,1,0,1,0,0
torcache.net,0,0,1,2,0,0,0,0,0,0,0,1,0,0,1,0,0
likemag.com,0,0,1,2,0,0,0,0,0,0,0,0,1,0,1,0,0
torcache.net,0,0,1,2,0,0,0,0,0,0,0,1,1,0,1,0,0
qz.com,0,0,1,2,0,0,0,0,0,1,0,1,1,0,1,0,0
getpocket.com,0,0,1,1,1,0,1,0,0,1,0,0,1,0,1,0,0
khabaronline.ir,0,0,1,5,0,0,0,0,0,1,1,1,1,0,1,1,0
otomoto.pl,0,0,1,2,0,0,0,0,0,1,0,1,1,0,1,0,0
twitter.com,0,0,1,1,0,0,0,0,0,1,0,0,1,0,1,0,0
indianexpress.com,0,0,1,4,0,0,0,0,0,1,0,1,0,0,1,0,0
fortune.com,0,0,1,4,0,0,0,0,0,1,0,1,1,0,1,0,0
kenh14.vn,0,0,1,2,0,0,0,0,0,1,1,1,1,0,1,0,0
aljazeera.net,0,0,1,4,0,0,0,0,0,1,0,1,1,0,1,0,0
torcache.net,0,0,1,2,0,0,0,0,0,0,0,1,1,0,1,0,0
slashdot.org,0,0,1,3,0,0,0,0,0,1,0,1,1,1,1,1,0
nguyentandung.org,0,0,1,1,0,0,0,0,0,0,0,0,1,0,1,1,0
onedio.com,0,0,1,2,0,0,0,0,0,1,0,1,0,0,1,0,0
web.de,0,0,1,3,0,0,0,0,0,1,1,1,1,1,1,1,0
jezebel.com,0,0,1,2,0,0,0,0,0,1,0,1,1,1,1,1,0
ap.org,0,0,1,4,0,0,0,0,0,1,0,1,1,0,1,0,0
oneplus.net,0,0,1,6,0,0,0,0,0,1,0,1,1,1,1,1,0
thenextweb.com,0,0,1,5,0,0,0,0,0,1,0,1,0,0,1,1,0
mashable.com,0,0,1,6,0,0,0,0,0,1,0,1,0,0,1,0,0
extratorrent.cc,0,0,1,3,0,0,0,0,1,0,1,1,1,1,1,1,0
ecnavi.jp,0,0,1,1,1,0,0,0,0,1,0,0,0,0,1,0,0
distractify.com,0,0,1,10,0,0,0,0,0,1,0,0,1,0,1,0,0
himado.in,0,0,1,0,0,0,0,0,1,0,1,1,1,1,1,1,0
extratorrent.cc,0,0,1,3,0,0,0,0,1,0,1,1,1,1,1,1,0
themeforest.net,0,0,1,4,0,0,0,0,0,1,0,1,1,0,1,0,0
superuser.com,0,0,1,3,0,0,0,0,0,1,0,0,1,0,1,0,0
500px.com,0,0,1,3,0,0,1,0,0,1,0,1,1,0,1,0,0
putlocker.is,0,0,1,1,0,0,0,0,0,0,0,0,1,0,1,0,0
sourceforge.net,0,0,1,3,0,0,0,0,0,1,0,1,1,0,1,0,0
genius.com,0,0,1,3,0,0,0,0,0,1,0,1,1,0,1,0,0
graphicriver.net,0,0,1,1,0,0,0,0,0,1,0,1,1,0,1,0,0
kenh14.vn,0,0,1,2,0,0,0,0,0,1,1,1,1,0,1,0,0
distractify.com,0,0,1,10,0,0,0,0,0,1,0,0,1,0,1,0,0
medium.com,0,0,1,2,0,0,0,0,0,1,0,1,1,0,1,0,0
thenextweb.com,0,0,1,6,0,0,0,0,0,1,0,1,0,0,1,1,0
nypost.com,0,0,1,4,0,0,1,0,0,1,0,1,0,0,1,0,0
metro.co.uk,0,0,1,4,0,0,0,0,0,1,1,1,1,0,1,0,0
techcrunch.com,0,0,1,4,0,0,0,0,0,1,0,1,1,0,1,0,0
thenextweb.com,0,0,1,7,0,0,0,0,0,1,0,1,0,0,1,1,0
olx.ro,0,0,1,5,0,0,0,0,0,1,1,1,1,0,1,0,0
twitter.com,0,0,1,1,0,0,0,0,0,1,0,0,1,0,1,0,0
twitter.com,0,0,1,1,0,0,0,0,0,1,0,0,1,0,1,0,0
searchengineland.com,0,0,1,1,0,0,0,0,0,1,0,1,1,0,1,0,0
twitter.com,0,0,1,1,0,0,0,0,0,1,0,0,1,0,1,0,0
mic.com,0,0,1,3,0,0,0,0,0,1,0,1,1,0,1,0,0
qz.com,0,0,1,2,0,0,0,0,0,1,0,1,1,0,1,0,0
diply.com,0,0,1,4,0,0,0,0,0,0,0,1,1,0,1,0,0
atwiki.jp,0,0,1,2,0,0,0,0,0,1,0,0,1,0,1,0,0
olx.ro,0,0,1,5,0,0,0,0,0,1,1,1,1,0,1,0,0
extratorrent.cc,0,0,1,3,0,0,0,0,1,0,1,1,1,1,1,1,0
allrecipes.com,0,0,1,3,0,0,0,0,0,1,0,1,1,0,1,0,0
clien.net,0,0,1,3,0,0,0,0,0,1,0,1,1,0,1,0,0
olx.co.id,0,0,1,2,0,0,1,0,0,1,1,1,1,1,1,1,0
thenextweb.com,0,0,1,6,0,0,0,0,0,1,0,1,0,0,1,1,0
allegro.pl,0,0,1,2,0,0,0,0,0,1,0,0,1,0,1,0,0
serverfault.com,0,0,1,3,0,0,1,0,0,1,0,1,1,0,1,0,0
indianexpress.com,0,0,1,4,0,0,0,0,0,1,0,1,0,0,1,0,0
askubuntu.com,0,0,1,3,0,0,0,0,0,1,0,0,1,0,1,0,0
censor.net.ua,0,0,1,3,0,0,0,0,0,0,0,1,1,0,1,0,0
pitchfork.com,0,0,1,3,0,0,0,0,0,1,0,0,0,0,1,0,0
pornsharing.com,0,0,1,1,0,0,0,0,0,0,0,0,1,0,1,0,0
bigcinema.tv,0,0,1,2,0,0,0,0,1,0,1,1,1,1,1,1,0
searchengineland.com,0,0,1,1,0,0,0,0,0,1,0,1,1,0,1,0,0
nymag.com,0,0,1,9,0,0,0,0,0,1,0,0,0,0,1,1,0
ringring.vn,0,0,1,1,0,0,0,0,0,0,1,1,1,0,1,0,0
fanpage.gr,0,0,1,3,0,0,0,0,0,0,1,1,1,0,1,1,0
ap.org,0,0,1,4,0,0,0,0,0,1,0,1,1,0,1,0,0
bestblackhatforum.com,0,0,1,1,0,0,0,0,0,0,0,1,1,0,1,0,0
superuser.com,0,0,1,3,0,0,0,0,0,1,0,0,1,0,1,0,0
akhbarelyom.com,0,0,1,5,0,0,0,0,0,1,0,1,1,0,1,0,0
metro.co.uk,0,0,1,4,0,0,0,0,0,1,1,1,1,0,1,0,0
motthegioi.vn,0,0,1,2,0,0,0,0,0,0,1,1,1,1,1,1,0
jezebel.com,0,0,1,3,0,0,0,0,0,1,0,1,1,1,1,1,0
tobogo.net,0,0,1,2,0,0,0,0,1,0,1,1,1,1,1,1,0
extratorrent.cc,0,0,1,3,0,0,0,0,1,0,1,1,1,1,1,1,0
zozo.jp,0,0,1,2,0,0,0,0,0,1,0,0,1,0,1,0,0
twitter.com,0,0,1,1,0,0,0,0,0,1,0,0,1,0,1,0,0
babal.net,0,0,1,4,0,0,0,0,0,0,0,1,1,0,1,0,0
distractify.com,0,0,1,10,0,0,0,0,0,1,0,0,1,0,1,0,0
bestblackhatforum.com,0,0,1,1,0,0,0,0,0,0,0,1,1,0,1,0,0
worldoftanks.ru,0,0,1,5,0,0,0,0,0,0,0,1,0,0,1,0,0
europa.eu,0,0,1,6,0,0,0,0,0,1,1,1,1,0,1,0,0
allrecipes.com,0,0,1,3,0,0,0,0,0,1,0,1,1,0,1,0,0
abcnews.go.com,0,0,1,3,0,0,0,0,0,1,0,0,1,0,1,0,0
torcache.net,0,0,1,2,0,0,0,0,0,0,0,1,0,0,1,0,0
techcrunch.com,0,0,1,4,0,0,0,0,0,1,0,1,1,0,1,0,0
extratorrent.cc,0,0,1,3,0,0,0,0,1,0,1,1,1,1,1,1,0
themeforest.net,0,0,1,4,0,0,0,0,0,1,0,1,1,0,1,0,0
thenextweb.com,0,0,1,6,0,0,0,0,0,1,0,1,0,0,1,1,0
thenextweb.com,0,0,1,6,0,0,0,0,0,1,0,1,0,0,1,1,0
themeforest.net,0,0,1,4,0,0,0,0,0,1,0,1,1,0,1,0,0
prezi.com,0,0,1,2,0,0,0,0,0,1,0,1,0,0,1,0,0
myspace.com,0,0,1,5,0,0,0,0,0,1,0,1,1,0,1,0,0
extratorrent.cc,0,0,1,3,0,0,0,0,1,0,1,1,1,1,1,1,0
xhamster.com,0,0,1,3,0,0,0,0,0,1,0,1,1,1,1,1,0
allegro.pl,0,0,1,2,0,0,0,0,0,1,0,0,1,0,1,0,0
katproxy.com,0,0,1,1,0,0,0,0,0,0,0,0,1,0,1,0,0
web.de,0,0,1,5,0,0,0,0,0,1,1,1,1,1,1,1,0
taboola.com,0,0,1,5,0,0,0,0,0,1,0,1,0,0,1,1,0
superuser.com,0,0,1,3,0,0,0,0,0,1,0,0,1,0,1,0,0
censor.net.ua,0,0,1,3,0,0,0,0,0,0,0,1,1,0,1,0,0
tunein.com,0,0,1,5,0,0,0,0,0,1,0,1,0,0,1,1,0
onedio.com,0,0,1,2,0,0,0,0,0,1,0,1,0,0,1,0,0
fazenda.gov.br,0,0,1,3,0,0,0,0,1,1,1,1,1,1,1,1,0
udn.com,0,0,1,4,0,0,0,0,0,1,0,1,0,0,1,0,0
kickass.to,0,0,1,1,0,0,0,0,0,0,0,1,1,1,1,1,0
medium.com,0,0,1,2,0,0,0,0,0,1,0,1,1,0,1,0,0
nypost.com,0,0,1,4,0,0,1,0,0,1,0,1,0,0,1,0,0
dantri.com.vn,0,0,1,2,0,0,0,0,0,1,1,1,0,0,1,0,0
distractify.com,0,0,1,10,0,0,0,0,0,1,0,0,1,0,1,0,0
otomoto.pl,0,0,1,3,0,0,0,0,0,1,0,1,1,0,1,0,0
interpark.com,0,0,1,2,0,0,0,0,0,1,0,0,1,0,1,0,0
udn.com,0,0,1,4,0,0,0,0,0,1,0,1,0,0,1,0,0
mirtesen.ru,0,0,1,1,0,0,0,0,0,1,0,0,1,0,1,0,0
venturebeat.com,0,0,1,4,0,0,1,0,0,1,0,1,1,0,1,0,0
torcache.net,0,0,1,2,0,0,0,0,0,0,0,1,0,0,1,0,0
couchtuner.eu.com,0,0,1,3,0,0,0,0,1,1,1,1,1,1,1,1,0
telegraf.com.ua,0,0,1,3,0,0,0,0,0,1,0,1,0,0,1,0,0
kenh14.vn,0,0,1,2,0,0,0,0,0,1,1,1,0,0,1,0,0
gawker.com,0,0,1,2,0,0,0,0,0,1,0,1,1,0,1,0,0
distractify.com,0,0,1,10,0,0,0,0,0,1,0,0,1,0,1,0,0
motthegioi.vn,0,0,1,3,0,0,0,0,0,0,1,1,1,1,1,1,0
web.de,0,0,1,6,0,0,0,0,0,1,1,1,1,1,1,1,0
tobogo.net,0,0,1,2,0,0,0,0,1,0,1,1,1,1,1,1,0
variety.com,0,0,1,4,0,0,0,0,0,1,0,1,0,0,1,0,0
askubuntu.com,0,0,1,3,0,0,0,0,0,1,0,0,1,0,1,0,0
bleacherreport.com,0,0,1,2,0,0,1,0,0,1,0,1,1,0,1,0,0
udn.com,0,0,1,4,0,0,0,0,0,1,0,1,0,0,1,0,0
mic.com,0,0,1,3,0,0,0,0,0,1,0,1,1,0,1,0,0
mic.com,0,0,1,3,0,0,0,0,0,1,0,1,1,0,1,0,0
katproxy.com,0,0,1,3,0,0,0,0,0,0,0,0,0,0,1,0,0
thechive.com,0,0,1,4,0,0,0,0,0,1,0,0,1,0,1,0,0
distractify.com,0,0,1,10,0,0,0,0,0,1,0,0,1,0,1,0,0
plarium.com,0,0,1,5,0,0,0,0,0,1,0,1,1,0,1,0,0
grantland.com,0,0,1,2,0,0,0,0,0,1,0,1,1,0,1,0,0
censor.net.ua,0,0,1,3,0,0,0,0,0,0,0,1,1,0,1,0,0
thenextweb.com,0,0,1,6,0,0,0,0,0,1,0,1,0,0,1,1,0
faithtap.com,0,0,1,2,0,0,0,0,0,0,0,0,1,0,1,0,0
babal.net,0,0,1,4,0,0,0,0,0,0,0,1,1,0,1,0,0
otomoto.pl,0,0,1,5,0,0,0,0,0,1,0,1,1,0,1,0,0
distractify.com,0,0,1,10,0,0,0,0,0,1,0,0,1,0,1,0,0
statcounter.com,0,0,1,1,0,0,0,0,0,1,0,0,1,0,1,0,0
sourceforge.net,0,0,1,3,0,0,0,0,0,1,0,1,1,0,1,0,0
babal.net,0,0,1,4,0,0,0,0,0,0,0,1,1,0,1,0,0
plarium.com,0,0,1,5,0,0,0,0,0,1,0,1,1,0,1,0,0
extratorrent.cc,0,0,1,3,0,0,0,0,1,0,1,1,1,1,1,1,0
torcache.net,0,0,1,2,0,0,0,0,0,0,0,1,0,0,1,0,0
extratorrent.cc,0,0,1,3,0,0,0,0,1,0,1,1,1,1,1,1,0
thenextweb.com,0,0,1,5,0,0,0,0,0,1,0,1,0,0,1,1,0
censor.net.ua,0,0,1,6,0,0,0,0,0,0,0,1,1,0,1,0,0
buzzfil.net,0,0,1,4,0,0,0,0,0,0,0,0,1,1,1,1,0
pitchfork.com,0,0,1,2,0,0,0,0,0,1,0,0,0,0,1,0,0
noticias.uol.com.br,0,0,1,6,0,0,0,0,0,0,0,1,1,1,1,1,0
bestblackhatforum.com,0,0,1,1,0,0,0,0,0,0,0,1,1,0,1,0,0
xvideo-jp.com,0,0,1,3,0,0,0,1,0,1,0,1,0,0,1,0,0
twitter.com,0,0,1,1,0,0,0,0,0,1,0,0,1,0,1,0,0
mic.com,0,0,1,3,0,0,0,0,0,1,0,1,1,0,1,0,0
putlocker.is,0,0,1,1,0,0,0,0,0,0,0,0,1,0,1,0,0
olx.co.id,0,0,1,7,0,0,1,0,0,1,1,1,1,1,1,1,0
plarium.com,0,0,1,5,0,0,0,0,0,1,0,1,1,0,1,0,0
babal.net,0,0,1,4,0,0,0,0,0,0,0,1,1,0,1,0,0
olx.co.id,0,0,1,7,0,0,1,0,0,1,1,1,1,1,1,1,0
motherless.com,0,0,1,2,1,0,0,0,0,0,0,1,1,1,1,1,0
paytm.com,0,0,1,2,0,0,0,0,0,1,0,1,0,0,1,0,0
gov.uk,0,0,1,3,0,0,0,0,0,0,1,1,1,0,1,0,0
steamcommunity.com,0,0,1,6,1,0,0,0,0,1,0,1,1,0,1,0,0
icicibank.com,0,0,1,5,0,0,0,0,0,1,0,1,1,1,1,1,0
maybank2u.com.my,0,0,1,4,0,0,0,0,0,1,0,1,1,1,1,1,0
gizmodo.com,0,0,1,2,0,0,0,0,0,1,0,1,1,0,1,1,0
emgn.com,0,0,1,2,0,0,0,0,1,0,1,1,1,1,1,1,0
emgn.com,0,0,1,2,0,0,0,0,1,0,1,1,1,1,1,1,0
hubpages.com,0,0,1,1,0,0,0,0,0,1,0,1,1,0,1,0,0
web.de,0,0,1,5,0,0,0,0,0,1,1,1,1,1,1,1,0
askubuntu.com,0,0,1,3,0,0,0,0,0,1,0,0,1,0,1,0,0
venturebeat.com,0,0,1,4,0,0,1,0,0,1,0,1,1,0,1,0,0
500px.com,0,0,1,3,0,0,1,0,0,1,0,1,1,0,1,0,0
aljazeera.net,0,0,1,4,0,0,0,0,0,1,0,1,1,0,1,0,0
gawker.com,0,0,1,2,0,0,0,0,0,1,0,1,1,0,1,0,0
mashable.com,0,0,1,6,0,0,0,0,0,1,0,1,0,0,1,0,0
cookpad.com,0,0,1,1,0,0,0,0,0,1,0,1,1,0,1,0,0
mylust.com,0,0,1,3,0,0,1,0,0,1,0,0,0,0,1,0,0
babal.net,0,0,1,4,0,0,0,0,0,0,0,1,1,0,1,0,0
otomoto.pl,0,0,1,3,0,0,0,0,0,1,0,1,1,0,1,0,0
lifehacker.com,0,0,1,3,0,0,0,0,0,1,0,1,1,0,1,0,0
otomoto.pl,0,0,1,2,0,0,0,0,0,1,0,1,1,0,1,0,0
torrentdn.com,0,0,1,2,0,0,0,0,1,0,1,1,1,1,1,1,0
tinnhanh360.net,0,0,1,1,0,0,0,0,0,0,0,0,1,0,1,0,0
nypost.com,0,0,1,4,0,0,1,0,0,1,0,1,0,0,1,0,0
babal.net,0,0,1,4,0,0,0,0,0,0,0,1,1,0,1,0,0
paytm.com,0,0,1,6,0,0,0,0,0,1,0,1,1,0,1,0,0
fishki.net,0,0,1,2,0,0,0,0,0,1,0,1,1,0,1,0,0
seekingalpha.com,0,0,1,3,0,0,0,0,0,1,0,1,0,0,1,0,0
twitter.com,0,0,1,1,0,0,0,0,0,1,0,0,1,0,1,0,0
olx.ua,0,0,1,4,0,0,0,0,0,1,0,0,1,0,1,0,0
wikiwiki.jp,0,0,1,1,0,0,0,0,0,1,0,1,0,0,1,1,0
tunein.com,0,0,1,5,0,0,0,0,0,1,0,1,0,0,1,1,0
distractify.com,0,0,1,10,0,0,0,0,0,1,0,0,1,0,1,0,0
dribbble.com,0,0,1,2,0,0,0,0,0,1,0,0,1,0,1,0,0
thenextweb.com,0,0,1,6,0,0,0,0,0,1,0,1,0,0,1,1,0
buzzfil.net,0,0,1,4,0,0,0,0,0,0,0,0,1,1,1,1,0
torcache.net,0,0,1,2,0,0,0,0,0,0,0,1,1,0,1,0,0
motthegioi.vn,0,0,1,2,0,0,0,0,0,0,1,1,1,0,1,0,0
io9.com,0,0,1,2,0,0,0,0,0,1,0,0,1,0,1,0,0
thechive.com,0,0,1,4,0,0,0,0,0,1,0,0,0,0,1,0,0
housing.com,0,0,1,4,0,0,0,0,0,1,0,1,1,0,1,0,0
elcomercio.pe,0,0,1,3,0,0,0,0,0,1,1,1,0,0,1,0,0
cheezburger.com,0,0,1,2,0,0,0,0,0,1,0,0,1,0,1,0,0
torcache.net,0,0,1,2,0,0,0,0,0,0,0,1,1,0,1,0,0
irecommend.ru,0,0,1,2,0,0,0,0,0,1,0,1,1,0,1,0,0
grantland.com,0,0,1,2,0,0,0,0,0,1,0,1,1,0,1,0,0
katproxy.com,0,0,1,1,0,0,0,0,0,0,0,0,1,0,1,0,0
kickass.to,0,0,1,1,0,0,0,0,0,0,0,1,1,1,1,1,0
distractify.com,0,0,1,10,0,0,0,0,0,1,0,0,1,0,1,0,0
katproxy.com,0,0,1,1,0,0,0,0,0,0,0,0,0,0,1,0,0
motthegioi.vn,0,0,1,2,0,0,0,0,0,0,1,1,1,0,1,0,0
distractify.com,0,0,1,10,0,0,0,0,0,1,0,0,1,0,1,0,0
mic.com,0,0,1,3,0,0,0,0,0,1,0,1,1,0,1,0,0
vnexpress.net,0,0,1,3,0,0,0,0,0,1,0,1,1,0,1,1,0
khabaronline.ir,0,0,1,5,0,0,0,0,0,1,1,1,1,0,1,1,0
diply.com,0,0,1,3,0,0,0,0,0,0,0,1,1,0,1,0,0
io9.com,0,0,1,2,0,0,0,0,0,1,0,0,1,0,1,0,0
interpark.com,0,0,1,2,0,0,0,0,0,1,0,0,1,0,1,0,0
tune.pk,0,0,1,3,0,0,0,0,0,0,0,1,1,1,1,1,0
bongda88.info,0,0,1,6,0,0,0,0,1,0,1,1,1,1,1,1,0
extratorrent.cc,0,0,1,2,0,0,0,0,1,0,1,1,1,1,1,1,0
seekingalpha.com,0,0,1,2,0,0,0,0,0,1,0,1,1,0,1,0,0
extratorrent.cc,0,0,1,3,0,0,0,0,1,0,1,1,1,1,1,1,0
serverfault.com,0,0,1,3,0,0,1,0,0,1,0,1,1,0,1,0,0
gov.uk,0,0,1,3,0,0,0,0,0,0,1,1,1,0,1,0,0
sourceforge.net,0,0,1,3,0,0,0,0,0,1,0,1,1,0,1,0,0
variety.com,0,0,1,4,0,0,0,0,0,1,0,1,0,0,1,0,0
olx.ua,0,0,1,3,0,0,0,0,0,1,0,0,1,0,1,0,0
udn.com,0,0,1,4,0,0,0,0,0,1,0,1,0,0,1,0,0
grantland.com,0,0,1,2,0,0,0,0,0,1,0,1,1,0,1,0,0
wpengine.com,0,0,1,4,0,0,0,0,0,1,0,0,1,0,1,0,0
gizmodo.com,0,0,1,2,0,0,0,0,0,1,0,1,1,0,1,0,0
bleacherreport.com,0,0,1,2,0,0,1,0,0,1,0,1,0,0,1,0,0
kotaku.com,0,0,1,2,0,0,0,0,0,1,0,0,1,0,1,0,0
500px.com,0,0,1,3,0,0,1,0,0,1,0,1,1,0,1,0,0
xvideo-jp.com,0,0,1,5,0,0,0,1,0,1,0,1,0,0,1,0,0
distractify.com,0,0,1,10,0,0,0,0,0,1,0,0,1,0,1,0,0
ringring.vn,0,0,1,1,0,0,0,0,0,0,1,1,1,0,1,0,0
auto.ru,0,0,1,2,0,0,0,0,0,1,0,0,1,0,1,0,0
bankmellat.ir,0,0,1,1,0,0,0,0,0,1,1,1,1,0,1,0,0
ap.org,0,0,1,4,0,0,0,0,0,1,0,1,1,0,1,0,0
getpocket.com,0,0,1,1,1,0,1,0,0,1,0,0,1,0,1,0,0
tunein.com,0,0,1,5,0,0,0,0,0,1,0,1,0,0,1,1,0
fanpage.gr,0,0,1,3,0,0,0,0,0,0,1,1,0,0,1,1,0
correios.com.br,0,0,1,6,0,0,0,0,0,1,0,1,0,0,1,0,0
kenh14.vn,0,0,1,2,0,0,0,0,0,1,1,1,1,0,1,0,0
medium.com,0,0,1,2,0,0,0,0,0,1,0,1,1,0,1,0,0
distractify.com,0,0,1,2,0,0,0,0,0,1,0,0,1,0,1,0,0
qz.com,0,0,1,2,0,0,0,0,0,1,0,1,1,0,1,0,0
xvideo-jp.com,0,0,1,4,0,0,0,1,0,1,0,1,0,0,1,1,0
babal.net,0,0,1,3,0,0,0,0,0,0,0,1,1,0,1,0,0
otomoto.pl,0,0,1,2,0,0,0,0,0,1,0,1,1,0,1,0,0
twitter.com,0,0,1,1,0,0,0,0,0,1,0,0,1,0,1,0,0
ap.org,0,0,1,4,0,0,0,0,0,1,0,1,1,0,1,0,0
qz.com,0,0,1,2,0,0,0,0,0,1,0,1,1,0,1,0,0
archive.org,0,0,1,1,0,0,0,0,0,1,0,1,1,0,1,0,0
interpark.com,0,0,1,2,0,0,0,0,0,1,0,0,1,0,1,0,0
kenh14.vn,0,0,1,2,0,0,0,0,0,1,1,1,1,0,1,0,0
motthegioi.vn,0,0,1,2,0,0,0,0,0,0,1,1,1,0,1,0,0
distractify.com,0,0,1,10,0,0,0,0,0,1,0,0,1,0,1,0,0
ck101.com,0,0,1,1,0,0,0,0,0,0,0,0,1,1,1,1,0
udn.com,0,0,1,4,0,0,0,0,0,1,0,1,0,0,1,0,0
distractify.com,0,0,1,10,0,0,0,0,0,1,0,0,1,0,1,0,0
arstechnica.com,0,0,1,4,0,0,0,0,0,1,0,1,1,0,1,0,0
ecnavi.jp,0,0,1,3,0,0,0,0,0,1,0,0,1,0,1,0,0
nguyentandung.org,0,0,1,1,0,0,0,0,0,0,0,0,1,0,1,1,0
aljazeera.net,0,0,1,6,0,0,0,0,0,1,0,1,1,0,1,1,0
depositphotos.com,0,0,1,2,0,0,0,0,0,1,0,1,1,1,1,1,0
emgn.com,0,0,1,2,0,0,0,0,1,0,1,1,1,1,1,1,0
udn.com,0,0,1,4,0,0,0,0,0,1,0,1,0,0,1,0,0
bestblackhatforum.com,0,0,1,1,0,0,0,0,0,0,0,1,1,0,1,0,0
babal.net,0,0,1,4,0,0,0,0,0,0,0,1,1,0,1,0,0
torcache.net,0,0,1,2,0,0,0,0,0,0,0,1,0,0,1,0,0
perezhilton.com,0,0,1,1,0,0,0,0,0,1,0,0,1,0,1,0,0
perezhilton.com,0,0,1,1,0,0,0,0,0,1,0,0,1,0,1,0,0
mylust.com,0,0,1,3,0,0,1,0,0,1,0,0,1,1,1,1,0
metro.co.uk,0,0,1,4,0,0,0,0,0,1,1,1,1,0,1,0,0
distractify.com,0,0,1,10,0,0,0,0,0,1,0,0,1,0,1,0,0
medium.com,0,0,1,2,0,0,0,0,0,1,0,1,1,0,1,0,0
nesn.com,0,0,1,3,0,0,0,0,0,1,0,1,0,0,1,0,0
torcache.net,0,0,1,2,0,0,0,0,0,0,0,1,0,0,1,0,0
thenextweb.com,0,0,1,6,0,0,0,0,0,1,0,1,0,0,1,1,0
digg.com,0,0,1,2,0,0,0,0,0,1,0,1,1,0,1,0,0
fanpage.gr,0,0,1,3,0,0,0,0,0,0,1,1,1,0,1,1,0
indianexpress.com,0,0,1,3,0,0,0,0,0,1,0,1,1,0,1,0,0
olx.ua,0,0,1,4,0,0,0,0,0,1,0,0,1,0,1,0,0
genius.com,0,0,1,3,0,0,0,0,0,1,0,1,1,0,1,0,0
plarium.com,0,0,1,5,0,0,0,0,0,1,0,1,1,0,1,0,0
ap.org,0,0,1,4,0,0,0,0,0,1,0,1,1,0,1,0,0
otomoto.pl,0,0,1,3,0,0,0,0,0,1,0,1,1,0,1,0,0
kakaku.com,0,0,1,6,0,0,0,0,0,1,0,1,1,0,1,0,0
variety.com,0,0,1,4,0,0,0,0,0,1,0,1,0,0,1,0,0
wikimapia.org,0,0,1,3,0,0,0,0,0,1,0,0,1,0,1,0,0
codecanyon.net,0,0,1,4,0,0,0,0,0,1,0,1,1,0,1,0,0
yourlust.com,0,0,1,2,0,0,1,0,0,1,0,1,1,1,1,1,0
olx.pl,0,0,1,7,0,0,0,0,0,1,0,0,1,0,1,0,0
web.de,0,0,1,4,0,0,0,0,0,1,1,1,1,1,1,1,0
ap.org,0,0,1,4,0,0,0,0,0,1,0,1,1,0,1,0,0
seekingalpha.com,0,0,1,2,0,0,0,0,0,1,0,1,1,0,1,0,0
kenh14.vn,0,0,1,2,0,0,0,0,0,1,1,1,1,0,1,0,0
pornsharing.com,0,0,1,1,0,0,0,0,0,0,0,0,1,0,1,0,0
torcache.net,0,0,1,2,0,0,0,0,0,0,0,1,0,0,1,0,0
maybank2u.com.my,0,0,1,4,0,0,0,0,0,1,0,1,1,1,1,1,0
motherless.com,0,0,1,2,1,0,0,0,0,0,0,1,1,1,1,1,0
superuser.com,0,0,1,3,0,0,0,0,0,1,0,0,1,0,1,0,0
motthegioi.vn,0,0,1,2,0,0,0,0,0,0,1,1,1,0,1,0,0
torrentdn.com,0,0,1,2,0,0,0,0,1,0,1,1,1,1,1,1,0
olx.ro,0,0,1,6,0,0,0,0,0,1,1,1,1,0,1,0,0
lifehacker.com,0,0,1,1,0,0,0,0,0,1,0,1,1,0,1,0,0
tunein.com,0,0,1,5,0,0,0,0,0,1,0,1,0,0,1,0,0
otomoto.pl,0,0,1,2,0,0,0,0,0,1,0,1,1,0,1,0,0
persianblog.ir,0,0,1,3,0,0,0,0,1,0,1,1,1,1,1,1,0
emgn.com,0,0,1,2,0,0,0,0,1,0,1,1,1,1,1,1,0
momoshop.com.tw,0,0,1,2,0,0,0,0,0,1,0,1,1,0,1,0,0
grantland.com,0,0,1,2,0,0,0,0,0,1,0,1,1,0,1,0,0
dantri.com.vn,0,0,1,3,0,0,0,0,0,1,1,1,0,0,1,0,0
lifehacker.com,0,0,1,2,0,0,0,0,0,1,0,1,1,0,1,0,0
pantip.com,0,0,1,2,0,0,0,0,0,1,0,1,0,0,1,0,0
io9.com,0,0,1,3,0,0,0,0,0,1,0,0,1,0,1,0,0
sourceforge.net,0,0,1,3,0,0,0,0,0,1,0,1,1,0,1,0,0
atwiki.jp,0,0,1,2,0,0,0,0,0,1,0,0,1,0,1,0,0
torcache.net,0,0,1,2,0,0,0,0,0,0,0,1,0,0,1,0,0
torcache.net,0,0,1,2,0,0,0,0,0,0,0,1,1,0,1,0,0
distractify.com,0,0,1,10,0,0,0,0,0,1,0,0,1,0,1,0,0
fishki.net,0,0,1,1,0,0,0,0,0,1,0,1,1,0,1,0,0
gizmodo.com,0,0,1,1,0,0,0,0,0,1,0,1,1,0,1,0,0
mic.com,0,0,1,3,0,0,0,0,0,1,0,1,1,0,1,1,0
distractify.com,0,0,1,10,0,0,0,0,0,1,0,0,1,0,1,0,0
mylust.com,0,0,1,3,0,0,1,0,0,1,0,0,0,0,1,0,0
aljazeera.net,0,0,1,6,0,0,0,0,0,1,0,1,1,0,1,0,0
sourceforge.net,0,0,1,3,0,0,0,0,0,1,0,1,1,0,1,0,0
twitter.com,0,0,1,1,0,0,0,0,0,1,0,0,1,0,1,0,0
deadspin.com,0,0,1,1,0,0,0,0,0,1,0,1,1,1,1,1,0
ap.org,0,0,1,4,0,0,0,0,0,1,0,1,1,0,1,0,0
deadspin.com,0,0,1,1,0,0,0,0,0,1,0,1,1,1,1,1,0
udn.com,0,0,1,4,0,0,0,0,0,1,0,1,0,0,1,0,0
elcomercio.pe,0,0,1,3,0,0,0,0,0,1,1,1,0,0,1,0,0
superuser.com,0,0,1,3,0,0,0,0,0,1,0,0,1,0,1,0,0
teespring.com,0,0,1,2,0,0,0,0,0,1,0,0,1,0,1,0,0
kenh14.vn,0,0,1,2,0,0,0,0,0,1,1,1,1,0,1,0,0
nguyentandung.org,0,0,1,1,0,0,0,0,0,0,0,0,1,0,1,1,0
torcache.net,0,0,1,2,0,0,0,0,0,0,0,1,0,0,1,0,0
askubuntu.com,0,0,1,3,0,0,0,0,0,1,0,0,1,0,1,0,0
motthegioi.vn,0,0,1,2,0,0,0,0,0,0,1,1,1,0,1,0,0
twitter.com,0,0,1,1,0,0,0,0,0,1,0,0,1,0,1,0,0
otomoto.pl,0,0,1,2,0,0,0,0,0,1,0,1,1,0,1,0,0
maybank2u.com.my,0,0,1,4,0,0,0,0,0,1,0,1,1,1,1,1,0
slashdot.org,0,0,1,3,0,0,0,0,0,1,0,1,1,0,1,0,0
thechive.com,0,0,1,4,0,0,0,0,0,1,0,0,1,0,1,0,0
mylust.com,0,0,1,3,0,0,1,0,0,1,0,0,0,0,1,0,0
kienthuc.net.vn,0,0,1,2,0,0,0,0,0,0,1,1,1,0,1,0,0
udn.com,0,0,1,4,0,0,0,0,0,1,0,1,0,0,1,0,0
mediaset.it,0,0,1,3,0,0,0,0,0,1,0,0,1,0,1,1,0
pitchfork.com,0,0,1,2,0,0,0,0,0,1,0,0,0,0,1,0,0
jezebel.com,0,0,1,2,0,0,0,0,0,1,0,1,0,0,1,0,0
ringring.vn,0,0,1,1,0,0,0,0,0,0,1,1,1,0,1,0,0
sourceforge.net,0,0,1,2,0,0,0,0,0,1,0,1,1,0,1,0,0
1337x.to,0,0,1,3,0,0,0,0,0,1,0,1,1,1,1,1,0
kienthuc.net.vn,0,0,1,2,0,0,0,0,0,0,1,1,1,0,1,0,0
medium.com,0,0,1,2,0,0,0,0,0,1,0,1,1,0,1,0,0
deadspin.com,0,0,1,3,0,0,0,0,0,1,0,1,1,1,1,1,0
olx.ua,0,0,1,2,0,0,0,0,0,1,0,0,1,0,1,0,0
hollywoodlife.com,0,0,1,4,0,0,0,0,0,1,0,1,1,0,1,0,0
ecnavi.jp,0,0,1,1,1,0,0,0,0,1,0,0,0,0,1,0,0
web.de,0,0,1,4,0,0,0,0,0,1,1,1,1,1,1,1,0
buzzfil.net,0,0,1,4,0,0,0,0,0,0,0,0,1,1,1,1,0
web.de,0,0,1,5,0,0,0,0,0,1,1,1,1,1,1,1,0
kickass.to,0,0,1,3,0,0,0,0,0,0,0,1,1,1,1,1,0
himado.in,0,0,1,0,0,0,0,0,1,0,1,1,1,1,1,1,0
plarium.com,0,0,1,5,0,0,0,0,0,1,0,1,1,0,1,0,0
torcache.net,0,0,1,2,0,0,0,0,0,0,0,1,0,0,1,0,0
twitter.com,0,0,1,1,0,0,0,0,0,1,0,0,1,0,1,0,0
motthegioi.vn,0,0,1,3,0,0,0,0,0,0,1,1,1,0,1,0,0
olx.ua,0,0,1,3,0,0,0,0,0,1,0,0,1,0,1,0,0
kakaku.com,0,0,1,6,0,0,0,0,0,1,0,1,0,0,1,0,0
metro.co.uk,0,0,1,4,0,0,0,0,0,1,1,1,1,0,1,0,0
indianexpress.com,0,0,1,3,0,0,0,0,0,1,0,1,1,0,1,0,0
kenh14.vn,0,0,1,2,0,0,0,0,0,1,1,1,0,0,1,0,0
xvideo-jp.com,0,0,1,3,0,0,0,1,0,1,0,1,0,0,1,1,0
maybank2u.com.my,0,0,1,4,0,0,0,0,0,1,0,1,1,1,1,1,0
ap.org,0,0,1,4,0,0,0,0,0,1,0,1,1,0,1,0,0
buzzfil.net,0,0,1,3,0,0,0,0,0,0,0,0,1,1,1,1,0
torcache.net,0,0,1,2,0,0,0,0,0,0,0,1,1,0,1,0,0
olx.ua,0,0,1,2,0,0,0,0,0,1,0,0,1,0,1,0,0
mylust.com,0,0,1,3,0,0,1,0,0,1,0,0,0,0,1,0,0
bdnews24.com,0,0,1,5,0,0,0,0,0,1,0,1,1,0,1,0,0
tobogo.net,0,0,1,2,0,0,0,0,1,0,1,1,1,1,1,1,0
mylust.com,0,0,1,3,0,0,1,0,0,1,0,0,0,0,1,0,0
censor.net.ua,0,0,1,3,0,0,0,0,0,0,0,1,1,0,1,0,0
stackoverflow.com,0,0,1,3,0,0,0,0,0,1,0,0,1,0,1,0,0
kotaku.com,0,0,1,2,0,0,0,0,0,1,0,0,1,0,1,0,0
metro.co.uk,0,0,1,4,0,0,0,0,0,1,1,1,1,0,1,0,0
torcache.net,0,0,1,2,0,0,0,0,0,0,0,1,1,0,1,0,0
depositphotos.com,0,0,1,1,0,0,0,0,0,1,0,1,1,1,1,1,0
interpark.com,0,0,1,2,0,0,0,0,0,1,0,0,1,0,1,0,0
torcache.net,0,0,1,2,0,0,0,0,0,0,0,1,1,0,1,0,0
torcache.net,0,0,1,2,0,0,0,0,0,0,0,1,0,0,1,0,0
interpark.com,0,0,1,2,0,0,0,0,0,1,0,0,1,0,1,0,0
depositphotos.com,0,0,1,2,0,0,0,0,0,1,0,1,1,1,1,1,0
interpark.com,0,0,1,2,0,0,0,0,0,1,0,0,1,0,1,0,0
torcache.net,0,0,1,2,0,0,0,0,0,0,0,1,0,0,1,0,0
genius.com,0,0,1,3,0,0,0,0,0,1,0,1,1,0,1,0,0
otomoto.pl,0,0,1,6,0,0,0,0,0,1,0,1,1,0,1,0,0
skyrock.com,0,0,1,1,0,0,0,0,0,1,0,1,1,0,1,0,0
olx.in,0,0,1,2,0,0,0,0,0,1,0,1,1,1,1,1,0
superuser.com,0,0,1,3,0,0,0,0,0,1,0,0,1,0,1,0,0
plarium.com,0,0,1,5,0,0,0,0,0,1,0,1,1,0,1,0,0
xhamster.com,0,0,1,3,0,0,0,0,0,1,0,1,1,1,1,1,0
metro.co.uk,0,0,1,4,0,0,0,0,0,1,1,1,0,0,1,0,0
variety.com,0,0,1,4,0,0,0,0,0,1,0,1,0,0,1,0,0
bdnews24.com,0,0,1,5,0,0,0,0,0,1,0,1,1,0,1,0,0
atwiki.jp,0,0,1,2,0,0,0,0,0,1,0,0,1,0,1,0,0
olx.co.id,0,0,1,7,0,0,1,0,0,1,1,1,1,1,1,1,0
auto.ru,0,0,1,4,0,0,0,0,0,1,0,0,1,0,1,0,0
extratorrent.cc,0,0,1,3,0,0,0,0,1,0,1,1,1,1,1,1,0
emgn.com,0,0,1,2,0,0,0,0,1,0,1,1,1,1,1,1,0
mashable.com,0,0,1,6,0,0,0,0,0,1,0,1,0,0,1,0,0
olx.co.id,0,0,1,7,0,0,1,0,0,1,1,1,1,1,1,1,0
hdfcbank.com,0,0,1,3,0,0,0,0,0,1,0,1,1,1,1,1,0
extratorrent.cc,0,0,1,1,0,0,0,0,1,0,1,1,1,1,1,1,0
ap.org,0,0,1,4,0,0,0,0,0,1,0,1,1,0,1,0,0
askubuntu.com,0,0,1,3,0,0,0,0,0,1,0,0,1,0,1,0,0
ringring.vn,0,0,1,1,0,0,0,0,0,0,1,1,1,0,1,0,0
torcache.net,0,0,1,2,0,0,0,0,0,0,0,1,0,0,1,0,0
qz.com,0,0,1,2,0,0,0,0,0,1,0,1,1,0,1,0,0
censor.net.ua,0,0,1,14,0,0,0,0,0,0,0,1,1,0,1,0,0
jezebel.com,0,0,1,1,0,0,0,0,0,1,0,1,0,0,1,0,0
io9.com,0,0,1,2,0,0,0,0,0,1,0,0,1,0,1,0,0
fazenda.gov.br,0,0,1,5,0,0,0,0,1,1,1,1,1,1,1,1,0
udn.com,0,0,1,4,0,0,0,0,0,1,0,1,0,0,1,0,0
rt.com,0,0,1,3,0,0,1,0,0,1,0,0,0,0,1,1,0
thenextweb.com,0,0,1,6,0,0,0,0,0,1,0,1,0,0,1,1,0
ecnavi.jp,0,0,1,1,1,0,0,0,0,1,0,0,0,0,1,0,0
babal.net,0,0,1,4,0,0,0,0,0,0,0,1,1,0,1,0,0
interpark.com,0,0,1,2,0,0,0,0,0,1,0,0,1,0,1,0,0
torcache.net,0,0,1,2,0,0,0,0,0,0,0,1,0,0,1,0,0
cheezburger.com,0,0,1,2,0,0,0,0,0,1,0,0,1,0,1,0,0
interpark.com,0,0,1,2,0,0,0,0,0,1,0,0,1,0,1,0,0
seekingalpha.com,0,0,1,3,0,0,0,0,0,1,0,1,0,0,1,0,0
kenh14.vn,0,0,1,2,0,0,0,0,0,1,1,1,1,0,1,0,0
akhbarelyom.com,0,0,1,5,0,0,0,0,0,1,0,1,1,0,1,0,0
thenextweb.com,0,0,1,5,0,0,0,0,0,1,0,1,0,0,1,1,0
dropbooks.tv,0,0,1,3,0,0,0,0,0,0,0,1,1,0,1,0,0
serverfault.com,0,0,1,3,0,0,1,0,0,1,0,1,1,0,1,0,0
distractify.com,0,0,1,10,0,0,0,0,0,1,0,0,1,0,1,0,0
digg.com,0,0,1,2,0,0,0,0,0,1,0,1,1,0,1,0,0
seekingalpha.com,0,0,1,2,0,0,0,0,0,1,0,1,1,0,1,0,0
thenextweb.com,0,0,1,6,0,0,0,0,0,1,0,1,0,0,1,1,0
correios.com.br,0,0,1,5,0,0,0,0,0,1,0,1,0,0,1,0,0
mylust.com,0,0,1,3,0,0,1,0,0,1,0,0,0,0,1,0,0
distractify.com,0,0,1,10,0,0,0,0,0,1,0,0,1,0,1,0,0
web.de,0,0,1,5,0,0,0,0,0,1,1,1,1,1,1,1,0
motthegioi.vn,0,0,1,2,0,0,0,0,0,0,1,1,1,0,1,0,0
myspace.com,0,0,1,4,0,0,0,0,0,1,0,1,1,0,1,0,0
maybank2u.com.my,0,0,1,4,0,0,0,0,0,1,0,1,1,1,1,1,0
kienthuc.net.vn,0,0,1,2,0,0,0,0,0,0,1,1,1,0,1,0,0
mirtesen.ru,0,0,1,1,0,0,0,0,0,1,0,0,1,0,1,0,0
seesaawiki.jp,0,0,1,3,0,0,0,0,0,1,0,0,1,0,1,0,0
bankmellat.ir,0,0,1,1,0,0,0,0,0,1,1,1,1,1,1,1,0
kenh14.vn,0,0,1,2,0,0,0,0,0,1,1,1,1,0,1,0,0
kickass.to,0,0,1,1,0,0,0,0,0,0,0,1,1,1,1,1,0
distractify.com,0,0,1,10,0,0,0,0,0,1,0,0,1,0,1,0,0
ecnavi.jp,0,0,1,1,1,0,0,0,0,1,0,0,0,0,1,0,0
metro.co.uk,0,0,1,4,0,0,0,0,0,1,1,1,1,0,1,0,0
serverfault.com,0,0,1,3,0,0,1,0,0,1,0,1,1,0,1,0,0
thenextweb.com,0,0,1,5,0,0,0,0,0,1,0,1,0,0,1,1,0
thenextweb.com,0,0,1,6,0,0,0,0,0,1,0,1,0,0,1,1,0
noticias.uol.com.br,0,0,1,6,0,0,0,0,0,0,0,1,1,1,1,1,0
kickass.to,0,0,1,1,0,0,0,0,0,0,0,1,1,1,1,1,0
udn.com,0,0,1,4,0,0,0,0,0,1,0,1,0,0,1,0,0
paytm.com,0,0,1,2,0,0,0,0,0,1,0,1,0,0,1,0,0
twitter.com,0,0,1,1,0,0,0,0,0,1,0,0,1,0,1,0,0
allegro.pl,0,0,1,1,0,0,0,0,0,1,0,0,1,0,1,0,0
tunein.com,0,0,1,5,0,0,0,0,0,1,0,1,0,0,1,1,0
ifttt.com,0,0,1,2,0,0,1,0,0,1,0,1,0,0,1,0,0
torrentdn.com,0,0,1,2,0,0,0,0,1,0,1,1,1,1,1,1,0
grantland.com,0,0,1,2,0,0,0,0,0,1,0,1,0,0,1,0,0
censor.net.ua,0,0,1,3,0,0,0,0,0,0,0,1,1,0,1,0,0
mic.com,0,0,1,3,0,0,0,0,0,1,0,1,1,0,1,0,0
pornsharing.com,0,0,1,1,0,0,0,0,0,0,0,0,1,0,1,0,0
mylust.com,0,0,1,3,0,0,1,0,0,1,0,0,0,0,1,0,0
dantri.com.vn,0,0,1,2,0,0,0,0,0,1,1,1,0,0,1,0,0
correios.com.br,0,0,1,3,0,0,0,0,0,1,0,1,0,0,1,0,0
motthegioi.vn,0,0,1,2,0,0,0,0,0,0,1,1,1,0,1,0,0
syosetu.com,0,0,1,3,0,0,0,0,0,1,0,1,1,0,1,0,0
askubuntu.com,0,0,1,3,0,0,0,0,0,1,0,0,1,0,1,0,0
olx.pl,0,0,1,7,0,0,0,0,0,1,0,0,1,0,1,0,0
skyrock.com,0,0,1,2,0,0,0,0,0,1,0,1,1,0,1,0,0
udn.com,0,0,1,4,0,0,0,0,0,1,0,1,0,0,1,0,0
zozo.jp,0,0,1,2,0,0,0,0,0,1,0,0,1,0,1,0,0
sourceforge.net,0,0,1,3,0,0,0,0,0,1,0,1,1,0,1,0,0
hollywoodlife.com,0,0,1,4,0,0,0,0,0,1,0,1,1,0,1,0,0
tobogo.net,0,0,1,2,0,0,0,0,1,0,1,1,1,1,1,1,0
motthegioi.vn,0,0,1,2,0,0,0,0,0,0,1,1,1,0,1,0,0
nymag.com,0,0,1,9,0,0,0,0,0,1,0,0,1,0,1,1,0
elitedaily.com,0,0,1,4,0,0,0,0,0,1,0,1,1,0,1,1,0
twitter.com,0,0,1,1,0,0,0,0,0,1,0,0,1,0,1,0,0
olx.co.id,0,0,1,7,0,0,1,0,0,1,1,1,1,1,1,1,0
tune.pk,0,0,1,3,0,0,0,0,0,0,0,1,1,1,1,1,0
interpark.com,0,0,1,2,0,0,0,0,0,1,0,0,1,0,1,0,0
akhbarelyom.com,0,0,1,5,0,0,0,0,0,1,0,1,1,0,1,0,0
censor.net.ua,0,0,1,3,0,0,0,0,0,0,0,1,1,0,1,0,0
evernote.com,0,0,1,1,0,0,0,0,0,1,0,1,1,0,1,1,0
graphicriver.net,0,0,1,3,0,0,0,0,0,1,0,1,1,0,1,0,0
udn.com,0,0,1,4,0,0,0,0,0,1,0,1,0,0,1,0,0
tunein.com,0,0,1,5,0,0,0,0,0,1,0,1,0,0,1,1,0
distractify.com,0,0,1,10,0,0,0,0,0,1,0,0,1,0,1,0,0
extratorrent.cc,0,0,1,3,0,0,0,0,1,0,1,1,1,1,1,1,0
indianexpress.com,0,0,1,3,0,0,0,0,0,1,0,1,1,0,1,0,0
nguyentandung.org,0,0,1,1,0,0,0,0,0,0,0,0,1,0,1,1,0
olx.co.id,0,0,1,7,0,0,1,0,0,1,1,1,1,1,1,1,0
buzzfil.net,0,0,1,3,0,0,0,0,0,0,0,0,1,1,1,1,0
kienthuc.net.vn,0,0,1,2,0,0,0,0,0,0,1,1,1,0,1,0,0
thenextweb.com,0,0,1,6,0,0,0,0,0,1,0,1,0,0,1,1,0
sourceforge.net,0,0,1,3,0,0,0,0,0,1,0,1,1,0,1,0,0
ifttt.com,0,0,1,2,0,0,1,0,0,1,0,1,0,0,1,0,0
olx.co.id,0,0,1,2,0,0,1,0,0,1,1,1,1,1,1,1,0
1337x.to,0,0,1,3,0,0,0,0,0,1,0,1,1,1,1,1,0
emgn.com,0,0,1,2,0,0,0,0,1,0,1,1,1,1,1,1,0
extratorrent.cc,0,0,1,3,0,0,0,0,1,0,1,1,1,1,1,1,0
tobogo.net,0,0,1,2,0,0,0,0,1,0,1,1,1,1,1,1,0
bdnews24.com,0,0,1,5,0,0,0,0,0,1,0,1,1,0,1,0,0
qz.com,0,0,1,2,0,0,0,0,0,1,0,1,1,0,1,0,0
qz.com,0,0,1,2,0,0,0,0,0,1,0,1,1,0,1,0,0
rocketnews24.com,0,0,1,2,0,0,0,0,0,1,0,1,0,0,1,0,0
ap.org,0,0,1,4,0,0,0,0,0,1,0,1,1,0,1,0,0
babal.net,0,0,1,4,0,0,0,0,0,0,0,1,1,0,1,0,0
xossip.com,0,0,1,1,0,0,0,0,0,0,0,0,1,0,1,0,0
distractify.com,0,0,1,10,0,0,0,0,0,1,0,0,1,0,1,0,0
olx.ro,0,0,1,7,0,0,0,0,0,1,1,1,1,0,1,0,0
censor.net.ua,0,0,1,14,0,0,0,0,0,0,0,1,1,0,1,0,0
otomoto.pl,0,0,1,4,0,0,0,0,0,1,0,1,1,0,1,0,0
thenextweb.com,0,0,1,5,0,0,0,0,0,1,0,1,0,0,1,1,0
askubuntu.com,0,0,1,3,0,0,0,0,0,1,0,0,1,0,1,0,0
motthegioi.vn,0,0,1,2,0,0,0,0,0,0,1,1,1,0,1,0,0
cox.com,0,0,1,3,0,0,1,0,0,1,0,0,1,0,1,0,0
correios.com.br,0,0,1,6,0,0,0,0,0,1,0,1,0,0,1,0,0
abc.go.com,0,0,1,5,0,0,0,0,0,1,0,0,1,0,1,0,0
ecnavi.jp,0,0,1,1,1,0,0,0,0,1,0,0,0,0,1,0,0
diply.com,0,0,1,4,0,0,0,0,0,0,0,1,1,0,1,0,0
distractify.com,0,0,1,10,0,0,0,0,0,1,0,0,1,0,1,0,0
aljazeera.net,0,0,1,2,0,0,0,0,0,1,0,1,1,0,1,0,0
olx.ua,0,0,1,2,0,0,0,0,0,1,0,0,1,0,1,0,0
extratorrent.cc,0,0,1,3,0,0,0,0,1,0,1,1,1,1,1,1,0
tinnhanh360.net,0,0,1,1,0,0,0,0,0,0,0,0,1,0,1,0,0
themeforest.net,0,0,1,4,0,0,0,0,0,1,0,1,1,0,1,0,0
katproxy.com,0,0,1,3,0,0,0,0,0,0,0,0,0,0,1,0,0
aljazeera.net,0,0,1,6,0,0,0,0,0,1,0,1,1,0,1,0,0
katproxy.com,0,0,1,1,0,0,0,0,0,0,0,0,1,0,1,0,0
extratorrent.cc,0,0,1,3,0,0,0,0,1,0,1,1,1,1,1,1,0
otomoto.pl,0,0,1,2,0,0,0,0,0,1,0,1,1,0,1,0,0
noticias.uol.com.br,0,0,1,6,0,0,0,0,0,0,0,1,1,1,1,1,0
kickass.to,0,0,1,1,0,0,0,0,0,0,0,1,1,1,1,1,0
depositphotos.com,0,0,1,1,0,0,0,0,0,1,0,1,1,1,1,1,0
extratorrent.cc,0,0,1,3,0,0,0,0,1,0,1,1,1,1,1,1,0
steamcommunity.com,0,0,1,8,1,0,0,0,0,1,0,1,1,0,1,0,0
500px.com,0,0,1,3,0,0,1,0,0,1,0,1,1,0,1,0,0
kickass.to,0,0,1,3,0,0,0,0,0,0,0,1,1,1,1,1,0
babal.net,0,0,1,4,0,0,0,0,0,0,0,1,1,0,1,0,0
momoshop.com.tw,0,0,1,2,0,0,0,0,0,1,0,1,1,0,1,0,0
tinnhanh360.net,0,0,1,1,0,0,0,0,0,0,0,0,1,0,1,0,0
fishki.net,0,0,1,2,0,0,0,0,0,1,0,1,0,0,1,0,0
kienthuc.net.vn,0,0,1,2,0,0,0,0,0,0,1,1,1,0,1,0,0
torcache.net,0,0,1,2,0,0,0,0,0,0,0,1,0,0,1,0,0
filehippo.com,0,0,1,4,0,0,0,0,0,1,0,0,1,0,1,0,0
rt.com,0,0,1,3,0,0,1,0,0,1,0,0,0,0,1,0,0
caixa.gov.br,0,0,1,7,0,0,0,0,0,1,1,1,1,0,1,1,0
thenextweb.com,0,0,1,5,0,0,0,0,0,1,0,1,0,0,1,1,0
emgn.com,0,0,1,2,0,0,0,0,1,0,1,1,1,1,1,1,0
fazenda.gov.br,0,0,1,5,0,0,0,0,1,1,1,1,1,1,1,1,0
tobogo.net,0,0,1,2,0,0,0,0,1,0,1,1,1,1,1,1,0
medium.com,0,0,1,2,0,0,0,0,0,1,0,1,1,0,1,0,0
techcrunch.com,0,0,1,4,0,0,0,0,0,1,0,1,1,0,1,0,0
nypost.com,0,0,1,4,0,0,1,0,0,1,0,1,0,0,1,0,0
otomoto.pl,0,0,1,3,0,0,0,0,0,1,0,1,1,0,1,0,0
torrentdn.com,0,0,1,2,0,0,0,0,1,0,1,1,1,1,1,1,0
kotaku.com,0,0,1,3,0,0,0,0,0,1,0,0,1,0,1,0,0
thenextweb.com,0,0,1,7,0,0,0,0,0,1,0,1,0,0,1,1,0
tobogo.net,0,0,1,2,0,0,0,0,1,0,1,1,1,1,1,1,0
motthegioi.vn,0,0,1,2,0,0,0,0,0,0,1,1,1,0,1,0,0
hdfcbank.com,0,0,1,5,0,0,0,0,0,1,0,1,1,1,1,1,0
kotaku.com,0,0,1,2,0,0,0,0,0,1,0,0,1,0,1,0,0
mylust.com,0,0,1,3,0,0,1,0,0,1,0,0,0,0,1,0,0
caixa.gov.br,0,0,1,3,0,0,0,0,0,1,1,1,1,0,1,1,0
olx.ro,0,0,1,5,0,0,0,0,0,1,1,1,1,0,1,0,0
censor.net.ua,0,0,1,14,0,0,0,0,0,0,0,1,1,0,1,0,0
otomoto.pl,0,0,1,2,0,0,0,0,0,1,0,1,1,0,1,0,0
kenh14.vn,0,0,1,2,0,0,0,0,0,1,1,1,1,0,1,0,0
fanpage.gr,0,0,1,2,0,0,0,0,0,0,1,1,1,0,1,1,0
mic.com,0,0,1,3,0,0,0,0,0,1,0,1,1,0,1,0,0
babal.net,0,0,1,4,0,0,0,0,0,0,0,1,1,0,1,0,0
thenextweb.com,0,0,1,7,0,0,0,0,0,1,0,1,0,0,1,1,0
torcache.net,0,0,1,2,0,0,0,0,0,0,0,1,0,0,1,0,0
thechive.com,0,0,1,4,0,0,0,0,0,1,0,0,1,0,1,0,0
depositphotos.com,0,0,1,1,0,0,0,0,0,1,0,1,1,1,1,1,0
ap.org,0,0,1,4,0,0,0,0,0,1,0,1,1,0,1,0,0
io9.com,0,0,1,2,0,0,0,0,0,1,0,0,1,0,1,0,0
mylust.com,0,0,1,3,0,0,1,0,0,1,0,0,0,0,1,0,0
ap.org,0,0,1,4,0,0,0,0,0,1,0,1,1,0,1,0,0
correios.com.br,0,0,1,5,0,0,0,0,0,1,0,1,0,0,1,0,0
thenextweb.com,0,0,1,6,0,0,0,0,0,1,0,1,0,0,1,1,0
otomoto.pl,0,0,1,7,0,0,0,0,0,1,0,1,1,0,1,0,0
extratorrent.cc,0,0,1,3,0,0,0,0,1,0,1,1,1,1,1,1,0
motthegioi.vn,0,0,1,2,0,0,0,0,0,0,1,1,1,0,1,0,0
techcrunch.com,0,0,1,4,0,0,0,0,0,1,0,1,1,0,1,0,0
ap.org,0,0,1,4,0,0,0,0,0,1,0,1,1,0,1,0,0
otomoto.pl,0,0,1,3,0,0,0,0,0,1,0,1,1,0,1,0,0
torcache.net,0,0,1,2,0,0,0,0,0,0,0,1,1,0,1,0,0
mylust.com,0,0,1,3,0,0,1,0,0,1,0,0,1,1,1,1,0
gawker.com,0,0,1,2,0,0,0,0,0,1,0,1,1,0,1,0,0
thenextweb.com,0,0,1,5,0,0,0,0,0,1,0,1,0,0,1,1,0
xhamster.com,0,0,1,3,0,0,0,0,0,1,0,1,1,1,1,1,0
babal.net,0,0,1,4,0,0,0,0,0,0,0,1,1,0,1,0,0
nguyentandung.org,0,0,1,1,0,0,0,0,0,0,0,0,1,0,1,1,0
emgn.com,0,0,1,2,0,0,0,0,1,0,1,1,1,1,1,1,0
yourlust.com,0,0,1,2,0,0,1,0,0,1,0,1,1,1,1,1,0
nesn.com,0,0,1,3,0,0,0,0,0,1,0,1,0,0,1,0,0
esporte.uol.com.br,0,0,1,9,0,0,0,0,0,0,0,1,1,1,1,1,0
olx.co.id,0,0,1,7,0,0,1,0,0,1,1,1,1,1,1,1,0
sourceforge.net,0,0,1,2,0,0,0,0,0,1,0,1,1,0,1,0,0
torcache.net,0,0,1,2,0,0,0,0,0,0,0,1,0,0,1,0,0
jezebel.com,0,0,1,2,0,0,0,0,0,1,0,1,0,0,1,0,0
udn.com,0,0,1,4,0,0,0,0,0,1,0,1,0,0,1,0,0
distractify.com,0,0,1,10,0,0,0,0,0,1,0,0,1,0,1,0,0
thechive.com,0,0,1,4,0,0,0,0,0,1,0,0,1,0,1,0,0
eksisozluk.com,0,0,1,1,0,0,0,0,0,1,0,1,1,0,1,0,0
nypost.com,0,0,1,4,0,0,1,0,0,1,0,1,0,0,1,0,0
perezhilton.com,0,0,1,1,0,0,0,0,0,1,0,0,1,0,1,0,0
torcache.net,0,0,1,2,0,0,0,0,0,0,0,1,1,0,1,0,0
codecanyon.net,0,0,1,3,0,0,0,0,0,1,0,1,1,0,1,0,0
espn.go.com,0,0,1,8,0,0,0,0,0,1,0,0,1,0,1,0,0
katproxy.com,0,0,1,1,0,0,0,0,0,0,0,0,0,0,1,0,0
hubpages.com,0,0,1,2,0,0,0,0,0,1,0,1,1,0,1,0,0
plarium.com,0,0,1,5,0,0,0,0,0,1,0,1,1,0,1,0,0
torrentdn.com,0,0,1,2,0,0,0,0,1,0,1,1,1,1,1,1,0
olx.ua,0,0,1,3,0,0,0,0,0,1,0,0,1,0,1,0,0
cheezburger.com,0,0,1,2,0,0,0,0,0,1,0,0,1,0,1,0,0
interpark.com,0,0,1,2,0,0,0,0,0,1,0,0,1,0,1,0,0
themeforest.net,0,0,1,4,0,0,0,0,0,1,0,1,1,0,1,0,0
mashable.com,0,0,1,6,0,0,0,0,0,1,0,1,0,0,1,0,0
tunein.com,0,0,1,5,0,0,0,0,0,1,0,1,0,0,1,1,0
steamcommunity.com,0,0,1,8,1,0,0,0,0,1,0,1,1,0,1,0,0
codecanyon.net,0,0,1,4,0,0,0,0,0,1,0,1,1,0,1,0,0
motthegioi.vn,0,0,1,2,0,0,0,0,0,0,1,1,1,0,1,0,0
otomoto.pl,0,0,1,4,0,0,0,0,0,1,0,1,1,0,1,0,0
mylust.com,0,0,1,3,0,0,1,0,0,1,0,0,1,1,1,1,0
interpark.com,0,0,1,2,0,0,0,0,0,1,0,0,1,0,1,0,0
grantland.com,0,0,1,2,0,0,0,0,0,1,0,1,1,0,1,0,0
seekingalpha.com,0,0,1,2,0,0,0,0,0,1,0,1,1,0,1,0,0
techcrunch.com,0,0,1,4,0,0,0,0,0,1,0,1,1,0,1,0,0
web.de,0,0,1,6,0,0,0,0,0,1,1,1,1,1,1,1,0
correios.com.br,0,0,1,4,0,0,0,0,0,1,0,1,0,0,1,0,0
bongda88.info,0,0,1,6,0,0,0,0,1,0,1,1,1,1,1,1,0
distractify.com,0,0,1,10,0,0,0,0,0,1,0,0,1,0,1,0,0
twitter.com,0,0,1,1,0,0,0,0,0,1,0,0,1,0,1,0,0
searchengines.guru,0,0,1,1,0,0,0,0,0,1,1,1,1,0,1,0,0
correios.com.br,0,0,1,6,0,0,0,0,0,1,0,1,0,0,1,0,0
mic.com,0,0,1,3,0,0,0,0,0,1,0,1,1,0,1,0,0
metro.co.uk,0,0,1,4,0,0,0,0,0,1,1,1,1,0,1,0,0
metro.co.uk,0,0,1,4,0,0,0,0,0,1,1,1,0,0,1,0,0
maybank2u.com.my,0,0,1,4,0,0,0,0,0,1,0,1,1,1,1,1,0
oneplus.net,0,0,1,3,0,0,0,0,0,1,0,1,1,1,1,1,0
twitter.com,0,0,1,1,0,0,0,0,0,1,0,0,1,0,1,0,0
tobogo.net,0,0,1,2,0,0,0,0,1,0,1,1,1,1,1,1,0
distractify.com,0,0,1,10,0,0,0,0,0,1,0,0,1,0,1,0,0
jezebel.com,0,0,1,2,0,0,0,0,0,1,0,1,0,0,1,0,0
olx.ua,0,0,1,2,0,0,0,0,0,1,0,0,1,0,1,0,0
web.de,0,0,1,3,0,0,0,0,0,1,1,1,1,1,1,1,0
digg.com,0,0,1,2,0,0,0,0,0,1,0,1,1,0,1,0,0
paytm.com,0,0,1,2,0,0,0,0,0,1,0,1,0,0,1,0,0
telegraf.com.ua,0,0,1,3,0,0,0,0,0,1,0,1,0,0,1,0,0
thechive.com,0,0,1,4,0,0,0,0,0,1,0,0,1,0,1,0,0
extratorrent.cc,0,0,1,3,0,0,0,0,1,0,1,1,1,1,1,1,0
medium.com,0,1,1,2,0,0,0,0,0,1,0,1,1,0,1,0,0
olx.pl,0,0,1,7,0,0,0,0,0,1,0,0,1,0,1,0,0
akhbarelyom.com,0,0,1,5,0,0,0,0,0,1,0,1,1,0,1,0,0
plarium.com,0,0,1,5,0,0,0,0,0,1,0,1,1,0,1,0,0
indianexpress.com,0,0,1,3,0,0,0,0,0,1,0,1,1,0,1,0,0
mylust.com,0,0,1,3,0,0,1,0,0,1,0,0,0,0,1,0,0
distractify.com,0,0,1,10,0,0,0,0,0,1,0,0,1,0,1,0,0
dropbooks.tv,0,0,1,3,0,0,0,0,0,0,0,1,1,0,1,0,0
fazenda.gov.br,0,0,1,5,0,0,0,0,1,1,1,1,1,1,1,1,0
mylust.com,0,0,1,3,0,0,1,0,0,1,0,0,0,0,1,0,0
thenextweb.com,0,0,1,6,0,0,0,0,0,1,0,1,0,0,1,1,0
sourceforge.net,0,0,1,3,0,0,0,0,0,1,0,1,1,0,1,0,0
interpark.com,0,0,1,2,0,0,0,0,0,1,0,0,1,0,1,0,0
rt.com,0,0,1,3,0,0,1,0,0,1,0,0,0,0,1,1,0
mirtesen.ru,0,0,1,1,0,0,0,0,0,1,0,0,1,0,1,0,0
xhamster.com,0,0,1,3,0,0,0,0,0,1,0,1,1,1,1,1,0
myspace.com,0,0,1,5,0,0,0,0,0,1,0,1,0,0,1,0,0
tobogo.net,0,0,1,2,0,0,0,0,1,0,1,1,1,1,1,1,0
noticias.uol.com.br,0,0,1,6,0,0,0,0,0,0,0,1,1,1,1,1,0
themeforest.net,0,0,1,4,0,0,0,0,0,1,0,1,1,0,1,0,0
kakaku.com,0,0,1,6,0,0,0,0,0,1,0,1,0,0,1,0,0
allegro.pl,0,0,1,2,0,0,0,0,0,1,0,0,1,0,1,0,0
codepen.io,0,0,1,3,0,0,0,0,0,1,0,1,1,0,1,0,0
plarium.com,0,0,1,5,0,0,0,0,0,1,0,1,1,0,1,0,0
hootsuite.com,0,0,1,3,0,0,0,0,0,1,0,1,0,0,1,0,0
ecnavi.jp,0,0,1,1,1,0,0,0,0,1,0,0,0,0,1,0,0
otomoto.pl,0,0,1,2,0,0,0,0,0,1,0,1,1,0,1,0,0
mic.com,0,0,1,3,0,0,0,0,0,1,0,1,1,0,1,0,0
akhbarelyom.com,0,0,1,5,0,0,0,0,0,1,0,1,1,0,1,0,0
katproxy.com,0,0,1,1,0,0,0,0,0,0,0,0,0,0,1,0,0
hollywoodlife.com,0,0,1,4,0,0,0,0,0,1,0,1,1,0,1,0,0
pornsharing.com,0,0,1,1,0,0,0,0,0,0,0,0,1,0,1,0,0
akhbarelyom.com,0,0,1,2,0,0,0,0,0,1,0,1,1,0,1,0,0
babal.net,0,0,1,4,0,0,0,0,0,0,0,1,1,0,1,0,0
xhamster.com,0,0,1,3,0,0,0,0,0,1,0,1,1,1,1,1,0
olx.ua,0,0,1,3,0,0,0,0,0,1,0,0,1,0,1,0,0
allegro.pl,0,0,1,1,0,0,0,0,0,1,0,0,1,0,1,0,0
nypost.com,0,0,1,4,0,0,1,0,0,1,0,1,0,0,1,0,0
torcache.net,0,0,1,2,0,0,0,0,0,0,0,1,1,0,1,0,0
cheezburger.com,0,0,1,2,0,0,0,0,0,1,0,0,1,0,1,0,0
seasonvar.ru,0,0,1,1,0,0,0,0,0,1,0,1,1,0,1,0,0
mic.com,0,0,1,3,0,0,0,0,0,1,0,1,1,0,1,0,0
kienthuc.net.vn,0,0,1,2,0,0,0,0,0,0,1,1,1,0,1,0,0
gizmodo.com,0,0,1,1,0,0,0,0,0,1,0,1,1,0,1,0,0
vnexpress.net,0,0,1,3,0,0,0,0,0,1,0,1,1,0,1,1,0
kickass.to,0,0,1,3,0,0,0,0,0,0,0,1,1,1,1,1,0
zozo.jp,0,0,1,2,0,0,0,0,0,1,0,0,1,0,1,0,0
askubuntu.com,0,0,1,3,0,0,0,0,0,1,0,0,1,0,1,0,0
babal.net,0,0,1,4,0,0,0,0,0,0,0,1,1,0,1,0,0
codecanyon.net,0,0,1,3,0,0,0,0,0,1,0,1,1,0,1,0,0
torcache.net,0,0,1,2,0,0,0,0,0,0,0,1,0,0,1,0,0
grantland.com,0,0,1,2,0,0,0,0,0,1,0,1,1,0,1,0,0
censor.net.ua,0,0,1,3,0,0,0,0,0,0,0,1,1,0,1,0,0
twitter.com,0,0,1,1,0,0,0,0,0,1,0,0,1,0,1,0,0
bestblackhatforum.com,0,0,1,1,0,0,0,0,0,0,0,1,1,0,1,0,0
fortune.com,0,0,1,4,0,0,0,0,0,1,0,1,0,0,1,0,0
twitter.com,0,0,1,1,0,0,0,0,0,1,0,0,1,0,1,0,0
twitter.com,0,0,1,1,0,0,0,0,0,1,0,0,1,0,1,0,0
mirtesen.ru,0,0,1,1,0,0,0,0,0,1,0,0,1,0,1,0,0
nypost.com,0,0,1,4,0,0,1,0,0,1,0,1,0,0,1,0,0
indianexpress.com,0,0,1,4,0,0,0,0,0,1,0,1,1,0,1,0,0
indianexpress.com,0,0,1,4,0,0,0,0,0,1,0,1,1,0,1,0,0
censor.net.ua,0,0,1,14,0,0,0,0,0,0,0,1,1,0,1,0,0
mic.com,0,0,1,1,0,0,0,0,0,1,0,1,1,0,1,0,0
teespring.com,0,0,1,2,0,0,0,0,0,1,0,0,1,0,1,0,0
xvideo-jp.com,0,0,1,5,0,0,0,1,0,1,0,1,0,0,1,0,0
distractify.com,0,0,1,10,0,0,0,0,0,1,0,0,1,0,1,0,0
abcnews.go.com,0,0,1,3,0,0,0,0,0,1,0,0,1,0,1,0,0
atwiki.jp,0,0,1,2,0,0,0,0,0,1,0,0,1,0,1,0,0
torcache.net,0,0,1,2,0,0,0,0,0,0,0,1,0,0,1,0,0
twitter.com,0,0,1,1,0,0,0,0,0,1,0,0,1,0,1,0,0
web.de,0,0,1,4,0,0,0,0,0,1,1,1,1,1,1,1,0
tinnhanh360.net,0,0,1,1,0,0,0,0,0,0,0,0,1,0,1,0,0
extratorrent.cc,0,0,1,3,0,0,0,0,1,0,1,1,1,1,1,1,0
web.de,0,0,1,5,0,0,0,0,0,1,1,1,1,1,1,1,0
thenextweb.com,0,0,1,6,0,0,0,0,0,1,0,1,0,0,1,1,0
interpark.com,0,0,1,2,0,0,0,0,0,1,0,0,1,0,1,0,0
giphy.com,0,0,1,2,1,0,0,0,0,1,0,1,1,1,1,1,0
seesaawiki.jp,0,0,1,4,0,0,0,0,0,1,0,0,1,0,1,0,0
variety.com,0,0,1,4,0,0,0,0,0,1,0,1,0,0,1,0,0
emgn.com,0,0,1,2,0,0,0,0,1,0,1,1,1,1,1,1,0
emgn.com,0,0,1,2,0,0,0,0,1,0,1,1,1,1,1,1,0
censor.net.ua,0,0,1,3,0,0,0,0,0,0,0,1,1,0,1,0,0
mic.com,0,0,1,3,0,0,0,0,0,1,0,1,1,0,1,0,0
clien.net,0,0,1,3,0,0,0,0,0,1,0,1,1,0,1,0,0
thenextweb.com,0,0,1,7,0,0,0,0,0,1,0,1,0,0,1,1,0
tobogo.net,0,0,1,2,0,0,0,0,1,0,1,1,1,1,1,1,0
otomoto.pl,0,0,1,2,0,0,0,0,0,1,0,1,1,0,1,0,0
ap.org,0,0,1,4,0,0,0,0,0,1,0,1,1,0,1,0,0
otomoto.pl,0,0,1,2,0,0,0,0,0,1,0,1,1,0,1,0,0
techcrunch.com,0,0,1,4,0,0,0,0,0,1,0,1,1,0,1,0,0
extratorrent.cc,0,0,1,3,0,0,0,0,1,0,1,1,1,1,1,1,0
noticias.uol.com.br,0,0,1,7,0,0,0,0,0,0,0,1,1,1,1,1,0
olx.co.id,0,0,1,7,0,0,1,0,0,1,1,1,1,1,1,1,0
emgn.com,0,0,1,2,0,0,0,0,1,0,1,1,1,1,1,1,0
kienthuc.net.vn,0,0,1,2,0,0,0,0,0,0,1,1,1,0,1,0,0
codecanyon.net,0,0,1,4,0,0,0,0,0,1,0,1,1,0,1,0,0
babal.net,0,0,1,4,0,0,0,0,0,0,0,1,1,0,1,0,0
mic.com,0,0,1,3,0,0,0,0,0,1,0,1,1,0,1,0,0
torcache.net,0,0,1,2,0,0,0,0,0,0,0,1,0,0,1,0,0
ap.org,0,0,1,4,0,0,0,0,0,1,0,1,1,0,1,0,0
otomoto.pl,0,0,1,2,0,0,0,0,0,1,0,1,1,0,1,0,0
kenh14.vn,0,0,1,2,0,0,0,0,0,1,1,1,1,0,1,0,0
otomoto.pl,0,0,1,7,0,0,0,0,0,1,0,1,1,0,1,0,0
elitedaily.com,0,0,1,3,0,0,0,0,0,1,0,1,1,0,1,1,0
qz.com,0,0,1,2,0,0,0,0,0,1,0,1,1,0,1,0,0
telegraf.com.ua,0,0,1,3,0,0,0,0,0,1,0,1,0,0,1,0,0
500px.com,0,0,1,3,0,0,1,0,0,1,0,1,1,0,1,0,0
elitedaily.com,0,0,1,4,0,0,0,0,0,1,0,1,1,0,1,1,0
censor.net.ua,0,0,1,3,0,0,0,0,0,0,0,1,1,0,1,0,0
elitedaily.com,0,0,1,3,0,0,0,0,0,1,0,1,1,0,1,1,0
tinnhanh360.net,0,0,1,1,0,0,0,0,0,0,0,0,1,0,1,0,0
pornsharing.com,0,0,1,1,0,0,0,0,0,0,0,0,1,0,1,0,0
correios.com.br,0,0,1,3,0,0,0,0,0,1,0,1,0,0,1,0,0
torcache.net,0,0,1,2,0,0,0,0,0,0,0,1,1,0,1,0,0
pantip.com,0,0,1,2,0,0,0,0,0,1,0,1,0,0,1,0,0
olx.ro,0,0,1,7,0,0,0,0,0,1,1,1,1,0,1,0,0
olx.ua,0,0,1,3,0,0,0,0,0,1,0,0,1,0,1,0,0
qz.com,0,0,1,2,0,0,0,0,0,1,0,1,1,0,1,0,0
olx.co.id,0,0,1,7,0,0,1,0,0,1,1,1,1,1,1,1,0
thechive.com,0,0,1,4,0,0,0,0,0,1,0,0,1,0,1,1,0
distractify.com,0,0,1,10,0,0,0,0,0,1,0,0,1,0,1,0,0
thenextweb.com,0,0,1,6,0,0,0,0,0,1,0,1,0,0,1,1,0
icicibank.com,0,0,1,3,0,0,0,0,0,1,0,1,1,1,1,1,0
askubuntu.com,0,0,1,3,0,0,0,0,0,1,0,0,1,0,1,0,0
thechive.com,0,0,1,4,0,0,0,0,0,1,0,0,1,0,1,0,0
sourceforge.net,0,0,1,3,0,0,0,0,0,1,0,1,1,0,1,0,0
tobogo.net,0,0,1,2,0,0,0,0,1,0,1,1,1,1,1,1,0
olx.co.id,0,0,1,2,0,0,1,0,0,1,1,1,1,1,1,1,0
motthegioi.vn,0,0,1,3,0,0,0,0,0,0,1,1,1,0,1,0,0
getpocket.com,0,0,1,1,1,0,1,0,0,1,0,0,1,0,1,0,0
techcrunch.com,0,0,1,4,0,0,0,0,0,1,0,1,1,0,1,0,0
motthegioi.vn,0,0,1,2,0,0,0,0,0,0,1,1,1,0,1,0,0
espn.go.com,0,0,1,6,0,0,0,0,0,1,0,0,1,0,1,0,0
udn.com,0,0,1,4,0,0,0,0,0,1,0,1,0,0,1,0,0
1337x.to,0,0,1,3,0,0,0,0,0,1,0,1,1,1,1,1,0
bestblackhatforum.com,0,0,1,1,0,0,0,0,0,0,0,1,1,0,1,0,0
fanpage.gr,0,0,1,2,0,0,0,0,0,0,1,1,1,0,1,1,0
extratorrent.cc,0,0,1,3,0,0,0,0,1,0,1,1,1,1,1,1,0
olx.co.id,0,0,1,7,0,0,1,0,0,1,1,1,1,1,1,1,0
bestblackhatforum.com,0,0,1,1,0,0,0,0,0,0,0,1,1,0,1,0,0
grantland.com,0,0,1,2,0,0,0,0,0,1,0,1,0,0,1,0,0
pornsharing.com,0,0,1,1,0,0,0,0,0,0,0,0,1,0,1,0,0
xvideo-jp.com,0,0,1,4,0,0,0,1,0,1,0,1,0,0,1,0,0
indianexpress.com,0,0,1,3,0,0,0,0,0,1,0,1,1,0,1,0,0
kenh14.vn,0,0,1,2,0,0,0,0,0,1,1,1,1,0,1,0,0
pitchfork.com,0,0,1,3,0,0,0,0,0,1,0,0,0,0,1,0,0
nymag.com,0,0,1,9,0,0,0,0,0,1,0,0,1,0,1,1,0
genius.com,0,0,1,3,0,0,0,0,0,1,0,1,1,0,1,0,0
elcomercio.pe,0,0,1,3,0,0,0,0,0,1,1,1,0,0,1,0,0
distractify.com,0,0,1,10,0,0,0,0,0,1,0,0,1,0,1,0,0
ink361.com,0,0,1,6,0,0,0,0,0,0,0,0,1,0,1,0,0
themeforest.net,0,0,1,1,0,0,0,0,0,1,0,1,1,0,1,0,0
searchengineland.com,0,0,1,1,0,0,0,0,0,1,0,1,1,0,1,0,0
askubuntu.com,0,0,1,3,0,0,0,0,0,1,0,0,1,0,1,0,0
nguyentandung.org,0,0,1,1,0,0,0,0,0,0,0,0,1,0,1,1,0
sberbank.ru,0,0,1,8,0,0,0,0,0,1,0,1,1,0,1,0,0
extratorrent.cc,0,0,1,3,0,0,0,0,1,0,1,1,1,1,1,1,0
depositphotos.com,0,0,1,1,0,0,0,0,0,1,0,1,1,1,1,1,0
thenextweb.com,0,0,1,6,0,0,0,0,0,1,0,1,0,0,1,1,0
udn.com,0,0,1,4,0,0,0,0,0,1,0,1,0,0,1,0,0
techcrunch.com,0,0,1,4,0,0,0,0,0,1,0,1,1,0,1,0,0
superuser.com,0,0,1,3,0,0,0,0,0,1,0,0,1,0,1,0,0
censor.net.ua,0,0,1,14,0,0,0,0,0,0,0,1,1,0,1,0,0
io9.com,0,0,1,2,0,0,0,0,0,1,0,0,1,0,1,0,0
cox.com,0,0,1,3,0,0,1,0,0,1,0,0,1,0,1,0,0
auto.ru,0,0,1,4,0,0,0,0,0,1,0,0,1,0,1,0,0
privatbank.ua,0,0,1,5,0,0,0,0,0,1,0,1,0,0,1,0,0
otomoto.pl,0,0,1,6,0,0,0,0,0,1,0,1,1,0,1,0,0
twitter.com,0,0,1,1,0,0,0,0,0,1,0,0,1,0,1,0,0
cheezburger.com,0,0,1,2,0,0,0,0,0,1,0,0,1,0,1,0,0
allegro.pl,0,0,1,1,0,0,0,0,0,1,0,0,1,0,1,0,0
seekingalpha.com,0,0,1,2,0,0,0,0,0,1,0,1,1,0,1,0,0
seasonvar.ru,0,0,1,1,0,0,0,0,0,1,0,1,1,0,1,0,0
indianexpress.com,0,0,1,4,0,0,0,0,0,1,0,1,1,0,1,0,0
medium.com,0,0,1,2,0,0,0,0,0,1,0,1,1,0,1,0,0
extratorrent.cc,0,0,1,3,0,0,0,0,1,0,1,1,1,1,1,1,0
thenextweb.com,0,0,1,6,0,0,0,0,0,1,0,1,0,0,1,1,0
techcrunch.com,0,0,1,3,0,0,0,0,0,1,0,1,0,0,1,0,0
tunein.com,0,0,1,5,0,0,0,0,0,1,0,1,0,0,1,0,0
correios.com.br,0,0,1,4,0,0,0,0,0,1,0,1,0,0,1,0,0
babal.net,0,0,1,4,0,0,0,0,0,0,0,1,1,0,1,0,0
distractify.com,0,0,1,10,0,0,0,0,0,1,0,0,1,0,1,0,0
ifttt.com,0,0,1,2,0,0,1,0,0,1,0,1,0,0,1,0,0
hubpages.com,0,0,1,2,0,0,0,0,0,1,0,1,1,0,1,0,0
mixi.jp,0,0,1,1,1,0,0,0,0,1,0,0,1,0,1,0,0
prezi.com,0,0,1,2,0,0,0,0,0,1,0,1,0,0,1,0,0
techcrunch.com,0,0,1,4,0,0,0,0,0,1,0,1,1,0,1,0,0
mic.com,0,0,1,3,0,0,0,0,0,1,0,1,1,0,1,0,0
kotaku.com,0,0,1,1,0,0,0,0,0,1,0,0,1,0,1,0,0
pornsharing.com,0,0,1,1,0,0,0,0,0,0,0,0,1,0,1,0,0
kienthuc.net.vn,0,0,1,2,0,0,0,0,0,0,1,1,1,0,1,0,0
web.de,0,0,1,3,0,0,0,0,0,1,1,1,1,1,1,1,0
olx.co.id,0,0,1,7,0,0,1,0,0,1,1,1,1,1,1,1,0
web.de,0,0,1,4,0,0,0,0,0,1,1,1,1,1,1,1,0
web.de,0,0,1,4,0,0,0,0,0,1,1,1,1,1,1,1,0
torrentdn.com,0,0,1,2,0,0,0,0,1,0,1,1,1,1,1,1,0
tinnhanh360.net,0,0,1,1,0,0,0,0,0,0,0,0,1,0,1,0,0
babal.net,0,0,1,4,0,0,0,0,0,0,0,1,1,0,1,0,0
kenh14.vn,0,0,1,2,0,0,0,0,0,1,1,1,1,0,1,0,0
cheezburger.com,0,0,1,2,0,0,0,0,0,1,0,0,1,0,1,0,0
digg.com,0,0,1,2,0,0,0,0,0,1,0,1,1,0,1,0,0
babal.net,0,0,1,4,0,0,0,0,0,0,0,1,1,0,1,0,0
tunein.com,0,0,1,5,0,0,0,0,0,1,0,1,0,0,1,1,0
plarium.com,0,0,1,5,0,0,0,0,0,1,0,1,1,0,1,0,0
motthegioi.vn,0,0,1,3,0,0,0,0,0,0,1,1,1,0,1,0,0
icicibank.com,0,0,1,4,0,0,0,0,0,1,0,1,1,1,1,1,0
olx.co.id,0,0,1,7,0,0,1,0,0,1,1,1,1,1,1,1,0
cheezburger.com,0,0,1,2,0,0,0,0,0,1,0,0,1,0,1,0,0
distractify.com,0,0,1,10,0,0,0,0,0,1,0,0,1,0,1,0,0
sourceforge.net,0,0,1,3,0,0,0,0,0,1,0,1,1,0,1,0,0
twitter.com,0,0,1,1,0,0,0,0,0,1,0,0,1,0,1,0,0
depositphotos.com,0,0,1,1,0,0,0,0,0,1,0,1,1,1,1,1,0
metro.co.uk,0,0,1,4,0,0,0,0,0,1,1,1,1,0,1,0,0
500px.com,0,0,1,3,0,0,1,0,0,1,0,1,1,0,1,0,0
mixi.jp,0,0,1,3,0,0,0,0,0,1,0,0,1,0,1,0,0
serverfault.com,0,0,1,3,0,0,1,0,0,1,0,1,1,0,1,0,0
gizmodo.com,0,0,1,2,0,0,0,0,0,1,0,1,1,0,1,0,0
twitter.com,0,0,1,1,0,0,0,0,0,1,0,0,1,0,1,0,0
olx.co.id,0,0,1,4,0,0,1,0,0,1,1,1,1,1,1,1,0
tinnhanh360.net,0,0,1,1,0,0,0,0,0,0,0,0,1,0,1,0,0
web.de,0,0,1,5,0,0,0,0,0,1,1,1,1,1,1,1,0
torcache.net,0,0,1,2,0,0,0,0,0,0,0,1,0,0,1,0,0
olx.ro,0,0,1,7,0,0,0,0,0,1,1,1,1,0,1,0,0
mic.com,0,0,1,3,0,0,0,0,0,1,0,1,1,0,1,0,0
skyrock.com,0,0,1,2,0,0,0,0,0,1,0,1,1,0,1,0,0
motthegioi.vn,0,0,1,2,0,0,0,0,0,0,1,1,1,0,1,0,0
paytm.com,0,0,1,2,0,0,0,0,0,1,0,1,0,0,1,0,0
mic.com,0,0,1,3,0,0,0,0,0,1,0,1,1,0,1,0,0
babal.net,0,0,1,3,0,0,0,0,0,0,0,1,1,0,1,0,0
interpark.com,0,0,1,2,0,0,0,0,0,1,0,0,1,0,1,0,0
patch.com,0,0,1,3,0,0,0,0,0,1,0,1,0,0,1,0,0
web.de,0,0,1,5,0,0,0,0,0,1,1,1,1,1,1,1,0
extratorrent.cc,0,0,1,3,0,0,0,0,1,0,1,1,1,1,1,1,0
getpocket.com,0,0,1,1,1,0,1,0,0,1,0,0,1,0,1,0,0
conservativetribune.com,0,0,1,1,0,0,0,0,0,0,0,0,1,0,1,0,0
ecnavi.jp,0,0,1,1,1,0,0,0,0,1,0,0,0,0,1,0,0
tobogo.net,0,0,1,2,0,0,0,0,1,0,1,1,1,1,1,1,0
jugem.jp,0,0,1,2,0,0,0,0,0,1,0,1,1,0,1,0,0
mic.com,0,0,1,3,0,0,0,0,0,1,0,1,1,0,1,0,0
allrecipes.com,0,0,1,3,0,0,0,0,0,1,0,1,1,0,1,0,0
web.tv,0,0,1,8,0,0,0,0,0,0,0,1,1,0,1,0,0
torcache.net,0,0,1,2,0,0,0,0,0,0,0,1,0,0,1,0,0
nesn.com,0,0,1,3,0,0,0,0,0,1,0,1,0,0,1,0,0
kienthuc.net.vn,0,0,1,2,0,0,0,0,0,0,1,1,1,0,1,0,0
fanpage.gr,0,0,1,3,0,0,0,0,0,0,1,1,1,0,1,1,0
stackoverflow.com,0,0,1,3,0,0,0,0,0,1,0,0,1,0,1,0,0
tobogo.net,0,0,1,2,0,0,0,0,1,0,1,1,1,1,1,1,0
torcache.net,0,0,1,2,0,0,0,0,0,0,0,1,0,0,1,0,0
motthegioi.vn,0,0,1,2,0,0,0,0,0,0,1,1,1,0,1,0,0
thenextweb.com,0,0,1,6,0,0,0,0,0,1,0,1,0,0,1,1,0
mixi.jp,0,0,1,1,1,0,0,0,0,1,0,0,1,0,1,0,0
skyrock.com,0,0,1,2,0,0,0,0,0,1,0,1,1,0,1,0,0
gizmodo.com,0,0,1,2,0,0,0,0,0,1,0,1,1,0,1,1,0
elitedaily.com,0,0,1,4,0,0,0,0,0,1,0,1,1,0,1,1,0
motthegioi.vn,0,0,1,2,0,0,0,0,0,0,1,1,1,0,1,0,0
motthegioi.vn,0,0,1,2,0,0,0,0,0,0,1,1,1,0,1,0,0
udn.com,0,0,1,4,0,0,0,0,0,1,0,1,0,0,1,0,0
kienthuc.net.vn,0,0,1,2,0,0,0,0,0,0,1,1,1,0,1,0,0
olx.ro,0,0,1,7,0,0,0,0,0,1,1,1,1,0,1,0,0
icicibank.com,0,0,1,4,0,0,0,0,0,1,0,1,1,1,1,1,0
quizlet.com,0,0,1,1,0,0,1,0,0,1,0,1,1,0,1,0,0
olx.in,0,0,1,3,0,0,0,0,0,1,0,1,1,0,1,0,0
udn.com,0,0,1,4,0,0,0,0,0,1,0,1,0,0,1,0,0
kenh14.vn,0,0,1,2,0,0,0,0,0,1,1,1,1,0,1,0,0
torcache.net,0,0,1,2,0,0,0,0,0,0,0,1,0,0,1,0,0
interpark.com,0,0,1,2,0,0,0,0,0,1,0,0,1,0,1,0,0
distractify.com,0,0,1,10,0,0,0,0,0,1,0,0,1,1,1,1,0
udn.com,0,0,1,4,0,0,0,0,0,1,0,1,0,0,1,0,0
codecanyon.net,0,0,1,4,0,0,0,0,0,1,0,1,1,0,1,0,0
correios.com.br,0,0,1,4,0,0,0,0,0,1,0,1,0,0,1,0,0
tunein.com,0,0,1,5,0,0,0,0,0,1,0,1,0,0,1,0,0
babal.net,0,0,1,4,0,0,0,0,0,0,0,1,1,0,1,0,0
digg.com,0,0,1,2,0,0,0,0,0,1,0,1,1,0,1,0,0
elitedaily.com,0,0,1,3,0,0,0,0,0,1,0,1,1,0,1,1,0
privatbank.ua,0,0,1,3,0,0,0,0,0,1,0,1,0,0,1,0,0
ringring.vn,0,0,1,1,0,0,0,0,0,0,1,1,1,0,1,0,0
kakaku.com,0,0,1,6,0,0,0,0,0,1,0,1,0,0,1,0,0
icicibank.com,0,0,1,6,0,0,0,0,0,1,0,1,1,1,1,1,0
variety.com,0,0,1,6,0,0,0,0,0,1,0,1,0,0,1,0,0
seesaawiki.jp,0,0,1,4,0,0,0,0,0,1,0,0,1,0,1,0,0
plarium.com,0,0,1,5,0,0,0,0,0,1,0,1,1,0,1,0,0
stackoverflow.com,0,0,1,3,0,0,0,0,0,1,0,0,1,0,1,0,0
qz.com,0,0,1,2,0,0,0,0,0,1,0,1,1,0,1,0,0
kenh14.vn,0,0,1,2,0,0,0,0,0,1,1,1,0,0,1,0,0
wikimapia.org,0,0,1,3,0,0,0,0,0,1,0,0,1,0,1,0,0
mylust.com,0,0,1,3,0,0,1,0,0,1,0,0,0,0,1,0,0
ringring.vn,0,0,1,1,0,0,0,0,0,0,1,1,1,0,1,0,0
torrentdn.com,0,0,1,2,0,0,0,0,1,0,1,1,1,1,1,1,0
nesn.com,0,0,1,3,0,0,0,0,0,1,0,1,0,0,1,0,0
buzzfil.net,0,0,1,4,0,0,0,0,0,0,0,0,1,1,1,1,0
tobogo.net,0,0,1,2,0,0,0,0,1,0,1,1,1,1,1,1,0
distractify.com,0,0,1,10,0,0,0,0,0,1,0,0,1,1,1,1,0
icicibank.com,0,0,1,5,0,0,0,0,0,1,0,1,1,1,1,1,0
diply.com,0,0,1,3,0,0,0,0,0,0,0,1,1,0,1,0,0
tune.pk,0,0,1,3,0,0,0,0,0,0,0,1,1,1,1,1,0
motthegioi.vn,0,0,1,3,0,0,0,0,0,0,1,1,1,0,1,0,0
allegro.pl,0,0,1,3,0,0,0,0,0,1,0,0,1,0,1,0,0
nymag.com,0,0,1,5,0,0,0,0,0,1,0,0,0,0,1,0,0
steamcommunity.com,0,0,1,7,1,0,0,0,0,1,0,1,1,0,1,0,0
privatbank.ua,0,0,1,5,0,0,0,0,0,1,0,1,0,0,1,0,0
squarespace.com,0,0,1,5,0,0,0,0,0,1,0,1,0,0,1,1,0
tobogo.net,0,0,1,2,0,0,0,0,1,0,1,1,1,1,1,1,0
tobogo.net,0,0,1,2,0,0,0,0,1,0,1,1,1,1,1,1,0
serverfault.com,0,0,1,3,0,0,1,0,0,1,0,1,1,0,1,0,0
twitter.com,0,0,1,1,0,0,0,0,0,1,0,0,1,0,1,0,0
motthegioi.vn,0,0,1,2,0,0,0,0,0,0,1,1,1,0,1,0,0
twitter.com,0,0,1,1,0,0,0,0,0,1,0,0,1,0,1,0,0
medium.com,0,0,1,2,0,0,0,0,0,1,0,1,1,0,1,0,0
medium.com,0,1,1,2,0,0,0,0,0,1,0,1,1,0,1,0,0
variety.com,0,0,1,4,0,0,0,0,0,1,0,1,0,0,1,0,0
mediaset.it,0,0,1,3,0,0,0,0,0,1,0,0,1,0,1,1,0
bdnews24.com,0,0,1,5,0,0,0,0,0,1,0,1,1,0,1,0,0
sfglobe.com,0,0,1,4,0,0,0,0,0,0,0,1,1,1,1,1,0
interpark.com,0,0,1,2,0,0,0,0,0,1,0,0,1,0,1,0,0
privatbank.ua,0,0,1,4,0,0,0,0,0,1,0,1,0,0,1,0,0
pikabu.ru,0,0,1,3,0,0,0,0,0,1,0,1,1,0,1,0,0
akhbarelyom.com,0,0,1,5,0,0,0,0,0,1,0,1,1,0,1,0,0
kotaku.com,0,0,1,2,0,0,0,0,0,1,0,0,1,1,1,1,0
torcache.net,0,0,1,2,0,0,0,0,0,0,0,1,0,0,1,0,0
gizmodo.com,0,0,1,2,0,0,0,0,0,1,0,1,1,0,1,1,0
ink361.com,0,0,1,6,0,0,0,0,0,0,0,0,1,0,1,0,0
indianexpress.com,0,0,1,4,0,0,0,0,0,1,0,1,1,0,1,0,0
digg.com,0,0,1,2,0,0,0,0,0,1,0,1,1,0,1,0,0
espn.go.com,0,0,1,9,0,0,0,0,0,1,0,0,1,0,1,0,0
buzzfil.net,0,0,1,4,0,0,0,0,0,0,0,0,1,1,1,1,0
techcrunch.com,0,0,1,4,0,0,0,0,0,1,0,1,0,0,1,0,0
ap.org,0,0,1,4,0,0,0,0,0,1,0,1,1,0,1,0,0
thenextweb.com,0,0,1,6,0,0,0,0,0,1,0,1,0,0,1,1,0
clien.net,0,0,1,3,0,0,0,0,0,1,0,1,1,0,1,0,0
pitchfork.com,0,0,1,2,0,0,0,0,0,1,0,0,0,0,1,0,0
censor.net.ua,0,0,1,3,0,0,0,0,0,0,0,1,1,0,1,0,0
distractify.com,0,0,1,10,0,0,0,0,0,1,0,0,1,0,1,0,0
interpark.com,0,0,1,2,0,0,0,0,0,1,0,0,1,0,1,0,0
caixa.gov.br,0,0,1,4,0,0,0,0,0,1,1,1,0,0,1,1,0
xhamster.com,0,0,1,3,0,0,0,0,0,1,0,1,1,1,1,1,0
torcache.net,0,0,1,2,0,0,0,0,0,0,0,1,0,0,1,0,0
abc.go.com,0,0,1,5,0,0,0,0,0,1,0,0,1,0,1,0,0
distractify.com,0,0,1,10,0,0,0,0,0,1,0,0,1,0,1,0,0
fishki.net,0,0,1,1,0,0,0,0,0,1,0,1,1,0,1,0,0
depositphotos.com,0,0,1,1,0,0,0,0,0,1,0,1,1,1,1,1,0
persianblog.ir,0,0,1,4,0,0,0,0,1,0,1,1,1,1,1,1,0
jezebel.com,0,0,1,3,0,0,0,0,0,1,0,1,0,0,1,0,0
allegro.pl,0,0,1,3,0,0,0,0,0,1,0,0,1,1,1,1,0
tune.pk,0,0,1,3,0,0,0,0,0,0,0,1,1,1,1,1,0
emgn.com,0,0,1,2,0,0,0,0,1,0,1,1,1,1,1,1,0
gtbank.com,0,0,1,5,0,0,0,0,0,1,0,1,1,0,1,0,0
perezhilton.com,0,0,1,3,0,0,0,0,0,1,0,0,1,0,1,0,0
olx.in,0,0,1,3,0,0,0,0,0,1,0,1,1,0,1,0,0
tobogo.net,0,0,1,2,0,0,0,0,1,0,1,1,1,1,1,1,0
ap.org,0,0,1,4,0,0,0,0,0,1,0,1,1,0,1,0,0
censor.net.ua,0,0,1,14,0,0,0,0,0,0,0,1,1,0,1,0,0
kakaku.com,0,0,1,6,0,0,0,0,0,1,0,1,0,0,1,0,0
interpark.com,0,0,1,2,0,0,0,0,0,1,0,0,1,0,1,0,0
kotaku.com,0,0,1,2,0,0,0,0,0,1,0,0,1,0,1,0,0
themeforest.net,0,0,1,4,0,0,0,0,0,1,0,1,1,0,1,0,0
pikabu.ru,0,0,1,3,0,0,0,0,0,1,0,1,1,0,1,0,0
superuser.com,0,0,1,3,0,0,0,0,0,1,0,0,1,0,1,0,0
interpark.com,0,0,1,2,0,0,0,0,0,1,0,0,1,0,1,0,0
thenextweb.com,0,0,1,5,0,0,0,0,0,1,0,1,0,0,1,1,0
smallseotools.com,0,0,1,2,0,0,0,0,0,1,0,1,1,0,1,0,0
hollywoodlife.com,0,0,1,4,0,0,0,0,0,1,0,1,1,0,1,0,0
mediaset.it,0,0,1,5,0,0,0,0,0,1,0,0,1,0,1,1,0
metro.co.uk,0,0,1,4,0,0,0,0,0,1,1,1,1,0,1,0,0
kakaku.com,0,0,1,6,0,0,0,0,0,1,0,1,1,0,1,0,0
mic.com,0,0,1,3,0,0,0,0,0,1,0,1,1,0,1,0,0
olx.co.id,0,0,1,7,0,0,1,0,0,1,1,1,1,1,1,1,0
abc.go.com,0,0,1,9,0,0,0,0,0,1,0,0,1,0,1,0,0
themeforest.net,0,0,1,4,0,0,0,0,0,1,0,1,1,0,1,0,0
serverfault.com,0,0,1,3,0,0,1,0,0,1,0,1,1,0,1,0,0
stackoverflow.com,0,0,1,3,0,0,0,0,0,1,0,0,1,0,1,0,0
correios.com.br,0,0,1,4,0,0,0,0,0,1,0,1,0,0,1,0,0
atwiki.jp,0,0,1,2,0,0,0,0,0,1,0,0,1,0,1,0,0
digg.com,0,0,1,2,0,0,0,0,0,1,0,1,1,0,1,0,0
torcache.net,0,0,1,2,0,0,0,0,0,0,0,1,1,0,1,0,0
metro.co.uk,0,0,1,4,0,0,0,0,0,1,1,1,1,0,1,0,0
1337x.to,0,0,1,3,0,0,0,0,0,1,0,1,1,1,1,1,0
caixa.gov.br,0,0,1,5,1,0,0,0,0,1,1,1,1,0,1,1,0
babal.net,0,0,1,4,0,0,0,0,0,0,0,1,1,0,1,0,0
rocketnews24.com,0,0,1,2,0,0,0,0,0,1,0,1,0,0,1,0,0
nguyentandung.org,0,0,1,1,0,0,0,0,0,0,0,0,1,0,1,1,0
ap.org,0,0,1,4,0,0,0,0,0,1,0,1,1,0,1,0,0
medium.com,0,1,1,2,0,0,0,0,0,1,0,1,1,0,1,0,0
telegraf.com.ua,0,0,1,3,0,0,0,0,0,1,0,1,0,0,1,0,0
katproxy.com,0,0,1,1,0,0,0,0,0,0,0,0,0,0,1,0,0
mic.com,0,0,1,3,0,0,0,0,0,1,0,1,1,0,1,0,0
torcache.net,0,0,1,2,0,0,0,0,0,0,0,1,0,0,1,0,0
torcache.net,0,0,1,2,0,0,0,0,0,0,0,1,1,0,1,0,0
motthegioi.vn,0,0,1,3,0,0,0,0,0,0,1,1,1,0,1,0,0
metro.co.uk,0,0,1,4,0,0,0,0,0,1,1,1,1,0,1,0,0
privatbank.ua,0,0,1,3,0,0,0,0,0,1,0,1,0,0,1,0,0
grantland.com,0,0,1,2,0,0,0,0,0,1,0,1,1,0,1,0,0
distractify.com,0,0,1,10,0,0,0,0,0,1,0,0,1,0,1,0,0
thenextweb.com,0,0,1,6,0,0,0,0,0,1,0,1,0,0,1,1,0
emgn.com,0,0,1,2,0,0,0,0,1,0,1,1,1,1,1,1,0
kickass.to,0,0,1,1,0,0,0,0,0,0,0,1,1,1,1,1,0
ringring.vn,0,0,1,1,0,0,0,0,0,0,1,1,1,0,1,0,0
torcache.net,0,0,1,2,0,0,0,0,0,0,0,1,1,0,1,0,0
allegro.pl,0,0,1,2,0,0,0,0,0,1,0,0,1,0,1,0,0
thenextweb.com,0,0,1,7,0,0,0,0,0,1,0,1,0,0,1,1,0
500px.com,0,0,1,3,0,0,1,0,0,1,0,1,1,0,1,0,0
indianexpress.com,0,0,1,4,0,0,0,0,0,1,0,1,1,0,1,0,0
babal.net,0,0,1,4,0,0,0,0,0,0,0,1,1,0,1,0,0
tobogo.net,0,0,1,2,0,0,0,0,1,0,1,1,1,1,1,1,0
xvideo-jp.com,0,0,1,4,0,0,0,1,0,1,0,1,0,0,1,1,0
nesn.com,0,0,1,3,0,0,0,0,0,1,0,1,0,0,1,0,0
maybank2u.com.my,0,0,1,4,0,0,0,0,0,1,0,1,1,1,1,1,0
nesn.com,0,0,1,3,0,0,0,0,0,1,0,1,0,0,1,0,0
torcache.net,0,0,1,2,0,0,0,0,0,0,0,1,1,0,1,0,0
privatbank.ua,0,0,1,5,0,0,0,0,0,1,0,1,0,0,1,0,0
kenh14.vn,0,0,1,2,0,0,0,0,0,1,1,1,1,0,1,0,0
torcache.net,0,0,1,2,0,0,0,0,0,0,0,1,1,0,1,0,0
correios.com.br,0,0,1,4,0,0,0,0,0,1,0,1,0,0,1,0,0
babal.net,0,0,1,4,0,0,0,0,0,0,0,1,1,0,1,0,0
espn.go.com,0,0,1,6,0,0,0,0,0,1,0,0,1,0,1,0,0
grantland.com,0,0,1,2,0,0,0,0,0,1,0,1,1,0,1,0,0
maybank2u.com.my,0,0,1,4,0,0,0,0,0,1,0,1,1,1,1,1,0
kickass.to,0,0,1,1,0,0,0,0,0,0,0,1,1,1,1,1,0
tobogo.net,0,0,1,2,0,0,0,0,1,0,1,1,1,1,1,1,0
mic.com,0,0,1,3,0,0,0,0,0,1,0,1,1,0,1,0,0
motthegioi.vn,0,0,1,2,0,0,0,0,0,0,1,1,1,0,1,0,0
babal.net,0,0,1,4,0,0,0,0,0,0,0,1,1,0,1,0,0
indianexpress.com,0,0,1,3,0,0,0,0,0,1,0,1,1,0,1,0,0
distractify.com,0,0,1,10,0,0,0,0,0,1,0,0,1,0,1,0,0
stackoverflow.com,0,0,1,3,0,0,0,0,0,1,0,0,1,0,1,0,0
1337x.to,0,0,1,3,0,0,0,0,0,1,0,1,1,1,1,1,0
thenextweb.com,0,0,1,6,0,0,0,0,0,1,0,1,0,0,1,1,0
torcache.net,0,0,1,2,0,0,0,0,0,0,0,1,0,0,1,0,0
distractify.com,0,0,1,10,0,0,0,0,0,1,0,0,1,0,1,0,0
mirtesen.ru,0,0,1,2,0,0,0,0,0,1,0,0,1,0,1,0,0
extratorrent.cc,0,0,1,3,0,0,0,0,1,0,1,1,1,1,1,1,0
indianexpress.com,0,0,1,4,0,0,0,0,0,1,0,1,1,0,1,0,0
censor.net.ua,0,0,1,14,0,0,0,0,0,0,0,1,1,0,1,0,0
getpocket.com,0,0,1,1,1,0,1,0,0,1,0,0,1,0,1,0,0
grantland.com,0,0,1,2,0,0,0,0,0,1,0,1,1,0,1,0,0
thenextweb.com,0,0,1,6,0,0,0,0,0,1,0,1,0,0,1,1,0
paytm.com,0,0,1,2,0,0,0,0,0,1,0,1,0,0,1,0,0
torcache.net,0,0,1,2,0,0,0,0,0,0,0,1,0,0,1,0,0
extratorrent.cc,0,0,1,3,0,0,0,0,1,0,1,1,1,1,1,1,0
serverfault.com,0,0,1,3,0,0,1,0,0,1,0,1,1,0,1,0,0
indianexpress.com,0,0,1,4,0,0,0,0,0,1,0,1,1,0,1,0,0
maybank2u.com.my,0,0,1,4,0,0,0,0,0,1,0,1,1,1,1,1,0
mashable.com,0,0,1,6,0,0,0,0,0,1,0,1,0,0,1,0,0
thenextweb.com,0,0,1,5,0,0,0,0,0,1,0,1,0,0,1,1,0
noticias.uol.com.br,0,0,1,6,0,0,0,0,0,0,0,1,1,1,1,1,0
persianblog.ir,0,0,1,4,0,0,0,0,1,0,1,1,1,1,1,1,0
torrentdn.com,0,0,1,2,0,0,0,0,1,0,1,1,1,1,1,1,0
hollywoodlife.com,0,0,1,4,0,0,0,0,0,1,0,1,1,0,1,0,0
askubuntu.com,0,0,1,3,0,0,0,0,0,1,0,0,1,0,1,0,0
ap.org,0,0,1,4,0,0,0,0,0,1,0,1,1,0,1,0,0
uproxx.com,0,0,1,4,0,0,1,0,0,1,0,1,1,0,1,0,0
censor.net.ua,0,0,1,3,0,0,0,0,0,0,0,1,1,0,1,0,0
mic.com,0,0,1,3,0,0,0,0,0,1,0,1,1,0,1,0,0
putlocker.is,0,0,1,1,0,0,0,0,0,0,0,0,0,0,1,0,0
ecnavi.jp,0,0,1,1,1,0,0,0,0,1,0,0,0,0,1,0,0
twitter.com,0,0,1,1,0,0,0,0,0,1,0,0,1,0,1,0,0
hollywoodlife.com,0,0,1,4,0,0,0,0,0,1,0,1,1,0,1,0,0
seesaawiki.jp,0,0,1,3,0,0,0,0,0,1,0,0,1,0,1,0,0
fanpage.gr,0,0,1,2,0,0,0,0,0,0,1,1,0,0,1,1,0
nesn.com,0,0,1,3,0,0,0,0,0,1,0,1,0,0,1,0,0
momoshop.com.tw,0,0,1,2,0,0,0,0,0,1,0,1,1,0,1,0,0
kakaku.com,0,0,1,6,0,0,0,0,0,1,0,1,0,0,1,0,0
indianexpress.com,0,0,1,3,0,0,0,0,0,1,0,1,1,0,1,0,0
torcache.net,0,0,1,2,0,0,0,0,0,0,0,1,0,0,1,0,0
ecnavi.jp,0,0,1,1,1,0,0,0,0,1,0,0,0,0,1,0,0
thenextweb.com,0,0,1,7,0,0,0,0,0,1,0,1,0,0,1,1,0
buzzfil.net,0,0,1,4,0,0,0,0,0,0,0,0,1,1,1,1,0
gov.uk,0,0,1,3,0,0,0,0,0,0,1,1,1,0,1,0,0
ecnavi.jp,0,0,1,1,1,0,0,0,0,1,0,0,0,0,1,0,0
torcache.net,0,0,1,2,0,0,0,0,0,0,0,1,0,0,1,0,0
sourceforge.net,0,0,1,3,0,0,0,0,0,1,0,1,1,0,1,0,0
mylust.com,0,0,1,3,0,0,1,0,0,1,0,0,0,0,1,0,0
distractify.com,0,0,1,2,0,0,0,0,0,1,0,0,1,0,1,0,0
mylust.com,0,0,1,3,0,0,1,0,0,1,0,0,0,0,1,0,0
indianexpress.com,0,0,1,4,0,0,0,0,0,1,0,1,1,0,1,0,0
kenh14.vn,0,0,1,2,0,0,0,0,0,1,1,1,1,0,1,0,0
correios.com.br,0,0,1,3,0,0,0,0,0,1,0,1,0,0,1,0,0
katproxy.com,0,0,1,1,0,0,0,0,0,0,0,0,0,0,1,0,0
olx.co.id,0,0,1,2,0,0,1,0,0,1,1,1,1,1,1,1,0
pornsharing.com,0,0,1,1,0,0,0,0,0,0,0,0,1,0,1,0,0
kienthuc.net.vn,0,0,1,2,0,0,0,0,0,0,1,1,1,0,1,0,0
tobogo.net,0,0,1,2,0,0,0,0,1,0,1,1,1,1,1,1,0
abcnews.go.com,0,0,1,3,0,0,0,0,0,1,0,0,1,0,1,0,0
serverfault.com,0,0,1,3,0,0,1,0,0,1,0,1,1,0,1,0,0
thenextweb.com,0,0,1,6,0,0,0,0,0,1,0,1,0,0,1,1,0
deadspin.com,0,0,1,4,0,0,0,0,0,1,0,1,1,1,1,1,0
twitter.com,0,0,1,1,0,0,0,0,0,1,0,0,1,0,1,0,0
deadspin.com,0,0,1,3,0,0,0,0,0,1,0,1,1,1,1,1,0
dribbble.com,0,0,1,2,0,0,0,0,0,1,0,0,1,0,1,0,0
babal.net,0,0,1,5,0,0,0,0,0,0,0,1,1,0,1,0,0
ink361.com,0,0,1,6,0,0,0,0,0,0,0,0,1,0,1,0,0
thenextweb.com,0,0,1,7,0,0,0,0,0,1,0,1,0,0,1,1,0
udn.com,0,0,1,4,0,0,0,0,0,1,0,1,1,0,1,0,0
tunein.com,0,0,1,5,0,0,0,0,0,1,0,1,0,0,1,1,0
correios.com.br,0,0,1,4,0,0,0,0,0,1,0,1,0,0,1,0,0
hdfcbank.com,0,0,1,5,0,0,0,0,0,1,0,1,1,1,1,1,0
teespring.com,0,0,1,2,0,0,0,0,0,1,0,0,1,0,1,0,0
torcache.net,0,0,1,2,0,0,0,0,0,0,0,1,0,0,1,0,0
bdnews24.com,0,0,1,5,0,0,0,0,0,1,0,1,1,0,1,0,0
seesaawiki.jp,0,0,1,3,0,0,0,0,0,1,0,0,1,0,1,0,0
elitedaily.com,0,0,1,3,0,0,0,0,0,1,0,1,1,0,1,1,0
quizlet.com,0,0,1,1,0,0,1,0,0,1,0,1,1,0,1,0,0
thenextweb.com,0,0,1,6,0,0,0,0,0,1,0,1,0,0,1,1,0
olx.ro,0,0,1,5,0,0,0,0,0,1,1,1,1,0,1,0,0
olx.ro,0,0,1,7,0,0,0,0,0,1,1,1,1,0,1,0,0
censor.net.ua,0,0,1,3,0,0,0,0,0,0,0,1,1,0,1,0,0
techcrunch.com,0,0,1,4,0,0,0,0,0,1,0,1,1,0,1,0,0
motthegioi.vn,0,0,1,2,0,0,0,0,0,0,1,1,1,0,1,0,0
thenextweb.com,0,0,1,6,0,0,0,0,0,1,0,1,0,0,1,1,0
kenh14.vn,0,0,1,2,0,0,0,0,0,1,1,1,1,0,1,0,0
allegro.pl,0,0,1,2,0,0,0,0,0,1,0,0,1,1,1,1,0
correios.com.br,0,0,1,5,0,0,0,0,0,1,0,1,0,0,1,0,0
distractify.com,0,0,1,10,0,0,0,0,0,1,0,0,1,0,1,0,0
sourceforge.net,0,0,1,3,0,0,0,0,0,1,0,1,1,0,1,0,0
babal.net,0,0,1,3,0,0,0,0,0,0,0,1,1,0,1,0,0
tunein.com,0,0,1,5,0,0,0,0,0,1,0,1,0,0,1,1,0
sfglobe.com,0,0,1,4,0,0,0,0,0,0,0,1,1,1,1,1,0
olx.ro,0,0,1,5,0,0,0,0,0,1,1,1,1,0,1,0,0
hubpages.com,0,0,1,4,0,0,0,0,0,1,0,1,1,0,1,0,0
ameblo.jp,0,0,1,3,0,0,0,0,0,1,0,1,1,0,1,0,0
dantri.com.vn,0,0,1,2,0,0,0,0,0,1,1,1,0,0,1,0,0
allegro.pl,0,0,1,2,0,0,0,0,0,1,0,0,1,0,1,0,0
otomoto.pl,0,0,1,2,0,0,0,0,0,1,0,1,1,0,1,0,0
ringring.vn,0,0,1,1,0,0,0,0,0,0,1,1,1,0,1,0,0
twitter.com,0,0,1,1,0,0,0,0,0,1,0,0,1,0,1,0,0
ameblo.jp,0,0,1,3,0,0,0,0,0,1,0,1,1,0,1,0,0
jezebel.com,0,0,1,1,0,0,0,0,0,1,0,1,0,0,1,0,0
bdnews24.com,0,0,1,5,0,0,0,0,0,1,0,1,1,0,1,0,0
torcache.net,0,0,1,2,0,0,0,0,0,0,0,1,1,0,1,0,0
bdnews24.com,0,0,1,5,0,0,0,0,0,1,0,1,1,0,1,0,0
ap.org,0,0,1,4,0,0,0,0,0,1,0,1,1,0,1,0,0
ap.org,0,0,1,4,0,0,0,0,0,1,0,1,1,0,1,0,0
bdnews24.com,0,0,1,5,0,0,0,0,0,1,0,1,1,0,1,0,0
sourceforge.net,0,0,1,3,0,0,0,0,0,1,0,1,1,0,1,0,0
lifehacker.com,0,0,1,2,0,0,0,0,0,1,0,1,1,0,1,0,0
otomoto.pl,0,0,1,2,0,0,0,0,0,1,0,1,1,0,1,0,0
espn.go.com,0,0,1,7,0,0,0,0,0,1,0,0,1,0,1,0,0
torcache.net,0,0,1,2,0,0,0,0,0,0,0,1,1,0,1,0,0
askubuntu.com,0,0,1,3,0,0,0,0,0,1,0,0,1,0,1,0,0
fanpage.gr,0,0,1,3,0,0,0,0,0,0,1,1,1,0,1,1,0
censor.net.ua,0,0,1,3,0,0,0,0,0,0,0,1,1,0,1,0,0
serverfault.com,0,0,1,3,0,0,1,0,0,1,0,1,1,0,1,0,0
udn.com,0,0,1,4,0,0,0,0,0,1,0,1,0,0,1,0,0
skyrock.com,0,0,1,2,0,0,0,0,0,1,0,1,1,0,1,0,0
depositphotos.com,0,0,1,1,0,0,0,0,0,1,0,1,1,1,1,1,0
emgn.com,0,0,1,2,0,0,0,0,1,0,1,1,1,1,1,1,0
superuser.com,0,0,1,3,0,0,0,0,0,1,0,0,1,0,1,0,0
torcache.net,0,0,1,2,0,0,0,0,0,0,0,1,0,0,1,0,0
sourceforge.net,0,0,1,3,0,0,0,0,0,1,0,1,1,0,1,0,0
censor.net.ua,0,0,1,3,0,0,0,0,0,0,0,1,1,0,1,0,0
ecnavi.jp,0,0,1,1,1,0,0,0,0,1,0,0,0,0,1,0,0
twitter.com,0,0,1,1,0,0,0,0,0,1,0,0,1,0,1,0,0
myegy.to,0,0,1,3,0,0,0,0,0,0,0,0,0,0,1,0,0
distractify.com,0,0,1,2,0,0,0,0,0,1,0,0,1,0,1,0,0
thenextweb.com,0,0,1,5,0,0,0,0,0,1,0,1,0,0,1,1,0
distractify.com,0,0,1,10,0,0,0,0,0,1,0,0,1,0,1,0,0
mic.com,0,0,1,3,0,0,0,0,0,1,0,1,1,0,1,0,0
distractify.com,0,0,1,10,0,0,0,0,0,1,0,0,1,0,1,0,0
perezhilton.com,0,0,1,1,0,0,0,0,0,1,0,0,1,0,1,0,0
hollywoodlife.com,0,0,1,4,0,0,0,0,0,1,0,1,1,0,1,0,0
medium.com,0,0,1,2,0,0,0,0,0,1,0,1,1,0,1,0,0
comicbook.com,0,0,1,4,0,0,0,0,0,1,0,1,0,0,1,0,0
slickdeals.net,0,0,1,2,0,0,0,0,0,1,0,1,1,0,1,0,0
censor.net.ua,0,0,1,3,0,0,0,0,0,0,0,1,1,0,1,0,0
ap.org,0,0,1,4,0,0,0,0,0,1,0,1,1,0,1,0,0
olx.pl,0,0,1,7,0,0,0,0,0,1,0,0,1,0,1,0,0
sourceforge.net,0,0,1,3,0,0,0,0,0,1,0,1,1,0,1,0,0
kickass.to,0,0,1,1,0,0,0,0,0,0,0,1,1,1,1,1,0
extratorrent.cc,0,0,1,3,0,0,0,0,1,0,1,1,1,1,1,1,0
xhamster.com,0,0,1,3,0,0,0,0,0,1,0,1,1,1,1,1,0
depositphotos.com,0,0,1,1,0,0,0,0,0,1,0,1,1,1,1,1,0
patch.com,0,0,1,3,0,0,0,0,0,1,0,1,0,0,1,0,0
europa.eu,0,0,1,6,0,0,0,0,0,1,1,1,1,0,1,0,0
tobogo.net,0,0,1,2,0,0,0,0,1,0,1,1,1,1,1,1,0
pinterest.com,0,0,1,3,0,0,1,0,0,1,0,0,0,0,1,0,0
persianblog.ir,0,0,1,3,0,0,0,0,1,0,1,1,1,1,1,1,0
censor.net.ua,0,0,1,3,0,0,0,0,0,0,0,1,1,0,1,0,0
wikimapia.org,0,0,1,3,0,0,0,0,0,1,0,0,1,0,1,0,0
censor.net.ua,0,0,1,3,0,0,0,0,0,0,0,1,1,0,1,0,0
steamcommunity.com,0,0,1,7,1,0,0,0,0,1,0,1,1,0,1,0,0
emgn.com,0,0,1,2,0,0,0,0,1,0,1,1,1,1,1,1,0
emgn.com,0,0,1,2,0,0,0,0,1,0,1,1,1,1,1,1,0
emgn.com,0,0,1,2,0,0,0,0,1,0,1,1,1,1,1,1,0
dantri.com.vn,0,0,1,2,0,0,0,0,0,1,1,1,0,0,1,0,0
thenextweb.com,0,0,1,6,0,0,0,0,0,1,0,1,0,0,1,1,0
interpark.com,0,0,1,2,0,0,0,0,0,1,0,0,1,0,1,0,0
themeforest.net,0,0,1,4,0,0,0,0,0,1,0,1,1,0,1,0,0
motthegioi.vn,0,0,1,2,0,0,0,0,0,0,1,1,1,0,1,0,0
nguyentandung.org,0,0,1,1,0,0,0,0,0,0,0,0,1,0,1,1,0
depositphotos.com,0,0,1,1,0,0,0,0,0,1,0,1,1,1,1,1,0
themeforest.net,0,0,1,4,0,0,0,0,0,1,0,1,1,0,1,0,0
plarium.com,0,0,1,5,0,0,0,0,0,1,0,1,1,0,1,0,0
depositphotos.com,0,0,1,1,0,0,0,0,0,1,0,1,1,1,1,1,0
mediaset.it,0,0,1,3,0,0,0,0,0,1,0,0,1,0,1,1,0
maybank2u.com.my,0,0,1,4,0,0,0,0,0,1,0,1,1,1,1,1,0
mediaset.it,0,0,1,3,0,0,0,0,0,1,0,0,1,0,1,1,0
perezhilton.com,0,0,1,2,0,0,0,0,0,1,0,0,1,0,1,0,0
torcache.net,0,0,1,2,0,0,0,0,0,0,0,1,0,0,1,0,0
myegy.to,0,0,1,3,0,0,0,0,0,0,0,0,0,0,1,0,0
kenh14.vn,0,0,1,2,0,0,0,0,0,1,1,1,0,0,1,0,0
twitter.com,0,0,1,1,0,0,0,0,0,1,0,0,1,0,1,0,0
thenextweb.com,0,0,1,7,0,0,0,0,0,1,0,1,0,0,1,1,0
otomoto.pl,0,0,1,7,0,0,0,0,0,1,0,1,1,0,1,0,0
motthegioi.vn,0,0,1,3,0,0,0,0,0,0,1,1,1,0,1,0,0
mylust.com,0,0,1,3,0,0,1,0,0,1,0,0,1,1,1,1,0
codecanyon.net,0,0,1,1,0,0,0,0,0,1,0,1,1,0,1,0,0
distractify.com,0,0,1,10,0,0,0,0,0,1,0,0,1,0,1,0,0
askubuntu.com,0,0,1,3,0,0,0,0,0,1,0,0,1,0,1,0,0
seekingalpha.com,0,0,1,2,0,0,0,0,0,1,0,1,1,0,1,0,0
sourceforge.net,0,0,1,3,0,0,0,0,0,1,0,1,1,0,1,0,0
mic.com,0,0,1,3,0,0,0,0,0,1,0,1,1,0,1,0,0
udn.com,0,0,1,4,0,0,0,0,0,1,0,1,0,0,1,0,0
sfglobe.com,0,0,1,4,0,0,0,0,0,0,0,1,1,1,1,1,0
mashable.com,0,0,1,6,0,0,0,0,0,1,0,1,0,0,1,0,0
superuser.com,0,0,1,3,0,0,0,0,0,1,0,0,1,0,1,0,0
allegro.pl,0,0,1,3,0,0,0,0,0,1,0,0,1,0,1,0,0
wikiwiki.jp,0,0,1,0,0,0,0,0,0,1,0,1,1,0,1,0,0
torcache.net,0,0,1,2,0,0,0,0,0,0,0,1,1,0,1,0,0
ifttt.com,0,0,1,2,0,0,1,0,0,1,0,1,0,0,1,0,0
slashdot.org,0,0,1,3,0,0,0,0,0,1,0,1,1,0,1,0,0
slashdot.org,0,0,1,3,0,0,0,0,0,1,0,1,1,0,1,0,0
distractify.com,0,0,1,10,0,0,0,0,0,1,0,0,1,0,1,0,0
distractify.com,0,0,1,10,0,0,0,0,0,1,0,0,1,0,1,0,0
allegro.pl,0,0,1,2,0,0,0,0,0,1,0,0,1,0,1,0,0
mashable.com,0,0,1,6,0,0,0,0,0,1,0,1,0,0,1,0,0
mic.com,0,0,1,3,0,0,0,0,0,1,0,1,1,0,1,0,0
olx.pl,0,0,1,7,0,0,0,0,0,1,0,0,1,0,1,0,0
depositphotos.com,0,0,1,1,0,0,0,0,0,1,0,1,1,1,1,1,0
codecanyon.net,0,0,1,4,0,0,0,0,0,1,0,1,1,0,1,0,0
techcrunch.com,0,0,1,4,0,0,0,0,0,1,0,1,0,0,1,0,0
wpengine.com,0,0,1,4,0,0,0,0,0,1,0,0,1,0,1,0,0
ap.org,0,0,1,4,0,0,0,0,0,1,0,1,1,0,1,0,0
tobogo.net,0,0,1,2,0,0,0,0,1,0,1,1,1,1,1,1,0
pikabu.ru,0,0,1,3,0,0,0,0,0,1,0,1,1,0,1,0,0
medium.com,0,0,1,2,0,0,0,0,0,1,0,1,1,0,1,0,0
ap.org,0,0,1,4,0,0,0,0,0,1,0,1,1,0,1,0,0
irecommend.ru,0,0,1,2,0,0,0,0,0,1,0,1,1,0,1,0,0
auto.ru,0,0,1,4,0,0,0,0,0,1,0,0,1,0,1,0,0
olx.ro,0,0,1,7,0,0,0,0,0,1,1,1,1,0,1,0,0
ringring.vn,0,0,1,1,0,0,0,0,0,0,1,1,1,0,1,0,0
seekingalpha.com,0,0,1,2,0,0,0,0,0,1,0,1,1,0,1,0,0
distractify.com,0,0,1,10,0,0,0,0,0,1,0,0,1,0,1,0,0
depositphotos.com,0,0,1,2,0,0,0,0,0,1,0,1,1,1,1,1,0
mangafox.me,0,0,1,2,0,0,0,0,0,0,0,0,0,0,1,0,0
emgn.com,0,0,1,2,0,0,0,0,1,0,1,1,1,1,1,1,0
emgn.com,0,0,1,2,0,0,0,0,1,0,1,1,1,1,1,1,0
atwiki.jp,0,0,1,2,0,0,0,0,0,1,0,0,1,0,1,0,0
extratorrent.cc,0,0,1,3,0,0,0,0,1,0,1,1,1,1,1,1,0
patch.com,0,0,1,3,0,0,0,0,0,1,0,1,0,0,1,0,0
olx.ua,0,0,1,2,0,0,0,0,0,1,0,0,1,0,1,0,0
torcache.net,0,0,1,2,0,0,0,0,0,0,0,1,1,0,1,0,0
olx.ua,0,0,1,3,0,0,0,0,0,1,0,0,1,0,1,0,0
allegro.pl,0,0,1,2,0,0,0,0,0,1,0,0,1,1,1,1,0
otomoto.pl,0,0,1,2,0,0,0,0,0,1,0,1,1,0,1,0,0
onedio.com,0,0,1,2,0,0,0,0,0,1,0,1,0,0,1,0,0
distractify.com,0,0,1,10,0,0,0,0,0,1,0,0,1,0,1,0,0
sourceforge.net,0,0,1,3,0,0,0,0,0,1,0,1,1,0,1,0,0
allegro.pl,0,0,1,3,0,0,0,0,0,1,0,0,1,0,1,0,0
nypost.com,0,0,1,4,0,0,1,0,0,1,0,1,0,0,1,0,0
xhamster.com,0,0,1,3,0,0,0,0,0,1,0,1,1,1,1,1,0
yourlust.com,0,0,1,2,0,0,1,0,0,1,0,1,1,1,1,1,0
deadspin.com,0,0,1,1,0,0,0,0,0,1,0,1,1,1,1,1,0
torcache.net,0,0,1,2,0,0,0,0,0,0,0,1,0,0,1,0,0
privatbank.ua,0,0,1,5,0,0,0,0,0,1,0,1,0,0,1,0,0
twitter.com,0,0,1,1,0,0,0,0,0,1,0,0,1,0,1,0,0
ringring.vn,0,0,1,1,0,0,0,0,0,0,1,1,1,0,1,0,0
so-net.ne.jp,0,0,1,4,0,0,0,1,0,1,1,1,1,0,1,0,0
indianexpress.com,0,0,1,4,0,0,0,0,0,1,0,1,1,0,1,0,0
allegro.pl,0,0,1,1,0,0,0,0,0,1,0,0,1,0,1,0,0
pornsharing.com,0,0,1,1,0,0,0,0,0,0,0,0,1,0,1,0,0
thenextweb.com,0,0,1,6,0,0,0,0,0,1,0,1,0,0,1,1,0
fortune.com,0,0,1,4,0,0,0,0,0,1,0,1,1,0,1,0,0
syosetu.com,0,0,1,3,0,0,0,0,0,1,0,1,1,0,1,0,0
medium.com,0,0,1,2,0,0,0,0,0,1,0,1,1,0,1,0,0
deadspin.com,0,0,1,2,0,0,0,0,0,1,0,1,1,1,1,1,0
onedio.com,0,0,1,2,0,0,0,0,0,1,0,1,0,0,1,0,0
techcrunch.com,0,0,1,3,0,0,0,0,0,1,0,1,0,0,1,0,0
udn.com,0,0,1,4,0,0,0,0,0,1,0,1,0,0,1,0,0
maybank2u.com.my,0,0,1,4,0,0,0,0,0,1,0,1,1,1,1,1,0
censor.net.ua,0,0,1,3,0,0,0,0,0,0,0,1,1,0,1,0,0
tunein.com,0,0,1,5,0,0,0,0,0,1,0,1,0,0,1,0,0
depositphotos.com,0,0,1,1,0,0,0,0,0,1,0,1,1,1,1,1,0
otomoto.pl,0,0,1,2,0,0,0,0,0,1,0,1,1,0,1,0,0
kickass.to,0,0,1,1,0,0,0,0,0,0,0,1,1,1,1,1,0
olx.pl,0,0,1,7,0,0,0,0,0,1,0,0,1,0,1,0,0
evernote.com,0,0,1,1,0,0,0,0,0,1,0,1,1,0,1,1,0
torcache.net,0,0,1,2,0,0,0,0,0,0,0,1,0,0,1,0,0
ecnavi.jp,0,0,1,1,1,0,0,0,0,1,0,0,0,0,1,0,0
olx.ro,0,0,1,7,0,0,0,0,0,1,1,1,1,0,1,0,0
kenh14.vn,0,0,1,2,0,0,0,0,0,1,1,1,1,0,1,0,0
maybank2u.com.my,0,0,1,4,0,0,0,0,0,1,0,1,1,1,1,1,0
torcache.net,0,0,1,2,0,0,0,0,0,0,0,1,0,0,1,0,0
paytm.com,0,0,1,3,0,0,0,0,0,1,0,1,0,0,1,0,0
1337x.to,0,0,1,3,0,0,0,0,0,1,0,1,1,1,1,1,0
tune.pk,0,0,1,5,0,0,0,0,0,0,0,1,1,1,1,1,0
emgn.com,0,0,1,2,0,0,0,0,1,0,1,1,1,1,1,1,0
hollywoodlife.com,0,0,1,4,0,0,0,0,0,1,0,1,1,0,1,0,0
skyrock.com,0,0,1,2,0,0,0,0,0,1,0,1,1,0,1,0,0
dantri.com.vn,0,0,1,3,0,0,0,0,0,1,1,1,0,0,1,0,0
variety.com,0,0,1,8,0,0,0,0,0,1,0,1,0,0,1,0,0
seesaawiki.jp,0,0,1,3,0,0,0,0,0,1,0,0,1,0,1,0,0
torcache.net,0,0,1,2,0,0,0,0,0,0,0,1,0,0,1,0,0
grantland.com,0,0,1,2,0,0,0,0,0,1,0,1,0,0,1,0,0
mylust.com,0,0,1,3,0,0,1,0,0,1,0,0,0,0,1,0,0
qz.com,0,0,1,2,0,0,0,0,0,1,0,1,1,0,1,0,0
metro.co.uk,0,0,1,4,0,0,0,0,0,1,1,1,0,0,1,0,0
thenextweb.com,0,0,1,6,0,0,0,0,0,1,0,1,0,0,1,1,0
bestblackhatforum.com,0,0,1,1,0,0,0,0,0,0,0,1,1,0,1,0,0
katproxy.com,0,0,1,1,0,0,0,0,0,0,0,0,1,0,1,0,0
babal.net,0,0,1,4,0,0,0,0,0,0,0,1,1,0,1,0,0
distractify.com,0,0,1,10,0,0,0,0,0,1,0,0,1,0,1,0,0
otomoto.pl,0,0,1,2,0,0,0,0,0,1,0,1,1,0,1,0,0
twitter.com,0,0,1,1,0,0,0,0,0,1,0,0,1,0,1,0,0
censor.net.ua,0,0,1,3,0,0,0,0,0,0,0,1,1,0,1,0,0
olx.ro,0,0,1,4,0,0,0,0,0,1,1,1,1,0,1,0,0
mic.com,0,0,1,3,0,0,0,0,0,1,0,1,1,0,1,0,0
fortune.com,0,0,1,4,0,0,0,0,0,1,0,1,1,0,1,0,0
mashable.com,0,0,1,6,0,0,0,0,0,1,0,1,0,0,1,0,0
olx.ua,0,0,1,2,0,0,0,0,0,1,0,0,1,0,1,0,0
tinnhanh360.net,0,0,1,1,0,0,0,0,0,0,0,0,1,0,1,0,0
extratorrent.cc,0,0,1,3,0,0,0,0,1,0,1,1,1,1,1,1,0
atwiki.jp,0,0,1,2,0,0,0,0,0,1,0,0,1,0,1,0,0
kickass.to,0,0,1,1,0,0,0,0,0,0,0,1,1,1,1,1,0
motthegioi.vn,0,0,1,2,0,0,0,0,0,0,1,1,1,0,1,0,0
qz.com,0,0,1,4,0,0,0,0,0,1,0,1,1,0,1,0,0
torcache.net,0,0,1,2,0,0,0,0,0,0,0,1,1,0,1,0,0
extratorrent.cc,0,0,1,3,0,0,0,0,1,0,1,1,1,1,1,1,0
nypost.com,0,0,1,4,0,0,1,0,0,1,0,1,0,0,1,0,0
eksisozluk.com,0,0,1,1,0,0,0,0,0,1,0,1,1,0,1,0,0
moviepilot.com,0,0,1,5,0,0,1,0,0,0,0,1,1,1,1,1,0
abcnews.go.com,0,0,1,3,0,0,0,0,0,1,0,0,1,0,1,0,0
twitter.com,0,0,1,1,0,0,0,0,0,1,0,0,1,0,1,0,0
motthegioi.vn,0,0,1,2,0,0,0,0,0,0,1,1,1,0,1,0,0
searchengineland.com,0,0,1,1,0,0,0,0,0,1,0,1,1,0,1,0,0
depositphotos.com,0,0,1,1,0,0,0,0,0,1,0,1,1,1,1,1,0
kenh14.vn,0,0,1,2,0,0,0,0,0,1,1,1,0,0,1,0,0
extratorrent.cc,0,0,1,3,0,0,0,0,1,0,1,1,1,1,1,1,0
sourceforge.net,0,0,1,3,0,0,0,0,0,1,0,1,1,0,1,0,0
interpark.com,0,0,1,2,0,0,0,0,0,1,0,0,1,0,1,0,0
babal.net,0,0,1,4,0,0,0,0,0,0,0,1,1,0,1,0,0
xvideo-jp.com,0,0,1,5,0,0,0,1,0,1,0,1,0,0,1,0,0
500px.com,0,0,1,3,0,0,1,0,0,1,0,1,1,0,1,0,0
motthegioi.vn,0,0,1,2,0,0,0,0,0,0,1,1,1,0,1,0,0
mashable.com,0,0,1,6,0,0,0,0,0,1,0,1,0,0,1,0,0
depositphotos.com,0,0,1,1,0,0,0,0,0,1,0,1,1,1,1,1,0
himado.in,0,0,1,0,0,0,0,0,1,0,1,1,1,1,1,1,0
sourceforge.net,0,0,1,2,0,0,0,0,0,1,0,1,1,0,1,0,0
tobogo.net,0,0,1,2,0,0,0,0,1,0,1,1,1,1,1,1,0
mylust.com,0,0,1,3,0,0,1,0,0,1,0,0,0,0,1,0,0
serverfault.com,0,0,1,3,0,0,1,0,0,1,0,1,1,0,1,0,0
indianexpress.com,0,0,1,4,0,0,0,0,0,1,0,1,1,0,1,0,0
smallseotools.com,0,0,1,2,0,0,0,0,0,1,0,1,1,0,1,0,0
motthegioi.vn,0,0,1,2,0,0,0,0,0,0,1,1,1,0,1,0,0
twitter.com,0,0,1,1,0,0,0,0,0,1,0,0,1,0,1,0,0
thenextweb.com,0,0,1,6,0,0,0,0,0,1,0,1,0,0,1,1,0
superuser.com,0,0,1,3,0,0,0,0,0,1,0,0,1,0,1,0,0
plarium.com,0,0,1,5,0,0,0,0,0,1,0,1,1,0,1,0,0
torcache.net,0,0,1,2,0,0,0,0,0,0,0,1,0,0,1,0,0
babal.net,0,0,1,4,0,0,0,0,0,0,0,1,1,0,1,0,0
sfglobe.com,0,0,1,4,0,0,0,0,0,0,0,1,1,1,1,1,0
jezebel.com,0,0,1,1,0,0,0,0,0,1,0,1,0,0,1,0,0
depositphotos.com,0,0,1,1,0,0,0,0,0,1,0,1,1,1,1,1,0
codecanyon.net,0,0,1,3,0,0,0,0,0,1,0,1,1,0,1,0,0
torcache.net,0,0,1,2,0,0,0,0,0,0,0,1,0,0,1,0,0
correios.com.br,0,0,1,4,0,0,0,0,0,1,0,1,0,0,1,0,0
dribbble.com,0,0,1,2,0,0,0,0,0,1,0,0,1,0,1,0,0
stackoverflow.com,0,0,1,3,0,0,0,0,0,1,0,0,1,0,1,0,0
correios.com.br,0,0,1,4,0,0,0,0,0,1,0,1,0,0,1,0,0
yourlust.com,0,0,1,2,0,0,1,0,0,1,0,1,1,1,1,1,0
allegro.pl,0,0,1,2,0,0,0,0,0,1,0,0,1,1,1,1,0
diply.com,0,0,1,3,0,0,0,0,0,0,0,1,1,0,1,0,0
uproxx.com,0,0,1,4,0,0,1,0,0,1,0,1,1,0,1,0,0
distractify.com,0,0,1,10,0,0,0,0,0,1,0,0,1,0,1,0,0
kotaku.com,0,0,1,3,0,0,0,0,0,1,0,0,1,0,1,0,0
indianexpress.com,0,0,1,4,0,0,0,0,0,1,0,1,1,0,1,0,0
extratorrent.cc,0,0,1,3,0,0,0,0,1,0,1,1,1,1,1,1,0
extratorrent.cc,0,0,1,3,0,0,0,0,1,0,1,1,1,1,1,1,0
popupads.ir,0,0,1,1,0,0,0,0,1,0,1,1,1,1,1,1,0
aljazeera.net,0,0,1,6,0,0,0,0,0,1,0,1,1,0,1,0,0
nesn.com,0,0,1,3,0,0,0,0,0,1,0,1,0,0,1,1,0
dantri.com.vn,0,0,1,2,0,0,0,0,0,1,1,1,0,0,1,0,0
sourceforge.net,0,0,1,3,0,0,0,0,0,1,0,1,1,0,1,0,0
katproxy.com,0,0,1,1,0,0,0,0,0,0,0,0,0,0,1,0,0
thenextweb.com,0,0,1,6,0,0,0,0,0,1,0,1,0,0,1,1,0
quizlet.com,0,0,1,1,0,0,1,0,0,1,0,1,1,0,1,0,0
comicbook.com,0,0,1,4,0,0,0,0,0,1,0,1,0,0,1,0,0
aljazeera.net,0,0,1,4,0,0,0,0,0,1,0,1,1,0,1,0,0
torrentdn.com,0,0,1,2,0,0,0,0,1,0,1,1,1,1,1,1,0
pikabu.ru,0,0,1,3,0,0,0,0,0,1,0,1,1,0,1,0,0
atwiki.jp,0,0,1,2,0,0,0,0,0,1,0,0,1,0,1,0,0
distractify.com,0,0,1,10,0,0,0,0,0,1,0,0,1,0,1,0,0
askubuntu.com,0,0,1,3,0,0,0,0,0,1,0,0,1,0,1,0,0
aljazeera.net,0,0,1,6,0,0,0,0,0,1,0,1,1,0,1,1,0
caixa.gov.br,0,0,1,4,0,0,0,0,0,1,1,1,1,0,1,1,0
maybank2u.com.my,0,0,1,4,0,0,0,0,0,1,0,1,1,1,1,1,0
yourlust.com,0,0,1,2,0,0,1,0,0,1,0,1,1,1,1,1,0
tinnhanh360.net,0,0,1,1,0,0,0,0,0,0,0,0,1,0,1,0,0
uproxx.com,0,0,1,4,0,0,1,0,0,1,0,1,1,0,1,0,0
themeforest.net,0,0,1,4,0,0,0,0,0,1,0,1,1,0,1,0,0
metro.co.uk,0,0,1,4,0,0,0,0,0,1,1,1,1,0,1,0,0
censor.net.ua,0,0,1,3,0,0,0,0,0,0,0,1,1,0,1,0,0
distractify.com,0,0,1,10,0,0,0,0,0,1,0,0,1,0,1,0,0
torcache.net,0,0,1,2,0,0,0,0,0,0,0,1,1,0,1,0,0
digg.com,0,0,1,2,0,0,0,0,0,1,0,1,1,0,1,0,0
allegro.pl,0,0,1,1,0,0,0,0,0,1,0,0,1,0,1,0,0
icicibank.com,0,0,1,3,0,0,0,0,0,1,0,1,1,1,1,1,0
atwiki.jp,0,0,1,2,0,0,0,0,0,1,0,0,1,0,1,0,0
olx.co.id,0,0,1,2,0,0,1,0,0,1,1,1,1,1,1,1,0
seasonvar.ru,0,0,1,1,0,0,0,0,0,1,0,1,1,0,1,0,0
abcnews.go.com,0,0,1,3,0,0,0,0,0,1,0,0,1,0,1,0,0
censor.net.ua,0,0,1,3,0,0,0,0,0,0,0,1,1,0,1,0,0
bleacherreport.com,0,0,1,2,0,0,1,0,0,1,0,1,1,0,1,0,0
kickass.to,0,0,1,1,0,0,0,0,0,0,0,1,1,1,1,1,0
cookpad.com,0,0,1,1,0,0,0,0,0,1,0,1,1,0,1,0,0
hollywoodlife.com,0,0,1,4,0,0,0,0,0,1,0,1,1,0,1,0,0
kickass.to,0,0,1,1,0,0,0,0,0,0,0,1,1,1,1,1,0
vnexpress.net,0,0,1,4,0,0,0,0,0,1,0,1,1,0,1,1,0
anandtech.com,0,0,1,3,0,0,0,0,0,1,0,1,1,0,1,1,0
say-move.org,0,0,1,1,0,0,0,1,0,0,0,1,1,0,1,0,0
techcrunch.com,0,0,1,4,0,0,0,0,0,1,0,1,1,0,1,0,0
nesn.com,0,0,1,3,0,0,0,0,0,1,0,1,0,0,1,0,0
jezebel.com,0,0,1,2,0,0,0,0,0,1,0,1,0,0,1,0,0
babal.net,0,0,1,3,0,0,0,0,0,0,0,1,1,0,1,0,0
otomoto.pl,0,0,1,5,0,0,0,0,0,1,0,1,1,0,1,0,0
gov.uk,0,0,1,3,0,0,0,0,0,0,1,1,1,0,1,0,0
themeforest.net,0,0,1,3,0,0,0,0,0,1,0,1,1,0,1,0,0
motthegioi.vn,0,0,1,3,0,0,0,0,0,0,1,1,1,0,1,0,0
techcrunch.com,0,0,1,4,0,0,0,0,0,1,0,1,1,0,1,0,0
kakaku.com,0,0,1,6,0,0,0,0,0,1,0,1,0,0,1,0,0
olx.in,0,0,1,3,0,0,0,0,0,1,0,1,1,1,1,1,0
mylust.com,0,0,1,3,0,0,1,0,0,1,0,0,1,1,1,1,0
aljazeera.net,0,0,1,6,0,0,0,0,0,1,0,1,1,0,1,0,0
medium.com,0,0,1,2,0,0,0,0,0,1,0,1,1,0,1,0,0
deadspin.com,0,0,1,3,0,0,0,0,0,1,0,1,1,1,1,1,0
hollywoodlife.com,0,0,1,4,0,0,0,0,0,1,0,1,1,0,1,0,0
torcache.net,0,0,1,2,0,0,0,0,0,0,0,1,0,0,1,0,0
gizmodo.com,0,0,1,2,0,0,0,0,0,1,0,1,0,0,1,1,0
torcache.net,0,0,1,2,0,0,0,0,0,0,0,1,0,0,1,0,0
udn.com,0,0,1,4,0,0,0,0,0,1,0,1,0,0,1,0,0
yourlust.com,0,0,1,2,0,0,1,0,0,1,0,1,1,1,1,1,0
thenextweb.com,0,0,1,5,0,0,0,0,0,1,0,1,0,0,1,1,0
eksisozluk.com,0,0,1,0,0,0,0,0,0,1,0,1,1,0,1,0,0
auto.ru,0,0,1,4,0,0,0,0,0,1,0,0,1,0,1,0,0
perezhilton.com,0,0,1,1,0,0,0,0,0,1,0,0,1,0,1,0,0
fanpage.gr,0,0,1,3,0,0,0,0,0,0,1,1,1,0,1,1,0
buzzfil.net,0,0,1,3,0,0,0,0,0,0,0,0,1,1,1,1,0
venturebeat.com,0,0,1,4,0,0,1,0,0,1,0,1,1,0,1,0,0
torcache.net,0,0,1,2,0,0,0,0,0,0,0,1,1,0,1,0,0
mic.com,0,0,1,3,0,0,0,0,0,1,0,1,1,0,1,0,0
extratorrent.cc,0,0,1,3,0,0,0,0,1,0,1,1,1,1,1,1,0
katproxy.com,0,0,1,3,0,0,0,0,0,0,0,0,1,0,1,0,0
themeforest.net,0,0,1,4,0,0,0,0,0,1,0,1,1,0,1,0,0
nypost.com,0,0,1,4,0,0,1,0,0,1,0,1,0,0,1,0,0
dealnews.com,0,0,1,4,0,0,0,0,0,1,0,0,1,0,1,1,0
tinnhanh360.net,0,0,1,1,0,0,0,0,0,0,0,0,1,0,1,0,0
tunein.com,0,0,1,5,0,0,0,0,0,1,0,1,0,0,1,1,0
mic.com,0,0,1,3,0,0,0,0,0,1,0,1,1,0,1,0,0
pikabu.ru,0,0,1,2,0,0,0,0,0,1,0,1,1,0,1,0,0
motthegioi.vn,0,0,1,2,0,0,0,0,0,0,1,1,1,0,1,0,0
slashdot.org,0,0,1,6,0,0,0,0,0,1,0,1,1,0,1,0,0
torcache.net,0,0,1,2,0,0,0,0,0,0,0,1,0,0,1,0,0
ap.org,0,0,1,4,0,0,0,0,0,1,0,1,1,0,1,0,0
twitter.com,0,0,1,1,0,0,0,0,0,1,0,0,1,0,1,0,0
codecanyon.net,0,0,1,4,0,0,0,0,0,1,0,1,1,0,1,0,0
mic.com,0,0,1,3,0,0,0,0,0,1,0,1,1,0,1,0,0
steamcommunity.com,0,0,1,6,1,0,0,0,0,1,0,1,1,0,1,0,0
nguyentandung.org,0,0,1,1,0,0,0,0,0,0,0,0,1,0,1,1,0
pornsharing.com,0,0,1,1,0,0,0,0,0,0,0,0,1,0,1,0,0
io9.com,0,0,1,2,0,0,0,0,0,1,0,0,1,0,1,0,0
uproxx.com,0,0,1,4,0,0,1,0,0,1,0,1,1,0,1,0,0
elitedaily.com,0,0,1,4,0,0,0,0,0,1,0,1,1,0,1,1,0
auto.ru,0,0,1,4,0,0,0,0,0,1,0,0,1,0,1,0,0
squarespace.com,0,0,1,5,0,0,0,0,0,1,0,1,0,0,1,1,0
lifehacker.com,0,0,1,1,0,0,0,0,0,1,0,1,1,0,1,0,0
babal.net,0,0,1,4,0,0,0,0,0,0,0,1,1,0,1,0,0
fazenda.gov.br,0,0,1,4,0,0,0,0,1,1,1,1,1,1,1,1,0
metro.co.uk,0,0,1,4,0,0,0,0,0,1,1,1,1,0,1,0,0
abc.go.com,0,0,1,5,0,0,0,0,0,1,0,0,1,0,1,0,0
espn.go.com,0,0,1,6,0,0,0,0,0,1,0,0,1,0,1,0,0
extratorrent.cc,0,0,1,3,0,0,0,0,1,0,1,1,1,1,1,1,0
fanpage.gr,0,0,1,3,0,0,0,0,0,0,1,1,1,0,1,1,0
sourceforge.net,0,0,1,3,0,0,0,0,0,1,0,1,1,0,1,0,0
jalopnik.com,0,0,1,1,0,0,0,0,0,1,0,1,0,0,1,0,0
grantland.com,0,0,1,2,0,0,0,0,0,1,0,1,1,0,1,0,0
myspace.com,0,0,1,5,0,0,0,0,0,1,0,1,0,0,1,0,0
extratorrent.cc,0,0,1,3,0,0,0,0,1,0,1,1,1,1,1,1,0
katproxy.com,0,0,1,3,0,0,0,0,0,0,0,0,1,0,1,0,0
nypost.com,0,0,1,4,0,0,1,0,0,1,0,1,0,0,1,0,0
torcache.net,0,0,1,2,0,0,0,0,0,0,0,1,0,0,1,0,0
mic.com,0,0,1,3,0,0,0,0,0,1,0,1,1,0,1,0,0
hubpages.com,0,0,1,2,0,0,0,0,0,1,0,1,1,0,1,0,0
interpark.com,0,0,1,2,0,0,0,0,0,1,0,0,1,0,1,0,0
mentalfloss.com,0,0,1,3,0,0,0,0,0,1,0,1,1,0,1,0,0
correios.com.br,0,0,1,4,0,0,0,0,0,1,0,1,0,0,1,0,0
persianblog.ir,0,0,1,4,0,0,0,0,1,0,1,1,1,1,1,1,0
persianblog.ir,0,0,1,3,0,0,0,0,1,0,1,1,1,1,1,1,0
sp477389.sitebeat.site,0,0,0,0,0,0,0,0,0,0,0,1,1,0,1,0,1
sites.google.com,0,0,1,3,0,0,0,0,0,1,0,1,1,0,1,0,1
allegrolokalnie.pl-5890124812.sbs,0,0,1,3,0,0,0,1,1,0,1,1,1,1,1,1,1
banesonline.webcindario.com,0,0,0,0,0,0,0,0,1,1,1,1,1,1,1,1,1
docs.google.com,0,0,1,5,0,0,0,0,0,1,0,1,1,0,1,0,1
bit.ly,0,0,0,1,0,0,1,0,0,1,0,1,1,0,1,0,1
berve.nl,0,0,0,2,0,0,0,0,0,0,1,1,1,0,1,0,1
l.ead.me,0,0,0,1,0,0,0,0,0,1,0,0,0,0,1,0,1
docs.google.com,0,0,1,5,0,0,0,0,0,1,0,1,1,0,1,0,1
nj.gov-oam.help,0,0,0,0,0,0,0,1,0,0,0,1,1,1,1,1,1
bit.ly,0,0,0,1,0,0,1,0,0,1,0,1,1,0,1,0,1
croisthegame.web.app,0,0,0,0,0,0,0,0,0,1,1,1,1,0,1,0,1
support-edf-gp.info,0,0,0,1,0,0,0,1,1,0,1,1,1,1,1,1,1
periodic-servic.start.page,0,0,0,0,0,0,0,1,0,0,1,1,1,0,1,0,1
4rotnb.info,0,0,0,1,0,0,0,0,1,0,1,1,1,1,1,1,1
qr-codes.io,0,0,0,1,0,0,0,1,0,0,0,0,1,0,1,0,1
bradesco.suportecorporativonet.info,0,0,0,0,0,0,0,0,0,0,1,1,1,1,1,1,1
bdv-online1.webcindario.com,0,0,0,0,0,0,0,1,1,1,1,1,1,1,1,1,1
qrco.de,0,0,0,1,0,0,0,0,0,1,1,1,1,0,1,0,1
docs.google.com,0,0,1,5,0,0,0,0,0,1,0,1,1,0,1,0,1
docs.google.com,0,0,1,4,0,0,0,0,0,1,0,1,1,0,1,0,1
bafkreid4eu7icac6iz2uhlaniy75nlrbn4ulvrl4oajpahwe4e3gjg7frq.ipfs.dweb.link,0,0,1,0,0,0,0,0,1,1,1,1,1,1,1,1,1
hbciverify.weebly.com,0,0,0,0,0,0,0,0,0,1,0,1,1,0,1,0,1
simple-docs--webmailprompt1.replit.app,0,0,0,0,0,0,0,1,0,1,1,1,1,0,1,0,1
ee-recover-account.web.app,0,0,0,0,0,0,0,1,0,1,1,1,1,0,1,0,1
allegrolokalnie.pl-wfde.shop,0,0,0,0,0,0,0,1,0,0,1,1,1,1,1,1,1
hm.ru,0,0,0,1,0,0,0,0,0,0,0,1,1,1,1,1,1
allegrolokalnie.pl-444732.sbs,0,0,0,0,0,0,0,1,1,0,1,1,1,1,1,1,1
docs.google.com,0,0,1,5,0,0,0,0,0,1,0,1,1,0,1,0,1
justica-rcbe.com,0,0,0,0,0,0,0,1,1,0,1,1,1,1,1,1,1
share.google,0,0,0,1,0,0,0,0,0,1,1,1,1,1,1,1,1
autenticacao-telecom.com,0,0,0,0,0,0,0,1,0,0,0,1,1,1,1,1,1
allegrolokalnie.pl-55345.sbs,0,0,0,0,0,0,0,1,1,0,1,1,1,1,1,1,1
upgradedmono.pages.dev,0,0,0,0,0,0,0,0,0,1,1,1,0,0,1,0,1
allegrolokalnie.pl-oferta72861861.lol,0,0,0,0,0,0,0,1,1,0,1,1,1,1,1,1,1
q-r.to,0,0,0,1,0,0,0,1,0,0,0,1,0,0,1,0,1
app.box.com,0,0,1,2,0,0,1,0,0,1,0,0,1,0,1,0,1
bing.com,0,0,1,2,0,0,0,0,0,1,0,0,1,0,1,0,1
confirm-secure-page-100102.start.page,0,0,0,0,0,0,0,1,0,0,1,1,1,0,1,0,1
townhallpro.myportfolio.com,0,0,0,0,0,0,0,0,0,1,0,1,1,0,1,0,1
allegrolokalnie.pl-oferta082729198201.shop,0,0,1,2,0,0,0,1,1,0,1,1,1,1,1,1,1
q-r.to,0,0,0,1,0,0,0,1,0,0,0,1,1,0,1,0,1
q-r.to,0,0,0,1,0,0,0,1,0,0,0,1,0,0,1,0,1
company-prodloan-limits.s3.us-east-005.backblazeb2.com,0,0,1,1,0,0,0,1,0,1,0,1,1,0,1,0,1
office365-ff2ac.firebaseapp.com,0,0,0,0,0,0,0,1,0,1,1,1,1,0,1,0,1
secondary-resources-166957.framer.app,0,0,0,0,0,0,0,1,0,1,1,1,1,0,1,0,1
qrco.de,0,0,0,1,0,0,0,0,0,1,1,1,0,0,1,0,1
sites.google.com,0,0,0,3,0,0,0,0,0,1,0,1,1,0,1,0,1
docs.google.com,0,0,1,5,0,0,0,0,0,1,0,1,1,0,1,0,1
mailling.zsmecoleviandra.com,0,0,0,0,0,0,0,0,0,0,0,1,1,1,1,1,1
bsiteonline01.w3spaces.com,0,0,0,0,0,0,0,0,0,0,0,0,1,0,1,0,1
information-sgpass.com,0,0,0,1,0,0,0,1,1,0,1,1,1,1,1,1,1
q-r.to,0,0,0,1,0,0,0,1,0,0,0,1,0,0,1,0,1
votre-espace-secure-no-replay.help,0,0,0,0,0,0,0,1,1,0,1,1,1,1,1,1,1
mailnew-organizerpro.weebly.com,0,0,0,0,0,0,0,1,0,1,0,1,1,0,1,0,1
allegro.pl-743289.lol,0,0,0,0,0,0,0,1,1,0,1,1,1,1,1,1,1
sk-slovensko-dph.web.app,0,0,0,0,0,0,0,1,0,1,1,1,1,0,1,0,1
away.vk.com,0,0,1,1,0,0,0,0,0,1,0,1,0,0,1,0,1
reload-page-manual-10097478233.firebaseapp.com,0,0,1,0,0,0,0,1,0,1,1,1,1,0,1,0,1
basev.org.tr,0,0,0,2,0,0,0,0,0,0,0,1,1,0,1,0,1
alianca-rs.com.br,0,0,0,1,0,0,0,1,0,0,0,0,1,0,1,0,1
sites.google.com,0,0,1,3,0,0,0,0,0,1,0,1,1,0,1,0,1
new.express.adobe.com,0,0,0,2,0,0,0,0,0,1,0,1,1,0,1,0,1
sleepy-prototyper-918123.framer.app,0,0,0,0,0,0,0,1,0,1,1,1,1,0,1,0,1
l.ead.me,0,0,0,1,0,0,0,0,0,1,0,0,1,0,1,0,1
q-r.to,0,0,0,1,0,0,0,1,0,0,0,1,0,0,1,0,1
qrco.de,0,0,0,1,0,0,0,0,0,1,1,1,1,0,1,0,1
kaywa.me,0,0,0,1,0,0,0,0,0,0,0,0,1,0,1,0,1
floridainternationaluniversity.ukit.me,0,0,0,0,0,0,0,0,0,0,0,0,1,0,1,0,1
tx.yhbgujn.cyou,0,0,0,0,0,0,0,0,1,0,1,1,1,1,1,1,1
l.wl.co,0,0,0,1,1,0,0,0,0,1,0,1,1,0,1,0,1
domarina-s-school3.teachable.com,0,0,0,2,0,0,0,1,0,1,0,1,1,0,1,0,1
allegro-lokalnie.pl55998.top,0,0,0,0,0,0,0,1,1,0,1,1,1,1,1,1,1
l.ead.me,0,0,0,1,0,0,0,0,0,1,0,0,1,0,1,0,1
bafkreidss4q4otiezq2vroyczum4bymqgia75eatuojtnol7sjad235kzi.ipfs.dweb.link,0,0,1,0,0,0,0,0,1,1,1,1,1,1,1,1,1
q-r.to,0,0,0,1,0,0,0,1,0,0,0,1,0,0,1,0,1
docs.google.com,0,0,1,5,0,0,0,0,0,1,0,1,1,0,1,0,1
sebnseto.com,0,0,0,1,0,0,0,0,1,0,1,1,1,1,1,1,1
attomyicwallet.wixstudio.com,0,0,0,1,0,0,0,0,0,1,1,1,1,0,1,0,1
docs.google.com,0,0,1,5,0,0,0,0,0,1,0,1,1,0,1,0,1
akwulian.com,0,0,0,0,0,0,0,0,1,0,1,1,1,1,1,1,1
bit.ly,0,0,0,1,0,0,1,0,0,1,0,1,1,0,1,0,1
netflix-formulaire.info,0,0,0,2,0,0,0,1,1,0,1,1,1,1,1,1,1
peaceful-copy-420603.framer.app,0,0,0,0,0,0,0,1,0,1,1,1,1,0,1,0,1
allegro.pl-79304912.click,0,0,0,0,0,0,0,1,1,0,1,1,1,1,1,1,1
noveltiesbk.weebly.com,0,0,0,0,0,0,0,0,0,1,0,1,1,0,1,0,1
qrco.de,0,0,0,1,0,0,0,0,0,1,1,1,0,0,1,0,1
q-r.to,0,0,0,1,0,0,0,1,0,0,0,1,0,0,1,0,1
supportlineupgradeser.weebly.com,0,0,0,0,0,0,0,0,0,1,0,1,1,0,1,0,1
allegrolokalnie.pl82395.top,0,0,0,0,0,0,0,0,1,0,1,1,1,1,1,1,1
rewsdhjkkjfd.weebly.com,0,0,0,0,0,0,0,0,0,1,0,1,1,0,1,0,1
ipfs.best-practice.se,0,0,1,3,1,0,0,1,0,0,0,1,1,0,1,0,1
allegro.450459483.lol,0,0,0,0,0,0,0,0,1,0,1,1,1,1,1,1,1
statementupdatemailbox.weebly.com,0,0,0,0,0,0,0,0,0,1,0,1,1,0,1,0,1
chaindex.netlify.app,0,0,0,0,0,0,0,0,0,1,1,1,1,0,1,0,1
sites.google.com,0,0,0,2,0,0,0,0,0,1,0,1,1,0,1,1,1
q-r.to,0,0,0,1,0,0,0,1,0,0,0,1,0,0,1,0,1
oriri12kf.shop,0,0,1,3,0,0,0,0,1,0,1,1,1,1,1,1,1
ex-odusappcdn.wixstudio.com,0,0,0,1,0,0,0,1,0,1,1,1,1,0,1,0,1
185-217-0-181.ip.obe.net,0,0,0,0,0,0,0,1,1,0,1,1,1,1,1,1,1
brt.rnqnli.buzz,0,0,0,1,0,0,0,0,1,0,1,1,1,1,1,1,1
shared-document-cfb9de.webflow.io,0,0,0,0,0,0,0,1,0,1,1,1,1,0,1,0,1
dropbox.com,0,0,1,4,0,0,1,0,0,1,0,1,1,0,1,0,1
l.wl.co,0,0,1,1,1,0,0,0,0,1,0,1,1,0,1,0,1
docs.google.com,0,0,1,5,0,0,0,0,0,1,0,1,1,0,1,0,1
eng-suitesapp-us.framer.media,0,0,0,0,0,0,0,1,0,0,1,1,1,0,1,0,1
1td25d2.cfd,0,0,0,3,0,0,0,0,1,0,1,1,1,1,1,1,1
t.co,0,0,0,1,0,0,1,0,0,1,0,1,1,1,1,1,1
esubscription-owa.firebaseapp.com,0,0,0,0,0,0,0,1,0,1,1,1,1,0,1,0,1
us13.campaign-archive.com,0,0,1,0,0,0,0,1,0,1,0,1,1,0,1,0,1
docs.google.com,0,0,1,5,0,0,0,0,0,1,0,1,1,0,1,0,1
kleinanzeigen.nmgdfjd.com,0,0,1,1,0,0,0,0,0,0,0,0,1,0,1,0,1
clickbank-pro.firebaseapp.com,0,0,0,0,0,0,0,1,0,1,1,1,1,0,1,0,1
discreet-side-466756.framer.app,0,0,0,0,0,0,0,1,0,1,1,1,1,0,1,0,1
live-ledgrs-apps.wixstudio.com,0,0,0,1,0,0,0,1,0,1,1,1,1,0,1,0,1
sites.google.com,0,0,0,2,0,0,0,0,0,1,0,1,1,0,1,0,1
votreligne.godaddysites.com,0,0,0,0,0,0,0,0,0,1,0,1,1,0,1,0,1
web.tegqnm.top,0,0,0,0,0,0,0,0,1,0,1,1,1,1,1,1,1
qrco.de,0,0,0,1,0,0,0,0,0,1,1,1,0,0,1,0,1
group-gls-ptsv.cfd,0,0,0,1,0,0,0,1,1,0,1,1,1,1,1,1,1
reprogrammation-5.pro,0,0,0,1,0,0,0,1,1,0,1,1,1,1,1,1,1
signinwebb0.weebly.com,0,0,0,0,0,0,0,0,0,1,0,1,1,0,1,0,1
qrco.de,0,0,0,1,0,0,0,0,0,1,1,1,1,0,1,0,1
bit.ly,0,0,0,1,0,0,1,0,0,1,0,1,1,0,1,0,1
99.37.167.72.host.secureserver.net,0,0,1,2,0,0,0,0,0,1,0,1,1,1,1,1,1
qrco.de,0,0,0,1,0,0,0,0,0,1,1,1,0,0,1,0,1
qvrifob.cocoifly.cn,0,0,0,3,0,0,0,0,1,0,1,1,1,1,1,1,1
j0sundby.duckdns.org,0,0,0,0,0,0,0,0,0,1,1,1,1,1,1,1,1
q-r.to,0,0,0,1,0,0,0,1,0,0,0,1,1,0,1,0,1
porezna-uprava-5e120.firebaseapp.com,0,0,0,0,0,0,0,1,0,1,1,1,1,0,1,0,1
q-r.to,0,0,0,1,0,0,0,1,0,0,0,1,1,0,1,0,1
l.ead.me,0,0,0,1,0,0,0,0,0,1,0,0,0,0,1,0,1
regularizacaodividas.vercel.app,0,0,0,1,0,0,0,0,0,1,1,1,1,0,1,0,1
federalwayschooldistictoffice365emailupdate.ukit.me,0,0,1,0,0,0,0,0,0,0,0,0,1,0,1,0,1
start-ledgrcom-cdn.wixstudio.com,0,0,0,1,0,0,0,1,0,1,1,1,1,0,1,0,1
authenticatedbrtczimb.weebly.com,0,0,0,0,0,0,0,0,0,1,0,1,1,0,1,0,1
gutidentity.com,0,1,1,5,0,0,0,0,0,0,0,1,1,1,1,1,1
clmknhuyt.web.app,0,0,0,0,0,0,0,0,0,1,1,1,1,0,1,0,1
jhdmhqwertyuikjvcxcv.weebly.com,0,0,0,0,0,0,0,0,0,1,0,1,1,0,1,0,1
lfugd-xjinc-nri-t0e-4pf-1kov49.pages.dev,0,0,0,0,0,0,0,1,0,1,1,1,1,0,1,0,1
docs.google.com,0,0,1,5,0,0,0,0,0,1,0,1,1,0,1,0,1
us6.campaign-archive.com,0,0,1,0,0,0,0,1,0,1,0,1,1,0,1,0,1
moonshot-listing-3ph.netlify.app,0,0,0,0,0,0,0,1,0,1,1,1,1,0,1,0,1
qrco.de,0,0,0,1,0,0,0,0,0,1,1,1,1,0,1,0,1
belitanco.com,0,0,0,1,0,0,0,0,0,0,0,1,1,1,1,1,1
hmrlyy.com,0,0,0,1,0,0,0,0,0,0,0,1,1,1,1,1,1
genxwhosting.com,0,0,0,0,0,0,0,0,0,0,0,1,0,0,1,0,1
update-gob-ec.weebly.com,0,0,0,0,0,0,0,1,0,1,0,1,1,0,1,0,1
coinpayu-adres.blogspot.com,0,0,0,0,0,0,1,1,0,1,1,1,1,0,1,0,1
bit.ly,0,0,0,1,0,0,1,0,0,1,0,1,1,1,1,1,1
qrco.de,0,0,0,1,0,0,0,0,0,1,1,1,0,0,1,0,1
rntrc.org,0,0,1,1,0,0,0,0,1,0,1,1,1,1,1,1,1
abcsubmit.com,0,0,1,2,0,0,1,0,0,0,0,1,1,0,1,0,1
p9dtufdd67v.weebly.com,0,0,0,0,0,0,0,0,0,1,0,1,1,0,1,0,1
q-r.to,0,0,0,1,0,0,0,1,0,0,0,1,1,0,1,0,1
karaknetworks.onelink.me,0,0,1,1,1,0,0,0,0,1,0,1,1,0,1,0,1
auspost.customerserviceqp.com,0,0,0,0,0,0,0,0,1,0,1,1,1,1,1,1,1
docs.google.com,0,0,1,5,0,0,0,0,0,1,0,1,1,0,1,0,1
allegrolokainie.pl-ogloszenie-tomaszkaraszewski-52.click,0,0,1,0,0,0,0,1,1,0,1,1,1,1,1,1,1
shaw-onlines1477.weebly.com,0,0,0,0,0,0,0,1,0,1,0,1,1,0,1,0,1
new-document977.weebly.com,0,0,0,0,0,0,0,1,0,1,0,1,1,0,1,0,1
pub-b7f8ffc2e1dc475fb955e15b1a633dde.r2.dev,0,0,1,1,0,0,0,1,0,1,1,1,1,0,1,0,1
bradesco.netempresasdigital.app,0,0,0,0,0,0,0,0,0,0,1,1,1,0,1,0,1
waldenuniversity356.ukit.me,0,0,0,0,0,0,0,0,0,0,0,0,1,0,1,0,1
vetw22.weebly.com,0,0,0,0,0,0,0,0,0,1,0,1,1,0,1,0,1
q-r.to,0,0,0,1,0,0,0,1,0,0,0,1,0,0,1,0,1
href.li,0,0,0,0,1,0,0,0,0,1,1,1,1,0,1,0,1
uuser90accept.start.page,0,0,0,0,0,0,0,0,0,0,1,1,1,0,1,0,1
roblox.com.ml,0,0,0,3,0,0,1,0,0,0,1,1,1,0,1,0,1
congrts-invite-blue-badge.surge.sh,0,0,0,0,0,0,0,1,0,1,0,1,1,0,1,0,1
allegro.7454387g47834.baby,0,0,0,0,0,0,0,0,1,0,1,1,1,1,1,1,1
q-r.to,0,0,0,1,0,0,0,1,0,0,0,1,0,0,1,0,1
l.ead.me,0,0,0,1,0,0,0,0,0,1,0,0,0,0,1,0,1
eu.jotform.com,0,0,0,2,0,0,0,0,0,1,0,1,1,0,1,0,1
pub-e5a0b6e7047e410aa2ac8663042f1271.r2.dev,0,0,1,1,0,0,0,1,0,1,1,1,1,0,1,0,1
docs.google.com,0,0,1,5,0,0,0,0,0,1,0,1,1,0,1,0,1
qrco.de,0,0,0,1,0,0,0,0,0,1,1,1,1,0,1,0,1
dinnersclub.webcindario.com,0,0,0,0,0,0,0,0,1,1,1,1,1,1,1,1,1
mlv465778p0.firebaseapp.com,0,0,0,0,0,0,0,0,0,1,1,1,1,0,1,0,1
88xxzx8888888xz125654check.weebly.com,0,0,0,0,0,0,0,0,0,1,0,1,1,0,1,0,1
eszterhazycellkabel.weebly.com,0,0,0,0,0,0,0,0,0,1,0,1,1,0,1,0,1
l.ead.me,0,0,0,1,0,0,0,0,0,1,0,0,1,0,1,0,1
qrco.de,0,0,0,1,0,0,0,0,0,1,1,1,0,0,1,0,1
l.ead.me,0,0,0,1,0,0,0,0,0,1,0,0,0,0,1,0,1
lnft14.info,0,0,0,1,0,0,0,0,0,0,1,1,1,1,1,1,1
sxykcha.com,0,0,0,0,1,0,0,0,0,0,0,1,1,1,1,1,1
sptr.eocampaign1.com,0,0,0,5,0,0,0,0,0,0,1,1,1,0,1,0,1
swapoocoin.blogspot.com,0,0,0,0,0,0,1,0,0,1,1,1,1,0,1,0,1
pub-3f532b41f96044e693ce18161b58d785.r2.dev,0,0,1,1,0,0,0,1,0,1,1,1,1,0,1,0,1
casaslotesespeciais05.vercel.app,0,0,0,0,0,0,0,0,0,1,1,1,1,0,1,0,1
00nvk529ieyf-pages-dev.translate.goog,0,0,1,1,0,0,0,1,0,1,1,1,1,0,1,0,1
cxztsnation.com,0,0,0,1,0,0,0,0,0,0,0,1,1,1,1,1,1
etrgjnrethdkjnjekfv.web.app,0,0,0,0,0,0,0,0,0,1,1,1,1,0,1,0,1
sp3ct-purnel-biz8-falqor-mivan.pages.dev,0,0,0,0,0,0,0,1,0,1,1,1,1,0,1,0,1
docs.google.com,0,0,1,5,0,0,0,0,0,1,0,1,1,0,1,0,1
l.wl.co,0,0,1,1,1,0,0,0,0,1,0,1,1,0,1,0,1
yulianfozhu.com,0,0,0,2,0,0,0,0,0,0,0,0,1,1,1,1,1
docs.google.com,0,0,1,5,0,0,0,0,0,1,0,1,1,0,1,0,1
allegro-lokalnie.pl-oferta836hdhye3.click,0,0,0,0,0,0,0,1,0,0,0,1,1,0,1,0,1
lechefducartelle.web.app,0,0,0,0,0,0,0,0,0,1,1,1,1,0,1,0,1
t-mobile.bhvae.shop,0,0,0,1,0,0,0,1,1,0,1,1,1,1,1,1,1
creneaumondlal.com,0,0,0,0,0,0,0,0,0,0,0,1,1,1,1,1,1
fluffy-disco-ebon.vercel.app,0,0,0,1,0,0,0,1,0,1,1,1,1,0,1,0,1
docs.google.com,0,0,1,5,0,0,0,0,0,1,0,1,1,0,1,0,1
lvfdpay.shop,0,0,0,1,0,0,0,0,1,0,1,1,1,1,1,1,1
signing0001-dpreo0o8o10l.edgeone.app,0,0,0,0,0,0,0,1,0,0,1,1,1,0,1,0,1
qrco.de,0,0,0,1,0,0,0,0,0,1,1,1,0,0,1,0,1
jklhj-3f968.firebaseapp.com,0,0,0,0,0,0,0,1,0,1,1,1,1,0,1,0,1
qrco.de,0,0,0,1,0,0,0,0,0,1,1,1,0,0,1,0,1
owablu84349439434.web.app,0,0,0,0,0,0,0,0,0,1,1,1,1,0,1,0,1
ipfs.best-practice.se,0,0,1,3,0,0,0,1,0,0,0,1,1,0,1,0,1
westconsincuorgg.weebly.com,0,0,0,0,0,0,0,0,0,1,0,1,1,0,1,0,1
sites.google.com,0,0,0,3,0,0,0,0,0,1,0,1,0,0,1,0,1
disn-account-uae.com,0,0,0,0,0,0,0,1,1,0,1,1,1,1,1,1,1
ks.asxeddf.cyou,0,0,0,0,0,0,0,0,1,0,1,1,1,1,1,1,1
courtial.hub464708.pro,0,0,0,0,0,0,0,0,1,0,1,1,1,1,1,1,1
6zk25is1c2uge1.pages.dev,0,0,1,1,0,0,0,0,0,1,1,1,1,0,1,0,1
aljanob.org.sa,0,0,1,1,0,0,0,0,0,0,1,1,1,0,1,0,1
online.forms.app,0,0,0,2,0,0,0,0,0,1,1,1,1,0,1,0,1
hipolink.net,0,0,0,1,0,0,0,0,0,0,0,1,0,0,1,0,1
019-psd2.my-granitnyrt.com,0,0,1,3,0,0,1,1,1,0,1,1,1,1,1,1,1
7o443-thpa-o3om3e-ng5f-ob34m.pages.dev,0,0,0,0,0,0,0,1,0,1,1,1,1,0,1,0,1
id-ionos-de-webmail-appsuite-id5010.blogspot.com,0,0,1,0,0,0,1,1,0,1,1,1,1,0,1,0,1
prdbkserv1ces17w.webcindario.com,0,0,0,0,0,0,0,0,1,1,1,1,1,1,1,1,1
sspuppetsfr.firebaseapp.com,0,0,0,0,0,0,0,0,0,1,1,1,1,0,1,0,1
evri-parcela.cn,0,0,0,0,0,0,0,1,1,0,1,1,1,1,1,1,1
l.ead.me,0,0,0,1,0,0,0,0,0,1,0,0,1,0,1,0,1
messenger-security-notification-ads.one,0,0,0,1,0,0,0,1,0,0,0,1,1,1,1,1,1
share.hsforms.com,0,0,1,1,0,0,0,0,0,1,0,1,1,0,1,0,1
qrco.de,0,0,0,1,0,0,0,0,0,1,1,1,0,0,1,0,1
2ww.me,0,0,0,1,0,0,0,0,0,0,0,1,1,0,1,0,1
metrocastcommunicationadminmailserviceconnectionupdate001.weebly.com,0,0,1,0,0,0,0,0,0,1,0,1,1,0,1,0,1
allegro-lokalnie.ofeir28387923019.lat,0,0,0,0,0,0,0,1,1,0,1,1,1,1,1,1,1
fashionnvren.com,0,0,0,0,0,0,0,0,0,0,0,1,1,1,1,1,1
kleinanzelgen.de.57561718.my,0,0,1,2,0,0,0,0,1,0,1,1,1,1,1,1,1
l.wl.co,0,0,0,1,1,0,0,0,0,1,0,1,1,0,1,0,1
verificacion-pago-cuenta.com,0,0,0,0,0,0,0,1,0,0,0,1,1,1,1,1,1
brave-type-532973.framer.app,0,0,0,0,0,0,0,1,0,1,1,1,1,0,1,0,1
tinu.be,0,0,1,0,1,0,0,0,0,0,1,1,1,0,1,0,1
person.formstack.com,0,0,0,2,0,0,0,0,0,1,0,0,1,0,1,0,1
factumebase.firebaseapp.com,0,0,0,0,0,0,0,0,0,1,1,1,1,0,1,0,1
customer-p.web.app,0,0,0,0,0,0,0,1,0,1,1,1,1,0,1,0,1
usdt-gateway-vip.netlify.app,0,0,0,0,0,0,0,1,0,1,1,1,1,0,1,0,1
docs.google.com,0,0,1,5,0,0,0,0,0,1,0,1,1,0,1,0,1
docs.google.com,0,0,1,5,0,0,0,0,0,1,0,1,1,0,1,0,1
l.ead.me,0,0,0,1,0,0,0,0,0,1,0,0,0,0,1,0,1
kundengmxnet.weebly.com,0,0,0,0,0,0,0,0,0,1,0,1,1,0,1,0,1
allegro.ofeta812372398455.click,0,0,0,0,0,0,0,0,1,0,1,1,1,1,1,1,1
allegrolokalnie.pl78646.top,0,0,0,0,0,0,0,0,1,0,1,1,1,1,1,1,1
l.ead.me,0,0,0,1,0,0,0,0,0,1,0,0,0,0,1,0,1
at-t-2crjn.daftpage.com,0,0,0,0,0,0,0,1,0,0,0,0,1,0,1,0,1
qrco.de,0,0,0,1,0,0,0,0,0,1,1,1,0,0,1,0,1
qrco.de,0,0,0,1,0,0,0,0,0,1,1,1,0,0,1,0,1
luxxstudiox.wixstudio.com,0,0,0,2,0,0,0,0,0,1,1,1,1,0,1,0,1
newsmthhhhdsasc.netlify.app,0,0,0,0,0,0,0,0,0,1,1,1,1,0,1,0,1
signdd.weebly.com,0,0,0,0,0,0,0,0,0,1,0,1,1,0,1,0,1
appsuite-trezero.wixstudio.com,0,0,0,1,0,0,0,1,0,1,1,1,1,0,1,0,1
verication-casefb858920.vercel.app,0,0,1,1,0,0,0,1,0,1,1,1,1,0,1,0,1
bafkreiadt5vxhsmzwrhw3zekasocp7wde35snlqzhrgauzx5m7biswf3x4.ipfs.dweb.link,0,0,1,0,0,0,0,0,1,1,1,1,1,1,1,1,1
qrco.de,0,0,0,1,0,0,0,0,0,1,1,1,0,0,1,0,1
pub-0d8e0c69d3d34567ab3eddaa8aedf1d0.r2.dev,0,0,1,1,0,0,0,1,0,1,1,1,1,0,1,0,1
docs.google.com,0,0,1,5,0,0,0,0,0,1,0,1,1,0,1,0,1
allegrolokalnie.pl-oferta879836048.shop,0,0,0,0,0,0,0,1,1,0,1,1,1,1,1,1,1
qrco.de,0,0,0,1,0,0,0,0,0,1,1,1,0,0,1,0,1
qrco.de,0,0,0,1,0,0,0,0,0,1,1,1,1,0,1,0,1
qrco.de,0,0,0,1,0,0,0,0,0,1,1,1,0,0,1,0,1
docs.google.com,0,0,1,5,0,0,0,0,0,1,0,1,1,0,1,0,1
l.ead.me,0,0,0,1,0,0,0,0,0,1,0,0,1,1,1,1,1
docs.google.com,0,0,1,5,0,0,0,0,0,1,0,1,1,0,1,0,1
hometax.wuaze.com,0,0,0,0,0,0,0,0,0,1,0,1,1,1,1,1,1
wahtatsrapp-cs.io,0,0,0,0,0,0,0,1,1,0,1,1,1,1,1,1,1
secure-site-editor--osinachifresh55.replit.app,0,0,1,0,0,0,0,1,0,1,1,1,1,0,1,0,1
l.ead.me,0,0,0,1,0,0,0,0,0,1,0,0,0,0,1,0,1
tx.gov-osg.help,0,0,0,0,0,0,0,1,0,0,0,1,1,1,1,1,1
bit.ly,0,0,0,1,0,0,1,0,0,1,0,1,1,0,1,0,1
tinyurl.com,0,0,0,1,0,0,1,0,0,1,0,1,1,0,1,0,1
our-desktop.wixstudio.com,0,0,0,1,0,0,0,1,0,1,1,1,1,0,1,0,1
flow.page,0,0,0,1,0,0,0,0,0,1,1,1,1,0,1,0,1
pub-f5c1594ec06641dcba66517b02635237.r2.dev,0,0,1,1,0,0,0,1,0,1,1,1,1,0,1,0,1
primeamzabo003.pro,0,0,0,0,0,0,0,0,1,0,1,1,1,1,1,1,1
adfs.pb3.duckdns.org,0,0,0,0,0,0,0,0,0,1,1,1,1,1,1,1,1
kleinanzeigen.xxzlaw.com,0,0,1,1,0,0,0,0,1,0,1,1,1,1,1,1,1
msoiaxsk.us.cc,0,0,0,2,0,0,0,0,1,1,1,1,1,1,1,1,1
dgfoodsnet.myportfolio.com,0,0,0,0,0,0,0,0,0,1,0,1,1,0,1,0,1
allegrolokalnie.pl-oferta62849002.cfd,0,0,0,0,0,0,0,1,1,0,1,1,1,1,1,1,1
kakaooathdyej7762344566212tt24r5thw4wy6w4665.weebly.com,0,0,1,0,0,0,0,0,0,1,0,1,1,0,1,0,1
ca24148.tw1.ru,0,0,0,2,0,0,0,0,0,1,0,1,1,0,1,0,1
sites.google.com,0,0,0,3,0,0,0,0,0,1,0,1,1,0,1,0,1
vk.com,0,0,1,1,1,0,0,0,0,1,0,1,1,1,1,1,1
shaw-103929.square.site,0,0,0,0,0,0,0,1,0,1,0,1,1,0,1,0,1
bit.ly,0,0,0,1,0,0,1,0,0,1,0,1,1,0,1,0,1
droits-renouvellement.com,0,0,0,1,0,0,1,1,1,0,1,1,1,1,1,1,1
bradesco.sincronizacaopjonline.click,0,0,0,0,0,0,0,0,1,0,1,1,1,1,1,1,1
makewayssecure.weebly.com,0,0,0,0,0,0,0,0,0,1,0,1,1,0,1,0,1
pub-639070cfb2a844be8fbc4a2a91242fcb.r2.dev,0,0,1,1,0,0,0,1,0,1,1,1,1,0,1,0,1
f0e.87c.mytemp.website,0,0,0,3,0,0,0,0,0,1,0,1,1,1,1,1,1
l.ead.me,0,0,0,1,0,0,0,0,0,1,0,0,0,0,1,0,1
vehfvwefev.ulcraft.com,0,0,0,0,0,0,1,0,0,0,0,0,1,0,1,0,1
lock-v2-truthofficial.pages.dev,0,0,0,0,0,0,0,1,0,1,1,1,1,0,1,0,1
e8-okx-pc.net,0,0,0,0,0,0,0,1,1,0,1,1,1,1,1,1,1
scsrxbs.com,0,0,1,7,0,0,0,0,0,0,0,0,1,0,1,0,1
docs.google.com,0,0,1,4,0,0,0,0,0,1,0,1,1,0,1,0,1
bit.ly,0,0,0,1,0,0,1,0,0,1,0,1,1,0,1,0,1
pcn-noticuq.cyou,0,0,0,1,0,0,0,1,1,0,1,1,1,1,1,1,1
c36c368022d.blogspot.com,0,0,0,0,0,0,1,0,0,1,1,1,1,0,1,0,1
billingccways.weebly.com,0,0,0,0,0,0,0,0,0,1,0,1,1,0,1,0,1
docs.google.com,0,0,1,5,0,0,0,0,0,1,0,1,1,0,1,0,1
q-r.to,0,0,0,1,0,0,0,1,0,0,0,1,0,0,1,0,1
usa-ledgercdn.wixstudio.com,0,0,0,1,0,0,0,1,0,1,1,1,1,0,1,0,1
powr.io,0,0,0,3,0,0,0,0,0,1,0,0,0,0,1,0,1
mailprijavabhtelecomwebmail.weebly.com,0,0,0,0,0,0,0,0,0,1,0,1,1,0,1,0,1
metfmasktensnwlg.gitbook.io,0,0,0,0,0,0,0,0,0,1,0,1,1,0,1,0,1
qrco.de,0,0,0,1,0,0,0,0,0,1,1,1,0,0,1,0,1
sp11ct-zenril-biz8-dorvak-plenor.pages.dev,0,0,0,0,0,0,0,1,0,1,1,1,1,0,1,0,1
ee-info-update.web.app,0,0,0,0,0,0,0,1,0,1,1,1,1,0,1,0,1
dossierpens.com,0,0,0,1,0,0,0,0,1,0,1,1,1,1,1,1,1
qrco.de,0,0,0,1,0,0,0,0,0,1,1,1,0,0,1,0,1
sc.bdfrz.cam,0,0,0,0,0,0,0,0,0,0,0,1,1,1,1,1,1
hfadiamanna.blogspot.com,0,0,0,0,0,0,1,0,0,1,1,1,1,0,1,0,1
swisshilfe.cluster1.easy-hebergement.net,0,0,1,2,0,0,0,1,0,1,1,1,1,0,1,0,1
sp11ct-folzan-biz8-pravik-melkor.pages.dev,0,0,0,0,0,0,0,1,0,1,1,1,1,0,1,0,1
io-web-ec451.firebaseapp.com,0,0,0,0,0,0,0,1,0,1,1,1,1,0,1,0,1
suuitrzr.wixstudio.com,0,0,0,1,0,0,0,0,0,1,1,1,1,0,1,0,1
us18.campaign-archive.com,0,0,1,0,0,0,0,1,0,1,0,1,1,0,1,0,1
spacetricgroup.com,0,0,1,1,0,0,0,0,0,0,0,1,1,0,1,0,1
ghjkl-17a52.web.app,0,0,0,0,0,0,0,1,0,1,1,1,1,0,1,0,1
ytxqltech.com,0,0,0,2,0,0,0,0,0,0,0,1,1,1,1,1,1
srdqsd797sd9fq.firebaseapp.com,0,0,0,0,0,0,0,0,0,1,1,1,1,0,1,0,1
asacanelbrazzz.blogspot.com,0,0,0,0,0,0,1,0,0,1,1,1,1,0,1,0,1
q-r.to,0,0,0,1,0,0,0,1,0,0,0,1,1,0,1,0,1
go.ly,0,0,0,1,0,0,0,0,0,0,0,1,1,0,1,0,1
sites.google.com,0,0,0,3,0,0,0,0,0,1,0,1,1,0,1,0,1
respondto.forms.app,0,0,1,2,0,0,0,0,0,1,1,1,1,0,1,0,1
qrco.de,0,0,1,1,0,0,0,0,0,1,1,1,1,0,1,0,1
google.com,0,0,0,3,0,0,0,0,0,1,0,1,1,0,1,0,1
start72.godaddysites.com,0,0,0,0,0,0,0,0,0,1,0,1,1,0,1,0,1
suited-trazo.wixstudio.com,0,0,0,1,0,0,0,1,0,1,1,1,1,0,1,0,1
l.ead.me,0,0,0,1,0,0,0,0,0,1,0,0,0,0,1,0,1
qrco.de,0,0,0,1,0,0,0,0,0,1,1,1,1,0,1,0,1
tinyurl.com,0,0,0,1,0,0,1,0,0,1,0,1,1,0,1,0,1
ulys-autoroute-pass.com,0,0,0,2,0,0,0,1,1,0,1,1,1,1,1,1,1
allegrolokalnie.pl018986702306.cfd,0,0,1,3,0,0,0,0,1,0,1,1,1,1,1,1,1
docs.google.com,0,0,1,5,0,0,0,0,0,1,0,1,1,0,1,0,1
atualizarpfnet.digital,0,0,0,0,0,0,0,0,0,0,1,1,1,0,1,0,1
intro-coinbaze.wixstudio.com,0,0,0,1,0,0,0,1,0,1,1,1,1,0,1,0,1
enledgr-eng.wixstudio.com,0,0,0,1,0,0,0,1,0,1,1,1,1,0,1,0,1
solicitudenlineabcol.duckdns.org,0,0,0,0,0,0,0,0,0,1,1,1,1,1,1,1,1
beif.com.mx,0,1,1,6,0,0,0,0,1,0,1,1,1,1,1,1,1
helsan.com,0,0,1,8,0,0,0,0,0,0,0,1,1,0,1,0,1
reditos-parati.webcindario.com,0,0,0,0,0,0,0,1,1,1,1,1,1,1,1,1,1
dpd.yavnexor.cfd,0,0,0,1,0,0,0,0,1,0,1,1,1,1,1,1,1
device-ledgrercdn.wixstudio.com,0,0,0,1,0,0,0,1,0,1,1,1,1,0,1,0,1
pedagio-eletronico.vercel.app,0,0,0,1,0,0,0,1,0,1,1,1,1,0,1,0,1
l.wl.co,0,0,0,1,1,0,0,0,0,1,0,1,1,0,1,0,1
pub-a492c8f0efeb4a1d9b17e32a5abc162a.r2.dev,0,0,1,1,0,0,0,1,0,1,1,1,1,0,1,0,1
reachhub.ge,0,0,0,1,0,0,0,0,0,0,0,1,1,1,1,1,1
enstart-ledgeapp.wixstudio.com,0,0,0,1,0,0,0,1,0,1,1,1,1,0,1,0,1
vuno.top,0,0,0,1,0,0,0,0,1,0,1,1,1,1,1,1,1
q-r.to,0,0,0,1,0,0,0,1,0,0,0,1,0,0,1,0,1
q-r.to,0,0,0,1,0,0,0,1,0,0,0,1,1,0,1,0,1
gouv-fr.weebly.com,0,0,0,0,0,0,0,1,0,1,0,1,1,0,1,0,1
qrco.de,0,0,0,1,0,0,0,0,0,1,1,1,0,0,1,0,1
docs.google.com,0,0,1,5,0,0,0,0,0,1,0,1,1,0,1,0,1
aivrcmx.vercel.app,0,0,0,0,0,0,0,0,0,1,1,1,0,0,1,0,1
bradesco.suportereparaempresa.info,0,0,0,0,0,0,0,0,1,0,1,1,1,1,1,1,1
allegro.okazja-na-lato-2026-o45rgve.sbs,0,0,0,0,0,0,0,1,1,0,1,1,1,1,1,1,1
l.ead.me,0,0,0,1,0,0,0,0,0,1,0,0,1,0,1,0,1
bhdlineasupp.webcindario.com,0,0,0,0,0,0,0,0,1,1,1,1,1,1,1,1,1
msjulxsk.us.cc,0,0,0,2,0,0,0,0,1,1,1,1,1,1,1,1,1
new.express.adobe.com,0,0,0,2,0,0,0,0,0,1,0,1,1,0,1,0,1
qrco.de,0,0,0,1,0,0,0,0,0,1,1,1,0,0,1,0,1
inicio-pr0du.webcindario.com,0,0,0,0,0,0,0,1,1,1,1,1,1,1,1,1,1
allegro-lokalnie.smar9438-65j.cfd,0,0,0,0,0,0,0,1,1,0,1,1,1,1,1,1,1
l.ead.me,0,0,0,1,0,0,0,0,0,1,0,0,1,0,1,0,1
docs.google.com,0,0,1,5,0,0,0,0,0,1,0,1,1,0,1,0,1
new.express.adobe.com,0,0,0,2,0,0,0,0,0,1,0,1,1,0,1,0,1
qrco.de,0,0,0,1,0,0,0,0,0,1,1,1,0,0,1,0,1
homepage-ledegr-apps.wixstudio.com,0,0,0,1,0,0,0,1,0,1,1,1,1,0,1,0,1
noobs.jour2685494.pro,0,0,0,0,0,0,0,0,0,0,1,1,0,0,1,0,1
l.ead.me,0,0,0,1,0,0,0,0,0,1,0,0,0,0,1,0,1
docs.google.com,0,0,1,5,0,0,0,0,0,1,0,1,1,0,1,0,1
allegro.1200000498.casa,0,0,1,2,0,0,0,0,1,0,1,1,1,1,1,1,1
l.ead.me,0,0,0,1,0,0,0,0,0,1,0,0,0,0,1,0,1
livedesktop-us.wixstudio.com,0,0,0,1,0,0,0,1,0,1,1,1,1,0,1,0,1
fe30zv-33bql-wjwz-oc4fk-o1w.pages.dev,0,0,0,0,0,0,0,1,0,1,1,1,1,0,1,0,1
hwanr.com,0,0,0,0,0,0,0,0,1,0,1,1,1,1,1,1,1
globalvoice.jp,0,0,1,3,0,0,0,0,0,0,0,1,1,1,1,1,1
support-abovideo.help,0,0,0,1,0,0,0,1,1,0,1,1,1,1,1,1,1
allegro.pl-l2r3s.sbs,0,0,0,0,0,0,0,1,1,0,1,1,1,1,1,1,1
seemichoacan.hstn.me,0,0,0,1,0,0,0,0,0,0,0,1,1,1,1,1,1
indexmalwebmail.weebly.com,0,0,0,0,0,0,0,0,0,1,0,1,1,0,1,0,1
flowcode.com,0,0,0,2,0,0,0,0,0,1,0,1,1,0,1,1,1
att-105410.weeblysite.com,0,0,0,0,0,0,0,1,0,1,0,1,1,0,1,0,1
q-r.to,0,0,0,1,0,0,0,1,0,0,0,1,1,0,1,0,1
q-r.to,0,0,0,1,0,0,0,1,0,0,0,1,0,0,1,0,1
mozarez.firebaseapp.com,0,0,0,0,0,0,0,0,0,1,1,1,1,0,1,0,1
allegrolokalnie.0183678235319.xyz,0,0,0,0,0,0,0,0,1,0,1,1,1,1,1,1,1
docs.google.com,0,0,1,5,0,0,0,0,0,1,0,1,1,0,1,0,1
trezostarten.framer.ai,0,0,0,1,0,0,0,0,0,0,1,1,1,0,1,0,1
workcontrolcenter.pages.dev,0,0,0,0,0,0,0,0,0,1,1,1,1,0,1,0,1
zvwt-jcyv-qfk-nn9vq-vb66.pages.dev,0,0,0,0,0,0,0,1,0,1,1,1,1,0,1,0,1
denvacarrie46.wixsite.com,0,0,0,1,0,0,0,0,0,1,1,1,1,0,1,0,1
lendingtreeusa.vercel.app,0,0,0,0,0,0,0,0,0,1,1,1,1,0,1,0,1
bit.ly,0,0,0,1,0,0,1,0,0,1,0,1,1,0,1,0,1
daumo98rytyoiturjfdckuh.weebly.com,0,0,0,0,0,0,0,0,0,1,0,1,1,0,1,0,1
onlinemyfairpointwebmailcenter.weebly.com,0,0,0,0,0,0,0,0,0,1,0,1,1,0,1,0,1
siriusmultimedia.com,0,0,0,1,0,0,0,0,0,0,1,1,1,0,1,0,1
waeofdpflifnkf.weebly.com,0,0,0,0,0,0,0,0,0,1,0,1,1,0,1,0,1
allegro.53423199gg88.biz,0,0,0,0,0,0,0,0,0,0,1,1,1,1,1,1,1
buscavrbfwepynpqt.firebaseapp.com,0,0,0,0,0,0,0,0,0,1,1,1,1,0,1,0,1
conuant.firebaseapp.com,0,0,0,0,0,0,0,0,0,1,1,1,1,0,1,0,1
bit.ly,0,0,0,1,0,0,1,0,0,1,0,1,1,0,1,0,1
q-r.to,0,0,0,1,0,0,0,1,0,0,0,1,0,0,1,0,1
mail-chettinad-com.weebly.com,0,0,0,0,0,0,0,1,0,1,0,1,1,0,1,0,1
34ew3br.weebly.com,0,0,0,0,0,0,0,0,0,1,0,1,1,0,1,0,1
ospdrxdplmjfplmuanbzowpgbjhiyzvlsmlyvwuwutgepqbewl.arweave.net,0,0,1,1,0,0,0,0,0,1,0,1,1,0,1,0,1
amindwebmailupdate.weeblysite.com,0,0,0,0,0,0,0,0,0,1,0,1,1,0,1,0,1
q-r.to,0,0,0,1,0,0,0,1,0,0,0,1,0,0,1,0,1
us7.campaign-archive.com,0,0,1,0,0,0,0,1,0,1,0,1,1,0,1,0,1
docs.google.com,0,0,1,5,0,0,0,0,0,1,0,1,1,0,1,0,1
pub-d27463c25a494efeba2de859778d9bbe.r2.dev,0,0,1,1,0,0,0,1,0,1,1,1,1,0,1,0,1
share-eu1.hsforms.com,0,0,1,1,0,0,0,1,0,1,0,1,1,0,1,0,1
nasrgdfjhqwe.eu.cc,0,0,0,1,0,0,0,0,0,1,0,1,1,1,1,1,1
qrco.de,0,0,0,1,0,0,0,0,0,1,1,1,0,0,1,0,1
sites.google.com,0,0,0,2,0,0,0,0,0,1,0,1,1,0,1,0,1
lycustechnologies.com,0,0,0,0,0,0,0,0,0,0,0,1,1,1,1,1,1
qrco.de,0,0,0,1,0,0,0,0,0,1,1,1,0,0,1,0,1
ativacaobiaonline.info,0,0,0,0,0,0,0,0,0,0,1,1,1,1,1,1,1
allegro.pl-oferta6482538.click,0,0,0,0,0,0,0,1,0,0,0,1,1,1,1,1,1
7658945643.weebly.com,0,0,0,0,0,0,0,0,0,1,0,1,1,0,1,0,1
goldenbillerupdate.weebly.com,0,0,0,0,0,0,0,0,0,1,0,1,1,0,1,0,1
accstarts-ledgrcdn.wixstudio.com,0,0,0,1,0,0,0,1,0,1,1,1,1,0,1,0,1
meojrbal.com,0,0,0,0,0,0,0,0,1,0,1,1,1,1,1,1,1
docs.google.com,0,0,1,5,0,0,0,0,0,1,0,1,1,0,1,0,1
cpcontacts.20-244-0-63.cprapid.com,0,0,0,0,0,0,0,1,0,1,1,1,1,0,1,0,1
bit.ly,0,0,0,1,0,0,1,0,0,1,0,1,1,0,1,0,1
helsingborg-se.weebly.com,0,0,0,0,0,0,0,1,0,1,0,1,1,0,1,0,1
claim-8e.netlify.app,0,0,0,0,0,0,0,1,0,1,1,1,1,0,1,0,1
tinyurl.com,0,0,0,1,0,0,1,0,0,1,0,1,1,0,1,0,1
loginaccountheree.start.page,0,0,0,0,0,0,0,0,0,0,1,1,1,0,1,0,1
affactor-f4180.web.app,0,0,0,0,0,0,0,1,0,1,1,1,1,0,1,0,1
sp0ct-selvix-biz-valqor-belrem.pages.dev,0,0,0,0,0,0,0,1,0,1,1,1,1,0,1,0,1
lite.evernote.com,0,0,1,2,0,0,0,0,0,1,0,1,1,0,1,0,1
docs.google.com,0,0,1,5,0,0,0,0,0,1,0,1,1,0,1,0,1
l.ead.me,0,0,0,1,0,0,0,0,0,1,0,0,1,0,1,0,1
hruuwvhemhngg.firebaseapp.com,0,0,0,0,0,0,0,0,0,1,1,1,1,0,1,0,1
wilainaiasteamworkspace.myclickfunnels.com,0,0,1,1,0,0,0,0,0,1,0,0,1,0,1,0,1
danvilletelcosecureaccountlogin.weeblysite.com,0,0,1,0,0,0,0,0,0,1,0,1,1,0,1,0,1
solarservicehouse.com,0,0,0,0,0,0,0,0,0,0,0,0,1,1,1,1,1
bafkreidrnfrxlt7i4v6t6mawvydkawpwj7zyp7vqt5xdrol64ezlho5lju.ipfs.dweb.link,0,0,1,0,0,0,0,0,1,1,1,1,1,1,1,1,1
pandize2026.ibh5fu.info,0,0,0,1,0,0,0,0,0,0,1,1,1,1,1,1,1
bit.ly,0,0,0,1,0,0,1,0,0,1,0,1,1,0,1,0,1
deboutgang.web.app,0,0,0,0,0,0,0,0,0,1,1,1,1,0,1,0,1
hdhehdses.w3spaces.com,0,0,0,1,0,0,0,0,0,0,0,0,1,0,1,0,1
gov-oai.help,0,0,0,0,0,0,0,1,1,0,1,1,1,1,1,1,1
new.express.adobe.com,0,0,0,2,0,0,0,0,0,1,0,1,1,0,1,0,1
debremzers.web.app,0,0,0,0,0,0,0,0,0,1,1,1,1,0,1,0,1
qrco.de,0,0,0,1,0,0,0,0,0,1,1,1,1,0,1,0,1
n8qv3xt.skin,0,0,0,3,0,0,0,0,1,0,1,1,1,1,1,1,1
qrco.de,0,0,0,1,0,0,0,0,0,1,1,1,0,0,1,0,1
suportenetempresaspj.net,0,0,0,0,0,0,0,0,0,0,0,1,1,0,1,0,1
itau2viadafatura.com,0,0,0,0,0,0,0,0,0,0,0,1,1,1,1,1,1
esspace-lcients.web.app,0,0,0,0,0,0,0,1,0,1,1,1,1,0,1,0,1
servicepeagefrance.org,0,0,0,1,0,0,0,0,0,0,0,1,1,1,1,1,1
inf-support07.im,0,0,0,1,0,0,0,1,1,0,1,1,1,1,1,1,1
eu.jotform.com,0,0,0,2,0,0,0,0,0,1,0,1,1,0,1,0,1
pub-2d670b64311344f2b6abeac588b21f9a.r2.dev,0,0,1,1,0,0,0,1,0,1,1,1,1,0,1,0,1
l.wl.co,0,0,1,1,1,0,0,0,0,1,0,1,1,0,1,0,1
l.ead.me,0,0,0,1,0,0,0,0,0,1,0,0,1,0,1,0,1
train26-promo.com,0,0,0,0,0,0,0,1,1,0,1,1,1,1,1,1,1
boukake.info4572531.pro,0,0,0,0,0,0,0,0,1,0,1,1,1,1,1,1,1
bounioul.info4572531.pro,0,0,0,0,0,0,0,0,1,0,1,1,1,1,1,1,1
qrcodeveloper.com,0,0,0,2,0,0,0,0,0,0,0,1,1,0,1,0,1
l.ead.me,0,0,0,1,0,0,0,0,0,1,0,0,0,0,1,0,1
storage.cloud.google.com,0,1,1,2,0,0,0,0,0,1,0,1,1,0,1,0,1
qrco.de,0,0,0,1,0,0,0,0,0,1,1,1,0,0,1,0,1
coteeazur.weebly.com,0,0,0,0,0,0,0,0,0,1,0,1,1,0,1,0,1
l.ead.me,0,0,0,1,0,0,0,0,0,1,0,0,0,0,1,0,1
share-eu1.hsforms.com,0,0,1,1,0,0,0,1,0,1,0,1,1,0,1,0,1
buildyourfutureecuador.free.nf,0,0,0,0,0,0,0,0,0,1,0,1,1,1,1,1,1
pls-wait-for-page.web.app,0,0,0,0,0,0,0,1,0,1,1,1,1,0,1,0,1
allegrolokalnie.pl-035.cfd,0,0,0,0,0,0,0,1,1,0,1,1,1,1,1,1,1
forms.clickup.com,0,0,1,4,0,0,0,0,0,1,0,1,1,0,1,0,1
appssuitess.wixstudio.com,0,0,0,1,0,0,0,0,0,1,1,1,1,0,1,0,1
docs.google.com,0,0,1,4,0,0,0,0,0,1,0,1,1,0,1,0,1
new.express.adobe.com,0,0,0,2,0,0,0,0,0,1,0,1,1,0,1,0,1
us9.campaign-archive.com,0,0,1,0,0,0,0,1,0,1,0,1,1,0,1,0,1
mapsforeurope019.top,0,0,0,0,0,0,0,0,1,0,1,1,1,1,1,1,1
sp1ct6-slortek-biz-plovnix-fraplor.pages.dev,0,0,0,0,0,0,0,1,0,1,1,1,1,0,1,0,1
docs.google.com,0,0,1,5,0,0,0,0,0,1,0,1,1,0,1,0,1
xrytsukfyr6ygasfxcgjh-ryyzxsctuyjdvkytkdrsu6ytg.teemill.com,0,0,1,0,0,0,0,1,0,1,0,1,1,0,1,0,1
43.156.0.130,1,0,1,3,1,0,0,0,0,0,1,1,1,0,1,0,1
qrco.de,0,0,0,1,0,0,0,0,0,1,1,1,0,0,1,0,1
qrco.de,0,0,0,1,0,0,0,0,0,1,1,1,0,0,1,0,1
vid-lv.firebaseapp.com,0,0,0,0,0,0,0,1,0,1,1,1,1,0,1,0,1
brt.ieafov.click,0,0,1,2,0,0,0,0,1,0,1,1,1,1,1,1,1
ca.votre-espace-clients.com,0,0,0,2,0,0,0,1,1,0,1,1,1,1,1,1,1
l.ead.me,0,0,0,1,0,0,0,0,0,1,0,0,1,0,1,0,1
l.ead.me,0,0,0,1,0,0,0,0,0,1,0,0,1,0,1,0,1
qrco.de,0,0,0,1,0,0,0,0,0,1,1,1,1,0,1,0,1
web.tegccm.top,0,0,0,0,0,0,0,0,1,0,1,1,1,1,1,1,1
airmillees.weebly.com,0,0,0,0,0,0,0,0,0,1,0,1,1,0,1,0,1
2fqllg.share-eu1.hsforms.com,0,0,1,1,0,0,0,1,0,1,0,1,1,0,1,0,1
platform-trexorcdn.wixstudio.com,0,0,0,1,0,0,0,1,0,1,1,1,1,0,1,0,1
allegrolokalnie.aui74391230857j54.shop,0,0,0,0,0,0,0,0,1,0,1,1,1,1,1,1,1
bafybeiekcmol7rfl4i5oa7nwm6hs5gn4premtzltkpvnmv4jnhlr7jxaby.ipfs.dweb.link,0,0,1,0,0,0,0,0,1,1,1,1,1,1,1,1,1
homepagel-ledzestart.wixstudio.com,0,0,0,1,0,0,0,1,0,1,1,1,1,0,1,0,1
louchagne.hub-9184898.pro,0,0,0,1,0,0,0,1,1,0,1,1,1,1,1,1,1
inexpensive-octopus-567597.framer.app,0,0,0,0,0,0,0,1,0,1,1,1,1,0,1,0,1
atmc-webmailzimbra.weeblysite.com,0,0,0,0,0,0,0,1,0,1,0,1,1,0,1,0,1
yoydzs.blogspot.com,0,0,0,0,0,0,1,0,0,1,1,1,1,0,1,0,1
did.li,0,0,0,1,0,0,0,0,0,0,1,1,1,1,1,1,1
yuyufgkkg.weebly.com,0,0,0,0,0,0,0,0,0,1,0,1,1,0,1,0,1
bit.ly,0,0,0,1,0,0,1,0,0,1,0,1,1,0,1,0,1
niralist.com.tr,0,0,1,5,0,0,1,0,0,0,0,0,1,0,1,0,1
noumeabourali00120.firebaseapp.com,0,0,0,0,0,0,0,0,0,1,1,1,1,0,1,0,1
dqskdlqskdqsodlksqdq.blogspot.com,0,0,0,0,0,0,1,0,0,1,1,1,1,0,1,0,1
facturealo157.top,0,0,0,0,0,0,0,0,1,0,1,1,1,1,1,1,1
yvan.acces11506256.pro,0,0,0,0,0,0,0,0,0,0,1,1,1,0,1,0,1
bit.ly,0,0,0,1,0,0,1,0,0,1,0,1,1,0,1,0,1
allegrolokalnie.oferta34681.shop,0,0,0,0,0,0,0,0,1,0,1,1,1,1,1,1,1
humtitdvpge.weebly.com,0,0,0,0,0,0,0,0,0,1,0,1,1,0,1,0,1
travemi-gld-zarqumi-c2x9fq37.pages.dev,0,0,0,0,0,0,0,1,0,1,1,1,1,0,1,0,1
bhdverificadato0.webcindario.com,0,0,0,0,0,0,0,0,1,1,1,1,1,1,1,1,1
bit.ly,0,0,0,1,0,0,1,0,0,1,0,1,1,1,1,1,1
servicio-credit-prestamos-2026.onrender.com,0,0,0,0,0,0,0,1,0,1,1,1,1,0,1,0,1
s467ictuv85457u6fyitrs4657u67kui57436iy46iasryct.teemill.com,0,0,1,0,0,0,0,0,0,1,0,1,1,0,1,0,1
2fkcm6.share-eu1.hsforms.com,0,0,1,1,0,0,0,1,0,1,0,1,1,0,1,0,1
qrco.de,0,0,0,1,0,0,0,0,0,1,1,1,0,0,1,0,1
docs.google.com,0,0,1,5,0,0,0,0,0,1,0,1,1,0,1,0,1
nertiopkmceart.weebly.com,0,0,0,0,0,0,0,0,0,1,0,1,1,0,1,0,1
suspensiones0011.webcindario.com,0,0,0,0,0,0,0,0,1,1,1,1,1,1,1,1,1
s4w.in,0,0,1,1,0,0,0,0,0,0,0,0,1,0,1,0,1
docs.google.com,0,0,1,5,0,0,0,0,0,1,0,1,1,0,1,0,1
kleinanzeigen.0002010.com,0,0,1,2,0,0,0,0,0,0,0,0,1,0,1,0,1
pub-d8009c8fb8464caba06a48bd8a06d8ba.r2.dev,0,0,1,1,0,0,0,1,0,1,1,1,1,0,1,0,1
sexmerla.click,0,0,0,2,0,0,0,0,1,0,1,1,1,1,1,1,1
prezo.ai,0,0,1,2,0,0,0,0,0,0,0,0,1,0,1,0,1
q-r.to,0,0,0,1,0,0,0,1,0,0,0,1,0,0,1,0,1
docs.google.com,0,0,1,5,0,0,0,0,0,1,0,1,1,0,1,0,1
track-id8982.firebaseapp.com,0,0,0,0,0,0,0,1,0,1,1,1,1,0,1,0,1
allegrolokalnie.pl-oferta538284.cfd,0,0,0,0,0,0,0,1,1,0,1,1,1,1,1,1,1
allegrolokalnie.xyzoferta.shop,0,0,1,2,0,0,0,0,1,0,1,1,1,1,1,1,1
docs.google.com,0,0,1,5,0,0,0,0,0,1,0,1,1,0,1,0,1
iostart-ledgeapp.wixstudio.com,0,0,0,1,0,0,0,1,0,1,1,1,1,0,1,0,1
qrco.de,0,0,0,1,0,0,0,0,0,1,1,1,0,0,1,0,1
l.ead.me,0,0,0,1,0,0,0,0,0,1,0,0,0,0,1,0,1
q-r.to,0,0,0,1,0,0,0,1,0,0,0,1,0,0,1,0,1
qrco.de,0,0,0,1,0,0,0,0,0,1,1,1,0,0,1,0,1
klelnanzeigen-deutsch.srvccheckin.icu,0,0,1,3,0,0,0,1,1,0,1,1,1,1,1,1,1
t.co,0,0,0,1,0,0,1,0,0,1,0,1,1,0,1,0,1
api.le-registres-societes-francaises.fr,0,0,1,2,0,0,0,1,1,0,1,1,1,1,1,1,1
bafkreiaeajykh3r4ijdxjnxuai7q4qeofvt3u5doe45ytud6v42qfndx7u.ipfs.dweb.link,0,0,1,0,0,0,0,0,1,1,1,1,1,1,1,1,1
oauth-xfinitty.weebly.com,0,0,0,0,0,0,0,1,0,1,0,1,1,0,1,0,1
docs.google.com,0,0,1,5,0,0,0,0,0,1,0,1,1,0,1,0,1
hotmail-mailbox-100350.weeblysite.com,0,0,0,0,0,0,0,1,0,1,0,1,1,0,1,0,1
pages-manualy-loading-10029479.firebaseapp.com,0,0,1,0,0,0,0,1,0,1,1,1,1,0,1,0,1
hfyfh.weebly.com,0,0,0,0,0,0,0,0,0,1,0,1,1,0,1,0,1
maczixs.us.cc,0,0,0,2,0,0,0,0,1,1,1,1,1,1,1,1,1
did.li,0,0,0,1,0,0,0,0,0,0,1,1,1,0,1,0,1
l.ead.me,0,0,0,1,0,0,0,0,0,1,0,0,0,0,1,0,1
l.ead.me,0,0,0,1,0,0,0,0,0,1,0,0,0,0,1,0,1
souaxwaoh.myfreesites.net,0,0,0,0,0,0,0,0,0,0,0,1,1,0,1,0,1
docs.google.com,0,0,1,5,0,0,0,0,0,1,0,1,1,0,1,0,1
pub-2f8c351624a34698becd5ebcf2c1eb82.r2.dev,0,0,1,1,0,0,0,1,0,1,1,1,1,0,1,0,1
docs.google.com,0,0,1,5,0,0,0,0,0,1,0,1,1,0,1,0,1
trackid-za2702.firebaseapp.com,0,0,0,0,0,0,0,1,0,1,1,1,1,0,1,0,1
light-universe-073910.framer.app,0,0,0,0,0,0,0,1,0,1,1,1,1,0,1,0,1
usx-tfh83-wpjiy-ac0qn0-07vde.pages.dev,0,0,0,0,0,0,0,1,0,1,1,1,1,0,1,0,1
prime-annulation-essai.com,0,0,0,1,0,0,0,1,1,0,1,1,1,1,1,1,1
sites.google.com,0,0,0,3,0,0,0,0,0,1,0,1,1,0,1,0,1
q-r.to,0,0,0,1,0,0,0,1,0,0,0,1,0,0,1,0,1
l.ead.me,0,0,0,1,0,0,0,0,0,1,0,0,0,0,1,0,1
sobakemozhno.ru,0,0,1,10,0,0,0,0,0,0,0,0,1,0,1,0,1
t.me,0,0,0,1,0,0,0,0,0,1,0,1,1,1,1,1,1
caseid1008593748795734565.web.app,0,0,0,0,0,0,0,0,0,1,1,1,1,0,1,0,1
servizio-web.eu.cc,0,0,0,1,0,0,0,1,1,1,1,1,1,1,1,1,1
rosangelarochaadvocacia.com.br,0,0,0,1,0,0,0,0,0,0,0,1,1,0,1,0,1
ipfs.best-practice.se,0,0,1,2,0,0,0,1,0,0,0,1,1,0,1,0,1
allegro.1200000498.casa,0,0,1,1,0,0,0,0,1,0,1,1,1,1,1,1,1
docs.google.com,0,0,1,5,0,0,0,0,0,1,0,1,1,0,1,0,1
starlightservice.weebly.com,0,0,0,0,0,0,0,0,0,1,0,1,1,0,1,0,1
etc.tagtotall.eu.cc,0,0,0,1,0,0,0,0,0,1,0,1,1,1,1,1,1
netanswer-potalsite.com,0,0,0,0,0,0,0,1,0,0,0,1,1,1,1,1,1
qrco.de,0,0,0,1,0,0,0,0,0,1,1,1,0,0,1,0,1
docs.google.com,0,0,1,4,0,0,0,0,0,1,0,1,1,0,1,0,1
jjffjfjfuxuxux.weebly.com,0,0,0,0,0,0,0,0,0,1,0,1,1,0,1,0,1
atmc-107564young.weeblysite.com,0,0,0,0,0,0,0,1,0,1,0,1,1,0,1,0,1
bybitrifuhvidvjsdnkjvnsdjki.netlify.app,0,0,0,0,0,0,0,0,0,1,1,1,1,0,1,0,1
qrco.de,0,0,0,1,1,0,0,0,0,1,1,1,1,0,1,0,1
postabfr.firebaseapp.com,0,0,0,0,0,0,0,0,0,1,1,1,1,0,1,0,1
docs.google.com,0,0,1,4,0,0,0,0,0,1,0,1,1,0,1,0,1
ga.gybhj.cam,0,0,0,0,0,0,0,0,0,0,0,1,1,1,1,1,1
abideaexchangedfr.firebaseapp.com,0,0,0,0,0,0,0,0,0,1,1,1,1,0,1,0,1
allegrolokalnie.lokalna-53821.sbs,0,0,0,0,0,0,0,1,1,0,1,1,1,1,1,1,1
allegro.2992ghohgoho.cam,0,0,0,0,0,0,0,0,0,0,0,1,1,1,1,1,1
hlfwa.koeller-it-consulting.com,0,0,1,2,0,0,0,1,1,0,1,1,1,1,1,1,1
sites.google.com,0,0,0,2,0,0,0,0,0,1,0,1,1,0,1,0,1
l.ead.me,0,0,0,1,0,0,0,0,0,1,0,0,1,0,1,0,1
ausff.web.app,0,0,0,0,0,0,0,0,0,1,1,1,1,0,1,0,1
q-r.to,0,0,0,1,0,0,0,1,0,0,0,1,1,0,1,0,1
abinabinghansukuhghansyea.blogspot.com,0,0,0,0,0,0,1,0,0,1,1,1,1,0,1,0,1
web.tegrgz.top,0,0,0,0,0,0,0,0,1,0,1,1,1,1,1,1,1
bit.ly,0,0,0,1,0,0,1,0,0,1,0,1,1,1,1,1,1
q-r.to,0,0,0,1,0,0,0,1,0,0,0,1,0,0,1,0,1
docs.google.com,0,0,1,5,0,0,0,0,0,1,0,1,1,0,1,0,1
bluepaek.weebly.com,0,0,0,0,0,0,0,0,0,1,0,1,1,0,1,0,1
jotform.com,0,0,0,2,0,0,0,0,0,1,0,1,1,0,1,0,1
docs.google.com,0,0,1,5,0,0,0,0,0,1,0,1,1,0,1,0,1
t-mobile.govlkogh.mom,0,0,0,0,0,0,0,1,1,0,1,1,1,1,1,1,1
t.co,0,0,0,1,0,0,1,0,0,1,0,1,1,0,1,0,1
bit.ly,0,0,0,1,0,0,1,0,0,1,0,1,1,0,1,0,1
l.ead.me,0,0,0,1,0,0,0,0,0,1,0,0,0,0,1,0,1
docs.google.com,0,0,1,5,0,0,0,0,0,1,0,1,1,0,1,0,1
ph.cljgux.com,0,0,1,2,0,0,1,0,1,0,1,1,1,1,1,1,1
allegrolokalnie.pl-6728618.shop,0,0,0,0,0,0,0,1,1,0,1,1,1,1,1,1,1
mpistudios.net,0,0,0,1,0,0,0,0,1,0,1,1,1,1,1,1,1
daumnbgtgtrdfd222.weebly.com,0,0,0,0,0,0,0,0,0,1,0,1,1,0,1,0,1
telkomsa-online-login.weebly.com,0,0,0,0,0,0,0,1,0,1,0,1,1,0,1,0,1
hipolink.net,0,0,0,1,0,0,0,0,0,0,0,1,0,0,1,0,1
pai-ementlbc.onbue.xyz,0,0,0,1,0,0,0,1,1,0,1,1,1,1,1,1,1
appraisal-analysis.myportfolio.com,0,0,0,0,0,0,0,1,0,1,0,1,1,0,1,0,1
id.govcvfh.autos,0,0,0,0,0,0,0,0,1,0,1,1,1,1,1,1,1
chatbot.page,0,0,0,1,0,0,0,0,0,0,1,1,1,0,1,0,1
netpasscode-95681.web.app,0,0,0,0,0,0,0,1,0,1,1,1,1,0,1,0,1
kubitz.com.br,0,0,0,1,0,0,0,0,0,0,0,1,1,0,1,0,1
comcastmailerupdate.weebly.com,0,0,0,0,0,0,0,0,0,1,0,1,1,0,1,0,1
acessonternopj.digital,0,0,0,0,0,0,0,0,0,0,1,1,1,0,1,0,1
jotform.com,0,0,0,2,0,0,0,0,0,1,0,1,1,0,1,0,1
qrco.de,0,0,0,1,0,0,0,0,0,1,1,1,0,0,1,0,1
mybitbuycdnapps.wixstudio.com,0,0,0,1,0,0,0,0,0,1,1,1,1,0,1,0,1
franceconnectretard.com,0,0,0,1,0,0,0,0,1,0,1,1,1,1,1,1,1
bradesco.gerenciadorpj.digital,0,0,0,0,0,0,0,0,1,0,1,1,1,1,1,1,1
uieioerue89eroi.weebly.com,0,0,0,0,0,0,0,0,0,1,0,1,1,0,1,0,1
gmxgmxgmxgmxmx.weebly.com,0,0,0,0,0,0,0,0,0,1,0,1,1,0,1,0,1
to3y14-az8mby-7xj-jjdu1-4pwix.pages.dev,0,0,0,0,0,0,0,1,0,1,1,1,1,0,1,0,1
learn-start-trzer.framer.ai,0,0,0,0,0,0,0,1,0,0,1,1,1,0,1,0,1
nurse909.github.io,0,0,1,0,0,0,0,0,0,1,1,1,1,0,1,0,1
l.ead.me,0,0,0,1,0,0,0,0,0,1,0,0,1,0,1,0,1
l.wl.co,0,0,0,1,1,0,0,0,0,1,0,1,1,0,1,0,1
dropbox.com,0,0,1,4,0,0,1,0,0,1,0,1,1,0,1,0,1
dmca-check.ink,0,0,0,1,0,0,0,1,1,0,1,1,1,1,1,1,1
cxis.cubexpressphilippines.com,0,0,0,1,0,0,0,0,0,0,0,1,1,0,1,0,1
qrco.de,0,0,0,1,0,0,0,0,0,1,1,1,0,0,1,0,1
metafb-yk0eqcr.firebaseapp.com,0,0,0,0,0,0,0,1,0,1,1,1,1,0,1,0,1
docs.google.com,0,0,1,5,0,0,0,0,0,1,0,1,1,0,1,0,1
bc2eiyj07.ukit.me,0,0,0,0,0,0,0,0,0,0,0,0,1,0,1,0,1
docs.google.com,0,0,1,4,0,0,0,0,0,1,0,1,1,0,1,0,1
iz5jxz.webwave.dev,0,0,0,0,0,0,0,0,0,0,1,1,1,0,1,0,1
metafb-hbwf52d.firebaseapp.com,0,0,0,0,0,0,0,1,0,1,1,1,1,0,1,0,1
jazmkalhanaa.blogspot.com,0,0,0,0,0,0,1,0,0,1,1,1,1,0,1,0,1
willowy-moxie-4d085f.netlify.app,0,0,1,2,0,0,0,1,0,1,1,1,1,0,1,0,1
chabalikora.blogspot.com,0,0,0,0,0,0,1,0,0,1,1,1,1,0,1,0,1
docs.google.com,0,0,1,5,0,0,0,0,0,1,0,1,1,0,1,0,1
webmail-atmc-net.weeblysite.com,0,0,0,0,0,0,0,1,0,1,0,1,1,0,1,0,1
l.ead.me,0,0,0,1,0,0,0,0,0,1,0,0,0,0,1,0,1
emmanuelbarrault.com,0,0,1,5,0,0,1,0,0,0,0,1,1,0,1,0,1
pub-b3d85ff594e14e97a0327ee8329a4e7f.r2.dev,0,0,1,1,0,0,0,1,0,1,1,1,1,0,1,0,1
l.ead.me,0,0,0,1,0,0,0,0,0,1,0,0,1,0,1,0,1
vuimertdolersa.weebly.com,0,0,0,0,0,0,0,0,0,1,0,1,1,0,1,0,1
gastric-turquoise-uqpzxsmk.edgeone.dev,0,0,0,0,0,0,0,1,0,0,1,1,0,0,1,0,1
flowcode.com,0,0,0,2,0,0,0,0,0,1,0,1,1,0,1,1,1
allegrolokalnie.pl-518517.lat,0,0,1,2,0,0,0,1,1,0,1,1,1,1,1,1,1
rodych.cz,0,0,1,2,0,0,0,0,0,0,0,0,1,1,1,1,1
41brtx.share-na2.hsforms.com,0,0,1,1,0,0,0,1,0,1,0,1,1,0,1,0,1
t-mobile.govndi.autos,0,0,0,1,0,0,0,1,1,0,1,1,1,1,1,1,1
qrco.de,0,0,0,1,0,0,0,0,0,1,1,1,1,0,1,0,1
han.gl,0,0,0,1,0,0,0,0,0,0,0,0,1,1,1,1,1
pub-ed63458a17e048da8587e5eb322d4fa7.r2.dev,0,0,1,1,0,0,0,1,0,1,1,1,1,0,1,0,1
l.ead.me,0,0,0,1,0,0,0,0,0,1,0,0,0,0,1,0,1
pedagio-passagens.suportevantagem.biz.ua,0,0,1,1,0,0,0,1,0,1,1,1,1,0,1,0,1
startedliveapps.wixstudio.com,0,0,0,1,0,0,0,0,0,1,1,1,1,0,1,0,1
qrco.de,0,0,0,1,0,0,0,0,0,1,1,1,0,0,1,0,1
bit.ly,0,0,0,1,0,0,1,0,0,1,0,1,1,0,1,0,1
banco-bhd-creditos.hstn.me,0,0,0,0,0,0,0,1,0,0,0,1,1,1,1,1,1
qapera169.top,0,0,0,1,0,0,0,0,1,0,1,1,1,1,1,1,1
allegrolokalnie.7845365.lat,0,0,1,2,0,0,0,0,1,0,1,1,1,1,1,1,1
qrco.de,0,0,0,1,0,0,0,0,0,1,1,1,0,0,1,0,1
q-r.to,0,0,0,1,0,0,0,1,0,0,0,1,1,0,1,0,1
appstarts-iotrezro.wixstudio.com,0,0,0,1,0,0,0,1,0,1,1,1,1,0,1,0,1
l.ead.me,0,0,0,1,0,0,0,0,0,1,0,0,0,0,1,0,1
flat-bread-04ca.cloudflareaccess.com,0,0,1,4,0,0,0,1,0,1,0,1,1,0,1,0,1
allegrolokalnie.smart-92562.cfd,0,0,0,0,0,0,0,1,1,0,1,1,1,1,1,1,1
betaoxidation.cfd,0,0,0,2,0,0,0,0,1,0,1,1,1,1,1,1,1
docs.google.com,0,0,1,4,0,0,0,0,0,1,0,1,1,0,1,0,1
almarexhaust.com,0,0,0,1,0,0,1,0,0,0,0,0,1,0,1,0,1
iq6-0a29c-4uz-x4sa-wopsjg.pages.dev,0,0,0,0,0,0,0,1,0,1,1,1,1,0,1,0,1
ipfs.best-practice.se,0,0,1,2,0,0,0,1,0,0,0,1,1,0,1,0,1
subrenew-online.com,0,0,0,1,0,0,0,1,1,0,1,1,1,1,1,1,1
domappcheckomeg21.web.app,0,0,0,0,0,0,0,0,0,1,1,1,1,0,1,0,1
new.express.adobe.com,0,0,0,2,0,0,0,0,0,1,0,1,1,0,1,0,1
brskiztnr.firebaseapp.com,0,0,0,0,0,0,0,0,0,1,1,1,1,0,1,0,1
plmn89-55673.web.app,0,0,0,0,0,0,0,1,0,1,1,1,1,0,1,0,1
us4.campaign-archive.com,0,0,1,0,0,0,0,1,0,1,0,1,1,0,1,0,1
holistu.com,0,0,0,0,0,0,0,0,0,0,0,0,1,1,1,1,1
allegro.prywatne8329.lol,0,0,0,0,0,0,0,0,1,0,1,1,1,1,1,1,1
bit.ly,0,0,0,1,0,0,1,0,0,1,0,1,1,0,1,0,1
docs.google.com,0,0,1,5,0,0,0,0,0,1,0,1,1,0,1,0,1
docs.google.com,0,0,1,5,0,0,0,0,0,1,0,1,1,0,1,0,1
online-access-108476.square.site,0,0,0,0,0,0,0,1,0,1,0,1,1,0,1,0,1
xuesqj.cn,0,0,0,1,0,0,0,0,1,0,1,1,1,1,1,1,1
allegrolokalnie.lokalna-oferta867252.sbs,0,0,1,3,0,0,0,1,1,0,1,1,1,1,1,1,1
qrco.de,0,0,0,1,0,0,0,0,0,1,1,1,0,0,1,0,1
wescorm-online.icu,0,0,1,0,0,0,0,1,1,0,1,1,1,1,1,1,1
reschiastudios.com,0,0,0,1,0,0,0,0,0,0,0,1,1,0,1,0,1
qrco.de,0,0,0,1,0,0,0,0,0,1,1,1,0,0,1,0,1
paypay-card.wygqrku.cn,0,0,0,1,0,0,0,1,1,0,1,1,1,1,1,1,1
p0rtail-dgfip.ukit.me,0,0,0,0,0,0,0,1,0,0,0,0,1,0,1,0,1
klelnanzeigen-deutch.geldeingang-srvc791609.info,0,0,1,3,0,0,0,1,1,0,1,1,1,1,1,1,1
ndax-ndax.webflow.io,0,0,0,0,0,0,0,1,0,1,1,1,1,0,1,0,1
docs.google.com,0,0,1,4,0,0,0,0,0,1,0,1,0,0,1,0,1
auspost.customerserviceqd.com,0,0,0,0,0,0,0,0,1,0,1,1,1,1,1,1,1
docs.google.com,0,0,1,5,0,0,0,0,0,1,0,1,1,0,1,0,1
sites.google.com,0,0,1,3,0,0,0,0,0,1,0,1,1,0,1,0,1
s.livepocket.jp,0,0,0,1,0,0,0,0,0,1,0,0,1,0,1,0,1
is.gd,0,0,0,1,0,0,1,0,1,1,1,1,1,1,1,1,1
docs.google.com,0,0,1,4,0,0,0,0,0,1,0,1,1,0,1,0,1
q-r.to,0,0,0,1,0,0,0,1,0,0,0,1,0,0,1,0,1
pub-6081b1a66a5f49a19c8e826f7e7870be.r2.dev,0,0,1,1,0,0,0,1,0,1,1,1,1,0,1,0,1
zimbra-a--fr.weebly.com,0,0,0,0,0,0,0,1,0,1,0,1,1,0,1,0,1
6gg2q2zqzea04-pages-dev.translate.goog,0,0,1,1,0,0,0,1,0,1,1,1,1,0,1,0,1
oktaticket.com,0,0,0,0,0,0,1,0,1,0,1,1,1,1,1,1,1
npu1.weebly.com,0,0,0,0,0,0,0,0,0,1,0,1,1,0,1,0,1
memonsecurities.com,0,0,0,1,0,0,0,0,0,0,0,1,1,0,1,0,1
l.ead.me,0,0,0,1,0,0,0,0,0,1,0,0,0,0,1,0,1
share-eu1.hsforms.com,0,0,1,1,0,0,0,1,0,1,0,1,1,0,1,0,1
docs.google.com,0,0,1,5,0,0,0,0,0,1,0,1,1,0,1,0,1
update-345234.weeblysite.com,0,0,0,0,0,0,0,1,0,1,0,1,1,0,1,0,1
kitchenidea.co.uk,0,0,0,2,0,0,0,0,0,0,1,1,1,0,1,0,1
l.wl.co,0,0,0,1,1,0,0,0,0,1,0,1,1,0,1,0,1
new.express.adobe.com,0,0,0,2,0,0,0,0,0,1,0,1,1,0,1,0,1
paso1.webcindario.com,0,0,0,0,0,0,0,0,1,1,1,1,1,1,1,1,1
share.hsforms.com,0,0,1,1,0,0,0,0,0,1,0,1,1,0,1,0,1
docs.google.com,0,0,1,4,0,0,0,0,0,1,0,1,0,0,1,0,1
mybooking-com.vercel.app,0,0,0,1,0,0,0,1,0,1,1,1,1,0,1,0,1
netflixy-bixy.vercel.app,0,0,0,0,0,0,0,1,0,1,1,1,1,1,1,1,1
l.ead.me,0,0,0,1,0,0,0,0,0,1,0,0,1,0,1,0,1
profoundwhiz.com,0,0,1,5,0,0,0,0,0,0,0,1,1,0,1,0,1
justotakuthings.com,0,0,0,2,0,0,0,0,0,0,0,0,1,1,1,1,1
qrco.de,0,0,0,1,0,0,0,0,0,1,1,1,0,0,1,0,1
shorturlza.com,0,0,0,1,0,0,0,0,0,0,0,0,1,1,1,1,1
credit211199.webcindario.com,0,0,0,0,0,0,0,0,1,1,1,1,1,1,1,1,1
5ow-ni51h-gjk8g9-b2hfv-qkusw6.pages.dev,0,0,0,0,0,0,0,1,0,1,1,1,1,0,1,0,1
domappcheckomeg34.web.app,0,0,0,0,0,0,0,0,0,1,1,1,1,0,1,0,1
pub-5d2be2ec5f8c4467814e55e60cbc6176.r2.dev,0,0,1,1,0,0,0,1,0,1,1,1,1,0,1,0,1
sixshop.com,0,0,0,2,0,0,0,0,0,0,0,1,1,0,1,0,1
bit.ly,0,0,0,1,0,0,1,0,0,1,0,1,1,0,1,0,1
massungold.byethost7.com,0,0,0,0,0,0,0,0,0,0,0,0,1,0,1,0,1
l.ead.me,0,0,0,1,0,0,0,0,0,1,0,0,0,0,1,0,1
tubular-croissant-418564.netlify.app,0,0,1,1,0,0,0,1,0,1,1,1,1,0,1,0,1
stunning-kulfi-2ae33b.netlify.app,0,0,0,0,0,0,0,1,0,1,1,1,1,0,1,0,1
bafkreibty4fan23g24hdtapu2axwwd4iedrkrn753lds7pvoisjrm2eoh4.ipfs.dweb.link,0,0,1,0,0,0,0,0,1,1,1,1,1,1,1,1,1
tx.govykar.autos,0,0,0,0,0,0,0,0,1,0,1,1,1,1,1,1,1
docs.google.com,0,0,1,5,0,0,0,0,0,1,0,1,1,0,1,0,1
sites.google.com,0,0,0,3,0,0,0,0,0,1,0,1,1,0,1,0,1
q-r.to,0,0,0,1,0,0,0,1,0,0,0,1,0,0,1,0,1
web-kundenservice-website3.weebly.com,0,0,0,0,0,0,0,1,0,1,0,1,1,0,1,0,1
loginso.fr,0,0,0,2,0,0,0,0,0,0,0,0,1,1,1,1,1
abos-prims.com,0,0,0,1,0,0,0,1,1,0,1,1,1,1,1,1,1
appsrrackspace.weebly.com,0,0,0,0,0,0,0,0,0,1,0,1,1,0,1,0,1
lucky-interaction-114381.framer.app,0,0,0,0,0,0,0,1,0,1,1,1,1,0,1,0,1
sites.google.com,0,0,0,2,0,0,0,0,0,1,0,1,1,0,1,0,1
magiicmall.weebly.com,0,0,0,0,0,0,0,0,0,1,0,1,1,0,1,0,1
djfssoadlpaadl.weebly.com,0,0,0,0,0,0,0,0,0,1,0,1,1,0,1,0,1
customer-area.dominioregister.com,0,0,1,1,0,0,0,1,1,0,1,1,1,1,1,1,1
sheer-red-lwi8kl5b.edgeone.dev,0,0,0,0,0,0,0,1,0,0,1,1,1,0,1,0,1
l.ead.me,0,0,0,1,0,0,0,0,0,1,0,0,0,0,1,0,1
bestwalletoken.web.app,0,0,0,0,0,0,0,0,0,1,1,1,0,0,1,0,1
docs.google.com,0,0,1,5,0,0,0,0,0,1,0,1,1,0,1,0,1
btconnectupdateformplan01.surveysparrow.com,0,0,1,3,0,0,0,0,0,1,0,0,1,0,1,0,1
my-dapper-site-fc86de.webflow.io,0,0,0,0,0,0,0,1,0,1,1,1,1,0,1,0,1
nav-mxecio.wixstudio.com,0,0,0,1,0,0,0,1,0,1,1,1,1,0,1,0,1
qrco.de,0,0,0,1,0,0,0,0,0,1,1,1,0,0,1,0,1
l.ead.me,0,0,0,1,0,0,0,0,0,1,0,0,1,0,1,0,1
new.express.adobe.com,0,0,0,2,0,0,0,0,0,1,0,1,1,0,1,0,1
t.co,0,0,0,1,0,0,1,0,0,1,0,1,1,0,1,0,1
oportunidade2025.webcindario.com,0,0,0,0,0,0,0,0,1,1,1,1,1,1,1,1,1
dpdlocoec.cyou,0,0,0,1,0,0,0,0,1,0,1,1,1,1,1,1,1
docs.google.com,0,0,1,4,0,0,0,0,0,1,0,1,1,0,1,0,1
systemgmx.weebly.com,0,0,0,0,0,0,0,0,0,1,0,1,1,0,1,0,1
dgpugzqswtczge.firebaseapp.com,0,0,0,0,0,0,0,0,0,1,1,1,1,0,1,0,1
app.biaclientepromo.life,0,0,0,1,0,0,0,0,1,0,1,1,1,1,1,1,1
sp460621.sitebeat.crazydomains.com,0,0,0,0,0,0,0,0,0,1,0,1,1,1,1,1,1
stepp8-c4298.web.app,0,0,0,0,0,0,0,1,0,1,1,1,1,0,1,0,1
qrco.de,0,0,0,1,0,0,0,0,0,1,1,1,0,0,1,0,1
wd2966.com,0,0,0,0,0,0,0,0,1,0,1,1,1,1,1,1,1
service-enlignet.firebaseapp.com,0,0,0,0,0,0,0,1,0,1,1,1,1,0,1,0,1
qrco.de,0,0,0,1,0,0,0,0,0,1,1,1,1,0,1,0,1
oamskyejdek.blogspot.com,0,0,0,0,0,0,1,0,0,1,1,1,1,0,1,0,1
docs.google.com,0,0,1,4,0,0,0,0,0,1,0,1,1,0,1,0,1
docs.google.com,0,0,1,5,0,0,0,0,0,1,0,1,1,0,1,0,1
enchanting-series-672650.framer.app,0,0,0,0,0,0,0,1,0,1,1,1,1,0,1,0,1
q-r.to,0,0,0,1,0,0,0,1,0,0,0,1,0,0,1,0,1
kthkonto-se.weebly.com,0,0,0,0,0,0,0,1,0,1,0,1,1,0,1,0,1
jygteude.com,0,0,0,0,0,0,0,0,1,0,1,1,1,1,1,1,1
global-trexzo.wixstudio.com,0,0,0,1,0,0,0,1,0,1,1,1,1,0,1,0,1
forms.gle,0,0,0,1,0,0,0,0,0,1,1,1,1,0,1,0,1
new.express.adobe.com,0,0,0,2,0,0,0,0,0,1,0,1,1,0,1,0,1
sites.google.com,0,0,0,2,0,0,0,0,0,1,0,1,1,0,1,0,1
ledge-startlive.wixstudio.com,0,0,0,1,0,0,0,1,0,1,1,1,1,0,1,0,1
l.ead.me,0,0,0,1,0,0,0,0,0,1,0,0,1,0,1,0,1
secure-domainrenew26.com,0,0,0,1,0,0,0,1,1,0,1,1,1,1,1,1,1
invoice1313aab0.myportfolio.com,0,0,0,0,0,0,0,0,0,1,0,1,1,0,1,0,1
linkin.bio,0,0,0,1,0,0,0,0,0,1,1,1,1,0,1,0,1
facture-65523.com,0,0,0,0,0,0,0,1,0,0,0,1,1,1,1,1,1
l.ead.me,0,0,0,1,0,0,0,0,0,1,0,0,1,0,1,0,1
cycberme29903.weebly.com,0,0,0,0,0,0,0,0,0,1,0,1,1,0,1,0,1
junior.ope5780164.pro,0,0,0,1,0,0,0,0,1,0,1,1,1,1,1,1,1
qrco.de,0,0,0,1,0,0,0,0,0,1,1,1,0,0,1,0,1
dropbox.com,0,0,1,4,0,0,1,0,0,1,0,1,1,0,1,0,1
l.ead.me,0,0,0,1,0,0,0,0,0,1,0,0,1,0,1,0,1
bafkreiauzyf5bn6r2xdsv77xhqnpsmzkls4ukhdzlgfmlcpooev2mymby4.ipfs.dweb.link,0,0,1,0,0,0,0,0,1,1,1,1,1,1,1,1,1
extensionatumic.wixstudio.com,0,0,0,1,0,0,0,0,0,1,1,1,1,0,1,0,1
3exterio0r.webcindario.com,0,0,0,0,0,0,0,0,1,1,1,1,1,1,1,1,1
allegrolokalnie.prywatna-oferta555362.xyz,0,0,0,0,0,0,0,1,1,0,1,1,1,1,1,1,1
poczta-polska.orderis-online.lat,0,0,1,5,0,0,0,1,1,0,1,1,1,1,1,1,1
allegrolokalnie.pl-oferta85jh74hc94.sbs,0,0,0,0,0,0,0,1,1,0,1,1,1,1,1,1,1
docs.google.com,0,0,1,5,0,0,0,0,0,1,0,1,1,0,1,0,1
script.google.com,0,0,1,4,0,0,0,0,0,1,0,1,0,0,1,0,1
smsorangesmsmessage.myfreesites.net,0,0,0,0,0,0,0,0,0,0,0,1,1,0,1,0,1
q-r.to,0,0,0,1,0,0,0,1,0,0,0,1,0,0,1,0,1
tinyurl.com,0,0,0,1,0,0,1,0,0,1,0,1,1,0,1,0,1
mondial-relay-missed.bolt.host,0,0,0,1,0,0,0,1,0,0,0,1,1,0,1,0,1
q-r.to,0,0,0,1,0,0,0,1,0,0,0,1,1,0,1,0,1
smashdorlayert.firebaseapp.com,0,0,0,0,0,0,0,0,0,1,1,1,1,0,1,0,1
paywalletsecure.netlify.app,0,0,0,0,0,0,0,0,0,1,1,1,1,0,1,0,1
websbc-caird.ophelisu.com,0,0,1,4,0,0,0,1,1,0,1,1,1,1,1,1,1
roblox.com.ge,0,0,0,3,0,0,1,0,1,0,1,1,1,1,1,1,1
b6w-sxrh-c38k6-n79d-jve8k5.pages.dev,0,0,0,0,0,0,0,1,0,1,1,1,1,0,1,0,1
maxisek.com,0,0,0,1,0,0,0,0,0,0,0,1,1,1,1,1,1
dpdlocoeh.cyou,0,0,0,1,0,0,0,0,1,0,1,1,1,1,1,1,1
qrco.de,0,0,0,1,0,0,0,0,0,1,1,1,0,0,1,0,1
bacsuisfp.com,0,0,0,0,0,0,0,0,0,0,0,1,1,1,1,1,1
dropbox.com,0,0,1,4,0,0,1,0,0,1,0,1,1,0,1,0,1
q-r.to,0,0,0,1,0,0,0,1,0,0,0,1,0,0,1,0,1
qr-codes.io,0,0,0,1,0,0,0,1,0,0,0,0,1,0,1,0,1
home-bitunexx.wixstudio.com,0,0,0,1,0,0,0,1,0,1,1,1,1,0,1,0,1
public-trezhardware.dream.space,0,0,0,1,0,0,0,1,0,0,0,0,1,0,1,0,1
enstartsio-trexor.wixstudio.com,0,0,0,1,0,0,0,1,0,1,1,1,1,0,1,0,1
ln.run,0,0,0,1,0,0,0,0,0,1,1,1,1,0,1,0,1
berdaszplimertuin.weebly.com,0,0,0,0,0,0,0,0,0,1,0,1,1,0,1,0,1
qrco.de,0,0,0,1,0,0,0,0,0,1,1,1,0,0,1,0,1
posta-d5012.web.app,0,0,0,0,0,0,0,1,0,1,1,1,1,0,1,0,1
en-live-ledegr.framer.media,0,0,0,1,0,0,0,1,0,0,1,1,1,0,1,0,1
new.express.adobe.com,0,0,0,2,0,0,0,0,0,1,0,1,1,0,1,0,1
dhu-ee8e-kdsw-hku-cg5-hjrzm.pages.dev,0,0,0,0,0,0,0,1,0,1,1,1,1,0,1,0,1
google.hr,0,0,1,1,1,0,0,0,0,1,0,1,1,0,1,0,1
ppt.cc,0,0,0,1,0,0,0,0,0,1,0,1,1,0,1,0,1
elta-postal.web.app,0,0,0,0,0,0,0,1,0,1,1,1,1,0,1,0,1
allegrolokalnie.pln385.lol,0,0,1,2,0,0,0,0,1,0,1,1,1,1,1,1,1
qrco.de,0,0,0,1,0,0,0,0,0,1,1,1,0,0,1,0,1
sp12ct-zomdel-biz-pranik-lorsik.pages.dev,0,0,0,0,0,0,0,1,0,1,1,1,1,0,1,0,1
website-65cafb42.mvv.ker.mybluehost.me,0,0,0,1,0,0,0,1,1,1,1,1,1,1,1,1,1
shppebrasiloficiall.vercel.app,0,0,0,0,0,0,0,0,0,1,1,1,1,0,1,0,1
qrco.de,0,0,0,1,0,0,0,0,0,1,1,1,0,0,1,0,1
seufinanciamento.fun,0,0,0,0,0,0,0,0,1,0,1,1,1,1,1,1,1
docs.google.com,0,0,1,4,0,0,0,0,0,1,0,1,0,0,1,0,1
lokalna-2809.sbs,0,0,0,1,0,0,0,1,1,0,1,1,1,1,1,1,1
dapps-assets-protocol.firebaseapp.com,0,0,0,0,0,0,0,1,0,1,1,1,1,0,1,0,1
kycoq.com,0,0,0,0,0,0,0,0,1,0,1,1,1,1,1,1,1
dispatchd2relais.com,0,0,0,1,0,0,0,0,0,0,0,1,0,0,1,1,1
qrco.de,0,0,0,1,0,0,0,0,0,1,1,1,1,0,1,0,1
lxx-ld.santxye.biz.id,0,0,0,3,0,0,0,1,1,0,1,1,1,1,1,1,1
correopoliciagovco.weebly.com,0,0,0,0,0,0,0,0,0,1,0,1,1,0,1,0,1
ia.govqwez.autos,0,0,0,0,0,0,0,0,1,0,1,1,1,1,1,1,1
sites.google.com,0,0,0,3,0,0,0,0,0,1,0,1,1,0,1,0,1
attmailupdate.ukit.me,0,0,0,0,0,0,0,0,0,0,0,0,1,0,1,0,1
allegro.oferta8594304.shop,0,0,0,0,0,0,0,0,1,0,1,1,1,1,1,1,1
verifyemail.edgeone.dev,0,0,0,0,0,0,0,0,0,0,1,1,1,0,1,0,1
pcn-noticiw.shop,0,0,0,1,0,0,0,1,1,0,1,1,1,1,1,1,1
konto-sparkasse.com,0,0,0,1,0,0,0,1,0,0,0,1,1,0,1,0,1
docs.google.com,0,0,1,5,0,0,0,0,0,1,0,1,1,0,1,0,1
pamcakeswap-dashhord.com,0,0,0,0,0,0,0,1,0,0,0,0,1,0,1,0,1
pub-7a2b04c21af84571a3f3be6ced955d5d.r2.dev,0,0,1,1,0,0,0,1,0,1,1,1,1,0,1,0,1
ipfs.best-practice.se,0,0,1,2,0,0,0,1,0,0,0,1,1,0,1,0,1
e6waetge5w4dvigydgi8r9-fz7srycgjvhkjfhkszrya.teemill.com,0,0,1,0,0,0,0,1,0,1,0,1,1,0,1,0,1
qdirjj.webwave.dev,0,0,0,0,0,0,0,0,0,0,1,1,1,0,1,0,1
dub.sh,0,0,0,1,0,0,0,0,0,1,0,1,1,0,1,0,1
eng-trezoo-bridge.netlify.app,0,0,0,0,0,0,0,1,0,1,1,1,1,0,1,0,1
z456df7g8hj.z13.web.core.windows.net,0,0,0,0,0,0,0,0,0,1,0,1,1,0,1,0,1
docs.google.com,0,0,1,5,0,0,0,0,0,1,0,1,1,0,1,0,1
un5119-qjib-cckkfx-96jbgr.pages.dev,0,0,0,0,0,0,0,1,0,1,1,1,1,0,1,0,1
office3652cougarnetuhedu.weebly.com,0,0,0,0,0,0,0,0,0,1,0,1,1,0,1,0,1
my-radical-site-2cba3a.webflow.io,0,0,0,0,0,0,0,1,0,1,1,1,1,0,1,0,1
googlelogin-dpir7e75t8ba.edgeone.app,0,0,0,0,0,0,0,1,0,0,1,1,1,0,1,0,1
zpr.io,0,0,0,1,0,0,0,0,0,0,0,1,1,0,1,0,1
vk.com,0,0,1,1,0,0,0,0,0,1,0,1,1,1,1,1,1
redisix.cam,0,0,0,1,0,0,0,0,0,0,0,1,1,0,1,0,1
new.express.adobe.com,0,0,0,2,0,0,0,0,0,1,0,1,1,0,1,0,1
bellcanada-mu.vercel.app,0,0,0,0,0,0,0,1,0,1,1,1,1,0,1,0,1
5wg632e.top,0,0,0,3,0,0,0,0,1,0,1,1,1,1,1,1,1
share-eu1.hsforms.com,0,0,1,1,0,0,0,1,0,1,0,1,1,0,1,0,1
artsy-illustrations-984670.framer.app,0,0,0,0,0,0,0,1,0,1,1,1,1,0,1,0,1
bing.com,0,0,1,2,0,0,0,0,0,1,0,0,1,0,1,0,1
qrco.de,0,0,0,1,0,0,0,0,0,1,1,1,0,0,1,0,1
allegrolokalnie.pl58d82185dsh.click,0,0,0,0,0,0,0,0,1,0,1,1,1,1,1,1,1
docs.google.com,0,0,1,5,0,0,0,0,0,1,0,1,1,0,1,0,1
pub-44a50f65922b4ca8a4bd667485c957f2.r2.dev,0,0,1,1,0,0,0,1,0,1,1,1,1,0,1,0,1
allegrolokalnie.pl-973782837472743.lol,0,0,1,3,0,0,0,1,1,0,1,1,1,1,1,1,1
l.wl.co,0,0,0,1,1,0,0,0,0,1,0,1,1,0,1,0,1
l.wl.co,0,0,0,1,1,0,0,0,0,1,0,1,1,0,1,0,1
allegro-lokalnie.ofeg-0239t9.sbs,0,0,0,0,0,0,0,1,1,0,1,1,1,1,1,1,1
casaurahomes.com,0,0,0,2,0,0,0,0,0,0,0,0,1,0,1,0,1
davescetlem.web.app,0,0,0,0,0,0,0,0,0,1,1,1,1,0,1,0,1
docs.google.com,0,0,1,4,0,0,0,0,0,1,0,1,1,0,1,0,1
pka-kai7k5-xp60lf-nzip-4y7ipr.pages.dev,0,0,0,0,0,0,0,1,0,1,1,1,1,0,1,0,1
vinted-vends.weebly.com,0,0,0,0,0,0,0,1,0,1,0,1,1,0,1,0,1
forms.office.com,0,0,1,2,0,0,0,0,0,1,0,1,1,0,1,0,1
approve-desktop.wixstudio.com,0,0,0,1,0,0,0,1,0,1,1,1,1,0,1,0,1
qrco.de,0,0,0,1,0,0,0,0,0,1,1,1,1,0,1,0,1
docs.google.com,0,0,1,5,0,0,0,0,0,1,0,1,1,0,1,0,1
site-empz316z5.godaddysites.com,0,0,0,0,0,0,0,1,0,1,0,1,1,0,1,0,1
us10.campaign-archive.com,0,0,1,0,0,0,0,1,0,1,0,1,1,0,1,0,1
flowto.it,0,0,0,1,0,0,0,0,0,0,0,0,1,0,1,0,1
webmail-itu-edu-tr.framer.website,0,0,0,0,0,0,0,1,0,1,0,0,1,0,1,0,1
s.pu.go.id,0,0,0,2,0,0,0,0,0,0,1,1,1,1,1,1,1
docs.google.com,0,0,1,5,0,0,0,0,0,1,0,1,1,0,1,0,1
ohio.gov-lpkr.help,0,0,0,0,0,0,0,1,1,0,1,1,1,1,1,1,1
bafkreihb3jftzvlmmuusv6jew5ytvjkj72jqj5rybhfciclrelky5phlwi.ipfs.dweb.link,0,0,1,0,0,0,0,0,1,1,1,1,1,1,1,1,1
allegro.oferta39231.cfd,0,0,0,0,0,0,0,0,1,0,1,1,1,1,1,1,1
skoronastupitvesnask.weebly.com,0,0,0,0,0,0,0,0,0,1,0,1,1,0,1,0,1
futurefilmfestival.it,0,0,0,3,0,0,0,0,0,0,0,1,0,0,1,0,1
creditmetuell.s-host.net,0,0,0,1,0,0,0,1,1,0,1,1,1,1,1,1,1
sp11ct-dravsen-biz8-polvik-farnor.pages.dev,0,0,0,0,0,0,0,1,0,1,1,1,1,0,1,0,1
49.51.43.12,1,0,1,3,0,0,0,0,0,0,1,1,1,0,1,0,1
docs.google.com,0,0,1,5,0,0,0,0,0,1,0,1,1,0,1,0,1
iculonqbq.firebaseapp.com,0,0,0,0,0,0,0,0,0,1,1,1,1,0,1,0,1
yghhjsrr.weebly.com,0,0,0,0,0,0,0,0,0,1,0,1,1,0,1,0,1
vitalsleepwarranty.com,0,0,1,5,0,0,0,0,0,0,0,0,1,0,1,0,1
trerznriostart.webflow.io,0,0,0,0,0,0,0,0,0,1,1,1,1,0,1,0,1
track.rbfcu.org,0,0,1,1,1,0,0,0,0,0,0,1,1,0,1,1,1
live-ledgger-openus.framer.media,0,0,0,1,0,0,0,1,0,0,1,1,1,0,1,0,1
ipfs.io,0,0,1,2,0,0,0,0,0,1,0,1,1,0,1,0,1
allegro-lokalnie.oferp7283501.lat,0,0,0,0,0,0,0,1,1,0,1,1,1,1,1,1,1
nice-gray-rmhnvluy.edgeone.dev,0,0,0,0,0,0,0,1,0,0,1,1,1,0,1,0,1
docs.google.com,0,0,1,5,0,0,0,0,0,1,0,1,1,0,1,0,1
linktr.ee,0,0,0,1,0,0,0,0,0,1,0,0,1,0,1,0,1
banpro.club,0,0,0,0,0,0,0,0,1,0,1,1,1,1,1,1,1
amexttoen.com,0,0,0,1,0,0,0,0,1,0,1,1,1,1,1,1,1
l.ead.me,0,0,0,1,0,0,0,0,0,1,0,0,0,0,1,0,1
abv-108382.square.site,0,0,0,0,0,0,0,1,0,1,0,1,1,0,1,0,1
akpp-volkswagen.ru,0,1,1,2,0,0,0,1,0,0,0,1,1,0,1,0,1
brt.ejmvds.click,0,0,0,1,0,0,0,0,1,0,1,1,1,1,1,1,1
office365spaines.weebly.com,0,0,0,0,0,0,0,0,0,1,0,1,1,0,1,0,1
q-r.to,0,0,0,1,0,0,0,1,0,0,0,1,0,0,1,0,1
kitteehdesign.wixstudio.com,0,0,0,1,0,0,0,0,0,1,1,1,1,0,1,0,1
precious-millions-052749.framer.app,0,0,0,0,0,0,0,1,0,1,1,1,1,0,1,0,1
docs.google.com,0,0,1,5,0,0,0,0,0,1,0,1,1,0,1,0,1
wawacomcomcom.weebly.com,0,0,0,0,0,0,0,0,0,1,0,1,1,0,1,0,1
f.yourl.jp,0,0,0,1,0,0,0,0,0,0,0,0,1,0,1,0,1
att-101810-109641.weeblysite.com,0,0,0,0,0,0,0,1,0,1,0,1,1,0,1,0,1
qrco.de,0,0,0,1,0,0,0,0,0,1,1,1,1,0,1,0,1
sp12ct-pramel-biz-zovrik-lensar.pages.dev,0,0,0,0,0,0,0,1,0,1,1,1,1,0,1,0,1
validate-bhd3654.weebly.com,0,0,0,0,0,0,0,1,0,1,0,1,1,0,1,0,1
d8t-27olu-esjpb-dygd-sbw.pages.dev,0,0,0,0,0,0,0,1,0,1,1,1,1,0,1,0,1
trade-nda-xapp.wixstudio.com,0,0,0,1,0,0,0,1,0,1,1,1,1,0,1,0,1
docs.google.com,0,0,1,5,0,0,0,0,0,1,0,1,1,0,1,0,1
docs.google.com,0,0,1,5,0,0,0,0,0,1,0,1,1,0,1,0,1
validar-tarjeta.webcindario.com,0,0,0,0,0,0,0,1,1,1,1,1,1,1,1,1,1
heet.pl,0,0,0,1,0,0,0,0,0,0,0,0,1,1,1,1,1
bithash-fidelity.vip,0,0,0,0,0,0,0,1,1,0,1,1,1,1,1,1,1
hiworkskr909.weebly.com,0,0,0,0,0,0,0,0,0,1,0,1,1,0,1,0,1
tcaconnect.ac-page.com,0,0,1,1,0,0,0,1,0,1,0,1,1,0,1,0,1
hedgehogbabiesofincofr.firebaseapp.com,0,0,0,0,0,0,0,0,0,1,1,1,1,0,1,0,1
l.ead.me,0,0,0,1,0,0,0,0,0,1,0,0,1,0,1,0,1
app.jotform.com,0,0,0,1,0,0,0,0,0,1,0,1,1,0,1,0,1
allegro.prywatnem1982875h7.rest,0,0,0,0,0,0,0,0,0,0,0,1,1,1,1,1,1
docs.google.com,0,0,1,4,0,0,0,0,0,1,0,1,1,0,1,0,1
citynational.web364.s236.goserver.host,0,0,0,0,0,0,0,0,0,1,0,1,1,0,1,0,1
myidtelstrecomidetitybigpond.weebly.com,0,0,0,0,0,0,0,0,0,1,0,1,1,0,1,0,1
ipfs.best-practice.se,0,0,1,3,0,0,0,1,0,0,0,1,1,0,1,0,1
metafb-fbw7r3d.firebaseapp.com,0,0,0,0,0,0,0,1,0,1,1,1,1,0,1,0,1
w20zuy.webwave.dev,0,0,0,0,0,0,0,0,0,0,1,1,1,0,1,0,1
qrco.de,0,0,0,1,0,0,0,0,0,1,1,1,0,0,1,0,1
sites.google.com,0,0,0,2,0,0,0,0,0,1,0,1,1,0,1,0,1
cenfotecmemorygame.firebaseapp.com,0,0,0,0,0,0,0,0,0,1,1,1,1,0,1,0,1
espaces-primes-resilliation.com,0,0,0,0,0,0,0,1,1,0,1,1,1,1,1,1,1
att.gov-agrd.top,0,0,0,1,0,0,0,1,1,0,1,1,1,1,1,1,1
ushemployeetix.pages.dev,0,0,0,0,0,0,0,0,0,1,1,1,1,0,1,0,1
asset-download.wixstudio.com,0,0,0,1,0,0,0,1,0,1,1,1,1,0,1,0,1
dropbox.com,0,0,1,4,0,0,1,0,0,1,0,1,1,0,1,0,1
172-104-5-58.cprapid.com,0,0,1,2,0,0,0,1,0,1,1,1,1,1,1,1,1
linkin.bio,0,0,0,1,0,0,0,0,0,1,1,1,1,0,1,0,1
admirable-sunburst-809404.netlify.app,0,0,0,0,0,0,0,1,0,1,1,1,1,0,1,0,1
q-r.to,0,0,0,1,0,0,0,1,0,0,0,1,0,0,1,0,1
verifiepost.web.app,0,0,0,0,0,0,0,0,0,1,1,1,1,0,1,0,1
docs.google.com,0,0,1,5,0,0,0,0,0,1,0,1,1,0,1,0,1
maycccxmsukmxc.uk.cc,0,0,0,1,0,0,0,0,1,0,1,1,1,1,1,1,1
ca-app-49.info,0,0,0,0,0,0,0,1,1,0,1,1,1,1,1,1,1
cpanel-webmail-fab4hp4imm.pages.dev,0,0,0,0,0,0,0,1,0,1,1,1,1,0,1,0,1
fifththirdonline.firebaseapp.com,0,0,0,0,0,0,0,0,0,1,1,1,1,0,1,0,1
tehrriniketas.weebly.com,0,0,0,0,0,0,0,0,0,1,0,1,1,0,1,0,1
qrco.de,0,0,0,1,0,0,0,0,0,1,1,1,0,0,1,0,1
php-web-server--mexicoeducation.replit.app,0,0,0,0,0,0,0,1,0,1,1,1,1,0,1,0,1
pe1-zfs6k-3q8k-j53ka-tgl6x.pages.dev,0,0,0,0,0,0,0,1,0,1,1,1,1,0,1,0,1
qrco.de,0,0,0,1,0,0,0,0,0,1,1,1,0,0,1,0,1
q-r.to,0,0,0,1,0,0,0,1,0,0,0,1,1,0,1,0,1
l.ead.me,0,0,0,1,0,0,0,0,0,1,0,0,1,0,1,0,1
docs.google.com,0,0,1,5,0,0,0,0,0,1,0,1,1,0,1,0,1
away.vk.com,0,0,1,1,0,0,0,0,0,1,0,1,1,1,1,1,1
flowcode.com,0,0,0,2,0,0,0,0,0,1,0,1,1,0,1,1,1
bit.ly,0,0,0,1,0,0,1,0,0,1,0,1,1,0,1,0,1
reynosa030.pro,0,0,0,1,0,0,0,0,0,0,1,1,1,1,1,1,1
monaccmonthly.com,0,0,0,0,0,0,0,0,0,0,0,1,1,1,1,1,1
zs.gebrauchte.at,0,0,1,1,0,0,0,0,0,0,1,1,1,1,1,1,1
l.ead.me,0,0,0,1,0,0,0,0,0,1,0,0,0,0,1,0,1
capfedonline.web.app,0,0,0,0,0,0,0,0,0,1,1,1,1,0,1,0,1
wetiplokhmnbty.weebly.com,0,0,0,0,0,0,0,0,0,1,0,1,1,0,1,0,1
q-r.to,0,0,0,1,0,0,0,1,0,0,0,1,0,0,1,0,1
docs.google.com,0,0,1,4,0,0,0,0,0,1,0,1,1,0,1,0,1
linqapp.com,0,0,0,1,0,0,0,0,0,0,0,1,1,0,1,0,1
bankd.me,0,0,0,0,0,0,0,0,0,0,0,1,1,0,1,0,1
gobshajakdjhf.weebly.com,0,0,0,0,0,0,0,0,0,1,0,1,1,0,1,0,1
startsso-trezxr.wixstudio.com,0,0,0,1,0,0,0,1,0,1,1,1,1,0,1,0,1
qrco.de,0,0,0,1,0,0,0,0,0,1,1,1,1,0,1,0,1
l.ead.me,0,0,0,1,0,0,0,0,0,1,0,0,0,0,1,0,1
allegrolokalnie.ido468446.top,0,0,1,2,0,0,0,0,1,0,1,1,1,1,1,1,1
club4patas.com,0,0,0,0,0,0,0,0,0,0,0,1,1,0,1,0,1
ipfs.io,0,1,1,2,0,0,1,0,0,1,0,1,1,0,1,0,1
greattrade.com.ua,0,0,0,3,0,0,0,0,0,0,0,1,0,0,1,0,1
qrco.de,0,0,0,1,0,0,0,0,0,1,1,1,0,0,1,0,1
q-r.to,0,0,0,1,0,0,0,1,0,0,0,1,1,0,1,0,1
allegrolokalnie.pl-3i21.shop,0,0,0,0,0,0,0,1,1,0,1,1,1,1,1,1,1
corrieossap0maillsrverxyz.pages.dev,0,0,0,0,0,0,0,0,1,1,1,1,1,1,1,1,1
43.159.39.69,1,0,1,3,1,0,0,0,0,0,1,1,1,0,1,0,1
sites.google.com,0,0,0,2,0,0,0,0,0,1,0,1,1,0,1,0,1
l.ead.me,0,0,0,1,0,0,0,0,0,1,0,0,1,0,1,0,1
qrco.de,0,0,0,1,0,0,0,0,0,1,1,1,0,0,1,0,1
l.ead.me,0,0,0,1,0,0,0,0,0,1,0,0,0,0,1,0,1
docs.google.com,0,0,1,5,0,0,0,0,0,1,0,1,1,0,1,0,1
qrco.de,0,0,0,1,0,0,0,0,0,1,1,1,1,0,1,0,1
l.ead.me,0,0,0,1,0,0,0,0,0,1,0,0,1,0,1,0,1
mo.afdhft.cam,0,0,0,0,0,0,0,0,0,0,0,1,1,1,1,1,1
did.li,0,0,0,1,0,0,0,0,0,0,1,1,1,0,1,0,1
l.wl.co,0,0,0,1,1,0,0,0,0,1,0,1,1,0,1,0,1
aoe3.heavengames.com,0,0,1,2,0,0,0,0,0,0,0,1,1,0,1,0,1
qrco.de,0,0,0,1,0,0,0,0,0,1,1,1,0,0,1,0,1
pub-474947d4e8f94ccf8fc9602aaab11473.r2.dev,0,0,1,1,0,0,0,1,0,1,1,1,1,0,1,0,1
begin-logonlive.wixstudio.com,0,0,0,1,0,0,0,1,0,1,1,1,1,0,1,0,1
ipfs.best-practice.se,0,0,1,2,0,0,0,1,0,0,0,1,1,0,1,0,1
qrco.de,0,0,0,1,0,0,0,0,0,1,1,1,1,0,1,0,1
bafkreid5rc75dajn5myir6vdvuxnvq75fstrpvqlsvj7tctgufzpebw2ky.ipfs.dweb.link,0,0,1,0,0,0,0,0,1,1,1,1,1,1,1,1,1
docs.google.com,0,0,1,4,0,0,0,0,0,1,0,1,1,0,1,0,1
manage-trezo.wixstudio.com,0,0,0,1,0,0,0,1,0,1,1,1,1,0,1,0,1
qrco.de,0,0,0,1,0,0,0,0,0,1,1,1,1,0,1,0,1
heyflow.id,0,0,0,1,0,0,0,0,0,0,1,1,0,0,1,0,1
adisabebai.firebaseapp.com,0,0,0,0,0,0,0,0,0,1,1,1,1,0,1,0,1
docs.google.com,0,0,1,5,0,0,0,0,0,1,0,1,1,0,1,0,1
pub-748df3a9d898488b9ad18d18680da6d2.r2.dev,0,0,1,1,0,0,0,1,0,1,1,1,1,0,1,0,1
us7.campaign-archive.com,0,0,1,0,0,0,0,1,0,1,0,1,1,0,1,0,1
qrco.de,0,0,0,1,0,0,0,0,0,1,1,1,0,0,1,0,1
pub-8eab745c68444465988184ae68b609e3.r2.dev,0,0,1,1,0,0,0,1,0,1,1,1,1,0,1,0,1
ptcsys-hk.com,0,0,0,0,0,0,0,1,1,0,1,1,1,1,1,1,1
bradesco.gerentejuridico.click,0,0,0,0,0,0,0,0,1,0,1,1,1,1,1,1,1
docs.google.com,0,0,1,5,0,0,0,0,0,1,0,1,1,0,1,0,1
docs.google.com,0,0,1,5,0,0,0,0,0,1,0,1,1,0,1,0,1
docs.google.com,0,0,1,5,0,0,0,0,0,1,0,1,1,0,1,0,1
l.ead.me,0,0,0,1,0,0,0,0,0,1,0,0,0,0,1,0,1
allegro.oferta81480578.click,0,0,0,0,0,0,0,0,1,0,1,1,1,1,1,1,1
urlz.fr,0,0,0,1,0,0,0,0,0,1,0,1,0,0,1,0,1
fluidrock.cfd,0,0,0,1,0,0,0,0,1,0,1,1,1,1,1,1,1
capmentor.vn,0,0,0,1,0,0,0,0,0,0,1,1,1,1,1,1,1
l.ead.me,0,0,0,1,0,0,0,0,0,1,0,0,1,0,1,0,1
snsnnswwjhfy8374.weebly.com,0,0,0,0,0,0,0,0,0,1,0,1,1,0,1,0,1
q-r.to,0,0,0,1,0,0,0,1,0,0,0,1,0,0,1,0,1
secupasssverif-sg.com,0,0,1,4,0,0,0,1,1,0,1,1,1,1,1,1,1
gouv-url.com,0,0,0,1,0,0,0,1,0,0,0,1,1,0,1,0,1
q-r.to,0,0,0,1,0,0,0,1,0,0,0,1,0,0,1,0,1
allegro.983gi4.cyou,0,0,0,0,0,0,0,0,1,0,1,1,1,1,1,1,1
allegro.pl-oferta812281.lol,0,0,0,0,0,0,0,1,1,0,1,1,1,1,1,1,1
gov-parkingsu.cyou,0,0,0,1,0,0,0,1,1,0,1,1,1,1,1,1,1
4f4ez65f46ze54f35ez4f34ze.blogspot.com,0,0,1,0,0,0,1,0,0,1,1,1,1,0,1,0,1
dropbox.com,0,0,1,2,0,0,1,0,0,1,0,1,1,0,1,0,1
bit.ly,0,0,0,1,0,0,1,0,0,1,0,1,1,0,1,0,1
smbc-card.com.bdwq.shop,0,0,1,4,0,0,0,1,0,0,1,1,1,0,1,0,1
inter-pen24.webcindario.com,0,0,0,0,0,0,0,1,1,1,1,1,1,1,1,1,1
allegro-lokalnie.939238g2387.sbs,0,0,0,0,0,0,0,1,1,0,1,1,1,1,1,1,1
new.express.adobe.com,0,0,0,2,0,0,0,0,0,1,0,1,1,0,1,0,1
qrco.de,0,0,0,1,0,0,0,0,0,1,1,1,0,0,1,0,1
meateemasklugn.webflow.io,0,0,0,0,0,0,0,0,0,1,1,1,1,0,1,0,1
atineddikkom.web.app,0,0,0,0,0,0,0,0,0,1,1,1,1,0,1,0,1
pub-1d5808f5e751456ca58c4c2c947f4e01.r2.dev,0,0,1,1,0,0,0,1,0,1,1,1,1,0,1,0,1
setup-bridge-tze.zapier.app,0,0,0,1,0,0,0,1,0,1,1,1,1,0,1,0,1
videotroneyebvruehbf.weebly.com,0,0,0,0,0,0,0,0,0,1,0,1,1,0,1,0,1
sites.google.com,0,0,0,2,0,0,0,0,0,1,0,1,1,0,1,0,1
pub-02b701fdbdb6425baaf0a969ed71df28.r2.dev,0,1,1,1,0,0,1,1,0,1,1,1,1,0,1,0,1
q-r.to,0,0,0,1,0,0,0,1,0,0,0,1,1,0,1,0,1
mon-colis-mrelay.info,0,0,0,0,0,0,0,1,0,0,1,1,1,1,1,1,1
aerfsertgsrtgsrtghdfghdghd.framer.wiki,0,0,0,0,0,0,0,0,0,0,1,1,1,0,1,0,1
sites.google.com,0,0,0,2,0,0,0,0,0,1,0,1,1,0,1,0,1
optilinkweb.weebly.com,0,0,0,0,0,0,0,0,0,1,0,1,1,0,1,0,1
campsite.bio,0,0,0,1,0,0,0,0,0,1,1,1,1,0,1,0,1
pub-42b970e6398a4e69a742f1981a9dd62a.r2.dev,0,0,1,1,0,0,0,1,0,1,1,1,1,0,1,0,1
uniljsi.weebly.com,0,0,0,0,0,0,0,0,0,1,0,1,1,0,1,0,1
nidnaver12155667gf.weebly.com,0,0,0,0,0,0,0,0,0,1,0,1,1,0,1,0,1
bafkreig233g3yd3btndadcvx5yq2zridl5utu3fhsdnmgtw67xbqg2dseq.ipfs.dweb.link,0,0,1,0,0,0,0,0,1,1,1,1,1,1,1,1,1
tinyurl.com,0,0,0,1,0,0,1,0,0,1,0,1,1,0,1,0,1
docs.google.com,0,0,1,5,0,0,0,0,0,1,0,1,1,0,1,0,1
lihi1.com,0,0,0,1,0,0,0,0,0,0,0,1,1,0,1,0,1
qrco.de,0,0,0,1,0,0,0,0,0,1,1,1,1,0,1,0,1
uocc-gr.weebly.com,0,0,0,0,0,0,0,1,0,1,0,1,1,0,1,0,1
www-sbcglobal-review.webflow.io,0,0,0,0,0,0,0,1,0,1,1,1,1,0,1,0,1
choice-dashboard.com,0,0,0,1,0,0,0,1,1,0,1,1,1,1,1,1,1
tiwofiana4.web.app,0,0,0,0,0,0,0,0,0,1,1,1,0,0,1,0,1
white-ar.com,0,0,1,0,1,0,0,1,0,0,0,0,1,0,1,0,1
bit.ly,0,0,0,1,0,0,1,0,0,1,0,1,1,1,1,1,1
venerable-hamster-6692f8.netlify.app,0,0,0,0,0,0,0,1,0,1,1,1,1,0,1,0,1
whatsapp.nurgulotomotiv.com.tr,0,0,0,1,0,0,0,0,1,0,1,1,1,1,1,1,1
allegro.pl-6969.sbs,0,0,0,0,0,0,0,1,1,0,1,1,1,1,1,1,1
wrightpattcuuregainonl.weebly.com,0,0,0,0,0,0,0,0,0,1,0,1,1,0,1,0,1
maxcse.cc,0,0,0,1,0,0,0,0,1,0,1,1,1,1,1,1,1
pub-892c2501da2d4112ad3e57b5bbf7c8e9.r2.dev,0,0,1,1,0,0,0,1,0,1,1,1,1,0,1,0,1
iostarted-trezocdn.wixstudio.com,0,0,0,1,0,0,0,1,0,1,1,1,1,0,1,0,1
docs.google.com,0,0,1,5,0,0,0,0,0,1,0,1,1,0,1,0,1
attmailss.w3spaces.com,0,0,0,1,0,0,0,0,0,0,0,0,1,0,1,0,1
walken-nft.web.app,0,0,0,0,0,0,0,1,0,1,1,1,1,0,1,0,1
qrco.de,0,0,0,1,0,0,0,0,0,1,1,1,0,0,1,0,1
flowcode.com,0,0,0,2,0,0,0,0,0,1,0,1,1,1,1,1,1
docs.google.com,0,0,1,4,0,0,0,0,0,1,0,1,1,0,1,0,1
pub-b42213e1d83c4f448026b7219ddf4de1.r2.dev,0,0,1,1,0,0,0,1,0,1,1,1,1,0,1,0,1
step2-9f5d0.firebaseapp.com,0,0,0,0,0,0,0,1,0,1,1,1,1,0,1,0,1
allegrolokalnie.8495025.lat,0,0,1,2,0,0,0,0,1,0,1,1,1,1,1,1,1
predovicpathbuzz.myportfolio.com,0,0,0,0,0,0,0,0,0,1,0,1,1,0,1,0,1
portaldasfinancas.gov.pt,0,0,1,2,0,0,0,0,0,1,1,1,1,0,1,1,1
windows-ledger-live.typedream.app,0,0,0,0,0,0,0,1,0,0,1,1,1,0,1,0,1
pub-2ba2f00d7b84414c955f7291fd3bcc1c.r2.dev,0,0,1,1,0,0,0,1,0,1,1,1,1,0,1,0,1
q-r.to,0,0,0,1,0,0,0,1,0,0,0,1,1,0,1,0,1
remede-1dc91.firebaseapp.com,0,0,0,0,0,0,0,1,0,1,1,1,1,0,1,0,1
illuminated-tweak-451936.framer.app,0,0,0,0,0,0,0,1,0,1,1,1,1,0,1,0,1
metafb-qglu5n5.firebaseapp.com,0,0,0,0,0,0,0,1,0,1,1,1,1,0,1,0,1
q-r.to,0,0,0,1,0,0,0,1,0,0,0,1,0,0,1,0,1
fbookhelpsupport.web.app,0,0,0,0,0,0,0,0,0,1,1,1,1,0,1,0,1
allegro.001029gh9hi.me,0,0,0,0,0,0,0,0,1,0,1,1,1,1,1,1,1
qrco.de,0,0,0,1,0,0,0,0,0,1,1,1,0,0,1,0,1
prime-video.club,0,0,0,0,0,0,0,1,1,0,1,1,1,1,1,1,1
eventscentral.co.za,0,0,0,2,0,0,0,0,0,0,0,1,1,0,1,0,1
q-r.to,0,0,0,1,0,0,0,1,0,0,0,1,0,0,1,0,1
q-r.to,0,0,0,1,0,0,0,1,0,0,0,1,0,0,1,0,1
sp12ct-pradok-biz-kersel-vansik.pages.dev,0,0,0,0,0,0,0,1,0,1,1,1,1,0,1,0,1
cl.s13.exct.net,0,0,1,0,0,0,0,0,0,1,0,1,1,0,1,0,1
fatima.ope-961084.pro,0,0,0,1,0,0,0,1,0,0,1,1,1,0,1,0,1
l.ead.me,0,0,0,1,0,0,0,0,0,1,0,0,1,0,1,0,1
l.ead.me,0,0,0,1,0,0,0,0,0,1,0,0,0,0,1,0,1
pro2.godaddysites.com,0,0,0,0,0,0,0,0,0,1,0,1,1,0,1,0,1
allegrolokalnie.pl-kup-teraz6543356433.cfd,0,0,0,0,0,0,0,1,1,0,1,1,1,1,1,1,1
supports-wondrous-site-103643.webflow.io,0,0,0,0,0,0,0,1,0,1,1,1,1,0,1,0,1
track-005.blogspot.com,0,0,0,0,0,0,1,1,0,1,1,1,1,0,1,0,1
qrco.de,0,0,0,1,0,0,0,0,0,1,1,1,1,0,1,0,1
dropbox.com,0,0,1,4,0,0,1,0,0,1,0,1,1,0,1,0,1
tinyurl.com,0,0,0,1,0,0,1,0,0,1,0,1,1,0,1,0,1
linktr.ee,0,0,0,1,0,0,0,0,0,1,0,0,1,0,1,0,1
altro-dz.com,0,0,0,2,0,0,0,1,1,0,1,1,1,1,1,1,1
myusuppheldcdn.wixstudio.com,0,0,0,1,0,0,0,0,0,1,1,1,1,0,1,0,1
ipfs.io,0,0,1,2,0,0,0,0,0,1,0,1,1,0,1,0,1
alldbgdhhdhhdhhhchhchdhdm-dp9hzij3r3mr.edgeone.dev,0,0,1,1,0,0,0,1,0,0,1,1,0,0,1,0,1
id.govgyc.autos,0,0,0,0,0,0,0,0,1,0,1,1,1,1,1,1,1
q-r.to,0,0,0,1,0,0,0,1,0,0,0,1,0,0,1,0,1
avisosbanrurals.webcindario.com,0,0,1,1,0,0,0,0,1,1,1,1,1,1,1,1,1
allegrolokalnie.kup-teraz-transakcja0315794327.online,0,0,1,0,0,0,0,1,1,0,1,1,1,1,1,1,1
allegrolokalnie.9326832.click,0,0,0,0,0,0,0,0,1,0,1,1,1,1,1,1,1
bit.ly,0,0,0,1,0,0,1,0,0,1,0,1,1,0,1,0,1
prihlasenikvasemuuctu.weebly.com,0,0,0,0,0,0,0,0,0,1,0,1,1,0,1,0,1
logenlive-hub.framer.media,0,0,0,1,0,0,0,1,0,0,1,1,1,0,1,0,1
miamidadecollegee.ukit.me,0,0,0,0,0,0,0,0,0,0,0,0,1,0,1,0,1
us2.campaign-archive.com,0,0,1,0,0,0,0,1,0,1,0,1,1,0,1,0,1
indecgobarr.weebly.com,0,0,0,0,0,0,0,0,0,1,0,1,1,0,1,0,1
q-r.to,0,0,0,1,0,0,0,1,0,0,0,1,0,0,1,0,1
qr-codes.io,0,0,0,1,0,0,0,1,0,0,0,0,1,0,1,0,1
sipok.s3.eu-west-1.amazonaws.com,0,0,0,1,0,0,0,1,0,1,0,0,1,0,1,0,1
uphold-net.created.app,0,0,0,0,0,0,0,1,0,0,1,1,1,0,1,0,1
1mx5j.trk.elasticemail.com,0,0,1,2,0,0,0,0,0,1,0,1,1,0,1,0,1
validaracceso-bhdactivarusuario.iceiy.com,0,0,0,0,0,0,0,1,0,0,0,0,1,0,1,0,1
n2mafl630.ukit.me,0,0,0,0,0,0,0,0,0,0,0,0,1,0,1,0,1
dropbox.com,0,0,1,4,0,0,1,0,0,1,0,1,1,0,1,0,1
docs.google.com,0,0,1,5,0,0,0,0,0,1,0,1,1,0,1,0,1
verifier62214.click,0,0,0,0,0,0,0,0,1,0,1,1,1,1,1,1,1
web.circular-whatsapp.com.cn,0,0,0,0,0,0,0,1,1,0,1,1,1,1,1,1,1
attyahoomail.framer.website,0,0,0,0,0,0,0,0,0,1,0,0,1,0,1,0,1
bdv-enlinea0.webcindario.com,0,0,0,0,0,0,0,1,1,1,1,1,1,1,1,1,1
onlineugyintezes-belepes.com,0,0,0,0,0,0,0,1,1,0,1,1,1,1,1,1,1
patrimonioememoriacolectiva.pt,0,0,0,1,0,0,0,0,1,0,1,1,1,1,1,1,1
bit.ly,0,0,0,1,0,0,1,0,0,1,0,1,1,1,1,1,1
centrum-ucet-login.weebly.com,0,0,0,0,0,0,0,1,0,1,0,1,1,0,1,0,1
did.li,0,0,0,1,0,0,0,0,0,0,1,1,1,0,1,0,1
l.ead.me,0,0,0,1,0,0,0,0,0,1,0,0,0,0,1,0,1
trezcr-live.com,0,0,0,0,0,0,0,1,1,0,1,1,1,1,1,1,1
q-r.to,0,0,0,1,0,0,0,1,0,0,0,1,1,0,1,0,1
docs.google.com,0,0,1,5,0,0,0,0,0,1,0,1,1,0,1,0,1
allegrolokalnie.tflpl-produkt.sbs,0,0,1,3,0,0,0,1,1,0,1,1,1,1,1,1,1
xptoolz2259889.ac-page.com,0,0,0,1,0,0,0,1,0,1,0,1,1,0,1,0,1
allegrolokalnie.nr-32435423.lol,0,0,0,0,0,0,0,1,1,0,1,1,1,1,1,1,1
docs.google.com,0,0,1,5,0,0,0,0,0,1,0,1,1,0,1,0,1
my-egov.ca,0,0,0,4,0,0,0,1,0,0,0,1,1,1,1,1,1
docs.google.com,0,0,1,5,0,0,0,0,0,1,0,1,1,0,1,0,1
rp.mockplus.com,0,0,1,3,0,0,0,0,0,0,0,1,1,0,1,0,1
allegro.pl-60459034.click,0,0,0,0,0,0,0,1,1,0,1,1,1,1,1,1,1
paypay-bank.jeffreystearns.shop,0,0,1,1,0,0,0,1,0,0,1,1,1,0,1,0,1
q-r.to,0,0,0,1,0,0,0,1,0,0,0,1,1,0,1,0,1
site-18y3uhaa5.godaddysites.com,0,0,0,0,0,0,0,1,0,1,0,1,1,0,1,0,1
q-r.to,0,0,0,1,0,0,0,1,0,0,0,1,1,0,1,0,1
everwlseswiftrecovery247.weebly.com,0,0,0,0,0,0,0,0,0,1,0,1,1,0,1,0,1
smbc-card.com.boltv.shop,0,0,1,2,0,0,0,1,0,0,1,1,1,0,1,0,1
revue-revexium.com,0,0,0,0,0,0,0,1,0,0,0,0,1,0,1,0,1
intro-livedesktop.wixstudio.com,0,0,0,1,0,0,0,1,0,1,1,1,1,0,1,0,1
qrco.de,0,0,0,1,0,0,0,0,0,1,1,1,0,0,1,0,1
q-r.to,0,0,0,1,0,0,0,1,0,0,0,1,0,0,1,0,1
flow.page,0,0,0,1,0,0,0,0,0,1,1,1,1,0,1,0,1
linxicha.cn,0,0,0,0,0,0,0,0,0,0,0,0,1,0,1,0,1
xtsrevyapwyg.top,0,0,1,6,0,0,0,0,1,0,1,1,1,1,1,1,1
payee-review.web.app,0,0,0,0,0,0,0,1,0,1,1,1,1,0,1,0,1
qrco.de,0,0,0,1,0,0,0,0,0,1,1,1,1,0,1,0,1
543434565545.weebly.com,0,0,0,0,0,0,0,0,0,1,0,1,1,0,1,0,1
bit.ly,0,0,0,1,0,0,1,0,0,1,0,1,1,0,1,0,1
ipfs.io,0,0,1,2,0,0,0,0,0,1,0,1,1,0,1,0,1
tinyurl.com,0,0,0,1,0,0,1,0,0,1,0,1,1,0,1,0,1
forms.clickup.com,0,0,1,4,0,0,0,0,0,1,0,1,1,0,1,0,1
q-r.to,0,0,0,1,0,0,0,1,0,0,0,1,0,0,1,0,1
bt-b41l6.daftpage.com,0,0,0,0,0,0,0,1,0,0,0,0,1,0,1,0,1
sites.google.com,0,0,0,3,0,0,0,0,0,1,0,1,1,0,1,0,1
login-mvtvwireless.weebly.com,0,0,0,0,0,0,0,1,0,1,0,1,1,0,1,0,1
k1ppj0-hzup-5cka2p-ym5k4.pages.dev,0,0,0,0,0,0,0,1,0,1,1,1,1,0,1,0,1
supportt.pages.dev,0,0,0,0,0,0,0,0,0,1,1,1,1,0,1,0,1
infoverbindung.de,0,0,0,3,0,0,0,0,1,0,1,1,1,1,1,1,1
bncrf.eu.cc,0,0,0,1,0,0,0,0,1,1,1,1,1,1,1,1,1
devmainnetpro.pages.dev,0,0,0,0,0,0,0,0,0,1,1,1,1,0,1,0,1
new.express.adobe.com,0,0,0,2,0,0,0,0,0,1,0,1,1,0,1,0,1
desbloquear-bhd.weebly.com,0,0,0,0,0,0,0,1,0,1,0,1,1,0,1,0,1
dropbox.com,0,0,1,1,0,0,1,0,0,1,0,1,1,0,1,0,1
etsyverifyshop82719.icu,0,0,0,1,0,0,0,0,1,0,1,1,1,1,1,1,1
uftnxeriabmbh.firebaseapp.com,0,0,0,0,0,0,0,0,0,1,1,1,1,0,1,0,1
ow.ly,0,0,0,1,0,0,1,0,0,1,0,1,0,0,1,0,1
kucoinuylogin.webflow.io,0,0,0,0,0,0,0,0,0,1,1,1,1,0,1,0,1
zuza.stefek.szczecin.pl,0,0,1,4,0,0,0,0,0,0,0,1,1,0,1,0,1
forms.office.com,0,0,0,2,0,0,0,0,0,1,0,1,1,0,1,0,1
l.wl.co,0,0,0,1,1,0,0,0,0,1,0,1,1,0,1,0,1
q-r.to,0,0,0,1,0,0,0,1,0,0,0,1,0,0,1,0,1
nlb-banka.com,0,0,0,0,0,0,0,1,1,0,1,1,1,1,1,1,1
a546sd57f6879g8ouaet464sdfiytusra463wtzdf0d1.teemill.com,0,0,1,0,0,0,0,0,0,1,0,1,1,0,1,0,1
l.ead.me,0,0,0,1,0,0,0,0,0,1,0,0,0,0,1,0,1
var-7qcd-hl60wg-r56yd4-0yg.pages.dev,0,0,0,0,0,0,0,1,0,1,1,1,1,0,1,0,1
dpdlocakqc.shop,0,0,0,1,0,0,0,0,1,0,1,1,1,1,1,1,1
129.226.210.78,1,0,1,3,0,0,0,0,0,0,1,1,1,1,1,1,1
us6.campaign-archive.com,0,0,1,0,0,0,0,1,0,1,0,1,1,0,1,0,1
mxk-762399649109.southamerica-east1.run.app,0,0,0,0,0,0,0,1,0,1,1,1,1,0,1,0,1
cooperative-branding-068686.framer.app,0,0,0,0,0,0,0,1,0,1,1,1,1,0,1,0,1
saledenisos.online,0,0,0,1,0,0,0,0,1,0,1,1,1,1,1,1,1
share.hsforms.com,0,0,1,1,0,0,0,0,0,1,0,1,1,0,1,0,1
suivi5547o.serv4571563.pro,0,0,0,1,0,0,0,0,0,0,1,1,1,0,1,0,1
allegrolokainie.prywant8492119.xyz,0,0,0,0,0,0,0,0,1,0,1,1,1,1,1,1,1
comcastinternetserver.weebly.com,0,0,0,0,0,0,0,0,0,1,0,1,1,0,1,0,1
nnfems.com,0,0,0,4,0,0,0,0,0,0,0,1,1,0,1,0,1
dravora-gld-felquna-r5x4fw97-3fw.pages.dev,0,0,0,0,0,0,0,1,0,1,1,1,1,0,1,0,1
qrco.de,0,0,0,1,0,0,0,0,0,1,1,1,0,0,1,0,1
powr.io,0,0,0,3,0,0,0,0,0,1,0,0,0,0,1,0,1
hipcv.com,0,0,0,2,0,0,0,0,0,0,0,1,1,0,1,0,1
m--portal--uphld--autth--m.weebly.com,0,0,0,0,0,0,0,1,0,1,0,1,1,0,1,0,1
docs.google.com,0,0,1,5,0,0,0,0,0,1,0,1,1,0,1,0,1
bafkreicez7i5vqegt7g64kdgvi5wrosuyp5pnnbqk2ziznckupu6pjgug4.ipfs.dweb.link,0,0,1,0,0,0,0,0,1,1,1,1,1,1,1,1,1
npscanada.com,0,0,0,2,0,0,0,0,0,0,0,1,1,0,1,0,1
43.156.7.24,1,0,1,1,1,0,0,0,0,0,1,1,1,1,1,1,1
shaw-webmail-104660.weeblysite.com,0,0,0,0,0,0,0,1,0,1,0,1,1,0,1,0,1
orangess.contactin.bio,0,0,0,0,0,0,0,0,0,0,1,1,1,0,1,0,1
bit.ly,0,0,0,1,0,0,1,0,0,1,0,1,1,0,1,0,1
docs.google.com,0,0,1,5,0,0,0,0,0,1,0,1,1,0,1,0,1
q-r.to,0,0,0,1,0,0,0,1,0,0,0,1,0,0,1,0,1
shabirhussain276-cpu.github.io,0,0,1,1,0,0,0,1,0,1,1,1,1,0,1,0,1
qrco.de,0,0,0,1,0,0,0,0,0,1,1,1,1,0,1,0,1
docs.google.com,0,0,1,5,0,0,0,0,0,1,0,1,1,0,1,0,1
q-r.to,0,0,0,1,0,0,0,1,0,0,0,1,1,0,1,0,1
reduzindotaxas.online,0,0,0,0,0,0,0,0,1,0,1,1,1,1,1,1,1
q-r.to,0,0,0,1,0,0,0,1,0,0,0,1,0,0,1,0,1
ln.run,0,0,0,1,0,0,0,0,0,1,1,1,1,0,1,0,1
loja-2026-4.myshopify.com,0,0,1,2,0,0,0,1,0,1,1,1,1,0,1,0,1
l.ead.me,0,0,0,1,0,0,0,0,0,1,0,0,0,0,1,0,1
q-r.to,0,0,0,1,0,0,0,1,0,0,0,1,0,0,1,0,1
share.google,0,0,0,1,0,0,0,0,0,1,1,1,1,1,1,1,1
xxin203xxreply.weebly.com,0,0,0,0,0,0,0,0,0,1,0,1,1,0,1,0,1
23501452-terri-weaver-lfapo.sitebeat.crazydomains.com,0,0,1,0,0,0,0,1,0,1,0,1,1,0,1,0,1
docs.google.com,0,0,1,5,0,0,0,0,0,1,0,1,1,0,1,0,1
onlinedakotawest-v9.web.app,0,0,0,0,0,0,0,1,0,1,1,1,1,0,1,0,1
entry5300-js2024r1.usercontent.dev,0,0,0,0,0,0,0,1,0,0,1,1,1,0,1,0,1
qrco.de,0,0,0,1,0,0,0,0,0,1,1,1,0,0,1,0,1
sgenerale9.bolt.host,0,0,0,1,0,0,0,0,0,0,0,1,1,0,1,0,1
qrco.de,0,0,0,1,0,0,0,0,0,1,1,1,1,0,1,0,1
bg-postbnkbg.firebaseapp.com,0,0,0,0,0,0,0,1,0,1,1,1,1,0,1,0,1
l.wl.co,0,0,0,1,1,0,0,0,0,1,0,1,1,0,1,0,1
isocomputercity.co.za,0,0,1,2,0,0,0,0,0,0,0,0,1,1,1,1,1
q-r.to,0,0,0,1,0,0,0,1,0,0,0,1,0,0,1,0,1
e68fae3qw465768ri79toguusryj46srykdut456swfytq3.teemill.com,0,0,1,0,0,0,0,0,0,1,0,1,0,0,1,0,1
q-r.to,0,0,0,1,0,0,0,1,0,0,0,1,1,0,1,0,1
z9p3t6k1r8w4.cfd,0,0,0,0,0,0,0,0,1,0,1,1,1,1,1,1,1
qrco.de,0,0,0,1,0,0,0,0,0,1,1,1,0,0,1,0,1
invfort.one,0,0,0,2,0,0,0,0,1,0,1,1,1,1,1,1,1
uag-mx.weebly.com,0,0,0,0,0,0,0,1,0,1,1,1,1,0,1,0,1
moja-paczka.oineam.icu,0,0,1,3,0,0,0,1,1,0,1,1,1,1,1,1,1
docs.google.com,0,0,1,4,0,0,0,0,0,1,0,1,1,0,1,0,1
v0-h-e-b-product-review-program.vercel.app,0,0,0,0,0,0,0,1,0,1,1,1,1,0,1,0,1
bit.ly,0,0,0,1,0,0,1,0,0,1,0,1,1,0,1,0,1
q-r.to,0,0,0,1,0,0,0,1,0,0,0,1,0,0,1,0,1
kmandeck231.wixstudio.io,0,0,0,1,0,0,0,0,0,0,1,1,1,0,1,0,1
itsbio.link,0,0,0,0,0,0,0,0,0,0,0,1,1,0,1,0,1
interiakastliverecsbrokeers.com,0,0,0,0,0,0,0,0,0,0,0,0,1,1,1,1,1
sp11ct-melvar-biz8-kreson-dalvik.pages.dev,0,0,0,0,0,0,0,1,0,1,1,1,1,0,1,0,1
allegro.lokalna-oferta587645.shop,0,0,0,0,0,0,0,1,0,0,1,1,1,0,1,0,1
cfdb591a-6cd2-435f-8606-ec5b23f8dbc1-00-2kym7xn6z2ppz.worf.replit.dev,0,0,1,0,0,0,0,1,1,1,1,1,1,1,1,1,1
rochestercontemporary.org,0,0,0,1,0,0,0,0,0,0,0,1,1,0,1,0,1
authzrrrwcrctblivmailssocl.firebaseapp.com,0,0,0,0,0,0,0,0,0,1,1,1,1,0,1,0,1
bit.ly,0,0,0,1,0,0,1,0,0,1,0,1,1,1,1,1,1
mondiairelay-be.com,0,0,0,2,0,0,0,1,1,0,1,1,1,1,1,1,1
wwxhajudjgwjklckvzgs6.web.app,0,0,0,0,0,0,0,0,0,1,1,1,0,0,1,0,1
docs.google.com,0,0,1,5,0,0,0,0,0,1,0,1,1,0,1,0,1
app.jotform.com,0,0,0,1,0,0,0,0,0,1,0,1,1,0,1,0,1
docs.google.com,0,0,1,5,0,0,0,0,0,1,0,1,1,0,1,0,1
deutschland-kreditdeutshe.91-218-65-223.plesk.page,0,0,1,1,0,0,0,1,0,1,1,1,1,1,1,1,1
ictservicesunit.weebly.com,0,0,0,0,0,0,0,0,0,1,0,1,1,0,1,0,1
odpsodo.biz,0,0,0,0,0,0,0,0,0,0,1,1,1,1,1,1,1
q-r.to,0,0,0,1,0,0,0,1,0,0,0,1,0,0,1,0,1
kuccoinl0giin.godaddysites.com,0,0,0,0,0,0,0,0,0,1,0,1,0,0,1,0,1
dropbox.com,0,0,1,4,0,0,1,0,0,1,0,1,1,0,1,0,1
v0-fritadeira-eletrica-gaabor.vercel.app,0,0,0,0,0,0,0,1,0,1,1,1,1,0,1,0,1
po-c27117new-order.weebly.com,0,0,0,0,0,0,0,1,0,1,0,1,1,0,1,0,1
ninjalucky.com,0,0,0,1,0,0,0,0,0,0,0,1,1,1,1,1,1
docs.google.com,0,0,1,4,0,0,0,0,0,1,0,1,0,0,1,0,1
eu.jotform.com,0,0,0,2,0,0,0,0,0,1,0,1,1,0,1,0,1
bit.ly,0,0,0,1,0,0,1,0,0,1,0,1,1,0,1,0,1
flverr.feepoint.digital,0,0,0,2,0,0,0,0,1,0,1,1,1,1,1,1,1
acooord.zya.me,0,0,0,0,0,0,0,0,0,0,0,1,1,1,1,1,1
pfiykwveyf68riykvcifud8ujw-ed8u6y3wer5uqjwascxhy.teemill.com,0,0,1,0,0,0,0,1,0,1,0,1,1,0,1,0,1
mon-espace-renouvellement-info.com,0,0,0,0,0,0,0,1,1,0,1,1,1,1,1,1,1
ghghghghghass123123123.start.page,0,0,0,0,0,0,0,0,0,0,1,1,1,0,1,0,1
easying-f6b8c.web.app,0,0,0,0,0,0,0,1,0,1,1,1,1,0,1,0,1
docs.google.com,0,0,1,5,0,0,0,0,0,1,0,1,1,0,1,0,1
crese-con-cred-miles.vercel.app,0,0,0,0,0,0,0,1,0,1,1,1,1,0,1,0,1
v0-brahma-express-form.vercel.app,0,0,0,0,0,0,0,1,0,1,1,1,1,0,1,0,1
l.ead.me,0,0,0,1,0,0,0,0,0,1,0,0,0,0,1,0,1
us2.campaign-archive.com,0,0,1,0,0,0,0,1,0,1,0,1,1,0,1,0,1
ucwewrestling.weebly.com,0,0,0,0,0,0,0,0,0,1,0,1,1,0,1,0,1
allegrolokalnie.pl-74826.icu,0,0,0,0,0,0,0,1,1,0,1,1,1,1,1,1,1
sp11ct-norvik-biz8-feldor-havsar.pages.dev,0,0,0,0,0,0,0,1,0,1,1,1,1,0,1,0,1
l.ead.me,0,0,0,1,0,0,0,0,0,1,0,0,0,0,1,0,1
sbcglobal-att-signing-786084.webflow.io,0,0,0,0,0,0,0,1,0,1,1,1,1,0,1,0,1
suivre6523y.hub463167.pro,0,0,0,0,0,0,0,0,0,0,1,1,1,0,1,0,1
us14.list-manage.com,0,0,1,1,0,0,0,1,0,1,0,1,1,0,1,0,1
l.ead.me,0,0,0,1,0,0,0,0,0,1,0,0,0,0,1,0,1
xfny.weeblysite.com,0,0,0,0,0,0,0,0,0,1,0,1,1,0,1,0,1
docs.google.com,0,0,1,5,0,0,0,0,0,1,0,1,1,0,1,0,1
yxcx11473.github.io,0,0,1,2,0,0,0,0,0,1,1,1,1,0,1,0,1
forms.visme.co,0,0,1,2,0,0,0,0,0,1,0,1,1,0,1,0,1
logical-words-764346.framer.app,0,0,0,0,0,0,0,1,0,1,1,1,1,0,1,0,1
allegro.120209458h.xyz,0,0,0,0,0,0,0,0,1,0,1,1,1,1,1,1,1
nj.gov-mcp.help,0,0,0,0,0,0,0,1,1,0,1,1,1,1,1,1,1
7wy3ter.top,0,0,0,3,0,0,0,0,1,0,1,1,1,1,1,1,1
mondial-relivrer-enligne.com,0,0,0,1,0,0,0,1,0,0,0,1,1,0,1,0,1
global-exchange.ghost.io,0,0,0,1,0,0,0,1,0,1,0,1,1,0,1,0,1
bit.ly,0,0,0,1,0,0,1,0,0,1,0,1,1,0,1,0,1
q-r.to,0,0,0,1,0,0,0,1,0,0,0,1,0,0,1,0,1
q-r.to,0,0,0,1,0,0,0,1,0,0,0,1,1,0,1,0,1
us22.campaign-archive.com,0,0,1,0,0,0,0,1,0,1,0,1,1,0,1,0,1
bafkreiev2kihfdi335zcnw5eilk6io7fa5rlgukxtcaxilqon5jva3pddi.ipfs.dweb.link,0,0,1,0,0,0,0,0,1,1,1,1,1,1,1,1,1
bacservices.help,0,0,0,1,0,0,0,0,0,0,0,1,1,1,1,1,1
loudplay814.top,0,0,0,1,0,0,0,0,1,0,1,1,1,1,1,1,1
s2-creditmutuel-fr.s-host.net,0,0,0,1,0,0,0,1,1,0,1,1,1,1,1,1,1
falabella2clnts.webcindario.com,0,0,0,0,0,0,0,0,1,1,1,1,1,1,1,1,1
mvm-energetikai.vusisizwefunerals.co.za,0,0,1,1,0,0,0,1,0,0,0,0,1,0,1,0,1
mt-e0a64.web.app,0,0,0,0,0,0,0,1,0,1,1,1,1,0,1,0,1
allegrolokalnie.858182521.click,0,0,1,2,0,0,0,0,1,0,1,1,1,1,1,1,1
t.me,0,0,0,1,0,0,0,0,0,1,0,1,1,0,1,0,1
confirmwebde6935-verify.webflow.io,0,0,0,0,0,0,0,1,0,1,1,1,1,0,1,0,1
retinahanselgeneralissimo.firebaseapp.com,0,0,0,0,0,0,0,0,0,1,1,1,1,0,1,0,1
eva-dmc4.halfmoon.jp,0,0,1,3,0,0,0,1,0,1,1,1,1,1,1,1,1
claim-3jb.netlify.app,0,0,0,0,0,0,0,1,0,1,1,1,1,0,1,0,1
helpid9355723849185962816.web.app,0,0,0,0,0,0,0,0,0,1,1,1,1,0,1,0,1
lesdiplomates-53800.web.app,0,0,0,0,0,0,0,1,0,1,1,1,1,0,1,0,1
docs.google.com,0,0,1,5,0,0,0,0,0,1,0,1,1,0,1,0,1
failed-recipient-add.web.app,0,0,0,0,0,0,0,1,0,1,1,1,1,0,1,0,1
tr.ee,0,0,0,1,0,0,0,0,0,1,0,1,1,1,1,1,1
google.com,0,0,1,1,0,0,0,0,0,1,0,1,1,1,1,1,1
allegro.ogloszenie8167.shop,0,0,0,0,0,0,0,0,1,0,1,1,1,1,1,1,1
digital-result-066014.framer.app,0,0,0,0,0,0,0,1,0,1,1,1,1,0,1,0,1
docs.google.com,0,0,1,4,0,0,0,0,0,1,0,1,1,0,1,0,1
cc86824.tw1.ru,0,0,0,2,0,0,0,0,0,1,0,1,1,0,1,0,1
docs.google.com,0,0,1,5,0,0,0,0,0,1,0,1,1,0,1,0,1
cebjiankb10.firebaseapp.com,0,0,0,0,0,0,0,0,0,1,1,1,0,0,1,0,1
reprog-mr-prive.bolt.host,0,0,0,0,0,0,0,1,0,0,0,1,1,0,1,0,1
eth-x91831-exodus.web.app,0,0,0,0,0,0,0,1,0,1,1,1,1,0,1,0,1
docs.google.com,0,0,1,5,0,0,0,0,0,1,0,1,1,0,1,0,1
qrco.de,0,0,0,1,0,0,0,0,0,1,1,1,1,0,1,0,1
mrelay-particulier.com,0,0,0,0,0,0,0,1,0,0,0,1,1,1,1,1,1
starting-treznwllt.wixstudio.com,0,0,0,1,0,0,0,1,0,1,1,1,1,0,1,0,1
sites.google.com,0,0,0,3,0,0,0,0,0,1,0,1,1,0,1,0,1
borteen.web.app,0,0,0,0,0,0,0,0,0,1,1,1,1,0,1,0,1
miricanvas.com,0,0,0,3,0,0,0,0,0,1,0,1,0,0,1,0,1
varimo.info,0,0,0,2,0,0,0,0,0,0,1,1,1,0,1,0,1
qrco.de,0,0,1,1,0,0,0,0,0,1,1,1,1,0,1,0,1
allegro-lokalnie.get9547823.lol,0,0,0,0,0,0,0,1,1,0,1,1,1,1,1,1,1
gkssa.org,0,0,1,2,0,0,0,0,0,0,0,1,1,0,1,0,1
dellavillas.com,0,0,0,1,0,0,0,0,0,0,0,1,0,0,1,0,1
bit.ly,0,0,0,1,0,0,1,0,0,1,0,1,1,0,1,0,1
docs.google.com,0,0,1,5,0,0,0,0,0,1,0,1,1,0,1,0,1
gmx-client576.weebly.com,0,0,0,0,0,0,0,1,0,1,0,1,1,0,1,0,1
q-r.to,0,0,0,1,0,0,0,1,0,0,0,1,0,0,1,0,1
prim-clients.com,0,0,0,0,0,0,0,1,0,0,0,1,1,1,1,1,1
qrco.de,0,0,0,1,0,0,0,0,0,1,1,1,0,0,1,0,1
qrco.de,0,0,0,1,0,0,0,0,0,1,1,1,0,0,1,0,1
ipfs.io,0,0,1,2,0,0,0,0,0,1,0,1,1,0,1,0,1
eaqui-interactua.webcindario.com,0,0,0,0,0,0,0,1,1,1,1,1,1,1,1,1,1
webshwpcuvienvistaewonlinef.weebly.com,0,0,0,0,0,0,0,0,0,1,0,1,1,0,1,0,1
sparkass-sidcheck3.firebaseapp.com,0,0,0,0,0,0,0,1,0,1,1,1,1,0,1,0,1
l.ead.me,0,0,0,1,0,0,0,0,0,1,0,0,0,0,1,0,1
qrco.de,0,0,0,1,0,0,0,0,0,1,1,1,0,0,1,0,1
ledgrlvelggn.wixstudio.com,0,0,0,1,0,0,0,0,0,1,1,1,1,0,1,0,1
link.space,0,1,0,1,0,0,0,0,0,1,0,1,0,0,1,0,1
docs.google.com,0,0,1,4,0,0,0,0,0,1,0,1,0,0,1,0,1
bit.ly,0,0,0,1,0,0,1,0,0,1,0,1,1,0,1,0,1
newuholldapps.wixstudio.com,0,0,0,1,0,0,0,0,0,1,1,1,1,0,1,0,1
m7pr2qn.qpon,0,0,0,3,0,0,0,0,1,0,1,1,1,1,1,1,1
suitestartr.wixstudio.com,0,0,0,1,0,0,0,0,0,1,1,1,1,0,1,0,1
espace-destinataire.com,0,0,0,2,0,0,0,1,0,0,0,1,1,1,1,1,1
b68zdm-pm1yj2-z6tvq-w2y-b97ia.pages.dev,0,0,0,0,0,0,0,1,0,1,1,1,1,0,1,0,1
broadband.mvt.so,0,0,0,0,0,0,0,0,0,0,0,1,1,0,1,0,1
43.159.37.67,1,0,1,3,0,0,0,0,0,0,1,1,1,1,1,1,1
eu.jotform.com,0,0,0,2,0,0,0,0,0,1,0,1,1,0,1,0,1
q-r.to,0,0,0,1,0,0,0,1,0,0,0,1,0,0,1,0,1
q-r.to,0,0,0,1,0,0,0,1,0,0,0,1,0,0,1,0,1
docs.google.com,0,0,1,5,0,0,0,0,0,1,0,1,1,0,1,0,1
loginacstrasbourgfrdpprofileo1cauthorize1executione1s11.weebly.com,0,0,1,0,0,0,0,0,0,1,0,1,1,0,1,0,1
jut.slj.mybluehost.me,0,0,0,1,0,0,0,0,0,1,0,1,1,1,1,1,1
optimumadminserver.weebly.com,0,0,0,0,0,0,0,0,0,1,0,1,1,0,1,0,1
docs.google.com,0,0,1,5,0,0,0,0,0,1,0,1,1,0,1,0,1
facturanetfilx.com,0,0,0,1,0,0,1,0,0,0,0,1,1,1,1,1,1
gsrellastrax.weebly.com,0,0,0,0,0,0,0,0,0,1,0,1,1,0,1,0,1
q-r.to,0,0,0,1,0,0,0,1,0,0,0,1,0,0,1,0,1
rp2.mockplus.com,0,0,1,4,0,0,0,0,0,0,0,1,1,0,1,0,1
confirmyouraccountdetails.firebaseapp.com,0,0,0,0,0,0,0,0,0,1,1,1,1,0,1,0,1
sky-photos.com,0,0,0,0,0,0,0,1,0,0,0,1,1,0,1,0,1
q-r.to,0,0,0,1,0,0,0,1,0,0,0,1,0,0,1,0,1
dropbox.com,0,0,1,4,0,0,1,0,0,1,0,1,1,0,1,0,1
idmicrosoftmx.webcindario.com,0,0,0,0,0,0,0,0,1,1,1,1,1,1,1,1,1
ca.wdefv.cam,0,0,0,0,0,0,0,0,0,0,0,1,1,1,1,1,1
pub-712197f74e04463c9905c15b5b391a21.r2.dev,0,0,1,1,0,0,0,1,0,1,1,1,1,0,1,0,1
q-r.to,0,0,0,1,0,0,0,1,0,0,0,1,1,0,1,0,1
my-site-108036-105622.weeblysite.com,0,0,0,0,0,0,0,1,0,1,0,1,1,0,1,0,1
docs.google.com,0,0,1,5,0,0,0,0,0,1,0,1,1,0,1,0,1
monthlydisne3ds.com,0,0,0,0,0,0,0,0,1,0,1,1,1,1,1,1,1
iostart-trz.wixstudio.com,0,0,0,1,0,0,0,1,0,1,1,1,1,0,1,0,1
qrco.de,0,0,0,1,0,0,0,0,0,1,1,1,0,0,1,0,1
ipfs.best-practice.se,0,0,1,3,0,0,0,1,0,0,0,1,1,0,1,0,1
sites.google.com,0,0,1,3,0,0,0,0,0,1,0,1,1,0,1,0,1
l.ead.me,0,0,0,1,0,0,0,0,0,1,0,0,0,0,1,0,1
prime-deniflation-nement.com,0,0,0,0,0,0,1,1,1,0,1,1,1,1,1,1,1
ffimbra.weebly.com,0,0,0,0,0,0,0,0,0,1,0,1,1,0,1,0,1
1b6mq64vhc.coachbart.be,0,0,1,0,0,0,0,0,0,0,1,1,1,1,1,1,1
sp12ct-fradik-biz-koldor-zensel.pages.dev,0,0,0,0,0,0,0,1,0,1,1,1,1,0,1,0,1
voicenote1121.weebly.com,0,0,0,0,0,0,0,0,0,1,0,1,1,0,1,0,1
q-r.to,0,0,0,1,0,0,0,1,0,0,0,1,1,0,1,0,1
vidal.jpod10884268.pro,0,0,0,0,0,0,0,0,0,0,1,1,1,0,1,0,1
pub-1c42c7b14395495bbde1a82078f9fe7f.r2.dev,0,0,1,1,0,0,0,1,0,1,1,1,1,0,1,0,1
docs.google.com,0,0,1,4,0,0,0,0,0,1,0,1,0,0,1,0,1
q-r.to,0,0,0,1,0,0,0,1,0,0,0,1,1,0,1,0,1
allegro.lokalna-532424.sbs,0,0,0,0,0,0,0,1,1,0,1,1,1,1,1,1,1
verify8136.life,0,0,0,1,0,0,0,0,0,0,1,1,1,0,1,0,1
eroslombardieli3.blogspot.com,0,0,0,0,0,0,1,0,0,1,1,1,1,0,1,0,1
storebucks.org,0,0,0,0,0,0,0,0,1,0,1,1,1,1,1,1,1
loginhuntington.weebly.com,0,0,0,0,0,0,0,0,0,1,0,1,1,0,1,0,1
mydrive.effem.com,0,0,1,5,0,0,0,0,0,1,0,0,1,0,1,0,1
contratolivmsn365acti.iceiy.com,0,0,0,0,0,0,0,0,0,0,0,0,1,1,1,1,1
ledger-livelogin-e7-en-us-cdn-gamma.vercel.app,0,0,1,2,0,0,0,1,0,1,1,1,1,0,1,0,1
vendredi-4-sep.com,0,0,0,1,0,0,0,1,0,0,0,1,1,1,1,1,1
bit.ly,0,0,0,1,0,0,1,0,0,1,0,1,1,1,1,1,1
bradesco.creditonetempresas.info,0,0,0,1,0,0,0,0,0,0,1,1,1,0,1,0,1
floridainternationaluniversityin.ukit.me,0,0,0,0,0,0,0,0,0,0,0,0,1,0,1,0,1
cerntler.top,0,0,1,0,0,0,0,0,1,0,1,1,1,1,1,1,1
43.156.7.24,1,0,1,1,1,0,0,0,0,0,1,1,1,1,1,1,1
samplel-ks6yxvur5-instagramm.vercel.app,0,0,0,0,0,0,0,1,0,1,1,1,1,0,1,0,1
ipfs.best-practice.se,0,0,1,2,0,0,0,1,0,0,0,1,1,0,1,0,1
newuphooldcdn.wixstudio.com,0,0,0,1,0,0,0,0,0,1,1,1,1,0,1,0,1
bafkreia7pebrnh7rurgbuhxwzh3ivak3z44e7j4bqiliin2cdeo4322dgi.ipfs.dweb.link,0,0,1,0,0,0,0,0,1,1,1,1,1,1,1,1,1
sp19ct7-safem-biz-lurex-donik.pages.dev,0,0,0,0,0,0,0,1,0,1,1,1,1,0,1,0,1
dropbox.com,0,0,1,4,0,0,1,0,0,1,0,1,1,0,1,0,1
aoljk-po0c.weebly.com,0,0,0,0,0,0,0,1,0,1,0,1,1,0,1,0,1
mailer-xfinity.weebly.com,0,0,0,0,0,0,0,1,0,1,0,1,1,0,1,0,1
qrco.de,0,0,0,1,0,0,0,0,0,1,1,1,0,0,1,0,1
l.ead.me,0,0,0,1,0,0,0,0,0,1,0,0,1,0,1,0,1
s.yam.com,0,0,0,1,0,0,0,0,0,1,0,1,1,0,1,0,1
06t-xiy883-tl87j-xoae-ffyrj.pages.dev,0,0,0,0,0,0,0,1,0,1,1,1,1,0,1,0,1
efuhr4.shop,0,0,0,1,0,0,0,0,0,0,1,1,1,1,1,1,1
new.express.adobe.com,0,0,0,2,0,0,0,0,0,1,0,1,1,0,1,0,1
compotressgf.weebly.com,0,0,0,0,0,0,0,0,0,1,0,1,1,0,1,0,1
qrco.de,0,0,0,1,0,0,0,0,0,1,1,1,0,0,1,0,1
pedestrian.jp,0,0,0,1,0,0,0,0,0,0,0,0,0,0,1,0,1
wmailzzkrzjkut5krr.weebly.com,0,0,0,0,0,0,0,0,0,1,0,1,1,0,1,0,1
docs.google.com,0,0,1,4,0,0,0,0,0,1,0,1,1,0,1,0,1
comune.weebly.com,0,0,0,0,0,0,0,0,0,1,0,1,1,0,1,0,1
starmovies.cc,0,0,0,1,0,0,0,0,1,0,1,1,1,1,1,1,1
qr-codes.io,0,0,0,1,0,0,0,1,0,0,0,0,1,0,1,0,1
sp19ct7-duref-biz-koren-lamis.pages.dev,0,0,0,0,0,0,0,1,0,1,1,1,1,0,1,0,1
us3.campaign-archive.com,0,0,1,0,0,0,0,1,0,1,0,1,1,0,1,0,1
tuni-sunmelk.blogspot.com,0,0,0,0,0,0,1,1,0,1,1,1,1,0,1,0,1
dropbox.com,0,0,1,4,0,0,1,0,0,1,0,1,1,0,1,0,1
qrco.de,0,0,0,1,0,0,0,0,0,1,1,1,0,0,1,0,1
btinternetmaintenanceupdate-101995-109972.weeblysite.com,0,0,1,0,0,0,0,1,0,1,0,1,1,0,1,0,1
mail.credit-metuell.s-host.net,0,0,0,0,0,0,0,1,1,0,1,1,1,1,1,1,1
qrco.de,0,0,0,1,0,0,0,0,0,1,1,1,1,0,1,0,1
us15.campaign-archive.com,0,0,1,0,0,0,0,1,0,1,0,1,1,0,1,0,1
l.ead.me,0,0,0,1,0,0,0,0,0,1,0,0,0,0,1,0,1
q-r.to,0,0,0,1,0,0,0,1,0,0,0,1,0,0,1,0,1
intechopen.com,0,0,0,1,1,0,0,0,0,1,0,1,1,0,1,1,1
pub-f7d0b25d29d147eda3a539e751281489.r2.dev,0,0,1,1,0,0,0,1,0,1,1,1,1,0,1,0,1
diceempire-ba357.firebaseapp.com,0,0,0,0,0,0,0,1,0,1,1,1,1,0,1,0,1
mmsswebmail.weebly.com,0,0,0,0,0,0,0,0,0,1,0,1,1,0,1,0,1
smbc-cardindex.walkingtarget.com,0,0,1,1,0,0,1,1,1,0,1,1,1,1,1,1,1
qrco.de,0,0,0,1,0,0,0,0,0,1,1,1,0,0,1,0,1
dpdlocotf.cyou,0,0,0,1,0,0,0,0,1,0,1,1,1,1,1,1,1
haliyikamanur.hazirsitem.com,0,0,1,3,0,0,0,0,1,0,1,1,1,1,1,1,1
qrco.de,0,0,0,1,0,0,0,0,0,1,1,1,0,0,1,0,1
allegro.53498893423.xyz,0,0,0,0,0,0,0,0,1,0,1,1,1,1,1,1,1
aefnyuali.firebaseapp.com,0,0,0,0,0,0,0,0,0,1,1,1,1,0,1,0,1
s6vxf-2vsws-jyzwq-hmgt-sgl.pages.dev,0,0,0,0,0,0,0,1,0,1,1,1,1,0,1,0,1
qrco.de,0,0,0,1,0,0,0,0,0,1,1,1,0,0,1,0,1
did.li,0,0,0,1,0,0,0,0,0,0,1,1,1,0,1,0,1
qrco.de,0,0,0,1,0,0,0,0,0,1,1,1,0,0,1,0,1
bafkreihcrg5hlrf26ulzhyxiu4bkpl7oarxwkwhybed26uvlub6mzrksey.ipfs.dweb.link,0,0,1,0,0,0,0,0,1,1,1,1,1,1,1,1,1
new.express.adobe.com,0,0,0,2,0,0,0,0,0,1,0,1,1,0,1,0,1
bafkreihbm4bofvjkr2thuw5a6vhyaiyrt5ach373yz3akobcfnhtya4lqi.ipfs.dweb.link,0,0,1,0,0,0,0,0,1,1,1,1,1,1,1,1,1
sp12ct-zomdel-biz-pranik-lorsik.pages.dev,0,0,0,0,0,0,0,1,0,1,1,1,1,0,1,0,1
allegrolokalnie.pl-77655.top,0,0,0,0,0,0,0,1,1,0,1,1,1,1,1,1,1
allegro-lokalnie.9318928n45h54.shop,0,0,0,0,0,0,0,1,1,0,1,1,1,1,1,1,1
q-r.to,0,0,0,1,0,0,0,1,0,0,0,1,0,0,1,0,1
tax-act-net.pages.dev,0,0,0,0,0,0,0,1,0,1,1,1,1,0,1,0,1
ecsite004.top,0,0,0,0,0,0,0,0,1,0,1,1,1,1,1,1,1
l.ead.me,0,0,0,1,0,0,0,0,0,1,0,0,1,0,1,0,1
liderbci.today,0,0,0,0,0,0,0,0,1,0,1,1,1,1,1,1,1
ecsite032.top,0,0,0,0,0,0,0,0,1,0,1,1,1,1,1,1,1
l.ead.me,0,0,0,1,0,0,0,0,0,1,0,0,1,0,1,0,1
secure-page-builder--lucasas22.replit.app,0,0,0,0,0,0,0,1,0,1,1,1,1,0,1,0,1
helpsbussiness-policycenters.pages.dev,0,0,0,0,0,0,0,1,0,1,1,1,1,0,1,0,1
allegrolokalinie.pl-428541.me,0,0,1,2,0,0,0,1,0,0,0,1,1,0,1,0,1
pub-8808e94b1a5c49dbb2a2e0829ec1562b.r2.dev,0,0,1,1,0,0,0,1,0,1,1,1,1,0,1,0,1
powr.io,0,0,0,3,0,0,0,0,0,1,0,0,0,0,1,0,1
976tep2sg8.vk.com,0,0,1,1,1,0,0,0,0,1,0,1,1,0,1,0,1
netbradesco-empresas.vrfm.com.br,0,0,1,1,0,0,0,1,1,0,1,1,1,1,1,1,1
worthy-process-408774.framer.app,0,0,0,0,0,0,0,1,0,1,1,1,1,0,1,0,1
2eyd6n.share-eu1.hsforms.com,0,0,1,1,0,0,0,1,0,1,0,1,1,0,1,0,1
docs.google.com,0,0,1,4,0,0,0,0,0,1,0,1,1,0,1,0,1
l.ead.me,0,0,0,1,0,0,0,0,0,1,0,0,0,0,1,0,1
mydhl-express-dhl-login.baixingdajiudian.com,0,0,1,1,0,0,0,1,1,0,1,1,1,1,1,1,1
docs.google.com,0,0,1,5,0,0,0,0,0,1,0,1,1,0,1,0,1
q-r.to,0,0,0,1,0,0,0,1,0,0,0,1,1,0,1,0,1
wwwmaxisgiftpoints.us.cc,0,0,0,2,0,0,0,0,1,1,1,1,1,1,1,1,1
get-ledgrcdn.wixstudio.com,0,0,0,1,0,0,0,1,0,1,1,1,1,0,1,0,1
l.wl.co,0,0,0,1,1,0,0,0,0,1,0,1,1,0,1,0,1
docs.google.com,0,0,1,5,0,0,0,0,0,1,0,1,1,0,1,0,1
global68.eu.cc,0,0,0,1,0,0,0,0,0,1,0,1,1,1,1,1,1
allegro.1747964x7.sbs,0,0,0,0,0,0,0,0,1,0,1,1,1,1,1,1,1
qrco.de,0,0,0,1,0,0,0,0,0,1,1,1,1,0,1,0,1
stakekit.ghost.io,0,0,1,1,0,0,0,0,0,1,0,1,1,0,1,0,1
qrco.de,0,0,0,1,0,0,0,0,0,1,1,1,0,0,1,0,1
qrco.de,0,0,0,1,0,0,0,0,0,1,1,1,0,0,1,0,1
share.hsforms.com,0,0,1,1,0,0,0,0,0,1,0,1,1,0,1,0,1
loginacstrasbourgfrdpprofileo1cauthorize1executione1s2.weebly.com,0,0,1,0,0,0,0,0,0,1,0,1,1,0,1,0,1
ateliersdupalais.com,0,0,0,0,0,0,0,0,0,0,0,0,1,1,1,1,1
allegrolokalnie.oferta010000173839623737.shop,0,0,1,2,0,0,0,0,1,0,1,1,1,1,1,1,1
docs.google.com,0,0,1,5,0,0,0,0,0,1,0,1,1,0,1,0,1
docs.google.com,0,0,1,5,0,0,0,0,0,1,0,1,1,0,1,0,1
qrco.de,0,0,0,1,0,0,0,0,0,1,1,1,0,0,1,0,1
introduction-live.wixstudio.com,0,0,0,1,0,0,0,1,0,1,1,1,1,0,1,0,1
qrco.de,0,0,0,1,0,0,0,0,0,1,1,1,0,0,1,0,1
qrco.de,0,0,0,1,0,0,0,0,0,1,1,1,0,0,1,0,1
passagensazul.vercel.app,0,0,0,0,0,0,0,0,0,1,1,1,1,0,1,0,1
allegrolokalnie.pl-oferta37377382.sbs,0,0,0,0,0,0,0,1,1,0,1,1,1,1,1,1,1
trentino.edu.pe,0,0,0,0,0,0,0,0,0,0,1,1,1,0,1,0,1
dropbox.com,0,0,1,4,0,0,1,0,0,1,0,1,1,0,1,0,1
64923071.xyz,0,0,0,3,0,0,0,0,1,0,1,1,1,1,1,1,1
sites.google.com,0,0,1,2,0,0,0,0,0,1,0,1,0,0,1,0,1
drive-workg.com,0,0,0,1,0,0,0,1,1,0,1,1,1,1,1,1,1
ku-coin-log-in-eng.typedream.app,0,0,0,0,0,0,0,1,0,0,1,1,1,0,1,0,1
is.gd,0,0,0,1,0,0,1,0,1,1,1,1,1,1,1,1,1
q-r.to,0,0,0,1,0,0,0,1,0,0,0,1,0,0,1,0,1
2koij32.cfd,0,0,0,3,0,0,0,0,1,0,1,1,1,1,1,1,1
docs.google.com,0,0,1,5,0,0,0,0,0,1,0,1,1,0,1,0,1
serv807539.pro,0,0,0,0,0,0,0,0,0,0,1,1,1,0,1,0,1
bafkreiha2omchizlel3bp2bjhev5j4si4exvddkn5alszeuhxvzvzdhvs4.ipfs.dweb.link,0,0,1,0,0,0,0,0,1,1,1,1,1,1,1,1,1
docs.google.com,0,0,1,5,0,0,0,0,0,1,0,1,1,0,1,0,1
qrco.de,0,0,0,1,0,0,0,0,0,1,1,1,0,0,1,0,1
allegro.nmvk298523-fg23.cyou,0,0,0,0,0,0,0,1,1,0,1,1,1,1,1,1,1
allegrolokalnie.com-04918.sbs,0,0,0,0,0,0,0,1,1,0,1,1,1,1,1,1,1
q-r.to,0,0,0,1,0,0,0,1,0,0,0,1,0,0,1,0,1
bhd-validadatos.webcindario.com,0,0,0,0,0,0,0,1,1,1,1,1,1,1,1,1,1
everwlsehelpsecdesk.weebly.com,0,0,0,0,0,0,0,0,0,1,0,1,1,0,1,0,1
9938273485733485677878365.blogspot.com,0,0,0,0,0,0,1,0,0,1,1,1,1,0,1,0,1
allegro.oferta-na-lato-2026-34gjjscj.sbs,0,0,0,0,0,0,0,1,1,0,1,1,1,1,1,1,1
google.com,0,0,0,4,0,0,0,0,0,1,0,1,1,0,1,0,1
gmxdienst.weebly.com,0,0,0,0,0,0,0,0,0,1,0,1,1,0,1,0,1
mweb0nlinehaverstersculog0n.weebly.com,0,0,0,0,0,0,0,0,0,1,0,1,1,0,1,0,1
jjb-103869tuta.weeblysite.com,0,0,0,0,0,0,0,1,0,1,1,1,1,0,1,0,1
delfinoarcuri4iad.blogspot.com,0,0,0,0,0,0,1,0,0,1,1,1,1,0,1,0,1
connect-livecdn.wixstudio.com,0,0,0,1,0,0,0,1,0,1,1,1,1,0,1,0,1
8273501.fls.doubleclick.net,0,0,1,3,0,0,0,0,0,1,0,0,1,0,1,0,1
conscientious-dragon-981945.framer.app,0,0,0,0,0,0,0,1,0,1,1,1,1,0,1,0,1
bit.ly,0,0,0,1,0,0,1,0,0,1,0,1,1,0,1,0,1
btplusee.m-pages.com,0,0,0,2,0,0,0,1,0,1,0,1,1,0,1,0,1
uappsupldcdn.wixstudio.com,0,0,0,1,0,0,0,0,0,1,1,1,1,0,1,0,1
exodusswalliet.gitbook.io,0,0,0,1,0,0,0,0,0,1,0,1,1,0,1,0,1
l.ead.me,0,0,0,1,0,0,0,0,0,1,0,0,1,0,1,0,1
herculinible.web.app,0,0,0,0,0,0,0,0,0,1,1,1,1,0,1,0,1
ebro9eo.shop,0,0,0,1,0,0,0,0,0,0,1,1,1,1,1,1,1
fg2345cfy.firebaseapp.com,0,0,0,0,0,0,0,0,0,1,1,1,1,0,1,0,1
sp11ct-korsel-biz8-zemvik-farnor.pages.dev,0,0,0,0,0,0,0,1,0,1,1,1,1,0,1,0,1
apps-trzrsuite.wixstudio.com,0,0,0,1,0,0,0,1,0,1,1,1,1,0,1,0,1
hongbomedia.com,0,0,0,2,0,0,0,0,1,0,1,1,1,1,1,1,1
sites.google.com,0,0,1,3,0,0,0,0,0,1,0,1,1,0,1,0,1
qareintreoplasder.weebly.com,0,0,0,0,0,0,0,0,0,1,0,1,1,0,1,0,1
bafkreiccdjefr7law7nl5topasixeqp5fs6jfpx7tfowhwdrtia64qto64.ipfs.dweb.link,0,0,1,0,0,0,0,0,1,1,1,1,1,1,1,1,1
0wuy6e.top,0,0,0,3,0,0,0,0,1,0,1,1,1,1,1,1,1
attnshaw.weebly.com,0,0,0,0,0,0,0,0,0,1,1,1,1,0,1,0,1
webkskshchcvlvlnvmcmm45fg.weebly.com,0,0,0,0,0,0,0,0,0,1,0,1,1,0,1,0,1
allegrolokalnie.pl-883023.top,0,0,1,2,0,0,0,1,1,0,1,1,1,1,1,1,1
dicaseresultadosdalu.blogspot.com,0,0,1,0,0,0,1,0,0,1,1,1,1,0,1,0,1
capri.hub848245.pro,0,0,0,1,0,0,0,0,1,0,1,1,1,1,1,1,1
4wr2je-eb8hda-rmc7-4m7e1.pages.dev,0,0,0,0,0,0,0,1,0,1,1,1,1,0,1,0,1
homepage-ledgre.wixstudio.com,0,0,0,1,0,0,0,1,0,1,1,1,1,0,1,0,1
zvjubjsdax.web.app,0,0,0,0,0,0,0,0,0,1,1,1,1,0,1,0,1
flowcode.com,0,0,0,2,0,0,0,0,0,1,0,1,1,0,1,1,1
sdfghkjhcv.weebly.com,0,0,0,0,0,0,0,0,0,1,0,1,1,0,1,0,1
pub-dcd992e051224d49bc4d37f504eeac15.r2.dev,0,0,1,1,0,0,0,1,0,1,1,1,1,0,1,0,1
cpark.in,0,0,1,5,0,0,0,0,0,0,0,1,1,0,1,0,1
docs.google.com,0,0,1,5,0,0,0,0,0,1,0,1,1,0,1,0,1
salmon-spinosaurus-663126.framer.app,0,0,0,0,0,0,0,1,0,1,1,1,1,0,1,0,1
fgdgnsdfsgdthghrndfhghdgjdhghfhvsfhgfhsh.weebly.com,0,0,1,0,0,0,0,0,0,1,0,1,1,0,1,0,1
portalrenegocia.vercel.app,0,0,0,1,0,0,0,0,0,1,1,1,1,0,1,0,1
ipfs.best-practice.se,0,0,1,2,0,0,0,1,0,0,0,1,1,0,1,0,1
media-510.s3.us-west-1.amazonaws.com,0,1,1,1,0,0,0,1,0,1,0,0,1,0,1,0,1
ce3ss1.webwave.dev,0,0,0,0,0,0,0,0,0,0,1,1,1,0,1,0,1
allegrolokalnie.614710.cfd,0,0,0,0,0,0,0,0,1,0,1,1,1,1,1,1,1
fallsemester2025.weebly.com,0,0,0,0,0,0,0,0,0,1,0,1,1,0,1,0,1
q-r.to,0,0,0,1,0,0,0,1,0,0,0,1,1,0,1,0,1
larstore11.firebaseapp.com,0,0,0,0,0,0,0,0,0,1,1,1,1,0,1,0,1
docs.google.com,0,0,1,5,0,0,0,0,0,1,0,1,1,0,1,0,1
qrco.de,0,0,0,1,0,0,0,0,0,1,1,1,1,0,1,0,1
lively-league-349038.framer.app,0,0,0,0,0,0,0,1,0,1,1,1,1,0,1,0,1
wwhofflice.weebly.com,0,0,0,0,0,0,0,0,0,1,0,1,1,0,1,0,1
hytrdsfrg.weebly.com,0,0,0,0,0,0,0,0,0,1,0,1,1,0,1,0,1
tinyurl.com,0,0,0,1,0,0,1,0,0,1,0,1,1,0,1,0,1
docs.google.com,0,0,1,5,0,0,0,0,0,1,0,1,1,0,1,0,1
allegrolokalne.pl-943293.sbs,0,0,0,0,0,0,0,1,1,0,1,1,1,1,1,1,1
docs.google.com,0,0,1,5,0,0,0,0,0,1,0,1,1,0,1,0,1
storage.ghost.io,0,0,1,9,0,0,0,0,0,1,0,1,1,1,1,1,1
audio-message-listen3004.web.app,0,0,0,0,0,0,0,1,0,1,1,1,1,0,1,0,1
welcome-sohu-sports.com,0,0,0,1,0,0,0,1,0,0,0,1,1,1,1,1,1
yourmailaccount.edgeone.dev,0,0,0,0,0,0,0,0,0,0,1,1,1,0,1,0,1
21010010x1.weebly.com,0,0,0,0,0,0,0,0,0,1,0,1,1,0,1,0,1
thimerbrasil.com.br,0,0,1,3,0,0,0,0,0,0,0,1,1,1,1,1,1
cdsvfdvsd.weebly.com,0,0,0,0,0,0,0,0,0,1,0,1,1,0,1,0,1
tsskpk.com,0,0,0,3,0,0,0,0,0,0,0,1,1,0,1,0,1
shining-words-563346.framer.app,0,0,0,0,0,0,0,1,0,1,1,1,1,0,1,0,1
en-mexcapps.wixstudio.com,0,0,0,1,0,0,0,1,0,1,1,1,1,0,1,0,1
magalupromoativas.vercel.app,0,0,1,2,0,0,0,0,0,1,1,1,1,0,1,0,1
docs.google.com,0,0,1,5,0,0,0,0,0,1,0,1,1,0,1,0,1
docs.google.com,0,0,1,4,0,0,0,0,0,1,0,1,0,0,1,0,1
trezo-compare.framer.ai,0,0,0,0,0,0,0,1,0,0,1,1,1,0,1,0,1
hjkllop.firebaseapp.com,0,0,0,0,0,0,0,0,0,1,1,1,1,0,1,0,1
m.pge.link,0,0,1,2,0,0,0,0,0,0,0,1,0,0,1,0,1
dpdlocoyp.cyou,0,0,0,1,0,0,0,0,1,0,1,1,1,1,1,1,1
bit.ly,0,0,0,1,0,0,1,0,0,1,0,1,1,1,1,1,1
scnv.io,0,0,0,1,0,0,0,0,0,0,0,1,1,0,1,0,1
sp380679.sitebeat.crazydomains.com,0,0,0,0,0,0,0,0,0,1,0,1,1,1,1,1,1
qrco.de,0,0,0,1,0,0,0,0,0,1,1,1,1,0,1,0,1
uanl-mx.weebly.com,0,0,0,0,0,0,0,1,0,1,0,1,1,0,1,0,1
bac-oiyec.com,0,0,0,1,0,0,0,1,0,0,0,1,1,0,1,0,1
sp3ct-purnex-biz8-kelvik-sarom.pages.dev,0,0,0,0,0,0,0,1,0,1,1,1,1,0,1,0,1
pub-51f896deb233450089fc1a520e6ed957.r2.dev,0,0,1,1,0,0,0,1,0,1,1,1,1,0,1,0,1
ww.acces2675277.pro,0,0,0,1,0,0,0,0,1,0,1,1,1,1,1,1,1
verify-index-mail.weebly.com,0,0,0,0,0,0,0,1,0,1,0,1,1,0,1,0,1
gmxredriection.blogspot.com,0,0,0,0,0,0,1,0,0,1,1,1,1,0,1,0,1
startleger.wixstudio.com,0,0,0,1,0,0,0,0,0,1,1,1,1,0,1,0,1
hotm.art,0,0,0,1,0,0,0,0,0,0,0,1,1,0,1,0,1
aqpouloqik766.wpenginepowered.com,0,0,1,4,0,0,0,0,0,1,1,1,1,0,1,0,1
desktop-station.wixstudio.com,0,0,0,1,0,0,0,1,0,1,1,1,1,0,1,0,1
docs.google.com,0,0,1,5,0,0,0,0,0,1,0,1,1,0,1,0,1
dpdlocahx.shop,0,0,0,1,0,0,0,0,1,0,1,1,1,1,1,1,1
hwq1-xqc2-fg2-k053p-dwc4tj.pages.dev,0,0,0,0,0,0,0,1,0,1,1,1,1,0,1,0,1
qrco.de,0,0,0,1,0,0,0,0,0,1,1,1,1,0,1,0,1
magalupromosvips.vercel.app,0,0,1,2,0,0,0,0,0,1,1,1,1,0,1,0,1
app.promocao-resgate.digital,0,0,0,1,0,0,0,1,0,0,1,1,1,1,1,1,1
dropbox.com,0,0,1,3,0,0,1,0,0,1,0,1,1,0,1,0,1
nnfems.com,0,0,0,4,0,0,0,0,0,0,0,1,1,0,1,0,1
alokanand5438-star.github.io,0,0,0,1,0,0,0,1,0,1,1,1,1,0,1,0,1
qrco.de,0,0,0,1,0,0,0,0,0,1,1,1,0,0,1,0,1
wightmanonlineservices.weebly.com,0,0,0,0,0,0,0,0,0,1,0,1,1,0,1,0,1
docs.google.com,0,0,1,5,0,0,0,0,0,1,0,1,1,0,1,0,1
wchuai.com,0,0,0,2,0,0,0,0,1,0,1,1,1,1,1,1,1
suivre8633d.oblg463412.pro,0,0,0,0,0,0,0,0,0,0,1,1,1,0,1,0,1
ejnkj.com,0,0,0,1,0,0,0,0,0,0,0,0,1,1,1,1,1
l.ead.me,0,0,0,1,0,0,0,0,0,1,0,0,0,0,1,0,1
sites.google.com,0,0,0,3,0,0,0,0,0,1,0,1,1,0,1,0,1
q-r.to,0,0,0,1,0,0,0,1,0,0,0,1,1,0,1,0,1
workdrive.zoho.com,0,0,1,2,0,0,0,0,0,1,0,1,1,0,1,1,1
indianna-uplink.web.app,0,0,0,0,0,0,0,1,0,1,1,1,1,0,1,0,1
storage.cloud.google.com,0,1,1,2,0,0,1,0,0,1,0,1,1,0,1,0,1
info-swaphyper-com.teachable.com,0,0,0,2,0,0,0,1,0,1,0,1,1,0,1,0,1
t.co,0,0,0,1,0,0,1,0,0,1,0,1,1,0,1,0,1
allegrolokalnie.rezerwacja7862.sbs,0,0,1,3,0,0,0,0,1,0,1,1,1,1,1,1,1
infoverbindung.de,0,0,0,3,0,0,0,0,1,0,1,1,1,1,1,1,1
q-r.to,0,0,0,1,0,0,0,1,0,0,0,1,1,0,1,0,1
docs.google.com,0,0,1,4,0,0,0,0,0,1,0,1,1,0,1,0,1
us17.campaign-archive.com,0,0,1,0,0,0,0,1,0,1,0,1,1,0,1,0,1
bafkreiduborwhfnyfchc6jwfym7oxxg5caaitf4huzehktb5ht2ac5ooli.ipfs.dweb.link,0,0,1,0,0,0,0,0,1,1,1,1,1,1,1,1,1
booonoboo00150.web.app,0,0,0,0,0,0,0,0,0,1,1,1,1,0,1,0,1
sites.google.com,0,0,0,3,0,0,0,0,0,1,0,1,1,0,1,0,1
att-104408.weeblysite.com,0,0,0,0,0,0,0,1,0,1,0,1,1,0,1,0,1
allegro.pl-826262717256zamowienie7115627l782877.lat,0,0,1,0,0,0,0,1,1,0,1,1,1,1,1,1,1
docs.google.com,0,0,1,5,0,0,0,0,0,1,0,1,1,0,1,0,1
l.ead.me,0,0,0,1,0,0,0,0,0,1,0,0,0,0,1,0,1
fcalertscd.weebly.com,0,0,0,0,0,0,0,0,0,1,0,1,1,0,1,0,1
lesdessontlencepeche.firebaseapp.com,0,0,0,0,0,0,0,0,0,1,1,1,1,0,1,0,1
trialplayer.weebly.com,0,0,0,0,0,0,0,0,0,1,0,1,1,0,1,0,1
verkrs.vercel.app,0,0,0,0,0,0,0,0,0,1,1,1,1,1,1,1,1
sosodo-a9b9a.web.app,0,0,0,0,0,0,0,1,0,1,1,1,1,0,1,0,1
bradesco.pjatendimentojuridico.ink,0,0,0,1,0,0,0,0,0,0,0,1,1,0,1,0,1
aashanteen.web.app,0,0,0,0,0,0,0,0,0,1,1,1,1,0,1,0,1
routemain.firebaseapp.com,0,0,0,0,0,0,0,0,0,1,1,1,1,0,1,0,1
xn--5h5b30a7g9shrk92d.weebly.com,0,0,0,0,0,0,0,1,0,1,0,1,1,0,1,0,1
new.express.adobe.com,0,0,0,2,0,0,0,0,0,1,0,1,1,0,1,0,1
rrivok-skrez-9gl60a-tjygh-2ij349.pages.dev,0,0,0,0,0,0,0,1,0,1,1,1,1,0,1,0,1
about.me,0,0,0,1,0,0,0,0,0,1,0,1,1,0,1,0,1
docs.google.com,0,0,1,5,0,0,0,0,0,1,0,1,1,0,1,0,1
docs.google.com,0,0,1,5,0,0,0,0,0,1,0,1,1,0,1,0,1
qrco.de,0,0,0,1,0,0,0,0,0,1,1,1,1,0,1,0,1
irs-tracking.mfs.gg,0,0,0,1,0,0,0,1,0,0,1,1,1,0,1,0,1
produbnkasistent.webcindario.com,0,0,0,0,0,0,0,0,1,1,1,1,1,1,1,1,1
qr-codes.io,0,0,0,1,0,0,0,1,0,0,0,0,1,0,1,0,1
docs.google.com,0,0,1,3,0,0,0,0,0,1,0,1,1,0,1,0,1
docs.google.com,0,0,1,5,0,0,0,0,0,1,0,1,1,0,1,0,1
23891934-dammelee2304-7cljb.sitebeat.crazydomains.com,0,0,1,0,0,0,0,1,0,1,0,1,1,0,1,0,1
tap-medmobilepay.abrdns.com,0,0,1,3,0,0,0,1,1,1,1,1,1,1,1,1,1
bafkreifmhq45bacuaop3cvtsm32dgaqolt24hxq5mtuxxozvpqlmzuqsoa.ipfs.dweb.link,0,0,1,0,0,0,0,0,1,1,1,1,1,1,1,1,1
bit.ly,0,0,0,1,0,0,1,0,0,1,0,1,1,1,1,1,1
authsso.pygroup.info,0,0,1,0,0,0,0,0,0,0,1,1,1,1,1,1,1
qrco.de,0,0,0,1,0,0,0,0,0,1,1,1,0,0,1,0,1
nnfems.com,0,0,0,4,0,0,0,0,0,0,0,1,1,0,1,0,1
dpd.bvxtrpq.cfd,0,0,0,1,0,0,0,0,1,0,1,1,1,1,1,1,1
l.ead.me,0,0,0,1,0,0,0,0,0,1,0,0,0,0,1,0,1
site-agngjkc19.godaddysites.com,0,0,0,0,0,0,0,1,0,1,1,1,1,0,1,0,1
uniqueassitancesupport.firebaseapp.com,0,0,0,0,0,0,0,0,0,1,1,1,1,0,1,0,1
qrco.de,0,0,0,1,0,0,0,0,0,1,1,1,0,0,1,0,1
qrco.de,0,0,0,1,0,0,0,0,0,1,1,1,1,0,1,0,1
wap.binance-taiwan.com,0,0,0,0,0,0,0,1,0,0,0,0,1,0,1,0,1
gpcconcrete.co.nz,0,0,0,3,0,0,0,0,0,0,1,1,1,0,1,0,1
new.express.adobe.com,0,0,0,2,0,0,0,0,0,1,0,1,1,0,1,0,1
ecsite064.top,0,0,0,0,0,0,0,0,1,0,1,1,1,1,1,1,1
neartail.com,0,0,0,2,0,0,0,0,0,0,0,0,1,0,1,0,1
neopixellightsaber.co,0,0,0,3,0,0,0,0,0,0,0,1,1,0,1,0,1
primefamily-annulation.com,0,0,0,0,0,0,0,1,0,0,0,1,1,1,1,1,1
soportexdeserviciodecorreo556879.weebly.com,0,0,0,0,0,0,0,0,0,1,0,1,1,0,1,0,1
activarbancabhd.iceiy.com,0,0,0,0,0,0,0,0,0,0,0,0,1,1,1,1,1
qrco.de,0,0,0,1,0,0,0,0,0,1,1,1,0,0,1,0,1
allegro-lokalnie.939238g2387.sbs,0,0,0,0,0,0,0,1,1,0,1,1,1,1,1,1,1
q-r.to,0,0,0,1,0,0,0,1,0,0,0,1,1,0,1,0,1
pay.wiapy.com,0,0,0,1,0,0,0,0,0,0,0,0,1,0,1,0,1
dsvc6.click,0,0,1,3,0,0,0,0,1,0,1,1,1,1,1,1,1
l.ead.me,0,0,0,1,0,0,0,0,0,1,0,0,0,0,1,0,1
docs.google.com,0,0,1,5,0,0,0,0,0,1,0,1,1,0,1,0,1
setupellipal.com,0,0,0,0,0,0,0,0,1,0,1,1,1,1,1,1,1
netinsejfweb.weebly.com,0,0,0,0,0,0,0,0,0,1,0,1,1,0,1,0,1
qrco.de,0,0,0,1,0,0,0,0,0,1,1,1,0,0,1,0,1
5mp.eu,0,0,1,3,0,0,0,0,0,0,1,1,1,1,1,1,1
l.ead.me,0,0,0,1,0,0,0,0,0,1,0,0,0,0,1,0,1
suiteapps-page.wixstudio.com,0,0,0,1,0,0,0,1,0,1,1,1,1,0,1,0,1
actual348bhd49.yzz.me,0,0,0,0,0,0,0,0,0,0,0,1,1,1,1,1,1
bradesco.netempresa-acesso.com,0,0,0,0,0,0,0,1,1,0,1,1,1,1,1,1,1
gallusi.com,0,0,0,1,0,0,0,0,0,0,0,1,1,0,1,0,1
sing-w-w.webcindario.com,0,0,0,0,0,0,0,1,1,1,1,1,1,1,1,1,1
edavki-8a186.web.app,0,0,0,0,0,0,0,1,0,1,1,1,1,0,1,0,1
sites.google.com,0,0,1,3,0,0,0,0,0,1,0,1,1,0,1,0,1
bafkreictu32prpn4xzclqtfslriq2gxl5mg6v34eyer6d745jxgnq5sorm.ipfs.dweb.link,0,0,1,0,0,0,0,0,1,1,1,1,1,1,1,1,1
allegrolokalnie.lokalna-029481.sbs,0,0,0,0,0,0,0,1,1,0,1,1,1,1,1,1,1
go-to-links.web.app,0,0,1,0,0,0,0,1,0,1,1,1,1,0,1,0,1
bit.ly,0,0,0,1,0,0,1,0,0,1,0,1,1,1,1,1,1
qrco.de,0,0,0,1,0,0,0,0,0,1,1,1,1,0,1,0,1
bridge-trezrapps.wixstudio.com,0,0,0,1,0,0,0,1,0,1,1,1,1,0,1,0,1
aecmanagement120.top,0,0,0,0,0,0,0,0,1,0,1,1,1,1,1,1,1
allegrolokalnie.632354fg.top,0,0,0,0,0,0,0,0,1,0,1,1,1,1,1,1,1
andhghtyjdf.web.app,0,0,0,0,0,0,0,0,0,1,1,1,1,0,1,0,1
allegro-lokalnie.3092398s00.shop,0,0,0,0,0,0,0,1,1,0,1,1,1,1,1,1,1
bit.ly,0,0,0,1,0,0,1,0,0,1,0,1,1,0,1,0,1
qrco.de,0,0,0,1,0,0,0,0,0,1,1,1,0,0,1,0,1
login.banbenx.com,0,0,0,0,0,0,1,0,1,0,1,1,1,1,1,1,1
bit.ly,0,0,0,1,0,0,1,0,0,1,0,1,1,0,1,0,1
sites.google.com,0,0,0,3,0,0,0,0,0,1,0,1,1,0,1,0,1
login-trezor-io-start-faq.typedream.app,0,0,0,0,0,0,0,1,0,0,1,1,1,0,1,0,1
inboxlist.wixsite.com,0,0,0,1,0,0,0,0,0,1,1,1,1,0,1,0,1
l.ead.me,0,0,0,1,0,0,0,0,0,1,0,0,0,0,1,0,1
lp-apne1-3pk5xpkx.s3.ap-northeast-1.amazonaws.com,0,0,1,1,0,0,0,1,0,1,0,0,1,0,1,0,1
qrco.de,0,0,0,1,0,0,0,0,0,1,1,1,0,0,1,0,1
en-ledgrcdn.wixstudio.com,0,0,0,1,0,0,0,1,0,1,1,1,1,0,1,0,1
allegro.pl-444732.sbs,0,0,0,0,0,0,0,1,1,0,1,1,1,1,1,1,1
docs.google.com,0,0,1,4,0,0,0,0,0,1,0,1,1,0,1,0,1
apps-jupiter-cd.wixstudio.com,0,0,0,1,0,0,0,1,0,1,1,1,1,0,1,0,1
l.ead.me,0,0,0,1,0,0,0,0,0,1,0,0,0,0,1,0,1
xmksjxsb.com,0,0,0,2,0,0,0,0,0,0,0,0,1,1,1,1,1
qr-codes.io,0,0,0,1,0,0,0,1,0,0,0,0,1,0,1,0,1
vormela-gld-zentora-c6t4dc91.pages.dev,0,0,0,0,0,0,0,1,0,1,1,1,1,0,1,0,1
metasupport-businesscenter.pages.dev,0,0,0,0,0,0,0,1,0,1,1,1,1,0,1,0,1
xelzora-gld-zentora-r6t1fc39.pages.dev,0,0,0,0,0,0,0,1,0,1,1,1,1,0,1,0,1
bradesco.sistemajuridico.info,0,0,0,0,0,0,0,0,1,0,1,1,1,1,1,1,1
td.sspc.one,0,0,0,1,0,0,0,0,1,0,1,1,1,1,1,1,1
abai.eco.br,0,0,0,3,0,0,0,0,0,0,0,1,1,0,1,0,1
docs.google.com,0,0,1,5,0,0,0,0,0,1,0,1,1,0,1,0,1
qrco.de,0,0,0,1,0,0,0,0,0,1,1,1,1,0,1,0,1
formulario-registro-gestion-2026-aklm.cr-web.workers.dev,0,0,1,0,0,0,0,1,0,1,1,1,1,0,1,0,1
docs.google.com,0,0,1,5,0,0,0,0,0,1,0,1,1,0,1,0,1
q-r.to,0,0,0,1,0,0,0,1,0,0,0,1,1,0,1,0,1
88826345201924176473.weebly.com,0,0,0,0,0,0,0,0,0,1,0,1,1,0,1,0,1
klelnanzeigen-deutch.k20cvb.space,0,0,1,3,0,0,0,1,1,0,1,1,1,1,1,1,1
frgrgjfeijfegrfeifei.cfolks.pl,0,0,0,2,0,0,0,0,0,0,1,1,1,1,1,1,1
qrco.de,0,0,0,1,0,0,0,0,0,1,1,1,0,0,1,0,1
jubilant-companies-963249.framer.app,0,0,0,0,0,0,0,1,0,1,1,1,1,0,1,0,1
qrco.de,0,0,0,1,0,0,0,0,0,1,1,1,1,0,1,0,1
l.ead.me,0,0,0,1,0,0,0,0,0,1,0,0,0,0,1,0,1
did.li,0,0,0,1,0,0,0,0,0,0,1,1,1,0,1,0,1
ww.ce2661.pro,0,0,0,0,0,0,0,0,0,0,1,1,0,0,1,0,1
qunmiw.com,0,0,0,1,0,0,0,0,0,0,0,1,1,1,1,1,1
hdcyfws.com,0,0,0,1,0,0,0,0,0,0,0,1,1,0,1,0,1
derviayudademon-ormd.onrender.com,0,0,0,0,0,0,0,1,0,1,1,1,1,0,1,0,1
l.ead.me,0,0,0,1,0,0,0,0,0,1,0,0,1,0,1,0,1
l.ead.me,0,0,0,1,0,0,0,0,0,1,0,0,0,0,1,0,1
erenobnp.web.app,0,0,0,0,0,0,0,0,0,1,1,1,1,0,1,0,1
docs.google.com,0,0,1,5,0,0,0,0,0,1,0,1,1,0,1,0,1
login.tanlgc.cn,0,0,0,1,0,0,0,0,1,0,1,1,1,1,1,1,1
banca.bacconecta.help,0,0,0,1,0,0,0,0,0,0,0,1,1,1,1,1,1
d2ovgp.casa,0,0,1,3,0,0,0,0,1,0,1,1,1,1,1,1,1
dfgrd3b92.ukit.me,0,0,0,0,0,0,0,0,0,0,0,0,1,0,1,0,1
et.peuioy.com,0,0,0,0,0,0,0,0,1,0,1,1,1,1,1,1,1
4456499.weebly.com,0,0,0,0,0,0,0,0,0,1,0,1,1,0,1,0,1
bk.mufg.jp,0,0,0,0,0,0,0,0,0,1,0,0,0,0,1,0,1
kleinanzeigen.23699327.net,0,0,0,1,0,0,0,0,1,0,1,1,1,1,1,1,1
dropbox.com,0,0,1,4,0,0,1,0,0,1,0,1,1,0,1,0,1
startapps-ledgro.wixstudio.com,0,0,0,1,0,0,0,1,0,1,1,1,1,0,1,0,1
allegro.pl-0i1.shop,0,0,0,0,0,0,0,1,1,0,1,1,1,1,1,1,1
surveyheart.com,0,0,0,2,0,0,1,0,0,0,0,1,1,0,1,0,1
qrco.de,0,0,0,1,0,0,0,0,0,1,1,1,0,0,1,0,1
l.ead.me,0,0,0,1,0,0,0,0,0,1,0,0,0,0,1,0,1
nnfems.com,0,0,0,4,0,0,0,0,0,0,0,1,1,0,1,0,1
allegrolokalne.pl-3065921.click,0,0,0,0,0,0,0,1,1,0,1,1,1,1,1,1,1
sp3ct-borvik-biz8-hesnar-qifel.pages.dev,0,0,0,0,0,0,0,1,0,1,1,1,1,0,1,0,1
docs.google.com,0,0,1,5,0,0,0,0,0,1,0,1,1,0,1,0,1
allegroseafoodgrill.com,0,0,0,0,0,0,0,0,0,0,0,1,0,0,1,0,1
l.ead.me,0,0,0,1,0,0,0,0,0,1,0,0,1,0,1,0,1
flacka.pb3.duckdns.org,0,0,0,0,0,0,0,0,0,1,1,1,1,1,1,1,1
qrco.de,0,0,1,1,0,0,0,0,0,1,1,1,1,0,1,0,1
campsite.bio,0,0,0,1,0,0,0,0,0,1,1,1,1,0,1,0,1
udtyqelksf7yuqehwsf-qyasigkvawejds78932wehn.teemill.com,0,0,1,0,0,0,0,1,0,1,0,1,1,0,1,0,1
a7b4x.sbs,0,0,0,2,0,0,0,0,1,0,1,1,1,1,1,1,1
online-novobanco.com,0,0,0,0,0,0,0,1,1,0,1,1,1,1,1,1,1
sns73.weebly.com,0,0,0,0,0,0,0,0,0,1,0,1,1,0,1,0,1
allegrolokalnie.lokalna0340-902.shop,0,0,0,0,0,0,0,1,1,0,1,1,1,1,1,1,1
austroactualiza.webcindario.com,0,0,0,0,0,0,0,0,1,1,1,1,1,1,1,1,1
magiceden.com,0,0,0,0,0,0,0,0,0,0,0,0,1,0,1,0,1
aacreditvnlon-onllne.top,0,0,1,0,0,0,0,1,1,0,1,1,1,1,1,1,1
docs.google.com,0,0,1,4,0,0,0,0,0,1,0,1,1,0,1,0,1
docs.google.com,0,0,1,5,0,0,0,0,0,1,0,1,1,0,1,0,1
vvy-66n5c-33dhi-4re-dascez.pages.dev,0,0,0,0,0,0,0,1,0,1,1,1,1,0,1,0,1
commerzb.sicherheitsdienst.help,0,0,0,1,0,0,0,0,1,0,1,1,1,1,1,1,1
qrco.de,0,0,0,1,0,0,0,0,0,1,1,1,0,0,1,0,1
bit.ly,0,0,0,1,0,0,1,0,0,1,0,1,1,0,1,0,1
rapidousario-configurararsys.blogspot.com,0,0,0,0,0,0,1,1,0,1,1,1,1,0,1,0,1
powr.io,0,0,0,3,0,0,0,0,0,1,0,0,1,0,1,0,1
l.wl.co,0,0,1,1,1,0,0,0,0,1,0,1,1,0,1,0,1
qrco.de,0,0,0,1,0,0,0,0,0,1,1,1,0,0,1,0,1
docs.google.com,0,0,1,5,0,0,0,0,0,1,0,1,1,0,1,0,1
test-namecheap.pages.dev,0,0,0,0,0,0,0,1,0,1,1,1,1,0,1,0,1
bit.ly,0,0,0,1,0,0,1,0,0,1,0,1,1,0,1,0,1
msn23.weebly.com,0,0,0,0,0,0,0,0,0,1,0,1,1,0,1,0,1
qrco.de,0,0,0,1,0,0,0,0,0,1,1,1,1,0,1,0,1
qrco.de,0,0,0,1,0,0,0,0,0,1,1,1,0,0,1,0,1
meilaing.ecoleinarcinoreisemax.com,0,0,0,0,0,0,1,0,0,0,0,1,1,1,1,1,1
secure-site-maker--castlevaleservi.replit.app,0,0,1,0,0,0,0,1,0,1,1,1,1,0,1,0,1
new.express.adobe.com,0,0,0,2,0,0,0,0,0,1,0,1,1,0,1,0,1
yetisportbar.com,0,0,1,1,0,0,0,0,0,0,0,0,1,1,1,1,1
djdjdjdjdjdjdjjdjdjdjdjdjjddjdkhkjhk.weebly.com,0,0,1,0,0,0,0,0,0,1,0,1,1,0,1,0,1
l.ead.me,0,0,0,1,0,0,0,0,0,1,0,0,1,0,1,0,1
qrco.de,0,0,0,1,0,0,0,0,0,1,1,1,0,0,1,0,1
infoverbindung.de,0,0,0,3,0,0,0,0,1,0,1,1,1,1,1,1,1
chirsfei.com,0,0,0,0,0,0,0,0,0,0,0,1,1,0,1,0,1
qrco.de,0,0,0,1,0,0,0,0,0,1,1,1,0,0,1,0,1
edavki-8a186.firebaseapp.com,0,0,0,0,0,0,0,1,0,1,1,1,1,0,1,0,1
eu.jotform.com,0,0,0,2,0,0,0,0,0,1,0,1,1,0,1,0,1
docs.google.com,0,0,1,5,0,0,0,0,0,1,0,1,1,0,1,0,1
allegro.293743038596.click,0,0,0,0,0,0,0,0,1,0,1,1,1,1,1,1,1
fffalleba17cnst.webcindario.com,0,0,0,0,0,0,0,0,1,1,1,1,1,1,1,1,1
qrco.de,0,0,0,1,0,0,0,0,0,1,1,1,1,0,1,0,1
cutly.in,0,0,0,1,0,0,0,0,0,0,0,0,1,0,1,0,1
l.wl.co,0,0,0,1,1,0,0,0,0,1,0,1,1,0,1,0,1
assault-fire-free-guns-and-avatars-2016.weebly.com,0,0,1,0,0,0,0,1,0,1,0,1,1,0,1,0,1
fi-delitly.cyou,0,0,0,0,0,0,0,1,1,0,1,1,1,1,1,1,1
m9ylrfb11.ukit.me,0,0,0,0,0,0,0,0,0,0,0,0,1,0,1,0,1
l.ead.me,0,0,0,1,0,0,0,0,0,1,0,0,1,0,1,0,1
docs.google.com,0,0,1,5,0,0,0,0,0,1,0,1,1,0,1,0,1
forms.visme.co,0,0,1,2,0,0,0,0,0,1,0,1,1,0,1,0,1
allegrolokalnie.pl-oferta6362782.click,0,0,0,0,0,0,0,1,1,0,1,1,1,1,1,1,1
q-r.to,0,0,0,1,0,0,0,1,0,0,0,1,0,0,1,0,1
home-liveapp-ledgors.wixstudio.com,0,0,0,1,0,0,0,1,0,1,1,1,1,0,1,0,1
sites.google.com,0,0,0,3,0,0,0,0,0,1,0,1,1,0,1,0,1
lidenoiwnwa.clan.rip,0,0,0,1,0,0,0,0,0,0,1,1,1,0,1,0,1
allegrolokalnie.pl-83925.sbs,0,0,1,2,0,0,0,1,1,0,1,1,1,1,1,1,1
renouvellementinfo.com,0,0,0,0,0,0,0,0,0,0,0,0,1,1,1,1,1
pub-b4b9b49baf264e868a8509a342d18251.r2.dev,0,0,1,1,0,0,0,1,0,1,1,1,1,0,1,0,1
zixombra1.weebly.com,0,0,0,0,0,0,0,0,0,1,0,1,1,0,1,0,1
boc-update.web.app,0,0,0,0,0,0,0,1,0,1,1,1,1,0,1,0,1
qrco.de,0,0,0,1,0,0,0,0,0,1,1,1,0,0,1,0,1
lyncdiscover.pb3.duckdns.org,0,0,0,0,0,0,0,0,0,1,1,1,1,1,1,1,1
bafkreiglic53vb6la5h7zesx5o7pppr2dittisdarjzmsaegzeu6zhokhe.ipfs.dweb.link,0,0,1,0,0,0,0,0,1,1,1,1,1,1,1,1,1
l.ead.me,0,0,0,1,0,0,0,0,0,1,0,0,1,0,1,0,1
l.ead.me,0,0,0,1,0,0,0,0,0,1,0,0,0,0,1,0,1
dorquna-gld-markeli-a7x4hk28.pages.dev,0,0,0,0,0,0,0,1,0,1,1,1,1,0,1,0,1
constitutions.albasio.eu,0,0,1,4,0,0,0,0,0,0,1,1,1,0,1,0,1
mail.soarcondicionado.com,0,0,0,0,0,0,0,0,0,0,0,1,1,0,1,0,1
qrco.de,0,0,0,1,0,0,0,0,0,1,1,1,0,0,1,0,1
vermontvalid.ukit.me,0,0,0,0,0,0,0,0,0,0,0,0,1,0,1,0,1
sp992122.sitebeat.crazydomains.com,0,0,0,0,0,0,0,0,0,1,0,1,1,1,1,1,1
sp19ct7-lorem-biz-vurek-fadis.pages.dev,0,0,0,0,0,0,0,1,0,1,1,1,1,0,1,0,1
mtcfiber.weebly.com,0,0,0,0,0,0,0,0,0,1,0,1,1,0,1,0,1
noumeabourali00120.web.app,0,0,0,0,0,0,0,0,0,1,1,1,1,0,1,0,1
bradesco.appempresa.live,0,0,0,1,0,0,0,0,0,0,1,1,1,0,1,0,1
docs.google.com,0,0,1,5,0,0,0,0,0,1,0,1,1,0,1,0,1
app.jotform.com,0,0,0,1,0,0,0,0,0,1,0,1,1,0,1,0,1
allegro.23912898h54.baby,0,0,0,0,0,0,0,0,1,0,1,1,1,1,1,1,1
xcvxcvxcvxc234234234nmvb.pages.dev,0,0,0,0,0,0,0,0,0,1,1,1,1,0,1,0,1
new.express.adobe.com,0,0,0,2,0,0,0,0,0,1,0,1,1,0,1,0,1
mwttn.weebly.com,0,0,0,0,0,0,0,0,0,1,0,1,1,0,1,0,1
uniklinkum-dresden.weebly.com,0,0,0,0,0,0,0,1,0,1,0,1,1,0,1,0,1
flowcode.com,0,0,0,2,0,0,0,0,0,1,0,1,1,0,1,1,1
ca.votre-espace-clients.com,0,0,0,0,0,0,0,1,1,0,1,1,1,1,1,1,1
sebvisom.com,0,0,0,1,0,0,0,0,1,0,1,1,1,1,1,1,1
itau-landing.vercel.app,0,0,0,0,0,0,0,1,0,1,1,1,1,0,1,0,1
docs.google.com,0,0,1,4,0,0,0,0,0,1,0,1,1,0,1,0,1
allegrolokalne.pl-79304912.click,0,0,0,0,0,0,0,1,1,0,1,1,1,1,1,1,1
l.ead.me,0,0,0,1,0,0,0,0,0,1,0,0,0,0,1,0,1
l.wl.co,0,0,0,1,1,0,0,0,0,1,0,1,1,0,1,0,1
qrco.de,0,0,0,1,0,0,0,0,0,1,1,1,0,0,1,0,1
allegrolokalnie.7758199123.lat,0,0,1,2,0,0,0,0,1,0,1,1,1,1,1,1,1
klantendienstics.web.app,0,0,0,0,0,0,0,0,0,1,1,1,1,0,1,0,1
notuoeojhzejjue.blogspot.com,0,0,0,0,0,0,1,0,0,1,1,1,1,0,1,0,1
q-r.to,0,0,0,1,0,0,0,1,0,0,0,1,1,0,1,0,1
jak127.org,0,0,0,2,0,0,0,0,0,0,0,0,1,0,1,0,1
qrco.de,0,0,0,1,0,0,0,0,0,1,1,1,0,0,1,0,1
docs.google.com,0,0,1,5,0,0,0,0,0,1,0,1,1,0,1,0,1
btinternetertytu-107698.weeblysite.com,0,0,0,0,0,0,0,1,0,1,0,1,1,0,1,0,1
allegro.343984y398h.bond,0,0,0,0,0,0,0,0,1,0,1,1,1,1,1,1,1
rushrmoore.weebly.com,0,0,0,0,0,0,0,0,0,1,0,1,1,0,1,0,1
docs.google.com,0,0,1,5,0,0,0,0,0,1,0,1,1,0,1,0,1
allegrolokalnie.oferta90695401.shop,0,0,0,0,0,0,0,0,1,0,1,1,1,1,1,1,1
wsparciegrazyny.online,0,0,1,2,0,0,0,0,1,0,1,1,1,1,1,1,1
case1000423621661.firebaseapp.com,0,0,0,0,0,0,0,0,0,1,1,1,1,0,1,0,1
reactivation-digitale.com,0,0,0,0,0,0,0,1,1,0,1,1,1,1,1,1,1
appstart-suit-trexor.wixstudio.com,0,0,0,1,0,0,0,1,0,1,1,1,1,0,1,0,1
qrco.de,0,0,0,1,0,0,0,0,0,1,1,1,0,0,1,0,1
resgateonline-livelo.com,0,0,1,1,0,0,0,1,0,0,0,0,1,0,1,0,1
actvebnpapp.firebaseapp.com,0,0,0,0,0,0,0,0,0,1,1,1,1,0,1,0,1
ledgzercomstrat.gitbook.io,0,0,0,1,0,0,0,0,0,1,0,1,1,0,1,0,1
klelnanzeigen-deutch.wdyxgz.com,0,0,1,1,0,0,0,1,1,0,1,1,1,1,1,1,1
l.ead.me,0,0,0,1,0,0,0,0,0,1,0,0,0,0,1,0,1
globalrepresentaciones.com,0,0,1,4,0,0,0,0,0,0,0,0,1,0,1,0,1
qrco.de,0,0,0,1,0,0,0,0,0,1,1,1,0,0,1,0,1
c3c-hdhjs.vercel.app,0,0,0,0,0,0,0,1,0,1,1,1,1,0,1,0,1
mensajedevoz.weebly.com,0,0,0,0,0,0,0,0,0,1,0,1,1,0,1,0,1
cmi-clt.firebaseapp.com,0,0,0,0,0,0,0,1,0,1,1,1,1,0,1,0,1
ln.run,0,0,0,1,0,0,0,0,0,1,1,1,1,0,1,0,1
cancelcardiffbahora.vercel.app,0,0,0,0,0,0,0,0,0,1,1,1,1,0,1,0,1
49.51.43.12,1,0,1,3,1,0,0,0,0,0,1,1,1,0,1,0,1
miniaturetitans.com,0,0,0,1,0,0,0,0,0,0,0,0,1,0,1,0,1
adminsignaturepress1245432.weebly.com,0,0,0,0,0,0,0,0,0,1,0,1,1,0,1,0,1
bt-105274.weeblysite.com,0,0,0,0,0,0,0,1,0,1,0,1,1,0,1,0,1
qrco.de,0,0,0,1,0,0,0,0,0,1,1,1,1,0,1,0,1
jsdfchkdsds.weebly.com,0,0,0,0,0,0,0,0,0,1,0,1,1,0,1,0,1
qrco.de,0,0,0,1,0,0,0,0,0,1,1,1,0,0,1,0,1
starts-ledgrlive.wixstudio.com,0,0,0,1,0,0,0,1,0,1,1,1,1,0,1,0,1
ruggedshells.com,0,0,1,0,0,0,0,0,1,0,1,1,1,1,1,1,1
metatrextch.gitbook.io,0,0,0,1,0,0,0,0,0,1,0,1,1,0,1,0,1
rijksond.payywero.com.es,0,0,0,0,0,0,0,0,0,0,1,1,1,1,1,1,1
codigosestimativas.pt,0,0,0,0,0,0,0,0,0,0,1,1,1,0,1,0,1
faktenreport.click,0,0,1,3,0,0,0,0,0,0,0,1,1,0,1,0,1
ecoformacao.com,0,0,1,1,0,0,0,0,0,0,0,0,0,0,1,0,1
timiloa.weebly.com,0,0,0,0,0,0,0,0,0,1,0,1,1,0,1,0,1
dropbox.com,0,0,1,4,0,0,1,0,0,1,0,1,1,0,1,0,1
pub-4b872896122147a2bd9f55937cdcf892.r2.dev,0,0,1,1,0,0,0,1,0,1,1,1,1,0,1,0,1
qrco.de,0,0,0,1,0,0,0,0,0,1,1,1,0,0,1,0,1
bit.ly,0,0,0,1,0,0,1,0,0,1,0,1,1,0,1,0,1
qrco.de,0,0,0,1,0,0,0,0,0,1,1,1,0,0,1,0,1
sp11ct-movrek-biz8-sarnel-tolvik.pages.dev,0,0,0,0,0,0,0,1,0,1,1,1,1,0,1,0,1
sp11ct-dravik-biz8-korzen-lunfar.pages.dev,0,0,0,0,0,0,0,1,0,1,1,1,1,0,1,0,1
homexfinitymail.weebly.com,0,0,0,0,0,0,0,0,0,1,0,1,1,0,1,0,1
certcodeinfo-lbp.com,0,0,0,0,0,0,0,1,1,0,1,1,1,1,1,1,1
z9vgtm.cfd,0,0,1,3,0,0,0,0,1,0,1,1,1,1,1,1,1
obedient-minimalist-201912.framer.app,0,0,0,0,0,0,0,1,0,1,1,1,1,0,1,0,1
sites.google.com,0,0,0,3,0,0,0,0,0,1,0,1,1,0,1,0,1
citizens4-online.web.app,0,0,0,0,0,0,0,1,0,1,1,1,1,0,1,0,1
startiio.framer.media,0,0,0,1,0,0,0,0,0,0,1,1,1,0,1,0,1
qrco.de,0,0,0,1,0,0,0,0,0,1,1,1,0,0,1,0,1
pub-b72cd462909d46f0a9b08afad77e852f.r2.dev,0,1,1,1,0,0,0,1,0,1,1,1,1,0,1,0,1
citizens-3service.firebaseapp.com,0,0,0,0,0,0,0,1,0,1,1,1,1,0,1,0,1
zh-okx-apps.com,0,0,0,0,0,0,0,1,1,0,1,1,1,1,1,1,1
l.ead.me,0,0,0,1,0,0,0,0,0,1,0,0,0,0,1,0,1
q-r.to,0,0,0,1,0,0,0,1,0,0,0,1,0,0,1,0,1
airbnb-1869ae.webflow.io,0,0,0,0,0,0,0,1,0,1,1,1,1,0,1,0,1
sp12ct-prandik-biz-zorsel-kemdor.pages.dev,0,0,0,0,0,0,0,1,0,1,1,1,1,0,1,0,1
docs.google.com,0,0,1,5,0,0,0,0,0,1,0,1,1,0,1,0,1
ameli-assurances-sante.com,0,0,0,0,0,0,0,1,0,0,0,1,1,0,1,0,1
share-eu1.hsforms.com,0,0,1,1,0,0,0,1,0,1,0,1,1,0,1,0,1
malabs.com,0,0,0,1,0,0,0,0,0,0,0,1,1,0,1,0,1
4uh8e93.skin,0,0,0,3,0,0,0,0,1,0,1,1,1,1,1,1,1
docs.google.com,0,0,1,4,0,0,0,0,0,1,0,1,1,0,1,0,1
l.wl.co,0,0,0,1,1,0,0,0,0,1,0,1,1,0,1,0,1
homepage-ldgercdn.wixstudio.com,0,0,0,1,0,0,0,1,0,1,1,1,1,0,1,0,1
hzccgs.com,0,0,0,1,0,0,0,0,1,0,1,1,1,1,1,1,1
l.ead.me,0,0,0,1,0,0,0,0,0,1,0,0,0,0,1,0,1
docs.google.com,0,0,1,5,0,0,0,0,0,1,0,1,1,0,1,0,1
production-videostore.com,0,0,0,1,0,0,0,1,1,0,1,1,1,1,1,1,1
bhd2026loginlia001.weebly.com,0,0,0,0,0,0,0,0,0,1,0,1,1,0,1,0,1
docs.google.com,0,0,1,5,0,0,0,0,0,1,0,1,1,0,1,0,1
l.ead.me,0,0,0,1,0,0,0,0,0,1,0,0,0,0,1,0,1
nnfems.com,0,0,0,4,0,0,0,0,0,0,0,1,1,0,1,0,1
mailverificationteamupdateteam.weebly.com,0,0,0,0,0,0,0,0,0,1,0,1,1,0,1,0,1
recttfibg.firebaseapp.com,0,0,0,0,0,0,0,0,0,1,1,1,1,0,1,0,1
crlzaq.webwave.dev,0,0,0,0,1,0,0,0,0,0,1,1,1,0,1,0,1
en-coiin-square-cloud.square.site,0,0,0,0,0,0,0,1,0,1,0,1,1,0,1,0,1
clavor-skolt-3c82ac-srkt-brendal.pages.dev,0,0,0,0,0,0,0,1,0,1,1,1,1,0,1,0,1
maps.google.co.kr,0,0,1,1,1,0,0,0,0,0,0,1,1,0,1,0,1
pub-9c2736081de046e4b6a9f5a9433d37c3.r2.dev,0,0,1,1,0,0,0,1,0,1,1,1,1,0,1,0,1
docs.google.com,0,0,1,5,0,0,0,0,0,1,0,1,1,0,1,0,1
q-r.to,0,0,0,1,0,0,0,1,0,0,0,1,0,0,1,0,1
templat65sldh.myfreesites.net,0,0,0,0,0,0,0,0,0,0,0,1,1,0,1,0,1
us7.campaign-archive.com,0,0,1,0,0,0,0,1,0,1,0,1,1,0,1,0,1
qrco.de,0,0,0,1,0,0,0,0,0,1,1,1,1,0,1,0,1
att-user-y6fhvrerdgdgd4s.boxmode.io,0,0,0,0,0,0,0,1,0,0,0,1,1,0,1,0,1
toll-2d8.firebaseapp.com,0,0,0,0,0,0,0,1,0,1,1,1,1,0,1,0,1
medkounarda.firebaseapp.com,0,0,0,0,0,0,0,0,0,1,1,1,1,0,1,0,1
l.ead.me,0,0,0,1,0,0,0,0,0,1,0,0,1,0,1,0,1
docs.google.com,0,0,1,5,0,0,0,0,0,1,0,1,1,0,1,0,1
gmx-office21047592pqwb.weebly.com,0,0,0,0,0,0,0,1,0,1,0,1,1,0,1,0,1
docs.google.com,0,0,1,5,0,0,0,0,0,1,0,1,1,0,1,0,1
yaoohooen.com,0,0,0,2,0,0,0,0,1,0,1,1,1,1,1,1,1
m.kmle.co.kr,0,0,1,1,0,0,0,0,0,0,0,1,1,0,1,0,1
ymzk.shop,0,0,0,1,0,0,0,0,0,0,1,1,1,1,1,1,1
pub-fdb56b6d24aa44fb8c3543dda1edab15.r2.dev,0,0,1,1,0,0,0,1,0,1,1,1,1,0,1,0,1
allegrolokalnie.ofeta-1413.sbs,0,0,0,0,0,0,0,1,1,0,1,1,1,1,1,1,1
antaifr98qs46d5312456879.blogspot.com,0,0,0,0,0,0,1,0,0,1,1,1,1,0,1,0,1
sp11ct-zavdok-biz8-pralor-kesvik.pages.dev,0,0,0,0,0,0,0,1,0,1,1,1,1,0,1,0,1
l.ead.me,0,0,0,1,0,0,0,0,0,1,0,0,1,0,1,0,1
tda2-9n9kv-a9q3-02ndsp-ohzc.pages.dev,0,0,0,0,0,0,0,1,0,1,1,1,1,0,1,0,1
qrco.de,0,0,0,1,0,0,0,0,0,1,1,1,0,0,1,0,1
allegro.00421.study,0,0,0,0,0,0,0,0,1,0,1,1,1,1,1,1,1
conctso2.firebaseapp.com,0,0,0,0,0,0,0,0,0,1,1,1,1,0,1,0,1
roundcubeinstemresin.weebly.com,0,0,0,0,0,0,0,0,0,1,0,1,1,0,1,0,1
docs.google.com,0,0,1,4,0,0,0,0,0,1,0,1,1,0,1,0,1
l.ead.me,0,0,0,1,0,0,0,0,0,1,0,0,0,0,1,0,1
qrco.de,0,0,0,1,0,0,0,0,0,1,1,1,0,0,1,0,1
bafkreidpjfnryqk3cnzlvf3cuelz6cu2hf5ggwxvuehve5ssjg5oiiytwi.ipfs.dweb.link,0,0,1,0,0,0,0,0,1,1,1,1,1,1,1,1,1
quiet-mind-597576.framer.app,0,0,0,0,0,0,0,1,0,1,1,1,1,0,1,0,1
l.ead.me,0,0,0,1,0,0,0,0,0,1,0,0,0,0,1,0,1
xn--9i1bu1tbpd0qfrvd.weebly.com,0,0,0,0,0,0,0,1,0,1,0,1,1,0,1,0,1
plum-fox-137616.framer.app,0,0,0,0,0,0,0,1,0,1,1,1,1,0,1,0,1
q-r.to,0,0,0,1,0,0,0,1,0,0,0,1,1,0,1,0,1
qrco.de,0,0,0,1,0,0,0,0,0,1,1,1,1,0,1,0,1
q-r.to,0,0,0,1,0,0,0,1,0,0,0,1,0,0,1,0,1
sites.google.com,0,0,1,3,0,0,0,0,0,1,0,1,1,0,1,0,1
eu.jotform.com,0,0,0,2,0,0,0,0,0,1,0,1,1,0,1,0,1
tinu.be,0,0,0,1,0,0,0,0,0,0,1,1,1,0,1,0,1
qrco.de,0,0,0,1,0,0,0,0,0,1,1,1,0,0,1,0,1
powr.io,0,0,0,3,0,0,0,0,0,1,0,0,1,0,1,0,1
sites.google.com,0,0,0,3,0,0,0,0,0,1,0,1,1,0,1,0,1
docs.google.com,0,0,1,4,0,0,0,0,0,1,0,1,1,0,1,0,1
apothecheck.weebly.com,0,0,0,0,0,0,0,0,0,1,0,1,1,0,1,0,1
loginaccorleanstoursfridpprofleoidcauthorizeexecutione1s2ds.weebly.com,0,0,1,0,0,0,0,0,0,1,0,1,1,0,1,0,1
auth.com-web.net,0,0,1,1,0,0,0,1,0,0,0,1,1,0,1,0,1
sparkass-sidcheck8.web.app,0,0,0,0,0,0,0,1,0,1,1,1,1,0,1,0,1
lahmw.com,0,0,0,2,0,0,0,0,1,0,1,1,1,1,1,1,1
allegro.8549431021-g4.shop,0,0,0,0,0,0,0,1,1,0,1,1,1,1,1,1,1
baselaning.weebly.com,0,0,0,0,0,0,0,0,0,1,0,1,1,0,1,0,1
banvenez.blob.core.windows.net,0,0,1,2,0,0,0,0,0,1,0,1,1,0,1,0,1
pub-ef274459d10949fd97210fd6c04d7597.r2.dev,0,0,1,1,0,0,0,1,0,1,1,1,1,0,1,0,1
docs.google.com,0,0,1,5,0,0,0,0,0,1,0,1,1,0,1,0,1
platform-en-live.wixstudio.com,0,0,0,1,0,0,0,1,0,1,1,1,1,0,1,0,1
pub-ad0be47ef6da4c73a4ee2a8f0950827c.r2.dev,0,0,1,1,0,0,0,1,0,1,1,1,1,0,1,0,1
falabellingres.webcindario.com,0,0,0,0,0,0,0,0,1,1,1,1,1,1,1,1,1
la-nouvelle-info-france.com,0,0,0,0,0,0,0,1,0,0,0,1,1,1,1,1,1
atualizacaonetempresas.live,0,0,0,0,0,0,0,0,0,0,1,1,1,1,1,1,1
qr-codes.io,0,0,0,1,0,0,0,1,0,0,0,0,1,0,1,0,1
qrco.de,0,0,0,1,0,0,0,0,0,1,1,1,1,0,1,0,1
l.ead.me,0,0,0,1,0,0,0,0,0,1,0,0,0,0,1,0,1
miricanvas.com,0,0,1,4,0,0,0,0,0,1,0,1,1,0,1,0,1
bw-ident.com,0,0,0,0,0,0,1,1,1,0,1,1,1,1,1,1,1
sp502872.sitebeat.crazydomains.com,0,0,0,0,0,0,0,0,0,1,0,1,1,1,1,1,1
particulares-netbancosantander.web.app,0,0,0,0,0,0,0,1,0,1,1,1,1,0,1,0,1
my0nlinewins0uttmina0aerb.weebly.com,0,0,0,0,0,0,0,0,0,1,0,1,1,0,1,0,1
yensabai.com,0,0,0,1,0,0,0,0,0,0,0,0,1,0,1,0,1
allegro.239t829332g.shop,0,0,0,0,0,0,0,0,0,0,1,1,1,0,1,0,1
bp.pb3.duckdns.org,0,0,0,0,0,0,0,0,0,1,1,1,1,1,1,1,1
docs.google.com,0,0,1,5,0,0,0,0,0,1,0,1,1,0,1,0,1
docs.google.com,0,0,1,5,0,0,0,0,0,1,0,1,1,0,1,0,1
docs.google.com,0,0,1,4,0,0,0,0,0,1,0,1,0,0,1,0,1
hardwarewallete7ledger-live-login-c-three.vercel.app,0,0,1,0,0,0,0,1,0,1,1,1,1,0,1,0,1
usaconferencing.com,0,0,0,0,0,0,0,0,0,0,0,0,1,1,1,1,1
madame-tussauds---museum-dubai.webflow.io,0,0,0,0,0,0,0,1,0,1,1,1,1,0,1,0,1
pneusexpress-psi.vercel.app,0,0,0,0,0,0,0,1,0,1,1,1,1,0,1,0,1
greatmanndy.wixsite.com,0,0,0,1,0,0,0,0,0,1,1,1,1,0,1,0,1
sites.google.com,0,0,0,2,0,0,0,0,0,1,0,1,1,0,1,0,1
safetyculture.pensioensimpel.nl,0,0,0,0,0,0,0,0,0,0,1,1,1,0,1,0,1
miricanvas.com,0,0,0,2,0,0,0,0,0,1,0,1,0,0,1,0,1
dropbox.com,0,0,1,4,0,0,1,0,0,1,0,1,1,0,1,0,1
allegrolokalnie.pl-oferta817287832.icu,0,0,0,0,0,0,0,1,1,0,1,1,1,1,1,1,1
ax-italy.eu.cc,0,0,0,0,0,0,0,1,0,1,0,1,1,1,1,1,1
ydsgsgh.weebly.com,0,0,0,0,0,0,0,0,0,1,0,1,1,0,1,0,1
wwxhajudjgwjklckvzgs8.firebaseapp.com,0,0,0,0,0,0,0,0,0,1,1,1,0,0,1,0,1
site-33brjdzkg.godaddysites.com,0,0,0,0,0,0,0,1,0,1,0,1,1,0,1,0,1
validesucuenta.webcindario.com,0,0,0,0,0,0,0,0,1,1,1,1,1,1,1,1,1
j7xb2k.cfd,0,0,0,3,0,0,0,0,1,0,1,1,1,1,1,1,1
q-r.to,0,0,0,1,0,0,0,1,0,0,0,1,0,0,1,0,1
account-access-view.web.app,0,0,0,0,0,0,0,1,0,1,1,1,1,0,1,0,1
option-creneaumr.help,0,0,0,1,0,0,0,1,1,0,1,1,1,1,1,1,1
suitedocs-io.framer.media,0,0,0,1,0,0,0,1,0,0,1,1,1,0,1,0,1
cuuibase_prou_logi.godaddysites.com,0,0,0,0,0,0,0,0,0,1,0,1,1,1,1,1,1
pub-f3078c43a6c04ee2b01bc1a2cd5033d0.r2.dev,0,0,1,1,0,0,0,1,0,1,1,1,1,0,1,0,1
qr-codes.io,0,0,0,1,0,0,0,1,0,0,0,0,1,0,1,0,1
bit.ly,0,0,0,1,0,0,1,0,0,1,0,1,1,0,1,0,1
metafb-birp4l6.web.app,0,0,0,0,0,0,0,1,0,1,1,1,1,0,1,0,1
l.ead.me,0,0,0,1,0,0,0,0,0,1,0,0,1,0,1,0,1
scanned.page,0,0,0,2,0,0,0,0,0,1,1,1,1,0,1,0,1
l.ead.me,0,0,0,1,0,0,0,0,0,1,0,0,1,0,1,0,1
acesso-bradescopj.site,0,0,0,0,0,0,0,1,1,0,1,1,1,1,1,1,1
studio-bridgeapps.wixstudio.com,0,0,0,1,0,0,0,1,0,1,1,1,1,0,1,0,1
dropbox.com,0,0,1,4,0,0,1,0,0,1,0,1,1,0,1,0,1
dropboxfolder.docusignfile.workers.dev,0,0,0,0,0,0,0,0,0,1,1,1,1,0,1,0,1
docs.google.com,0,0,1,5,0,0,0,0,0,1,0,1,1,0,1,0,1
cs491-backend-2026.web.app,0,0,0,0,0,0,0,1,0,1,1,1,1,0,1,0,1
wanderquest-phantomwanderer.blogspot.com,0,0,0,0,0,0,1,1,0,1,1,1,1,0,1,0,1
share.google,0,0,0,1,0,0,0,0,0,1,1,1,1,0,1,0,1
dpdlocakt.shop,0,0,0,1,0,0,0,0,1,0,1,1,1,1,1,1,1
sp12ct-zorsel-biz-karmik-favdok.pages.dev,0,0,0,0,0,0,0,1,0,1,1,1,1,0,1,0,1
docs.google.com,0,0,1,5,0,0,0,0,0,1,0,1,1,0,1,0,1
qrco.de,0,0,0,1,0,0,0,0,0,1,1,1,0,0,1,0,1
sp1ct-darnel-biz8-korlen-vastik.pages.dev,0,0,0,0,0,0,0,1,0,1,1,1,1,0,1,0,1
new.express.adobe.com,0,0,0,2,0,0,0,0,0,1,0,1,1,0,1,0,1
qrco.de,0,0,0,1,0,0,0,0,0,1,1,1,0,0,1,0,1
xfinitywebmailpagesecurityalert.framer.ai,0,0,0,0,0,0,0,0,0,0,1,1,1,0,1,0,1
sp0ct-parvok-biz-kalqem-dorvix.pages.dev,0,0,0,0,0,0,0,1,0,1,1,1,1,0,1,0,1
atto--myygovv.web.app,0,0,0,0,0,0,0,1,0,1,1,1,1,0,1,0,1
norzora-gld-zarquna-a6x1fw83.pages.dev,0,0,0,0,0,0,0,1,0,1,1,1,1,0,1,0,1
mail-inteface-309181.weebly.com,0,0,0,0,0,0,0,1,0,1,0,1,1,0,1,0,1
io-rabbyy.wixstudio.com,0,0,0,1,0,0,0,1,0,1,1,1,1,0,1,0,1
qrco.de,0,0,0,1,0,0,0,0,0,1,1,1,0,0,1,0,1
l.ead.me,0,0,0,1,0,0,0,0,0,1,0,0,1,0,1,0,1
mailteam653.weebly.com,0,0,0,0,0,0,0,0,0,1,0,1,1,0,1,0,1
updateeluiss.weebly.com,0,0,0,0,0,0,0,0,0,1,0,1,1,0,1,0,1
docs.google.com,0,0,1,5,0,0,0,0,0,1,0,1,1,0,1,0,1
flowcode.com,0,0,0,2,0,0,0,0,0,1,0,1,1,0,1,0,1
diadasmaes-belezanaweb.vercel.app,0,0,1,0,0,0,0,1,0,1,1,1,1,0,1,0,1
docs.google.com,0,0,1,4,0,0,0,0,0,1,0,1,1,0,1,0,1
q-r.to,0,0,0,1,0,0,0,1,0,0,0,1,0,0,1,0,1
docs.google.com,0,0,1,4,0,0,0,0,0,1,0,1,1,0,1,0,1
qrco.de,0,0,0,1,0,0,0,0,0,1,1,1,0,0,1,0,1
new.express.adobe.com,0,0,0,2,0,0,0,0,0,1,0,1,1,0,1,0,1
sites.google.com,0,0,0,3,0,0,0,0,0,1,0,1,1,0,1,0,1
tfreawrtdf.weebly.com,0,0,0,0,0,0,0,0,0,1,0,1,1,0,1,0,1
dub.sh,0,0,0,1,0,0,0,0,0,1,0,1,1,0,1,0,1
allegrolokalnie.wiosna-2026-349fjds1.sbs,0,0,0,0,0,0,0,1,1,0,1,1,1,1,1,1,1
allegrolokalnie.lokalna-oferta135573678.lat,0,0,1,3,0,0,0,1,1,0,1,1,1,1,1,1,1
gpggrcdum.firebaseapp.com,0,0,0,0,0,0,0,0,0,1,1,1,1,0,1,0,1
caisse-depargneregional.firebaseapp.com,0,0,0,0,0,0,0,1,0,1,1,1,0,0,1,0,1
prodigybnk.com,0,0,0,1,0,0,0,0,1,0,1,1,1,1,1,1,1
gmxwourqg2.weebly.com,0,0,0,0,0,0,0,0,0,1,0,1,1,0,1,0,1
services-mrelay.com,0,0,0,1,0,0,0,1,1,0,1,1,1,1,1,1,1
cobott123.github.io,0,0,0,1,0,0,0,0,0,1,1,1,0,0,1,0,1
docs.google.com,0,0,1,5,0,0,0,0,0,1,0,1,1,0,1,0,1
cliente.consultareceber.com,0,0,0,1,0,0,0,0,1,0,1,1,1,1,1,1,1
qrco.de,0,0,0,1,0,0,0,0,0,1,1,1,0,0,1,0,1
l.wl.co,0,0,0,1,1,0,0,0,0,1,0,1,1,0,1,0,1
qrco.de,0,0,0,1,0,0,0,0,0,1,1,1,1,0,1,0,1
dpd.xgdrew.cfd,0,0,0,0,0,0,0,0,1,0,1,1,1,1,1,1,1
docs.google.com,0,0,1,5,0,0,0,0,0,1,0,1,1,0,1,0,1
l.ead.me,0,0,0,1,0,0,0,0,0,1,0,0,0,0,1,0,1
view.forms.app,0,0,1,2,0,0,0,0,0,1,1,1,1,0,1,0,1
shopcooktop.vercel.app,0,0,0,0,0,0,0,0,0,1,1,1,1,0,1,0,1
digitalnetempresarial.sbs,0,0,0,0,0,0,0,0,1,0,1,1,1,1,1,1,1
smbc-cuard.82banlk-co-jp.com,0,0,1,3,0,0,0,1,1,0,1,1,1,1,1,1,1
fbclid8123471236748129583.firebaseapp.com,0,0,0,0,0,0,0,0,0,1,1,1,1,0,1,0,1
ope-772281.pro,0,0,0,0,0,0,0,1,0,0,1,1,1,0,1,0,1
rjajs-f8db8.web.app,0,0,0,0,0,0,0,1,0,1,1,1,1,0,1,0,1
qrco.de,0,0,0,1,0,0,0,0,0,1,1,1,1,0,1,0,1
aktualizaciazabezpecenia.web.app,0,0,0,0,0,0,0,0,0,1,1,1,1,0,1,0,1
pub-a3e7b4d7b2814df69bfe59666c8ec9fa.r2.dev,0,0,1,1,0,0,0,1,0,1,1,1,1,0,1,0,1
maude.serv7231.pro,0,0,0,0,0,0,0,0,0,0,1,1,1,0,1,0,1
agodadubbaii.webflow.io,0,0,0,0,0,0,0,0,0,1,1,1,1,0,1,0,1
auth-docu-sign-portale-autorizzazione-production-ffea.up.railway.app,0,0,1,0,0,0,0,1,0,1,1,1,1,0,1,0,1
bit.ly,0,0,0,1,0,0,1,0,0,1,0,1,1,0,1,0,1
l.ead.me,0,0,0,1,0,0,0,0,0,1,0,0,0,0,1,0,1
1ministry-of-education.weebly.com,0,0,0,0,0,0,0,1,0,1,0,1,1,0,1,0,1
asfmvcxk.eu.cc,0,0,0,1,0,0,0,0,0,1,1,1,1,1,1,1,1
trzur-suited.wixstudio.com,0,0,0,1,0,0,0,1,0,1,1,1,1,0,1,0,1
docs.google.com,0,0,1,5,0,0,0,0,0,1,0,1,1,0,1,0,1
qrco.de,0,0,0,1,0,0,0,0,0,1,1,1,0,0,1,0,1
q-r.to,0,0,0,1,0,0,0,1,0,0,0,1,1,0,1,0,1
paypay-card.ftkdlnp.cn,0,0,0,1,0,0,0,1,1,0,1,1,1,1,1,1,1
s.yam.com,0,0,0,1,0,0,0,0,0,1,0,1,1,0,1,0,1
q-r.to,0,0,0,1,0,0,0,1,0,0,0,1,0,0,1,0,1
l.ead.me,0,0,0,1,0,0,0,0,0,1,0,0,0,0,1,0,1
bafkreiaqktlfuvm67hof5l3uxqqre2b64zpfu67haw37j3nav6vihxidwi.ipfs.dweb.link,0,0,1,0,0,0,0,0,1,1,1,1,1,1,1,1,1
q-r.to,0,0,0,1,0,0,0,1,0,0,0,1,1,0,1,0,1
pcn-noticyv.shop,0,0,0,1,0,0,0,1,1,0,1,1,1,1,1,1,1
qrco.de,0,0,0,1,0,0,0,0,0,1,1,1,0,0,1,0,1
share.hsforms.com,0,0,1,1,0,0,0,0,0,1,0,1,1,0,1,0,1
allegrolokalnie.ochrona-dla-kupujacego-14dni-182154271.lat,0,0,1,3,0,0,0,1,1,0,1,1,1,1,1,1,1
strt-ledgr-com.wixstudio.com,0,0,0,1,0,0,0,1,0,1,1,1,1,0,1,0,1
q-r.to,0,0,0,1,0,0,0,1,0,0,0,1,1,0,1,0,1
turao.hu,0,0,0,1,0,0,0,0,0,0,1,1,1,1,1,1,1
ewdztrgcfgbkhjk.weebly.com,0,0,0,0,0,0,0,0,0,1,0,1,1,0,1,0,1
docs.google.com,0,0,1,5,0,0,0,0,0,1,0,1,1,0,1,0,1
docs.google.com,0,0,1,5,0,0,0,0,0,1,0,1,1,0,1,0,1
aacredltvmlam-online.top,0,0,1,0,0,0,0,1,1,0,1,1,1,1,1,1,1
allegrolokalnie.lokalna-ofera8993484.sbs,0,0,0,0,0,0,0,1,1,0,1,1,1,1,1,1,1
home-us-desktop.wixstudio.com,0,0,0,1,0,0,0,1,0,1,1,1,1,0,1,0,1
new.express.adobe.com,0,0,0,2,0,0,0,0,0,1,0,1,1,0,1,0,1
bing.com,0,0,1,2,0,0,0,0,0,1,0,0,1,0,1,0,1
dropbox.com,0,0,1,4,0,0,1,0,0,1,0,1,1,0,1,0,1
holdup-app-io.framer.ai,0,0,0,0,0,0,0,1,0,0,1,1,1,0,1,0,1
l.ead.me,0,0,0,1,0,0,0,0,0,1,0,0,0,0,1,0,1
chimere.jpod10884268.pro,0,0,0,1,0,0,0,0,0,0,1,1,1,0,1,0,1
mijnnationaleomgevlng.es,0,0,0,1,0,0,0,0,0,0,1,1,1,1,1,1,1
docs.google.com,0,0,1,3,0,0,0,0,0,1,0,1,1,0,1,0,1
beijlka.com,0,0,0,0,0,0,0,0,1,0,1,1,1,1,1,1,1
the-cash-technology-internet-group.us21.list-manage.com,0,0,1,2,0,0,0,1,0,1,0,1,1,0,1,0,1
inoside.com,0,0,0,2,0,0,0,0,0,0,0,1,1,0,1,0,1
pub-19f89163e8ff4f1f813714c9bb40a347.r2.dev,0,0,1,1,0,0,0,1,0,1,1,1,1,0,1,0,1
bafkreidyfhorsp6ihan77kqnjuqsygughvycug6xfu3szia4ja4s3l2i4q.ipfs.dweb.link,0,0,1,0,0,0,0,0,1,1,1,1,1,1,1,1,1
brt.shnnnw.cc,0,0,0,1,0,0,0,0,1,0,1,1,1,1,1,1,1
netempresa-gerenciarconta.digital,0,0,0,0,0,0,0,1,0,0,1,1,1,0,1,0,1
docs.google.com,0,0,1,5,0,0,0,0,0,1,0,1,1,0,1,0,1
lives-ledagr.wixstudio.com,0,0,0,1,0,0,0,1,0,1,1,1,1,0,1,0,1
arcetvnczkfkhmqzs.firebaseapp.com,0,0,0,0,0,0,0,0,0,1,1,1,1,0,1,0,1
mysubcription-neftlix.com,0,0,0,0,0,0,1,1,1,0,1,1,1,1,1,1,1
urlz.fr,0,0,0,1,0,0,0,0,0,1,0,1,1,0,1,0,1
l.ead.me,0,0,0,1,0,0,0,0,0,1,0,0,0,0,1,0,1
l.ead.me,0,0,0,1,0,0,0,0,0,1,0,0,0,0,1,0,1
cerzretzcerztceerzttrdford-8173.twil.io,0,0,1,1,0,0,0,1,0,1,0,1,1,0,1,0,1
qrco.de,0,0,0,1,0,0,0,0,0,1,1,1,1,0,1,0,1
allegro.842738232f32.lat,0,0,0,0,0,0,0,0,1,0,1,1,1,1,1,1,1
florida.gov-ydsq.help,0,0,0,0,0,0,0,1,1,0,1,1,1,1,1,1,1
site-8f1drrjaq.godaddysites.com,0,0,0,0,0,0,0,1,0,1,0,1,1,0,1,0,1
inter-supports.webcindario.com,0,0,0,0,0,0,0,1,1,1,1,1,1,1,1,1,1
rcwn0i.webwave.dev,0,0,0,0,0,0,0,0,0,0,1,1,1,0,1,0,1
rga158.webwave.dev,0,0,0,0,0,0,0,0,0,0,1,1,1,0,1,0,1
of-hearts-and-minds.ghost.io,0,0,1,1,0,0,0,1,0,1,0,1,1,0,1,0,1
qrco.de,0,0,0,1,0,0,0,0,0,1,1,1,0,0,1,0,1
qrco.de,0,0,0,1,0,0,0,0,0,1,1,1,1,0,1,0,1
web3wallet-exodus.wixstudio.com,0,0,0,1,0,0,0,1,0,1,1,1,1,0,1,0,1
upgradexfinity.weebly.com,0,0,0,0,0,0,0,0,0,1,0,1,1,0,1,0,1
univcasstetienne.weebly.com,0,0,0,0,0,0,0,0,0,1,0,1,1,0,1,0,1
practical-broccoli-839907.framer.app,0,0,0,0,0,0,0,1,0,1,1,1,1,0,1,0,1
statusgd-northstar-page.firebaseapp.com,0,0,0,0,0,0,0,1,0,1,1,1,1,0,1,0,1
google.com,0,0,1,1,0,0,0,0,0,1,0,1,1,1,1,1,1
easying-f9b8c.firebaseapp.com,0,0,0,0,0,0,0,1,0,1,1,1,1,0,1,0,1
dropbox.com,0,0,1,4,0,0,1,0,0,1,0,1,1,0,1,0,1
confirms-account-disable.start.page,0,0,0,0,0,0,0,1,0,0,1,1,1,0,1,0,1
app.protecaocompleta.click,0,0,0,1,0,0,0,0,0,0,0,0,1,0,1,0,1
l.ead.me,0,0,0,1,0,0,0,0,0,1,0,0,0,0,1,0,1
uninetplus.webcindario.com,0,0,0,0,0,0,0,0,1,1,1,1,1,1,1,1,1
qrco.de,0,0,0,1,0,0,0,0,0,1,1,1,0,0,1,0,1
metafb-9oog2cr.firebaseapp.com,0,0,0,0,0,0,0,1,0,1,1,1,1,0,1,0,1
claim-dp.netlify.app,0,0,0,0,0,0,0,1,0,1,1,1,1,0,1,0,1
pub-9a7f343ad12643e09a25b76895512c39.r2.dev,0,0,1,1,0,0,0,1,0,1,1,1,1,0,1,0,1
pub-39d0819a71c54c7f94ab82c35a75b026.r2.dev,0,0,1,1,0,0,0,1,0,1,1,1,1,0,1,0,1
bradesco.gerenciadorpj.digital,0,0,0,0,0,0,0,0,1,0,1,1,1,1,1,1,1
mncablemail.framer.website,0,0,0,0,0,0,0,0,0,1,0,0,1,0,1,0,1
sites.google.com,0,0,0,2,0,0,0,0,0,1,0,1,1,0,1,0,1
bit.ly,0,0,0,1,0,0,1,0,0,1,0,1,1,0,1,0,1
hitefrtmuljzve8ce0.bxss.me,0,0,0,0,0,0,0,0,0,1,0,0,1,0,1,0,1
poetic-bubblegum-e26dd8.netlify.app,0,0,0,1,0,0,0,1,0,1,1,1,1,0,1,0,1
qrco.de,0,0,0,1,0,0,0,0,0,1,1,1,0,0,1,0,1
docs.google.com,0,0,1,5,0,0,0,0,0,1,0,1,1,0,1,0,1
adaptable-department-147037.framer.app,0,0,0,0,0,0,0,1,0,1,1,1,1,0,1,0,1
q-r.to,0,0,0,1,0,0,0,1,0,0,0,1,0,0,1,0,1
mtamseeklogvgn.webflow.io,0,0,0,0,0,0,0,0,0,1,1,1,1,0,1,0,1
shaw-101828.square.site,0,0,0,0,0,0,0,1,0,1,0,1,1,0,1,0,1
docs.google.com,0,0,1,5,0,0,0,0,0,1,0,1,1,0,1,0,1
maint4nce331nfo398.start.page,0,0,0,0,0,0,0,0,0,0,1,1,1,0,1,0,1
ilridiffi.w3spaces.com,0,0,0,1,0,0,0,0,0,0,0,0,1,0,1,0,1
docs.google.com,0,0,1,5,0,0,0,0,0,1,0,1,1,0,1,0,1
qrco.de,0,0,0,1,0,0,0,0,0,1,1,1,1,0,1,0,1
sp11ct-zelkor-biz8-tanvik-horsel.pages.dev,0,0,0,0,0,0,0,1,0,1,1,1,1,0,1,0,1
kssiu.weebly.com,0,0,0,0,0,0,0,0,0,1,0,1,1,0,1,0,1
sub.followerswave.com,0,0,1,1,0,0,0,0,0,0,0,1,1,0,1,0,1
url4537.absistemas.com.br,0,0,1,2,0,0,0,0,0,0,0,1,1,0,1,0,1
docs.google.com,0,0,1,5,0,0,0,0,0,1,0,1,1,0,1,0,1
us3.campaign-archive.com,0,0,1,0,0,0,0,1,0,1,0,1,1,0,1,0,1
q-r.to,0,0,0,1,0,0,0,1,0,0,0,1,0,0,1,0,1
siitewed.weebly.com,0,0,0,0,0,0,0,0,0,1,0,1,1,0,1,0,1
q-r.to,0,0,0,1,0,0,0,1,0,0,0,1,0,0,1,0,1
q-r.to,0,0,0,1,0,0,0,1,0,0,0,1,0,0,1,0,1
csfsgbkk.weebly.com,0,0,0,0,0,0,0,0,0,1,0,1,1,0,1,0,1
google.com.hk,0,0,1,1,1,0,0,0,0,1,0,0,1,0,1,0,1
free-5534893.webadorsite.com,0,0,0,0,0,0,0,1,0,0,1,1,1,0,1,0,1
allegrolokalnie.smart-92582.cfd,0,0,1,2,0,0,0,1,1,0,1,1,1,1,1,1,1
signing0001-dpreo0o8o10l.edgeone.app,0,0,0,0,0,0,0,1,0,0,1,1,1,0,1,0,1
ledgger-liive.wixstudio.com,0,0,0,1,0,0,0,1,0,1,1,1,1,0,1,0,1
cofmhf.weebly.com,0,0,0,0,0,0,0,0,0,1,1,1,1,0,1,0,1
mbrfornos.com.br,0,0,0,1,0,0,0,0,0,0,0,1,1,0,1,0,1
hunanqingang.com,0,0,0,1,0,0,0,0,1,0,1,1,1,1,1,1,1
my-loyola.com,0,0,0,0,0,0,0,1,0,0,0,0,1,0,1,0,1
merrimsg.m-pages.com,0,0,0,0,0,0,0,1,0,1,0,1,1,0,1,0,1
secupassinfo-caissedep.com,0,0,1,4,0,0,0,1,1,0,1,1,1,1,1,1,1
submitted.formspark.io,0,0,1,0,0,0,0,0,0,0,0,0,1,0,1,0,1
bit.ly,0,0,0,1,0,0,1,0,0,1,0,1,1,0,1,0,1
serv457771.pro,0,0,0,1,0,0,0,0,1,0,1,1,1,1,1,1,1
l.ead.me,0,0,0,1,0,0,0,0,0,1,0,0,0,0,1,0,1
homepage-global.wixstudio.com,0,0,0,1,0,0,0,1,0,1,1,1,1,0,1,0,1
us17.campaign-archive.com,0,0,1,0,0,0,0,1,0,1,0,1,1,0,1,0,1
shlxp.com,0,0,0,2,0,0,0,0,1,0,1,1,1,1,1,1,1
load-page-genius-1000542978.web.app,0,0,0,0,0,0,0,1,0,1,1,1,1,0,1,0,1
bit.ly,0,0,0,1,0,0,1,0,0,1,0,1,1,0,1,0,1
new.express.adobe.com,0,0,0,2,0,0,0,0,0,1,0,1,1,0,1,0,1
ln.run,0,0,0,1,0,0,0,0,0,1,1,1,1,0,1,0,1
telllstttrrramyyyadmmminn.weebly.com,0,0,0,0,0,0,0,0,0,1,0,1,1,0,1,0,1
sites.google.com,0,0,0,3,0,0,0,0,0,1,0,1,1,0,1,0,1
allegrolokalnie.pl-682658.xyz,0,0,1,2,0,0,0,1,1,0,1,1,1,1,1,1,1
qrco.de,0,0,0,1,0,0,0,0,0,1,1,1,1,0,1,0,1
q-r.to,0,0,0,1,0,0,0,1,0,0,0,1,1,0,1,0,1
newacademicweb.weebly.com,0,0,0,0,0,0,0,0,0,1,0,1,1,0,1,0,1
link-1763375239.allvaluelink.com,0,0,1,1,0,0,0,1,0,0,0,1,1,0,1,0,1
klelnanzeigen-deutch.bellaslechon.com,0,0,1,1,0,0,0,1,1,0,1,1,1,1,1,1,1
eu.jotform.com,0,0,0,2,0,0,0,0,0,1,0,1,1,0,1,0,1
nvkcy.icu,0,0,1,0,0,0,0,0,1,0,1,1,1,1,1,1,1
qrco.de,0,0,0,1,0,0,0,0,0,1,1,1,1,0,1,0,1
jeremyroberts8e31.myportfolio.com,0,0,0,0,0,0,0,0,0,1,0,1,1,0,1,0,1
docs.google.com,0,0,1,5,0,0,0,0,0,1,0,1,1,0,1,0,1
page-loading-for-page.web.app,0,0,0,0,0,0,0,1,0,1,1,1,1,0,1,0,1
1gv2gh.skin,0,0,0,3,0,0,0,0,1,0,1,1,1,1,1,1,1
l.ead.me,0,0,0,1,0,0,0,0,0,1,0,0,0,0,1,0,1
docs.google.com,0,0,1,5,0,0,0,0,0,1,0,1,1,0,1,0,1
soport1deusuario.webcindario.com,0,0,0,0,0,0,0,0,1,1,1,1,1,1,1,1,1
docs.google.com,0,0,1,4,0,0,0,0,0,1,0,1,1,0,1,0,1
l78p3l.webwave.dev,0,0,0,0,0,0,0,0,0,0,1,1,1,0,1,0,1
allegro.120391020h9812.shop,0,0,0,0,0,0,0,0,1,0,1,1,1,1,1,1,1
accueilnotairedebelgiquebe.weebly.com,0,0,0,0,0,0,0,0,0,1,0,1,1,0,1,0,1
mkmorse1.wixsite.com,0,0,0,1,0,0,0,0,0,1,1,1,1,0,1,0,1
app.jotform.com,0,0,0,1,0,0,0,0,0,1,0,1,1,0,1,0,1
bashful-hand-878363.framer.app,0,0,0,0,0,0,0,1,0,1,1,1,1,0,1,0,1
device-exadous.wixstudio.com,0,0,0,1,0,0,0,1,0,1,1,1,1,0,1,0,1
qrco.de,0,0,0,1,0,0,0,0,0,1,1,1,0,0,1,0,1
xn--xgwajq202603090111mzqz9oja-ye44ce01ib5g.iufhtss.info,0,0,1,2,0,0,0,1,1,0,1,1,1,1,1,1,1
starts-io-trexorcdn.wixstudio.com,0,0,0,1,0,0,0,1,0,1,1,1,1,0,1,0,1
payhip.com,0,0,0,2,0,0,0,0,0,1,0,1,1,0,1,0,1
sites.google.com,0,0,1,3,0,0,0,0,0,1,0,1,1,1,1,1,1
pub-c5d10c3f6d9f495d824c5477d292e445.r2.dev,0,0,1,1,0,0,0,1,0,1,1,1,1,0,1,0,1
dropbox.com,0,0,1,4,0,0,1,0,0,1,0,1,1,0,1,0,1
new.express.adobe.com,0,0,0,2,0,0,0,0,0,1,0,1,1,0,1,0,1
qrco.de,0,0,0,1,0,0,0,0,0,1,1,1,0,0,1,0,1
2fmeb9.share-eu1.hsforms.com,0,0,1,1,0,0,0,1,0,1,0,1,1,0,1,0,1
l.ead.me,0,0,0,1,0,0,0,0,0,1,0,0,1,0,1,0,1
vtxmail2018.myfreesites.net,0,0,0,0,0,0,0,0,0,0,0,1,1,0,1,0,1
6u2ry0.skin,0,0,0,3,0,0,0,0,1,0,1,1,1,1,1,1,1
new.express.adobe.com,0,0,0,2,0,0,0,0,0,1,0,1,1,0,1,0,1
qrco.de,0,0,0,1,0,0,0,0,0,1,1,1,0,0,1,0,1
docs.google.com,0,0,1,5,0,0,0,0,0,1,0,1,1,0,1,0,1
smbc-cardindex.jnxkedu.com,0,0,0,1,0,0,0,1,1,0,1,1,1,1,1,1,1
incredible-treacle-da8133.netlify.app,0,0,0,1,0,0,0,1,0,1,1,1,1,0,1,0,1
l.ead.me,0,0,0,1,0,0,0,0,0,1,0,0,0,0,1,0,1
qrco.de,0,0,0,1,0,0,0,0,0,1,1,1,0,0,1,0,1
sites.google.com,0,0,1,3,0,0,0,0,0,1,0,1,1,0,1,0,1
bit.ly,0,0,0,1,0,0,1,0,0,1,0,1,1,0,1,0,1
myescroz.com,0,0,0,1,0,0,0,0,0,0,0,1,1,0,1,0,1
browser-metmask.wixstudio.com,0,0,0,1,0,0,0,1,0,1,1,1,1,0,1,0,1
app.jodoo.com,0,0,0,2,0,0,0,0,0,0,0,1,1,0,1,0,1
sp11ct-varsik-biz8-melzor-tranek.pages.dev,0,0,0,0,0,0,0,1,0,1,1,1,1,0,1,0,1
sp12ct-kersan-biz-holdek-favrik.pages.dev,0,0,0,0,0,0,0,1,0,1,1,1,1,0,1,0,1
q-r.to,0,0,0,1,0,0,0,1,0,0,0,1,0,0,1,0,1
qrco.de,0,0,0,1,0,0,0,0,0,1,1,1,0,0,1,0,1
reynosa030.pro,0,0,0,1,0,0,0,0,0,0,1,1,1,1,1,1,1
fugiiyigi.m-pages.com,0,0,0,2,0,0,0,1,0,1,0,1,1,0,1,0,1
t.co,0,0,0,1,0,0,1,0,0,1,0,1,0,0,1,0,1
countinstitute.com,0,0,0,1,0,0,0,0,0,0,0,1,1,1,1,1,1
sites.google.com,0,0,0,3,0,0,0,0,0,1,0,1,1,0,1,0,1
docs.google.com,0,0,1,5,0,0,0,0,0,1,0,1,1,0,1,0,1
ssomyuphooldcdn.wixstudio.com,0,0,0,1,0,0,0,0,0,1,1,1,1,0,1,0,1
sites.google.com,0,0,0,2,0,0,0,0,0,1,0,1,1,0,1,0,1
uselivewallet.wixstudio.com,0,0,0,1,0,0,0,0,0,1,1,1,1,0,1,0,1
canjeedirecto.help,0,0,0,1,0,0,0,0,1,0,1,1,1,1,1,1,1
livelopontos.avisobia.com,0,0,0,1,0,0,0,0,1,0,1,1,1,1,1,1,1
estudiotripolone.com,0,0,1,4,0,0,0,0,0,0,1,1,1,0,1,1,1
new.express.adobe.com,0,0,0,2,0,0,0,0,0,1,0,1,1,0,1,0,1
shorturl.co.za,0,0,0,1,0,0,0,0,0,0,0,1,1,0,1,0,1
qoqaoipkltredin.weebly.com,0,0,0,0,0,0,0,0,0,1,0,1,1,0,1,0,1
bit.ly,0,0,0,1,0,0,1,0,0,1,0,1,1,0,1,0,1
toystodolls.com,0,0,1,3,0,0,0,0,0,0,0,1,1,1,1,1,1
eu.jotform.com,0,0,0,2,0,0,0,0,0,1,0,1,1,0,1,0,1
bit.ly,0,0,0,1,0,0,1,0,0,1,0,1,1,0,1,0,1
allegrolokalnie.pl-oferta921.top,0,0,1,3,0,0,0,1,1,0,1,1,1,1,1,1,1
sassere.fr,0,0,0,3,0,0,0,0,1,0,1,1,1,1,1,1,1
indigo775611.studio.site,0,0,0,0,0,0,0,0,0,1,0,0,1,0,1,0,1
zmohimqz.forms.app,0,0,0,1,0,0,0,0,0,1,1,1,1,0,1,0,1
aiebilet.126251.shop,0,0,1,2,0,0,0,0,1,0,1,1,1,1,1,1,1
4zhzg-ii0vp-jvsu3m-efl-jcg.pages.dev,0,0,0,0,0,0,0,1,0,1,1,1,1,0,1,0,1
q-r.to,0,0,0,1,0,0,0,1,0,0,0,1,0,0,1,0,1
docs.google.com,0,0,1,5,0,0,0,0,0,1,0,1,1,0,1,0,1
pub-3ed8174ef961456b940e6e3a911f1f33.r2.dev,0,0,1,1,0,0,0,1,0,1,1,1,1,0,1,0,1
dropbox.com,0,0,1,4,0,0,1,0,0,1,0,1,1,0,1,0,1
docs.google.com,0,0,1,5,0,0,0,0,0,1,0,1,1,0,1,0,1
allegrolokalnie.ofeta-lokalana6583491214.lol,0,0,0,0,0,0,0,1,1,0,1,1,1,1,1,1,1
bafkreibgd2wtcznb45mcvspfhagfwzzxxgieudttk3iqhs5osvkbeehtqi.ipfs.dweb.link,0,0,1,0,0,0,0,0,1,1,1,1,1,1,1,1,1
bit.ly,0,0,0,1,0,0,1,0,0,1,0,1,1,0,1,0,1
tapk.it,0,0,0,1,0,0,0,0,0,0,0,0,1,0,1,0,1
us20.campaign-archive.com,0,0,1,0,0,0,0,1,0,1,0,1,1,0,1,0,1
sprl.me,0,0,0,1,0,0,0,0,0,0,0,0,1,0,1,0,1
1eetwsep.forms.app,0,0,0,1,0,0,0,0,0,1,1,1,1,0,1,0,1
sumaiya.jnitbd.com,0,0,1,3,0,0,0,0,0,0,0,0,1,1,1,1,1
q-r.to,0,0,0,1,0,0,0,1,0,0,0,1,1,0,1,0,1
syneoshealthlondon.co.uk.mcas.ms,0,0,0,0,0,0,0,0,0,1,0,0,1,0,1,0,1
q-r.to,0,0,0,1,0,0,0,1,0,0,0,1,0,0,1,0,1
netchains.pages.dev,0,0,0,0,0,0,0,0,0,1,1,1,1,0,1,0,1
safetylit.org,0,0,1,2,0,0,0,0,0,0,0,1,1,1,1,1,1
l.ead.me,0,0,0,1,0,0,0,0,0,1,0,0,0,0,1,0,1
l.ead.me,0,0,0,1,0,0,0,0,0,1,0,0,1,0,1,0,1
docs.google.com,0,0,1,5,0,0,0,0,0,1,0,1,1,0,1,0,1
docs.google.com,0,0,1,5,0,0,0,0,0,1,0,1,1,0,1,0,1
docs.google.com,0,0,1,4,0,0,0,0,0,1,0,1,0,0,1,0,1
mof-gov-9042e.web.app,0,0,0,0,0,0,0,1,0,1,1,1,1,0,1,0,1
qr-codes.io,0,0,0,1,0,0,0,1,0,0,0,0,1,0,1,0,1
sbc-verifier-sign-in-ac283d.webflow.io,0,0,0,0,0,0,0,1,0,1,1,1,1,0,1,0,1
yahoosq.boxmode.io,0,0,0,0,0,0,0,0,0,0,0,1,1,0,1,0,1
superlative-fox-19a139.netlify.app,0,0,0,1,0,0,0,1,0,1,1,1,1,0,1,0,1
us15.campaign-archive.com,0,0,1,0,0,0,0,1,0,1,0,1,1,0,1,0,1
muenster-fh.weebly.com,0,0,0,0,0,0,0,1,0,1,0,1,1,0,1,0,1
qrco.de,0,0,0,1,0,0,0,0,0,1,1,1,1,0,1,0,1
5ym-q2k-wjuiz7-vpczkb-vv9wd3.pages.dev,0,0,0,0,0,0,0,1,0,1,1,1,1,0,1,0,1
officepro-5f5b9.web.app,0,0,0,0,0,0,0,1,0,1,1,1,1,0,1,0,1
allegrolokalnie.9080773.cfd,0,0,1,2,0,0,0,0,1,0,1,1,1,1,1,1,1
surl.li,0,0,0,1,0,0,0,0,0,1,1,1,1,0,1,0,1
sites.google.com,0,0,0,3,0,0,0,0,0,1,0,1,1,0,1,0,1
docs.google.com,0,0,1,4,0,0,0,0,0,1,0,1,1,0,1,0,1
bafkreih2axiaaad2t5noherxpr5tlv6ajtjoxiiwscryyf7vwixu47qgtu.ipfs.dweb.link,0,0,1,0,0,0,0,0,1,1,1,1,1,1,1,1,1
tn.vfggbhj.cyou,0,0,0,0,0,0,0,0,1,0,1,1,1,1,1,1,1
okx-ouyiapp.com,0,0,0,0,0,0,0,1,1,0,1,1,1,1,1,1,1
l.ead.me,0,0,0,1,0,0,0,0,0,1,0,0,0,0,1,0,1
allegrolokalnie.ofera98823882.shop,0,0,0,0,0,0,0,0,1,0,1,1,1,1,1,1,1
us14.campaign-archive.com,0,0,1,0,0,0,0,1,0,1,0,1,1,0,1,0,1
bafkreiew7fbnac76pnq2nkw5you7mrwbzcgmgdb664vklfxmjb75p2xq2e.ipfs.dweb.link,0,0,1,0,0,0,0,0,1,1,1,1,1,1,1,1,1
allegrolokalnie.765544.lat,0,0,0,0,0,0,0,0,1,0,1,1,1,1,1,1,1
sp29ct-kalvik-biz-femtor-hansel.pages.dev,0,0,0,0,0,0,0,1,0,1,1,1,1,0,1,0,1
allegrolokalnie.kup-teraz-691335.pl,0,0,1,3,0,0,0,1,1,0,1,1,1,1,1,1,1
google.com,0,0,1,5,0,0,0,0,0,1,0,1,1,0,1,0,1
notadocumentcsn.alwaysdata.net,0,0,0,0,0,0,0,0,1,1,1,1,1,1,1,1,1
live-started-login.wixstudio.com,0,0,0,1,0,0,0,1,0,1,1,1,1,0,1,0,1
allegrolokalnie.pl-l2r3s.sbs,0,0,0,0,0,0,0,1,1,0,1,1,1,1,1,1,1
landing.ohl.world,0,0,1,2,0,0,0,0,0,0,1,1,1,0,1,0,1
secure-id-spectrum-net-login.framer.website,0,0,0,0,0,0,0,1,0,1,0,0,1,0,1,0,1
dfo7yy.info,0,0,0,1,0,0,0,0,1,0,1,1,1,1,1,1,1
q-r.to,0,0,0,1,0,0,0,1,0,0,0,1,0,0,1,0,1
allegro.nr-327438.shop,0,0,0,0,0,0,0,1,1,0,1,1,1,1,1,1,1
docs.google.com,0,0,1,4,0,0,0,0,0,1,0,1,1,0,1,0,1
l.ead.me,0,0,0,1,0,0,0,0,0,1,0,0,0,0,1,0,1
l.ead.me,0,0,0,1,0,0,0,0,0,1,0,0,0,0,1,0,1
veriflvaasdpsyteiuomrqf.weebly.com,0,0,0,0,0,0,0,0,0,1,0,1,1,0,1,0,1
qrco.de,0,0,0,1,0,0,0,0,0,1,1,1,0,0,1,0,1
ipfs.io,0,0,1,2,0,0,0,0,0,1,0,1,1,0,1,0,1
qrco.de,0,0,0,1,0,0,0,0,0,1,1,1,0,0,1,0,1
nourmira.com,0,1,1,3,0,0,0,0,0,0,0,0,1,0,1,0,1
cas-servicedauthentificationd0.godaddysites.com,0,0,1,0,0,0,0,1,0,1,0,1,1,0,1,0,1
dropbox.com,0,0,1,4,0,0,1,0,0,1,0,1,1,0,1,0,1
bit.ly,0,0,0,1,0,0,1,0,0,1,0,1,1,0,1,0,1
us8.campaign-archive.com,0,0,1,0,0,0,0,1,0,1,0,1,1,0,1,0,1
p0cztaa.weebly.com,0,0,0,0,0,0,0,0,0,1,0,1,1,0,1,0,1
webmail-chalmers-se-owa.weebly.com,0,0,0,0,0,0,0,1,0,1,0,1,1,0,1,0,1
bncrcrc.cc,0,0,0,1,0,0,0,0,1,0,1,1,1,1,1,1,1
allegrolokalnie.732315rp.top,0,0,0,0,0,0,0,0,1,0,1,1,1,1,1,1,1
sertras.com,0,0,0,2,0,0,0,0,0,0,0,0,1,0,1,0,1
sympatico001.weebly.com,0,0,0,0,0,0,0,0,0,1,0,1,1,0,1,0,1
get-fix-here-got.vercel.app,0,0,0,0,0,0,0,1,0,1,1,1,1,0,1,0,1
qrco.de,0,0,0,1,0,0,0,0,0,1,1,1,1,0,1,0,1
company0rdercheck.weebly.com,0,0,0,0,0,0,0,0,0,1,0,1,1,0,1,0,1
activitationbhdaccesobankig.iceiy.com,0,0,0,0,0,0,0,0,0,0,0,0,1,1,1,1,1
allegrolokalnie.9351719.lol,0,0,0,0,0,0,0,0,1,0,1,1,1,1,1,1,1
ln.run,0,0,0,1,0,0,0,0,0,1,1,1,1,0,1,0,1
servizio-web.eu.cc,0,0,0,3,0,0,0,1,1,1,1,1,1,1,1,1,1
inquisitive-teal-omezr4ob.edgeone.dev,0,0,0,0,0,0,0,1,0,0,1,1,1,0,1,0,1
new.express.adobe.com,0,0,0,2,0,0,0,0,0,1,0,1,1,0,1,0,1
l.ead.me,0,0,0,1,0,0,0,0,0,1,0,0,0,0,1,0,1
qrco.de,0,0,0,1,0,0,0,0,0,1,1,1,0,0,1,0,1
ledgr-apps.wixstudio.com,0,0,0,1,0,0,0,1,0,1,1,1,1,0,1,0,1
dupllacidadania.com,0,0,1,5,0,0,0,0,0,0,0,1,1,0,1,0,1
qrco.de,0,0,0,1,0,0,0,0,0,1,1,1,1,0,1,0,1
dac8flattax.com,0,0,0,1,0,0,1,0,1,0,1,1,1,1,1,1,1
stou.ac.th,0,0,1,2,0,0,0,0,0,1,1,1,1,0,1,0,1
l.wl.co,0,0,0,1,1,0,0,0,0,1,0,1,1,0,1,0,1
id-review-case-10004285.firebaseapp.com,0,0,0,0,0,0,0,1,0,1,1,1,1,0,1,0,1
qrco.de,0,0,0,1,0,0,0,0,0,1,1,1,0,0,1,0,1
234560987.framer.website,0,0,0,0,0,0,0,0,0,1,0,0,1,0,1,0,1
docs.google.com,0,0,1,5,0,0,0,0,0,1,0,1,1,0,1,0,1
official-exodas.wasmer.app,0,0,0,0,0,0,0,1,0,1,1,1,1,0,1,0,1
cdntechone.com,0,0,1,1,0,0,0,0,0,1,0,0,1,0,1,0,1
smu263.wixsite.com,0,0,0,1,0,0,0,0,0,1,1,1,1,0,1,0,1
docs.google.com,0,0,1,5,0,0,0,0,0,1,0,1,1,0,1,0,1
qrco.de,0,0,0,1,0,0,0,0,0,1,1,1,0,0,1,0,1
docs.google.com,0,0,1,4,0,0,0,0,0,1,0,1,0,0,1,0,1
google.com,0,0,1,1,1,0,0,0,0,1,0,1,1,0,1,0,1
icmktg.n0c.world,0,0,1,2,0,0,0,0,1,0,1,1,1,1,1,1,1
dropbox.com,0,0,1,4,0,0,1,0,0,1,0,1,1,0,1,0,1
docs.google.com,0,0,1,5,0,0,0,0,0,1,0,1,1,0,1,0,1
evolutrabenp.web.app,0,0,0,0,0,0,0,0,0,1,1,1,1,0,1,0,1
onlines-kundendiensts.com,0,0,0,0,0,0,0,1,1,0,1,1,1,1,1,1,1
hengmanrui.com,0,0,0,2,0,0,0,0,0,0,0,1,1,1,1,1,1
bit.ly,0,0,0,1,0,0,1,0,0,1,0,1,1,0,1,0,1
helpid97855723849185962813.firebaseapp.com,0,0,0,0,0,0,0,0,0,1,1,1,1,0,1,0,1
sp19ct7-surek-biz-lovem-danis.pages.dev,0,0,0,0,0,0,0,1,0,1,1,1,1,0,1,0,1
docs.google.com,0,0,1,3,0,0,0,0,0,1,0,1,1,0,1,0,1
l.wl.co,0,0,1,1,1,0,0,0,0,1,0,1,1,0,1,0,1
docs.google.com,0,0,1,5,0,0,0,0,0,1,0,1,1,0,1,0,1
drive-workg.com,0,0,0,0,0,0,0,1,1,0,1,1,1,1,1,1,1
docs.google.com,0,0,1,5,0,0,0,0,0,1,0,1,1,0,1,0,1
htyr54.w3spaces.com,0,0,0,1,0,0,0,0,0,0,0,0,1,0,1,0,1
zpr.io,0,0,0,1,0,0,0,0,0,0,0,1,1,0,1,0,1
dsdsgtrrr.eu.cc,0,0,0,1,0,0,0,0,1,1,1,1,1,1,1,1,1
cl.s13.exct.net,0,0,1,0,0,0,0,0,0,1,0,1,1,0,1,0,1
docs.google.com,0,0,1,5,0,0,0,0,0,1,0,1,1,0,1,0,1
dasd-504b3.firebaseapp.com,0,0,0,0,0,0,0,1,0,1,1,1,1,0,1,0,1
delfinoarcuri4iad.blogspot.com,0,0,0,0,0,0,1,0,0,1,1,1,1,0,1,0,1
q-r.to,0,0,0,1,0,0,0,1,0,0,0,1,0,0,1,0,1
sp11ct-narkel-biz8-dorsan-velrix.pages.dev,0,0,0,0,0,0,0,1,0,1,1,1,1,0,1,0,1
btemail.plutio.com,0,0,0,3,0,0,0,0,0,0,0,1,1,0,1,0,1
zimbrausspabr.weebly.com,0,0,0,0,0,0,0,0,0,1,0,1,1,0,1,0,1
bit.ly,0,0,0,1,0,0,1,0,0,1,0,1,1,0,1,0,1
mrelays-redirection.com,0,0,0,0,0,0,0,1,1,0,1,1,1,1,1,1,1
airform.ai,0,0,0,2,0,0,0,0,0,0,0,1,1,0,1,0,1
mimosawedding.vn,0,0,0,1,0,0,0,0,0,0,1,1,0,0,1,0,1
us2.campaign-archive.com,0,0,1,0,0,0,0,1,0,1,0,1,1,0,1,0,1
review-worddocx.myportfolio.com,0,0,0,0,0,0,0,1,0,1,0,1,1,0,1,0,1
pl6c-wbak2s-kkff8e-rllgwp.pages.dev,0,0,0,0,0,0,0,1,0,1,1,1,1,0,1,0,1
claim-t8.netlify.app,0,0,0,0,0,0,0,1,0,1,1,1,1,0,1,0,1
dropbox.com,0,0,1,4,0,0,1,0,0,1,0,1,1,0,1,0,1
docs.google.com,0,0,1,5,0,0,0,0,0,1,0,1,1,0,1,0,1
976tep2sg8.vk.com,0,0,1,1,0,0,1,0,0,1,0,1,1,1,1,1,1
movielocations.de.cool,0,0,0,2,0,0,0,0,0,0,1,1,1,1,1,1,1
business-web0mail.com,0,0,0,0,0,0,0,1,0,0,0,1,1,1,1,1,1
docs.google.com,0,0,1,5,0,0,0,0,0,1,0,1,1,0,1,0,1
docs.google.com,0,0,1,5,0,0,0,0,0,1,0,1,1,0,1,0,1
bafkreifzjz2z6ve6lhqjuoqq6dviz4oa6fb644nsnqbiuyw2tacriwru2i.ipfs.dweb.link,0,0,1,0,0,0,0,0,1,1,1,1,1,1,1,1,1
docs.google.com,0,0,1,5,0,0,0,0,0,1,0,1,1,0,1,0,1
caseid10089156894156980.web.app,0,0,0,0,0,0,0,0,0,1,1,1,1,0,1,0,1
mon-espace-assu.com,0,0,0,0,0,0,0,1,0,0,0,1,1,0,1,0,1
qrco.de,0,0,0,1,0,0,0,0,0,1,1,1,0,0,1,0,1
awsforensicl3ns-west1apprunner-dprd03feve9j.edgeone.dev,0,0,1,0,0,0,0,1,0,0,1,1,0,0,1,0,1
prezo.ai,0,0,1,2,0,0,0,0,0,0,0,0,1,0,1,0,1
bellsouth-att-sign-in-af96b8.webflow.io,0,0,0,0,0,0,0,1,0,1,1,1,1,0,1,0,1
sdtiemo.com,0,0,0,2,0,0,0,0,1,0,1,1,1,1,1,1,1
docs.google.com,0,0,1,4,0,0,0,0,0,1,0,1,0,0,1,0,1
lar2938840.pro,0,0,0,0,0,0,0,0,1,0,1,1,1,1,1,1,1
l.ead.me,0,0,0,1,0,0,0,0,0,1,0,0,1,0,1,0,1
caseid100423982348237490.firebaseapp.com,0,0,0,0,0,0,0,0,0,1,1,1,1,0,1,0,1
l.ead.me,0,0,0,1,0,0,0,0,0,1,0,0,1,0,1,0,1
did.li,0,0,0,1,0,0,0,0,0,0,1,1,1,0,1,0,1
docs.google.com,0,0,1,4,0,0,0,0,0,1,0,1,1,0,1,0,1
share-eu1.hsforms.com,0,0,1,1,0,0,0,1,0,1,0,1,1,0,1,0,1
verificcmsn365avisofinal.fwh.is,0,0,0,0,0,0,0,0,0,0,0,0,1,1,1,1,1
p1rank.sbs,0,0,1,3,0,0,0,0,1,0,1,1,1,1,1,1,1
everwlsegee63spnn.weebly.com,0,0,0,0,0,0,0,0,0,1,0,1,1,0,1,0,1
check0preventivo.webcindario.com,0,0,0,0,0,0,0,0,1,1,1,1,1,1,1,1,1
policy-violation-center.com,0,0,1,2,0,0,0,1,0,0,0,1,1,0,1,0,1
acterax.help,0,0,0,0,0,0,0,0,0,0,0,1,1,1,1,1,1
3ff7c459-86b2-4f6d-b6b0-ba6402ef6cb0.htmlcomponentservice.com,0,0,1,1,0,0,0,1,0,0,0,0,1,0,1,0,1
kleinanzeigen.kleinkauff0.icu,0,0,1,1,0,0,0,0,1,0,1,1,1,1,1,1,1
qrco.de,0,0,0,1,0,0,0,0,0,1,1,1,0,0,1,0,1
web3-wallet-exodas.wasmer.app,0,0,0,0,0,0,0,1,0,1,1,1,1,0,1,0,1
sp12ct-pramel-biz-vorsik-handor.pages.dev,0,0,0,0,0,0,0,1,0,1,1,1,1,0,1,0,1
l.ead.me,0,0,0,1,0,0,0,0,0,1,0,0,0,0,1,0,1
fide-litmy.cyou,0,0,0,0,0,0,0,1,1,0,1,1,1,1,1,1,1
webmail-arcotel-gob-ec.weebly.com,0,0,0,0,0,0,0,1,0,1,0,1,1,0,1,0,1
zpr.io,0,0,0,1,0,0,0,0,0,0,0,1,1,0,1,0,1
happyhowlerrawpetfood.com,0,0,0,1,0,0,0,0,0,0,0,1,1,0,1,0,1
q-r.to,0,0,0,1,0,0,0,1,0,0,0,1,1,0,1,0,1
dpd.bvxqtrm.cfd,0,0,0,0,0,0,0,0,1,0,1,1,1,1,1,1,1
rp.mockplus.com,0,0,1,2,0,0,0,0,0,0,0,1,1,0,1,0,1
allegrolokainie.18256342x3.sbs,0,0,0,0,0,0,0,0,1,0,1,1,1,1,1,1,1
platform-suitecdn.wixstudio.com,0,0,0,1,0,0,0,1,0,1,1,1,1,0,1,0,1
qrco.de,0,0,0,1,0,0,0,0,0,1,1,1,0,0,1,0,1
lunvok.courses,0,0,0,1,0,0,0,0,0,0,0,0,1,1,1,1,1
lhub.to,0,0,0,1,0,0,0,0,0,0,0,1,1,0,1,0,1
support-souscriptionvideo.help,0,0,0,0,0,0,0,1,0,0,0,1,1,1,1,1,1
azcorpdaaauummmkaoakaoaakaoaoaoaoako.weebly.com,0,0,1,0,0,0,0,0,0,1,0,1,1,0,1,0,1
kleinanzeigen-bestellung.poxcchool.com,0,0,1,1,0,0,0,1,0,0,0,1,1,0,1,0,1
ipfs.best-practice.se,0,0,1,2,0,0,0,1,0,0,0,1,1,0,1,0,1
bafkreieirfzk47ltv7aitvp2em2umibjp3vx75s3ordm3ewz2shovtlepy.ipfs.dweb.link,0,0,1,0,0,0,0,0,1,1,1,1,1,1,1,1,1
securelink.verif-optus.com,0,0,0,1,0,0,0,1,0,0,0,1,1,1,1,1,1
q-r.to,0,0,0,1,0,0,0,1,0,0,0,1,0,0,1,0,1
evelwllsessec0l0ghtc0ntrl.weebly.com,0,0,0,0,0,0,0,0,0,1,0,1,1,0,1,0,1
cli.re,0,0,0,1,0,0,0,0,0,1,1,0,1,0,1,0,1
7vr4zpk.hair,0,0,0,3,0,0,0,0,1,0,1,1,1,1,1,1,1
868d6-z09x0-qjay-p2d-d456h.pages.dev,0,0,0,0,0,0,0,1,0,1,1,1,1,0,1,0,1
docs.google.com,0,0,1,5,0,0,0,0,0,1,0,1,1,0,1,0,1
bit.ly,0,0,0,1,0,0,1,0,0,1,0,1,1,0,1,0,1
northstarsecure.weebly.com,0,0,0,0,0,0,0,0,0,1,0,1,1,0,1,0,1
allegrolokainie.pl-58990124824.lol,0,0,0,0,0,0,0,1,1,0,1,1,1,1,1,1,1
qrco.de,0,0,0,1,0,0,0,0,0,1,1,1,0,0,1,0,1
bradesco.chatdeatualizacao.live,0,0,0,0,0,0,0,0,0,0,1,1,1,0,1,0,1
aide-a-proteger-vos-donnees-1.web.app,0,0,0,0,0,0,0,1,0,1,1,1,1,0,1,0,1
qrco.de,0,0,0,1,0,0,0,0,0,1,1,1,1,0,1,0,1
redigfrgklounoura.firebaseapp.com,0,0,0,0,0,0,0,0,0,1,1,1,1,0,1,0,1
sites.google.com,0,0,0,2,0,0,0,0,0,1,0,1,1,0,1,0,1
docs.google.com,0,0,1,5,0,0,0,0,0,1,0,1,1,0,1,0,1
sites.google.com,0,0,0,2,0,0,0,0,0,1,0,1,1,0,1,0,1
qrco.de,0,0,0,1,0,0,0,0,0,1,1,1,1,0,1,0,1
p2vn8kr.hair,0,0,0,3,0,0,0,0,1,0,1,1,1,1,1,1,1
serverotification-238645-9a9a18fb.s3.amazonaws.com,0,1,1,1,0,0,0,1,0,1,0,0,1,0,1,0,1
extern.portal.paymentrails.com,0,0,0,0,0,0,0,0,0,0,0,1,1,0,1,0,1
25inifilie.firebaseapp.com,0,0,0,0,0,0,0,0,0,1,1,1,1,0,1,0,1
propertyinaustralia.github.io,0,0,1,2,0,0,0,0,0,1,1,1,1,0,1,0,1
styldod-delivery-dash.webflow.io,0,0,0,1,0,0,0,1,0,1,1,1,1,0,1,0,1
antarangfashion.com,0,0,1,3,0,0,0,0,1,0,1,1,1,1,1,1,1
share-eu1.hsforms.com,0,0,1,1,0,0,0,1,0,1,0,1,1,0,1,0,1
allegro.smarpt342832012.homes,0,0,0,0,0,0,0,0,1,0,1,1,1,1,1,1,1
secure-server-page--lilyjaneleeks1.replit.app,0,0,0,0,0,0,0,1,0,1,1,1,1,0,1,0,1
l.ead.me,0,0,0,1,0,0,0,0,0,1,0,0,1,0,1,0,1
amel.ope-961084.pro,0,0,0,0,0,0,0,1,0,0,1,1,1,0,1,0,1
bit.ly,0,0,0,1,0,0,1,0,0,1,0,1,1,0,1,0,1
servicefbhelpmeta.web.app,0,0,0,0,0,0,0,0,0,1,1,1,1,0,1,0,1
verifikasi.vercel.app,0,0,0,0,0,0,0,0,0,1,1,1,1,0,1,0,1
pub-686f058eb7444d019c57a904212d32f2.r2.dev,0,0,1,1,0,0,0,1,0,1,1,1,1,0,1,0,1
hpbsi.com,0,0,0,3,0,0,0,0,0,0,0,0,1,0,1,0,1
sp11ct-kovsar-biz8-melrek-pradix.pages.dev,0,0,0,0,0,0,0,1,0,1,1,1,1,0,1,0,1
ameli-monespace.com,0,0,0,0,0,0,0,1,1,0,1,1,1,1,1,1,1
servitlan001.z13.web.core.windows.net,0,0,0,0,0,0,0,0,1,1,1,1,1,1,1,1,1
allegro-lokalnie.oaikcj823012-340.lat,0,0,0,0,0,0,0,1,1,0,1,1,1,1,1,1,1
bacmicuenta.help,0,0,0,1,0,0,0,0,1,0,1,1,1,1,1,1,1
new.express.adobe.com,0,0,0,2,0,0,0,0,0,1,0,1,1,0,1,0,1
teamservice67978.wixsite.com,0,0,0,1,0,0,0,0,0,1,1,1,1,0,1,0,1
abcsubmit.com,0,0,1,2,0,0,1,0,0,0,0,1,1,0,1,0,1
dijonacademie.weebly.com,0,0,0,0,0,0,0,0,0,1,0,1,1,0,1,0,1
travemi-gld-zorqeta-p3x5dq24.pages.dev,0,0,0,0,0,0,0,1,0,1,1,1,1,0,1,0,1
trrzur-bridge.framer.ai,0,0,0,0,0,0,0,1,0,0,1,1,1,0,1,0,1
qrco.de,0,0,0,1,0,0,0,0,0,1,1,1,1,0,1,0,1
scanned.page,0,0,0,2,0,0,0,0,0,1,1,1,1,0,1,0,1
docs.google.com,0,0,1,5,0,0,0,0,0,1,0,1,1,0,1,0,1
platform-simpleswp.wixstudio.com,0,0,0,1,0,0,0,1,0,1,1,1,1,0,1,0,1
docs.google.com,0,0,1,5,0,0,0,0,0,1,0,1,1,0,1,0,1
docs.google.com,0,0,1,5,0,0,0,0,0,1,0,1,1,0,1,0,1
zheard.net,0,0,1,3,0,0,0,0,0,0,0,1,0,0,1,0,1
servicepay-pal.com,0,0,0,1,0,0,0,1,0,0,0,1,1,1,1,1,1
qrco.de,0,0,0,1,0,0,0,0,0,1,1,1,0,0,1,0,1
us17.campaign-archive.com,0,0,1,0,0,0,0,1,0,1,0,1,1,0,1,0,1
bit.ly,0,0,0,1,0,0,1,0,0,1,0,1,1,0,1,0,1
docs.google.com,0,0,1,4,0,0,0,0,0,1,0,1,1,0,1,0,1
lcs5-7bfe-tji-4o5-04nrzp.pages.dev,0,0,0,0,0,0,0,1,0,1,1,1,1,0,1,0,1
mphasi.com,0,0,0,2,0,0,0,0,1,0,1,1,1,1,1,1,1
gov-police.click,0,0,0,1,0,0,0,1,1,0,1,1,1,1,1,1,1
onx.la,0,0,0,1,0,0,0,0,0,0,0,1,1,0,1,0,1
docs.google.com,0,0,1,5,0,0,0,0,0,1,0,1,1,0,1,0,1
cbvg78a.com,0,0,0,0,0,0,0,0,1,0,1,1,1,1,1,1,1
klelnanzeigen-deutch.xtlgj.com,0,0,0,1,0,0,0,1,1,0,1,1,1,1,1,1,1
docs.google.com,0,0,1,5,0,0,0,0,0,1,0,1,1,0,1,0,1
sites.google.com,0,0,0,3,0,0,0,0,0,1,0,1,1,0,1,0,1
tgcxcxi.com,0,0,0,0,0,0,0,0,1,0,1,1,1,1,1,1,1
adobepdfinio.weebly.com,0,0,0,0,0,0,0,0,0,1,0,1,1,0,1,0,1
dropbox.com,0,0,1,4,0,0,1,0,0,1,0,1,1,0,1,0,1
cmkgracedvnes.web.app,0,0,0,0,0,0,0,0,0,1,1,1,1,0,1,0,1
docs.google.com,0,0,1,5,0,0,0,0,0,1,0,1,1,0,1,0,1
secure-trzo-start-us.square.site,0,0,0,0,0,0,0,1,0,1,0,1,1,0,1,0,1
allegrolokalnie.pl78453.top,0,0,0,0,0,0,0,0,1,0,1,1,1,1,1,1,1
chiphi-app.firebaseapp.com,0,0,0,0,0,0,0,1,0,1,1,1,1,0,1,0,1
arub-it.myshopify.com,0,0,0,0,0,0,0,1,0,1,1,1,1,0,1,0,1
6fl4-krkoo-o9li-029w-qbsig2.pages.dev,0,0,0,0,0,0,0,1,0,1,1,1,1,0,1,0,1
ky.gov-pzh.help,0,0,0,0,0,0,0,1,1,0,1,1,1,1,1,1,1
qrco.de,0,0,0,1,0,0,0,0,0,1,1,1,0,0,1,0,1
docs.google.com,0,0,1,5,0,0,0,0,0,1,0,1,1,0,1,0,1
qrco.de,0,0,0,1,0,0,0,0,0,1,1,1,1,0,1,0,1
docs.google.com,0,0,1,5,0,0,0,0,0,1,0,1,1,0,1,0,1
allegrolokalnie.ofeta-291231413.sbs,0,0,0,0,0,0,0,1,1,0,1,1,1,1,1,1,1
q-r.to,0,0,0,1,0,0,0,1,0,0,0,1,0,0,1,0,1
new-briddge.zapier.app,0,0,0,1,0,0,0,1,0,1,1,1,1,0,1,0,1
pichincha2025c.webcindario.com,0,0,0,0,0,0,0,0,1,1,1,1,1,1,1,1,1
new.express.adobe.com,0,0,0,2,0,0,0,0,0,1,0,1,1,0,1,0,1
pub-bbe3a8c7a52047d48db003af23346f71.r2.dev,0,0,1,1,0,0,0,1,0,1,1,1,1,0,1,0,1
ppl.center-resolution.eu.cc,0,0,0,0,0,0,0,1,1,1,1,1,1,1,1,1,1
hkflu.com,0,0,0,2,0,0,0,0,1,0,1,1,1,1,1,1,1
qrco.de,0,0,0,1,0,0,0,0,0,1,1,1,0,0,1,0,1
btreiyrstakxn-cjserpqonuaxh.firebaseapp.com,0,0,0,0,0,0,0,1,0,1,1,1,1,0,1,0,1
postoffice.adobe.com,0,0,1,3,0,0,0,0,0,1,0,1,1,0,1,0,1
awesome-color-030496.framer.app,0,0,0,0,0,0,0,1,0,1,1,1,1,0,1,0,1
wwwmicrosoft-com-en-us-microsoft-365-outlook-email.framer.website,0,0,1,0,0,0,0,1,0,1,0,0,1,0,1,0,1
storage.cloud.google.com,0,1,1,2,0,0,0,0,0,1,0,1,1,0,1,0,1
qrco.de,0,0,0,1,0,0,0,0,0,1,1,1,1,0,1,0,1
sdasdsss.webcindario.com,0,0,0,2,0,0,0,0,1,1,1,1,1,1,1,1,1
q-r.to,0,0,0,1,0,0,0,1,0,0,0,1,0,0,1,0,1
c4545sd.blogspot.com,0,0,0,0,0,0,1,0,0,1,1,1,1,0,1,0,1
tbaytelcommunications.weebly.com,0,0,0,0,0,0,0,0,0,1,0,1,1,0,1,0,1
allegro-lokalnie.4754767463483.click,0,0,0,0,0,0,0,1,1,0,1,1,1,1,1,1,1
pub-6cbe4aae27494261b6ba482c02d3fab8.r2.dev,0,0,1,1,0,0,0,1,0,1,1,1,1,0,1,0,1
coincommunity-ta.netlify.app,0,0,0,0,0,0,0,1,0,1,1,1,1,0,1,0,1
umairharoon.com,0,0,0,0,0,0,0,0,0,0,0,1,0,0,1,0,1
berzani-gld-lormavi-a2t7dc91.pages.dev,0,0,0,0,0,0,0,1,0,1,1,1,1,0,1,0,1
kaywa.me,0,0,0,1,0,0,0,0,0,0,0,0,1,0,1,0,1
solairdrops-iy.netlify.app,0,0,0,0,0,0,0,1,0,1,1,1,1,0,1,0,1
screaky-nodes.weebly.com,0,0,0,0,0,0,0,1,0,1,0,1,1,0,1,0,1
audience-upholstery.net,0,0,0,0,0,0,0,1,0,0,0,1,1,0,1,0,1
catergoryacceptance.weebly.com,0,0,0,0,0,0,0,0,0,1,0,1,1,0,1,0,1
dpdlocoti.top,0,0,0,1,0,0,0,0,1,0,1,1,1,1,1,1,1
docs.google.com,0,0,1,4,0,0,0,0,0,1,0,1,1,0,1,0,1
go2.rennrad-news.de,0,0,1,0,1,0,0,1,0,1,1,1,1,0,1,0,1
l.ead.me,0,0,0,1,0,0,0,0,0,1,0,0,0,0,1,0,1
bridge-applives.wixstudio.com,0,0,0,1,0,0,0,1,0,1,1,1,1,0,1,0,1
allegro-lokalnie.smart239124039.cfd,0,0,0,0,0,0,0,1,1,0,1,1,1,1,1,1,1
loginacnancymetzfridpprofileollcauthorizeexecutione2e4.weebly.com,0,0,1,0,0,0,0,0,0,1,0,1,1,0,1,0,1
bacaccesoseguro.help,0,0,0,1,0,0,0,0,0,0,0,1,1,1,1,1,1
sso-auths-bitmart-sso.webflow.io,0,0,0,0,0,0,0,1,0,1,1,1,1,0,1,0,1
eu.jotform.com,0,0,0,2,0,0,0,0,0,1,0,1,1,0,1,0,1
qdnsyzx.com,0,0,0,3,0,0,1,0,1,0,1,1,1,1,1,1,1
assine-clarobrasil-com-br.vercel.app,0,0,0,0,0,0,0,1,0,1,1,1,1,0,1,0,1
netlixrenouvellement.my,0,0,0,0,0,0,0,0,0,0,0,1,1,1,1,1,1
bayar-sah4u.shop,0,0,0,3,0,0,0,1,1,0,1,1,1,1,1,1,1
bit.ly,0,0,0,1,0,0,1,0,0,1,0,1,1,0,1,0,1
glsdtl.com,0,0,0,0,0,0,0,0,1,0,1,1,1,1,1,1,1
ow.ly,0,0,0,1,0,0,1,0,0,1,0,1,0,0,1,0,1
pub-395b3993e2cf425cb8f7153562cb7d9d.r2.dev,0,0,1,1,0,0,0,1,0,1,1,1,1,0,1,0,1
securpassverif-ca.com,0,0,1,4,0,0,0,1,0,0,0,1,1,1,1,1,1
allegrolokalnie.oferta94281.cfd,0,0,0,0,0,0,0,0,1,0,1,1,1,1,1,1,1
yyk.ink,0,0,0,1,0,0,0,0,0,0,0,1,1,0,1,0,1
bnkfindo.blogspot.com,0,0,0,0,0,0,1,0,0,1,1,1,1,0,1,0,1
allegrolokainie.pl-984523.sbs,0,0,0,0,0,0,0,1,1,0,1,1,1,1,1,1,1
href.li,0,0,0,0,1,0,0,0,0,1,1,1,1,0,1,0,1
lnslagram.github.io,0,0,0,1,0,0,0,0,0,1,1,1,1,0,1,0,1
magenta-sheets-041257.framer.app,0,0,0,0,0,0,0,1,0,1,1,1,1,0,1,0,1
official-platform-us.wixstudio.com,0,0,0,1,0,0,0,1,0,1,1,1,1,0,1,0,1
q-r.to,0,0,0,1,0,0,0,1,0,0,0,1,0,0,1,0,1
tfgyhuyujik.w3spaces.com,0,0,0,0,0,0,0,0,0,0,0,0,1,0,1,0,1
barrycode.com,0,0,1,1,0,0,0,0,0,0,0,1,1,0,1,0,1
bermita-gld-zormela-p4t1hk95.pages.dev,0,0,0,0,0,0,0,1,0,1,1,1,1,0,1,0,1
php-web-server--franz1095.replit.app,0,0,0,0,0,0,0,1,0,1,1,1,1,0,1,0,1
micro-metamask.wixstudio.com,0,0,0,1,0,0,0,1,0,1,1,1,1,0,1,0,1
allegro.pl-4348352.sbs,0,0,0,0,0,0,0,1,1,0,1,1,1,1,1,1,1
wnxqspak.firebaseapp.com,0,0,0,0,0,0,0,0,0,1,1,1,1,0,1,0,1
bleletrica.com,0,0,0,0,0,0,0,0,0,0,1,1,1,1,1,1,1
l.ead.me,0,0,0,1,0,0,0,0,0,1,0,0,0,0,1,0,1
us2.campaign-archive.com,0,0,1,0,0,0,0,1,0,1,0,1,1,0,1,0,1
sparkly-mission-157066.framer.app,0,0,0,0,0,0,0,1,0,1,1,1,1,0,1,0,1
slvruzx2.ac-page.com,0,0,0,1,0,0,0,1,0,1,0,1,1,0,1,0,1
v6992y.webwave.dev,0,0,0,0,0,0,0,0,0,0,1,1,1,0,1,0,1
bafkreia7m7wyi7xnltk5kqkoy4m3nssthp2vnjertouskbhqknycjtb2o4.ipfs.dweb.link,0,0,1,0,0,0,0,0,1,1,1,1,1,1,1,1,1
redirect-4e2a9b81.vercel.app,0,0,0,0,0,0,0,1,0,1,1,1,1,0,1,0,1
google.it,0,0,1,1,1,0,0,0,0,1,0,1,1,0,1,0,1
trk-mkt.tason.com,0,0,1,1,1,0,1,1,0,0,0,1,1,0,1,0,1
allegrolokalnie.lokalne-ogloszenie13826381737.cyou,0,0,1,0,0,0,0,1,1,0,1,1,1,1,1,1,1
pub-852d349dab374f1cadb6988fb691dada.r2.dev,0,0,1,1,0,0,0,1,0,1,1,1,1,0,1,0,1
flow.page,0,0,0,1,0,0,0,0,0,1,1,1,1,0,1,0,1
linqapp.com,0,0,0,1,0,0,0,0,0,0,0,1,1,0,1,0,1
alummiteduf.weebly.com,0,0,0,0,0,0,0,0,0,1,0,1,1,0,1,0,1
micuentabac.help,0,0,0,1,0,0,0,0,1,0,1,1,1,1,1,1,1
l.ead.me,0,0,0,1,0,0,0,0,0,1,0,0,0,0,1,0,1
zyinfomail.weebly.com,0,0,0,0,0,0,0,0,0,1,1,1,1,0,1,0,1
mywescorrnsv.top,0,0,1,0,0,0,0,0,1,0,1,1,1,1,1,1,1
zimbbra.webflow.io,0,0,0,0,0,0,0,0,0,1,1,1,1,0,1,0,1
l.ead.me,0,0,0,1,0,0,0,0,0,1,0,0,1,0,1,0,1
qrco.de,0,0,0,1,0,0,0,0,0,1,1,1,0,0,1,0,1
q-r.to,0,0,0,1,0,0,0,1,0,0,0,1,1,0,1,0,1
allegro.937110.click,0,0,0,0,0,0,0,0,1,0,1,1,1,1,1,1,1
0nlineverwlse0nlycu.weebly.com,0,0,0,0,0,0,0,0,0,1,0,1,1,0,1,0,1
tiny.serv457771.pro,0,0,0,0,0,0,0,0,1,0,1,1,1,1,1,1,1
wrio015.pro,0,0,0,0,0,0,0,0,1,0,1,1,1,1,1,1,1
us10.campaign-archive.com,0,0,1,0,0,0,0,1,0,1,0,1,1,0,1,0,1
hebhg.com,0,0,0,0,0,0,0,0,1,0,1,1,1,1,1,1,1
bit.ly,0,0,0,1,0,0,1,0,0,1,0,1,1,0,1,0,1
correosdecr.web.app,0,0,0,0,0,0,0,0,0,1,1,1,1,0,1,0,1
endpoint-security-monitoring-center.pages.dev,0,0,0,0,0,0,0,1,0,1,1,1,1,0,1,0,1
q-r.to,0,0,0,1,0,0,0,1,0,0,0,1,0,0,1,0,1
ky.nhiikxd.cyou,0,0,0,0,0,0,0,0,1,0,1,1,1,1,1,1,1
bafkreigkhgxdo37x5zymydf5ukvyrc3bsgdlujh3f77tiw7szpawc46yky.ipfs.dweb.link,0,0,1,0,0,0,0,0,1,1,1,1,1,1,1,1,1
new.express.adobe.com,0,0,0,2,0,0,0,0,0,1,0,1,1,0,1,0,1
qrco.de,0,0,0,1,0,0,0,0,0,1,1,1,0,0,1,0,1
docs.google.com,0,0,1,5,0,0,0,0,0,1,0,1,1,0,1,0,1
allegrolokalnie.pl01.me,0,0,0,0,0,0,0,0,1,0,1,1,1,1,1,1,1
did.li,0,0,0,1,0,0,0,0,0,0,1,1,1,0,1,0,1
sp12ct-zorsel-biz-havrik-prondor.pages.dev,0,0,0,0,0,0,0,1,0,1,1,1,1,0,1,0,1
btsecurity.w3spaces.com,0,0,0,0,0,0,0,0,0,0,0,0,1,0,1,0,1
sp19ct7-vuref-biz-kalem-sonid.pages.dev,0,0,0,0,0,0,0,1,0,1,1,1,1,0,1,0,1
php-web-server--activo2888.replit.app,0,0,0,0,0,0,0,1,0,1,1,1,1,0,1,0,1
docs.google.com,0,0,1,5,0,0,0,0,0,1,0,1,1,0,1,0,1
docs.google.com,0,0,1,5,0,0,0,0,0,1,0,1,1,0,1,0,1
docs.google.com,0,0,1,5,0,0,0,0,0,1,0,1,1,0,1,0,1
qrco.de,0,0,0,1,0,0,0,0,0,1,1,1,0,0,1,0,1
qrco.de,0,0,0,1,0,0,0,0,0,1,1,1,0,0,1,0,1
away.vk.com,0,0,1,1,0,0,0,0,0,1,0,1,0,0,1,0,1
spf-amende.com,0,0,0,0,0,0,0,1,0,0,0,0,1,1,1,1,1
vormela-gld-zentora-c6t4dc91.pages.dev,0,0,0,0,0,0,0,1,0,1,1,1,1,0,1,0,1
zenqorax.com,0,0,0,2,0,0,1,0,0,0,0,1,1,0,1,0,1
7n0-4p04-wgjxi-mfrde-im0dhe.pages.dev,0,0,0,0,0,0,0,1,0,1,1,1,1,0,1,0,1
jacobbentsen.wixsite.com,0,0,0,1,0,0,0,0,0,1,1,1,1,0,1,0,1
32lakeelm09.weebly.com,0,0,0,0,0,0,0,0,0,1,0,1,1,0,1,0,1
oih8tr.duckdns.org,0,0,0,0,0,0,0,0,0,1,1,1,1,1,1,1,1
allegro.102988g8g8g.pl,0,0,1,1,0,0,0,0,0,0,0,1,1,1,1,1,1
q-r.to,0,0,0,1,0,0,0,1,0,0,0,1,1,0,1,0,1
qrco.de,0,0,0,1,0,0,0,0,0,1,1,1,1,0,1,0,1
resgatar.pntsonlineapp.com,0,0,0,0,0,0,0,0,0,0,0,1,1,0,1,0,1
claim-danaa-pending.naa.my.id,0,0,0,0,0,0,0,1,1,0,1,1,1,1,1,1,1
welcome-bhd-credi.lovable.app,0,0,0,1,0,0,0,1,0,1,1,1,1,0,1,0,1
amz36rd.s3.us-east-1.amazonaws.com,0,0,1,1,0,0,0,1,0,1,0,0,1,0,1,0,1
ersfrtiolmnytred.weebly.com,0,0,0,0,0,0,0,0,0,1,0,1,1,0,1,0,1
yhzt-525a9.firebaseapp.com,0,0,0,0,0,0,0,1,0,1,1,1,1,0,1,0,1
new.express.adobe.com,0,0,0,2,0,0,0,0,0,1,0,1,1,0,1,0,1
r3g1strat3-aqu1.webcindario.com,0,0,0,0,0,0,0,1,1,1,1,1,1,1,1,1,1
docs.google.com,0,0,1,4,0,0,0,0,0,1,0,1,1,0,1,0,1
q-r.to,0,0,0,1,0,0,0,1,0,0,0,1,1,0,1,0,1
l.ead.me,0,0,0,1,0,0,0,0,0,1,0,0,0,0,1,0,1
legendary-narwhal-00f0c4.netlify.app,0,0,1,0,0,0,0,1,0,1,1,1,1,0,1,0,1
ghyytttdd.weebly.com,0,0,0,0,0,0,0,0,0,1,0,1,1,0,1,0,1
startsio-trexors.wixstudio.com,0,0,0,1,0,0,0,1,0,1,1,1,1,0,1,0,1
allegro.oferta813502.click,0,0,0,0,0,0,0,0,1,0,1,1,1,1,1,1,1
storage.cloud.google.com,0,1,1,2,0,0,1,0,0,1,0,1,1,0,1,0,1
gov-xcm.help,0,0,0,0,0,0,0,1,1,0,1,1,1,1,1,1,1
sites.google.com,0,0,0,3,0,0,0,0,0,1,0,1,1,0,1,0,1
bit.ly,0,0,0,1,0,0,1,0,0,1,0,1,1,0,1,0,1
dropbox.com,0,0,1,4,0,0,1,0,0,1,0,1,1,0,1,0,1
allegro-lokalnie.pl-1984334.shop,0,0,0,0,0,0,0,1,1,0,1,1,1,1,1,1,1
l.ead.me,0,0,0,1,0,0,0,0,0,1,0,0,0,0,1,0,1
netatendimento.com,0,0,0,0,0,0,0,0,1,0,1,1,1,1,1,1,1
wjrsk8agpxo-mzgqlmja-9e5f9b-wjr06c.pages.dev,0,0,0,0,0,0,0,1,0,1,1,1,1,0,1,0,1
liveapps-ledgres.wixstudio.com,0,0,0,1,0,0,0,1,0,1,1,1,1,0,1,0,1
zpr.io,0,0,0,1,0,0,0,0,0,0,0,1,1,0,1,0,1
sede.agenciatributaia-gob.top,0,0,0,1,0,0,0,1,1,0,1,1,1,1,1,1,1
flow.page,0,0,0,1,0,0,0,0,0,1,1,1,1,0,1,0,1
l.ead.me,0,0,0,1,0,0,0,0,0,1,0,0,1,0,1,0,1
ambiguous-flexibility-197011.framer.app,0,0,0,0,0,0,0,1,0,1,1,1,1,0,1,0,1
site-ausu3wbam.godaddysites.com,0,0,0,0,0,0,0,1,0,1,0,1,1,0,1,0,1
sp12ct-varsor-biz-kendik-zolmar.pages.dev,0,0,0,0,0,0,0,1,0,1,1,1,1,0,1,0,1
diceempire-ba357.web.app,0,0,0,0,0,0,0,1,0,1,1,1,1,0,1,0,1
docs.google.com,0,0,1,5,0,0,0,0,0,1,0,1,1,0,1,0,1
sites.google.com,0,0,0,3,0,0,0,0,0,1,0,1,1,0,1,0,1
48qk-qv3t-2cg-fqcihr-p4kuf.pages.dev,0,0,0,0,0,0,0,1,0,1,1,1,1,0,1,0,1
home-htxxcdn.wixstudio.com,0,0,0,1,0,0,0,1,0,1,1,1,1,0,1,0,1
baucarshopee1462.weebly.com,0,0,0,0,0,0,0,0,0,1,0,1,1,0,1,0,1
tinyurl.com,0,0,0,1,0,0,1,0,0,1,0,1,1,0,1,0,1
allegro-lokalnie.pl-92113.click,0,0,0,0,0,0,0,1,1,0,1,1,1,1,1,1,1
suport-microsof.webcindario.com,0,0,0,0,0,0,0,1,1,1,1,1,1,1,1,1,1
layerxxyz.pages.dev,0,0,0,0,0,0,0,0,1,1,1,1,1,1,1,1,1
l.ead.me,0,0,0,1,0,0,0,0,0,1,0,0,0,0,1,0,1
bonheurterrirose.web.app,0,0,0,0,0,0,0,0,0,1,1,1,1,0,1,0,1
q-r.to,0,0,0,1,0,0,0,1,0,0,0,1,0,0,1,0,1
oluwarantinmialafia.godaddysites.com,0,0,0,0,0,0,0,0,0,1,0,1,1,0,1,0,1
webvghkngf.weebly.com,0,0,0,0,0,0,0,0,0,1,0,1,1,0,1,0,1
dropbox.com,0,0,1,4,0,0,1,0,0,1,0,1,1,0,1,0,1
registrate-hoy0.webcindario.com,0,0,1,0,0,0,0,1,1,1,1,1,1,1,1,1,1
bafkreihaydjl7vi7elze6ytg6nh6j5weog7zvxpzvxkamtl2slxmtytwui.ipfs.dweb.link,0,0,1,0,0,0,0,0,1,1,1,1,1,1,1,1,1
allegro-lokalnie.smart9432837237.shop,0,0,1,1,0,0,0,1,0,0,1,1,1,1,1,1,1
9zhouedu.com,0,0,0,0,0,0,0,0,1,0,1,1,1,1,1,1,1
l.ead.me,0,0,0,1,0,0,0,0,0,1,0,0,0,0,1,0,1
sites.google.com,0,0,0,2,0,0,0,0,0,1,0,1,1,0,1,0,1
ryanssafeplace.com,0,0,1,3,0,0,0,0,0,0,0,0,1,0,1,0,1
staff.pb3.duckdns.org,0,0,0,0,0,0,0,0,0,1,1,1,1,1,1,1,1
domappcheckomeg20.web.app,0,0,0,0,0,0,0,0,0,1,1,1,1,0,1,0,1
canada-e4075.web.app,0,0,0,0,0,0,0,1,0,1,1,1,1,0,1,0,1
alianca-rs.com.br,0,0,0,1,0,0,0,1,0,0,0,0,1,0,1,0,1
ppl-survey-admin.com,0,0,0,0,0,0,0,1,1,0,1,1,1,1,1,1,1
allegro.195748b2.click,0,0,0,0,0,0,0,0,1,0,1,1,1,1,1,1,1
ansmedtraininginstitute.com,0,0,0,1,0,0,0,0,0,0,0,1,1,0,1,0,1
zpr.io,0,0,0,1,0,0,0,0,0,0,0,1,1,0,1,0,1
sign-in-to-xfinity-10199.weebly.com,0,0,0,0,0,0,0,1,0,1,0,1,1,0,1,0,1
eu.jotform.com,0,0,0,2,0,0,0,0,0,1,0,1,1,0,1,0,1
bit.ly,0,0,0,1,0,0,1,0,0,1,0,1,1,0,1,0,1
l.ead.me,0,0,0,1,0,0,0,0,0,1,0,0,0,0,1,0,1
93h1lz.codesandbox.io,0,0,1,0,0,0,0,0,0,1,0,1,1,0,1,0,1
tradltlomalbornk.xyz,0,0,1,0,0,0,0,0,1,0,1,1,1,1,1,1,1
swisspost.sendung1809915.info,0,0,0,1,0,0,0,0,0,0,1,1,1,0,1,0,1
axos-onlinebanking-eight.vercel.app,0,0,0,0,0,0,0,1,0,1,1,1,1,0,1,0,1
bima-mobile-aktivasi-pemulihan.edgeone.app,0,0,1,1,0,0,0,1,0,0,1,1,1,0,1,0,1
case-100067559219846121.start.page,0,0,0,0,0,0,0,1,0,0,1,1,1,0,1,0,1
exods-ext.wixstudio.com,0,0,0,1,0,0,0,1,0,1,1,1,1,0,1,0,1
latvia-pasts.firebaseapp.com,0,0,0,0,0,0,0,1,0,1,1,1,1,0,1,0,1
secure-server-index--dolangroupllc.replit.app,0,0,1,0,0,0,0,1,0,1,1,1,1,0,1,0,1
lfrpmzng.com,0,0,0,0,0,0,0,0,0,0,0,1,1,1,1,1,1
qrco.de,0,0,0,1,0,0,0,0,0,1,1,1,0,0,1,0,1
share-eu1.hsforms.com,0,0,1,1,0,0,0,1,0,1,0,1,1,0,1,0,1
wmailsignin0000z97jed2.weebly.com,0,0,0,0,0,0,0,0,0,1,0,1,1,0,1,0,1
9r8ea-9iemui-dlq7-hsql4y.pages.dev,0,0,0,0,0,0,0,1,0,1,1,1,1,0,1,0,1
web.tegvuq.top,0,0,0,0,0,0,0,0,1,0,1,1,1,1,1,1,1
tinyurl.com,0,0,0,1,0,0,1,0,0,1,0,1,1,0,1,0,1
sdumitru33.wixsite.com,0,0,0,1,0,0,0,0,0,1,1,1,1,0,1,0,1
brianraistrick.wixsite.com,0,0,0,1,0,0,0,0,0,1,1,1,1,0,1,0,1
asbrobizz.buzz,0,0,0,1,0,0,0,0,1,0,1,1,1,1,1,1,1
myacmonthy.com,0,0,0,0,0,0,0,0,0,0,0,1,1,1,1,1,1
docs.google.com,0,0,1,5,0,0,0,0,0,1,0,1,1,0,1,0,1
router-chef.firebaseapp.com,0,0,0,0,0,0,0,1,0,1,1,1,1,0,1,0,1
corssap.blogspot.com,0,0,0,0,0,0,1,0,0,1,1,1,1,0,1,0,1
pub-fd53c204c26f4b839eebe1f041d2b0a6.r2.dev,0,0,1,1,0,0,0,1,0,1,1,1,1,0,1,0,1
delacerralaw.com,0,0,0,0,0,0,0,0,0,0,0,1,1,0,1,0,1
docs.google.com,0,0,1,5,0,0,0,0,0,1,0,1,1,0,1,0,1
httpshttpshttpssportybetadder-90.weebly.com,0,0,0,0,0,1,0,1,0,1,0,1,1,0,1,0,1
cosmic-raindrop-2e0f38.netlify.app,0,0,0,0,0,0,0,1,0,1,1,1,1,0,1,0,1
gov-nazd.help,0,0,0,0,0,0,0,1,1,0,1,1,1,1,1,1,1
docs.google.com,0,0,1,5,0,0,0,0,0,1,0,1,1,0,1,0,1
allegro.ofeta-142233.sbs,0,0,0,0,0,0,0,1,1,0,1,1,1,1,1,1,1
regroup.na.chilipiper.com,0,0,1,2,0,0,0,0,0,1,1,1,1,0,1,0,1
itacolor.com.br,0,0,0,2,0,0,0,0,0,0,0,1,1,0,1,0,1
docs.google.com,0,0,1,5,0,0,0,0,0,1,0,1,1,0,1,0,1
allegrolokalne.pl94324.sbs,0,0,0,0,0,0,0,0,1,0,1,1,1,1,1,1,1
qrco.de,0,0,0,1,0,0,0,0,0,1,1,1,0,0,1,0,1
grillabooks.com,0,0,1,5,0,0,0,0,0,0,0,1,0,0,1,0,1
us3.campaign-archive.com,0,0,1,0,0,0,0,1,0,1,0,1,1,0,1,0,1
docs.google.com,0,0,1,4,0,0,0,0,0,1,0,1,1,0,1,0,1
sites.google.com,0,0,1,3,0,0,0,0,0,1,0,1,1,0,1,0,1
smartdappstech.pages.dev,0,0,0,0,0,0,0,0,0,1,1,1,1,0,1,0,1
confirmyouraccountdetails.web.app,0,0,0,0,0,0,0,0,0,1,1,1,1,0,1,0,1
fmbrmotchecks.vercel.app,0,0,0,0,0,0,0,0,0,1,1,1,1,0,1,0,1
allegro-lokalnie.835491.lat,0,0,0,0,0,0,0,1,1,0,1,1,1,1,1,1,1
rostj008.wixsite.com,0,0,0,1,0,0,0,0,0,1,1,1,1,0,1,0,1
retawilo.web.app,0,0,0,0,0,0,0,0,0,1,1,1,1,0,1,0,1
storage.googleapis.com,0,0,1,2,0,0,0,0,0,1,1,1,1,0,1,0,1
qrco.de,0,0,0,1,0,0,0,0,0,1,1,1,0,0,1,0,1
docs.google.com,0,0,1,5,0,0,0,0,0,1,0,1,1,0,1,0,1
dienst-k.com,0,0,0,0,0,0,0,1,1,0,1,1,1,1,1,1,1
docs.google.com,0,0,1,5,0,0,0,0,0,1,0,1,1,0,1,0,1
dpdlocorm.cyou,0,0,0,1,0,0,0,0,1,0,1,1,1,1,1,1,1
qrco.de,0,0,0,1,0,0,0,0,0,1,1,1,0,0,1,0,1
bit.ly,0,0,0,1,0,0,1,0,0,1,0,1,1,0,1,0,1
isl1bmtqy.duckdns.org,0,0,0,0,0,0,0,0,0,1,1,1,1,1,1,1,1
app.powerbi.com,0,0,1,1,0,0,0,0,0,1,0,0,1,0,1,0,1
q-r.to,0,0,0,1,0,0,0,1,0,0,0,1,0,0,1,0,1
support-sca.eu.cc,0,0,0,0,0,0,0,1,0,1,0,1,1,1,1,1,1
resourceful-room-306117.framer.app,0,0,0,0,0,0,0,1,0,1,1,1,1,0,1,0,1
vormela-gld-belquna-c2x6fq91.pages.dev,0,0,0,0,0,0,0,1,0,1,1,1,1,0,1,0,1
l.wl.co,0,0,0,1,1,0,0,0,0,1,0,1,1,0,1,0,1
rjjohnson.net,0,1,1,2,0,0,0,0,0,0,0,1,1,0,1,0,1
g307jbc1.firebaseapp.com,0,0,0,0,0,0,0,0,0,1,1,1,1,0,1,0,1
claim-3jb.netlify.app,0,0,0,0,0,0,0,1,0,1,1,1,1,0,1,0,1
lioninn.co.uk,0,0,0,0,0,0,0,0,0,0,1,1,1,0,1,0,1
l.ead.me,0,0,0,1,0,0,0,0,0,1,0,0,1,0,1,0,1
rcnemail.weebly.com,0,0,0,0,0,0,0,0,0,1,0,1,1,0,1,0,1
docs.google.com,0,0,1,4,0,0,0,0,0,1,0,1,1,0,1,0,1
turman33.weebly.com,0,0,0,0,0,0,0,0,0,1,0,1,1,0,1,0,1
paypay-card.zrgjjpl.cn,0,0,0,0,0,0,0,1,1,0,1,1,1,1,1,1,1
q-r.to,0,0,0,1,0,0,0,1,0,0,0,1,1,0,1,0,1
groupmgmt.ferreracademy.com,0,0,0,0,0,0,0,0,0,0,0,1,1,0,1,0,1
tinyurl.com,0,0,0,1,0,0,1,0,0,1,0,1,1,0,1,0,1
qr-codes.io,0,0,0,1,0,0,0,1,0,0,0,0,1,0,1,0,1
l.ead.me,0,0,0,1,0,0,0,0,0,1,0,0,0,0,1,0,1
service01vocal.ukit.me,0,0,0,0,0,0,0,0,0,0,0,0,1,0,1,0,1
urlz.fr,0,0,0,1,0,0,0,0,0,1,0,1,1,1,1,1,1
allegrolokainie.oferta81480578.click,0,0,0,0,0,0,0,0,1,0,1,1,1,1,1,1,1
moja-paczka.fieoia.icu,0,0,1,3,0,0,0,1,1,0,1,1,1,1,1,1,1
bit.ly,0,0,0,1,0,0,1,0,0,1,0,1,1,0,1,0,1
dqkj-fq6-o46svx-qht-e3eofu.pages.dev,0,0,0,0,0,0,0,1,0,1,1,1,1,0,1,0,1
briamdoniasteamworkspace.myclickfunnels.com,0,0,1,1,0,0,0,0,0,1,0,0,1,0,1,0,1
sp19ct7-moren-biz-furel-dasik.pages.dev,0,0,0,0,0,0,0,1,0,1,1,1,1,0,1,0,1
l.ead.me,0,0,0,1,0,0,0,0,0,1,0,0,1,0,1,0,1
ontyi.weebly.com,0,0,0,0,0,0,0,0,0,1,0,1,1,0,1,0,1
livinginsim.com,0,0,1,1,0,0,0,0,0,0,0,1,1,0,1,0,1
allegro-lokalnie.873r673g.lat,0,0,0,0,0,0,0,1,1,0,1,1,1,1,1,1,1
l.ead.me,0,0,0,1,0,0,0,0,0,1,0,0,0,0,1,0,1
gov-noa.help,0,0,0,0,0,0,0,1,1,0,1,1,1,1,1,1,1
reaganweb-----admwardsectinistrasuppion000conservatveprovideer.weebly.com,0,0,1,0,0,0,0,1,0,1,0,1,1,0,1,0,1
docs.google.com,0,0,1,5,0,0,0,0,0,1,0,1,1,0,1,0,1
new.express.adobe.com,0,0,0,2,0,0,0,0,0,1,0,1,1,0,1,0,1
new.express.adobe.com,0,0,0,2,0,0,0,0,0,1,0,1,1,0,1,0,1
bafkreiekbtzmshtc237taav2aevej2xm7rbnt5f4vkc5vavwijjg44m7vi.ipfs.dweb.link,0,0,1,0,0,0,0,0,1,1,1,1,1,1,1,1,1
us-en-suite.framer.ai,0,0,0,0,0,0,0,1,0,0,1,1,1,0,1,0,1
lite.evernote.com,0,0,1,2,0,0,0,0,0,1,0,1,1,0,1,0,1
qrco.de,0,0,0,1,0,0,0,0,0,1,1,1,0,0,1,0,1
sarkarisamadhan.com,0,0,1,4,0,0,0,0,1,0,1,1,1,1,1,1,1
docs.google.com,0,0,1,5,0,0,0,0,0,1,0,1,1,0,1,0,1
qrco.de,0,0,0,1,0,0,0,0,0,1,1,1,0,0,1,0,1
bit.ly,0,0,0,1,0,0,1,0,0,1,0,1,1,0,1,0,1
ipfs.io,0,0,1,2,0,0,0,0,0,1,0,1,1,0,1,0,1
tinu.be,0,0,0,1,0,0,0,0,0,0,1,1,1,1,1,1,1
taoiqsew.shop,0,0,0,0,0,0,0,0,0,0,1,1,1,1,1,1,1
qrco.de,0,0,0,1,0,0,0,0,0,1,1,1,0,0,1,0,1
bafkreifrk4oo2dl66nkdubofqldswghcwe72juuyjdhvlxvq4tfmheu5oe.ipfs.dweb.link,0,0,1,0,0,0,0,0,1,1,1,1,1,1,1,1,1
nikelandpaperau.com,0,0,0,0,0,0,0,0,1,0,1,1,1,1,1,1,1
qrco.de,0,0,0,1,0,0,0,0,0,1,1,1,1,0,1,0,1
ipfs.best-practice.se,0,0,1,2,0,0,0,1,0,0,0,1,1,0,1,0,1
linneakittrell.com,0,0,0,0,0,0,0,0,0,0,0,0,1,1,1,1,1
loginsapo.weebly.com,0,0,0,0,0,0,0,0,0,1,0,1,1,0,1,0,1
bafybeie5f5zmnofaardfauktuutu6zxh6pju6itev6tgck7kdwezlbmvga.ipfs.dweb.link,0,0,1,0,0,0,0,0,1,1,1,1,1,1,1,1,1
qrco.de,0,0,0,1,0,0,0,0,0,1,1,1,1,0,1,0,1
sites.google.com,0,0,0,3,0,0,0,0,0,1,0,1,1,0,1,0,1
eoknglwe.an.r.appspot.com,0,0,0,0,0,0,1,0,0,1,1,1,1,0,1,0,1
w10-2abw-8hgms-ndt-95c-z1m.pages.dev,0,0,0,0,0,0,0,1,0,1,1,1,1,0,1,0,1
qrco.de,0,0,0,1,0,0,0,0,0,1,1,1,0,0,1,0,1
bearmobiles.com,0,0,0,1,0,0,0,0,0,0,0,0,0,0,1,0,1
68-210-101-96.cprapid.com,0,0,0,2,0,0,0,1,0,1,1,1,1,1,1,1,1
new.express.adobe.com,0,0,0,2,0,0,0,0,0,1,0,1,1,0,1,0,1
rte1.weebly.com,0,0,0,0,0,0,0,0,0,1,0,1,1,0,1,0,1
aidasdir.github.io,0,0,0,1,0,0,0,0,0,1,1,1,1,0,1,0,1
new.express.adobe.com,0,0,0,2,0,0,0,0,0,1,0,1,1,0,1,0,1
l.ead.me,0,0,0,1,0,0,0,0,0,1,0,0,1,0,1,0,1
m-transprtrs.pro,0,0,0,0,0,0,0,1,1,0,1,1,1,1,1,1,1
hawdware.wixstudio.com,0,0,0,1,0,0,0,0,0,1,1,1,1,0,1,0,1
robiox.com.py,0,0,0,3,0,0,1,0,0,0,1,1,0,0,1,0,1
sites.google.com,0,0,0,3,0,0,0,0,0,1,0,1,1,0,1,0,1
qrco.de,0,0,0,1,0,0,0,0,0,1,1,1,1,0,1,0,1
script.google.com,0,0,1,4,0,0,0,0,0,1,0,1,0,0,1,0,1
bellindexruijspv31359225.weebly.com,0,0,0,0,0,0,0,0,0,1,0,1,1,0,1,0,1
mailarijorg.weebly.com,0,0,0,0,0,0,0,0,0,1,0,1,1,0,1,0,1
qrco.de,0,0,0,1,0,0,0,0,0,1,1,1,0,0,1,0,1
officelogmicrosofts.weebly.com,0,0,0,0,0,0,0,0,0,1,0,1,1,0,1,0,1
google-square-fr.blogspot.ae,0,0,0,0,0,0,0,1,0,0,1,1,1,0,1,0,1
settingpagepro-supportcenter-confirmrequest-reviewaccount.pages.dev,0,0,1,0,0,0,0,1,0,1,1,1,1,0,1,0,1
gudgsugd.weebly.com,0,0,0,0,0,0,0,0,0,1,1,1,1,0,1,0,1
qrco.de,0,0,0,1,0,0,0,0,0,1,1,1,0,0,1,0,1
us-mettaa-mask_loggin.godaddysites.com,0,0,0,0,0,0,0,1,0,1,0,1,1,1,1,1,1
op2-tec-authorized-docwmtm.firebaseapp.com,0,0,0,0,0,0,0,1,0,1,1,1,1,0,1,0,1
webkkwel.weebly.com,0,0,0,0,0,0,0,0,0,1,0,1,1,0,1,0,1
allegrolokalnie.26352717.xyz,0,0,0,0,0,0,0,0,1,0,1,1,1,1,1,1,1
l.ead.me,0,0,0,1,0,0,0,0,0,1,0,0,0,0,1,0,1
hoopsfy.com,0,0,0,0,0,0,0,0,0,0,0,1,1,1,1,1,1
shaggy-champagne-708534.framer.app,0,0,0,0,0,0,0,1,0,1,1,1,1,0,1,0,1
jinriluan.com,0,0,0,0,0,0,0,0,0,0,0,1,1,0,1,0,1
starts-apps-trezon.wixstudio.com,0,0,0,1,0,0,0,1,0,1,1,1,1,0,1,0,1
q-r.to,0,0,0,1,0,0,0,1,0,0,0,1,0,0,1,0,1
qrco.de,0,0,0,1,0,0,0,0,0,1,1,1,1,0,1,0,1
public-io-trzer-wallet.typedream.app,0,0,0,0,0,0,0,1,0,0,1,1,1,0,1,0,1
helpid96655723849185962813.firebaseapp.com,0,0,0,0,0,0,0,0,0,1,1,1,1,0,1,0,1
optimisar.webcindario.com,0,0,0,0,0,0,0,0,1,1,1,1,1,1,1,1,1
qrco.de,0,0,0,1,0,0,0,0,0,1,1,1,0,0,1,0,1
msg53.vercel.app,0,0,0,0,0,0,0,0,0,1,1,1,1,1,1,1,1
desktp-livelegg.wixstudio.com,0,0,0,1,0,0,0,1,0,1,1,1,1,0,1,0,1
allegrolokalnie.wiosenne-okazje-2026-3orvkk.sbs,0,0,1,0,0,0,0,1,1,0,1,1,1,1,1,1,1
herrina.ext5710441.pro,0,0,0,0,0,0,0,0,1,0,1,1,1,1,1,1,1
spf-amende.com,0,0,0,1,0,0,0,1,0,0,0,0,1,1,1,1,1
sites.google.com,0,0,0,2,0,0,0,0,0,1,0,1,1,0,1,0,1
l.ead.me,0,0,0,1,0,0,0,0,0,1,0,0,0,0,1,0,1
ioledgrstart.wixstudio.com,0,0,0,1,0,0,0,0,0,1,1,1,1,0,1,0,1
docs.google.com,0,0,1,4,0,0,0,0,0,1,0,1,0,0,1,0,1
allegrolokalnie.pl-oferta12990101.shop,0,0,0,0,0,0,0,1,1,0,1,1,1,1,1,1,1
qrco.de,0,0,0,1,0,0,0,0,0,1,1,1,1,0,1,0,1
readable-day-332108.framer.app,0,0,0,0,0,0,0,1,0,1,1,1,1,0,1,0,1
wxhgct.com,0,0,0,2,0,0,1,0,1,0,1,1,1,1,1,1,1
udev.informedgreetings.com,0,0,0,1,0,0,0,0,0,0,0,0,1,0,1,0,1
bit.ly,0,0,0,1,0,0,1,0,0,1,0,1,1,0,1,0,1
gerer-video9.pro,0,0,0,0,0,0,0,1,1,0,1,1,1,1,1,1,1
gzi73i.info,0,0,0,1,0,0,0,0,0,0,1,1,1,1,1,1,1
uholidays.lk,0,0,1,3,0,0,0,0,0,0,1,1,1,0,1,0,1
q-r.to,0,0,0,1,0,0,0,1,0,0,0,1,1,0,1,0,1
l.ead.me,0,0,0,1,0,0,0,0,0,1,0,0,1,0,1,0,1
dpdlocabg.top,0,0,0,1,0,0,0,0,1,0,1,1,1,1,1,1,1
unipd.godaddysites.com,0,0,0,0,0,0,0,0,0,1,0,1,1,0,1,0,1
sites.google.com,0,0,0,3,0,0,0,0,0,1,0,1,1,0,1,0,1
utarequestcancellationform.weebly.com,0,0,0,0,0,0,0,0,0,1,0,1,1,0,1,0,1
wingman-unternehmensberatung.de,0,0,1,0,1,0,0,1,0,0,1,1,1,0,1,0,1
ssostarts-trexorcdn.wixstudio.com,0,0,0,1,0,0,0,1,0,1,1,1,1,0,1,0,1
dr-usp.firebaseapp.com,0,0,0,0,0,0,0,1,0,1,1,1,1,0,1,0,1
dropbox.com,0,0,1,4,0,0,1,0,0,1,0,1,1,0,1,0,1
bafkreia22u5psbfku4wappoh6xmncck4wyaa5g53mhtayf7dewy4p2qxte.ipfs.dweb.link,0,0,1,0,0,0,0,0,1,1,1,1,1,1,1,1,1
renovavic.com,0,0,0,2,0,0,0,0,0,0,0,0,1,1,1,1,1
dpdlocotw.cyou,0,0,0,1,0,0,0,0,1,0,1,1,1,1,1,1,1
q-r.to,0,0,0,1,0,0,0,1,0,0,0,1,1,0,1,0,1
bit.ly,0,0,0,1,0,0,1,0,0,1,0,1,1,0,1,0,1
broadband.m-pages.com,0,0,0,2,0,0,0,1,0,1,0,1,1,0,1,0,1
test-crypto-chi.vercel.app,0,0,0,0,0,0,0,1,0,1,1,1,1,0,1,0,1
remoinertunesole.firebaseapp.com,0,0,0,0,0,0,0,0,0,1,1,1,1,0,1,0,1
qrco.de,0,0,0,1,0,0,0,0,0,1,1,1,0,0,1,0,1
qrco.de,0,0,0,1,0,0,0,0,0,1,1,1,1,0,1,0,1
allegrolokalnie.lokalna-oferta77598042.ink,0,0,0,0,0,0,0,1,1,0,1,1,1,1,1,1,1
web-westnetmail.weebly.com,0,0,0,0,0,0,0,1,0,1,0,1,1,0,1,0,1
l.ead.me,0,0,0,1,0,0,0,0,0,1,0,0,0,0,1,0,1
bhd-bloqueo.webcindario.com,0,0,0,0,0,0,0,1,1,1,1,1,1,1,1,1,1
q-r.to,0,0,0,1,0,0,0,1,0,0,0,1,1,0,1,0,1
b74o64.webwave.dev,0,0,0,0,0,0,0,0,0,0,1,1,1,0,1,0,1
8rm1-0wnvq-7rsl-pvoh-1tee.pages.dev,0,0,0,0,0,0,0,1,0,1,1,1,1,0,1,0,1
bafkreidvnzuvdeh4o7d3codkxtd67k4mpex3i4f253mh27eehywlv44l7e.ipfs.dweb.link,0,0,1,0,0,0,0,0,1,1,1,1,1,1,1,1,1
xn--frissitsepostafikjat-q8b.weebly.com,0,0,0,0,0,0,0,1,0,1,0,1,1,0,1,0,1
guadeloupeparticuliers9.firebaseapp.com,0,0,0,0,0,0,0,0,0,1,1,1,1,0,1,0,1
t.co,0,0,0,1,0,0,1,0,0,1,0,1,1,0,1,0,1
docs.google.com,0,0,1,5,0,0,0,0,0,1,0,1,1,0,1,0,1
q-r.to,0,0,0,1,0,0,0,1,0,0,0,1,1,0,1,0,1
gov-parkingqf.shop,0,0,0,1,0,0,0,1,1,0,1,1,1,1,1,1,1
ameli-actualisation.com,0,0,0,1,0,0,0,1,1,0,1,1,1,1,1,1,1
signinatt.boxmode.io,0,0,0,0,0,0,0,0,0,0,0,1,1,0,1,0,1
sites.google.com,0,0,0,3,0,0,0,0,0,1,0,1,1,0,1,0,1
caisseing-cab8a.web.app,0,0,0,0,0,0,0,1,0,1,1,1,1,0,1,0,1
qrco.de,0,0,0,1,0,0,0,0,0,1,1,1,0,0,1,0,1
flow.page,0,0,0,1,0,0,0,0,0,1,1,1,1,0,1,0,1
njitfinancialaid.weebly.com,0,0,0,0,0,0,0,0,0,1,0,1,1,0,1,0,1
payonline.mom,0,0,0,0,0,0,0,0,1,0,1,1,1,1,1,1,1
q-r.to,0,0,0,1,0,0,0,1,0,0,0,1,0,0,1,0,1
inzizi.com,0,0,0,0,0,0,0,0,1,0,1,1,1,1,1,1,1
q-r.to,0,0,0,1,0,0,0,1,0,0,0,1,0,0,1,0,1
sites.google.com,0,0,0,3,0,0,0,0,0,1,0,1,1,0,1,0,1
ccbspt.com,0,0,0,0,0,0,1,0,1,0,1,1,1,1,1,1,1
us10.campaign-archive.com,0,0,1,0,0,0,0,1,0,1,0,1,1,0,1,0,1
dropbox.com,0,0,1,4,0,0,1,0,0,1,0,1,1,0,1,0,1
docs.google.com,0,0,1,5,0,0,0,0,0,1,0,1,1,0,1,0,1
bit.ly,0,0,0,1,0,0,1,0,0,1,0,1,1,0,1,0,1
one-suiteapps.wixstudio.com,0,0,0,1,0,0,0,1,0,1,1,1,1,0,1,0,1
q-r.to,0,0,0,1,0,0,0,1,0,0,0,1,0,0,1,0,1
courtez.hub464708.pro,0,0,0,0,0,0,0,0,1,0,1,1,1,1,1,1,1
l.wl.co,0,0,0,1,1,0,0,0,0,1,0,1,1,0,1,0,1
q-r.to,0,0,0,1,0,0,0,1,0,0,0,1,1,0,1,0,1
new.express.adobe.com,0,0,0,2,0,0,0,0,0,1,0,1,1,0,1,0,1
l.ead.me,0,0,0,1,0,0,0,0,0,1,0,0,1,0,1,0,1
docs.google.com,0,0,1,5,0,0,0,0,0,1,0,1,1,0,1,0,1
trxycujvkacdstujkavsdutyjh-aqduyacsitduyqsatq.teemill.com,0,0,1,0,0,0,0,1,0,1,0,1,1,0,1,0,1
sp12ct-zersik-biz-hazdor-pramel.pages.dev,0,0,0,0,0,0,0,1,0,1,1,1,1,0,1,0,1
allegrolokalnie.3947428284833847.click,0,0,0,0,0,0,0,0,1,0,1,1,1,1,1,1,1
anahuac9.weebly.com,0,0,0,0,0,0,0,0,0,1,0,1,1,0,1,0,1
sites.google.com,0,0,0,3,0,0,0,0,0,1,0,1,1,0,1,0,1
eu.jotform.com,0,0,0,2,0,0,0,0,0,1,0,1,1,0,1,0,1
web-lnicio-rural.biz.site,0,0,0,0,0,0,0,1,0,0,0,0,1,1,1,1,1
t.co,0,0,0,1,0,0,1,0,0,1,0,1,1,0,1,0,1
tiwofiana1.firebaseapp.com,0,0,0,0,0,0,0,0,0,1,1,1,0,0,1,0,1
new.express.adobe.com,0,0,0,2,0,0,0,0,0,1,0,1,1,0,1,0,1
qrco.de,0,0,0,1,0,0,0,0,0,1,1,1,1,0,1,0,1
bellamycarson55.wixsite.com,0,0,0,1,0,0,0,0,0,1,1,1,1,0,1,0,1
sites.google.com,0,0,0,3,0,0,0,0,0,1,0,1,1,0,1,0,1
overstartoutlokmobil.weebly.com,0,0,0,0,0,0,0,0,0,1,0,1,1,0,1,0,1
collect-trierelay.com,0,0,0,1,0,0,0,1,0,0,0,0,1,1,1,1,1
4tztxlmp.xyz,0,0,0,1,0,0,0,0,1,0,1,1,1,1,1,1,1
bego-bau.de,0,0,0,0,1,0,0,1,0,0,1,1,1,0,1,0,1
web.tegizx.top,0,0,0,0,0,0,0,0,1,0,1,1,1,1,1,1,1
odd-midnight-906700.framer.app,0,0,0,0,0,0,0,1,0,1,1,1,1,0,1,0,1
started-pumpswp.wixstudio.com,0,0,0,1,0,0,0,1,0,1,1,1,1,0,1,0,1
uniquedesign.ma,0,0,1,0,0,0,0,0,0,0,1,1,1,1,1,1,1
qrco.de,0,0,0,1,0,0,0,0,0,1,1,1,1,0,1,0,1
libera-blue-bidcap.vercel.app,0,0,1,2,0,0,0,1,0,1,1,1,1,0,1,0,1
docs.google.com,0,0,1,5,0,0,0,0,0,1,0,1,1,0,1,0,1
sites.google.com,0,0,0,3,0,0,0,0,0,1,0,1,1,1,1,1,1
suivie-descolis.com,0,0,0,0,0,0,0,1,1,0,1,1,1,1,1,1,1
preview.studio.site,0,0,0,3,0,0,0,0,0,1,0,0,1,0,1,0,1
tempoquayx.click,0,0,0,0,0,0,0,0,0,0,0,0,1,1,1,1,1
consent.orange.fr,0,0,1,3,0,0,0,0,0,1,0,0,1,0,1,0,1
klelnanzeigen-deutch.shzhjujia.com,0,0,1,1,0,0,0,1,1,0,1,1,1,1,1,1,1
l.ead.me,0,0,0,1,0,0,0,0,0,1,0,0,1,0,1,0,1
allegro-lokalnie.pl-ogloszenia-firmowe83842.click,0,0,1,0,0,0,0,1,0,0,0,1,1,1,1,1,1
type-desktop.wixstudio.com,0,0,0,1,0,0,0,1,0,1,1,1,1,0,1,0,1
secured-share-server-gmfsteelgroup-1note.myportfolio.com,0,0,1,0,0,0,0,1,0,1,0,1,1,0,1,0,1
q-r.to,0,0,0,1,0,0,0,1,0,0,0,1,1,0,1,0,1
publictrezorsuite.wixstudio.com,0,0,0,1,0,0,0,0,0,1,1,1,1,0,1,0,1
eventchecker-ym.netlify.app,0,0,0,0,0,0,0,1,0,1,1,1,1,0,1,0,1
xelqumi-gld-zarteni-p6t9kh15.pages.dev,0,0,0,0,0,0,0,1,0,1,1,1,1,0,1,0,1
controlzimbra.weebly.com,0,0,0,0,0,0,0,0,0,1,0,1,1,0,1,0,1
bit.ly,0,0,0,1,0,0,1,0,0,1,0,1,1,0,1,0,1
l.ead.me,0,0,0,1,0,0,0,0,0,1,0,0,0,0,1,0,1
xbhoanectxcl.021110f6-5146-4ad7-abf0-b91adf8d5ff3.click,0,0,1,1,0,0,0,1,1,0,1,1,1,1,1,1,1
sp11ct-lormik-biz8-zenkar-falnor.pages.dev,0,0,0,0,0,0,0,1,0,1,1,1,1,0,1,0,1
pub-c34cbbd9532c4c7abbfc2095dcfd2ddf.r2.dev,0,0,1,1,0,0,0,1,0,1,1,1,1,0,1,0,1
netempresasbradesco.online,0,0,0,1,0,0,0,0,1,0,1,1,1,1,1,1,1
pcn-noticyo.shop,0,0,0,1,0,0,0,1,1,0,1,1,1,1,1,1,1
creazionifuture.it,0,0,1,4,0,0,0,0,0,0,0,0,1,0,1,0,1
help-blockfe-docs-com.gitbook.io,0,0,0,1,0,0,0,1,0,1,0,1,1,0,1,0,1
docs.google.com,0,0,1,5,0,0,0,0,0,1,0,1,1,0,1,0,1
peee-dash-zim-six.vercel.app,0,0,0,1,0,0,0,1,0,1,1,1,1,0,1,0,1
app.jotform.com,0,0,0,1,0,0,0,0,0,1,0,1,1,0,1,0,1
caseid100523456345345345.firebaseapp.com,0,0,0,0,0,0,0,0,0,1,1,1,1,0,1,0,1
tinyurl.com,0,0,0,1,0,0,1,0,0,1,0,1,1,0,1,0,1
dpdlocaza.shop,0,0,0,1,0,0,0,0,1,0,1,1,1,1,1,1,1
load-hermes--kmdyrv47.dev.autobricksai.run,0,0,1,0,0,0,0,1,0,0,1,1,1,1,1,1,1
flow.page,0,0,0,1,0,0,0,0,0,1,1,1,1,0,1,1,1
storage.googleapis.com,0,0,1,2,0,0,0,0,0,1,1,1,1,0,1,0,1
ln.run,0,0,0,1,0,0,0,0,0,1,1,1,1,0,1,0,1
docs.google.com,0,0,1,5,0,0,0,0,0,1,0,1,1,0,1,0,1
qrco.de,0,0,0,1,0,0,0,0,0,1,1,1,0,0,1,0,1
attsmiasoefo.ukit.me,0,0,0,0,0,0,0,0,0,0,0,0,1,0,1,0,1
koinlogein.gitbook.io,0,0,0,1,0,0,0,0,0,1,0,1,1,0,1,0,1
blueness2polyodontal.blob.core.windows.net,0,0,1,2,0,0,0,0,0,1,0,1,1,0,1,0,1
shaik-knotz.weebly.com,0,0,0,0,0,0,0,1,0,1,0,1,1,0,1,0,1
dpdlocoty.top,0,0,0,0,0,0,0,0,1,0,1,1,1,1,1,1,1
flypdfua.web.app,0,0,0,0,0,0,0,0,0,1,1,1,1,0,1,0,1
mb-idlk68wis.firebaseapp.com,0,0,0,0,0,0,0,1,0,1,1,1,1,0,1,0,1
bukumall.com,0,0,1,17,0,0,0,0,0,0,0,1,1,1,1,1,1
r26kz2.info,0,0,0,1,0,0,0,0,0,0,1,1,1,1,1,1,1
sites.google.com,0,0,1,3,0,0,0,0,0,1,0,1,1,0,1,0,1
roundcube2026.weebly.com,0,0,0,0,0,0,0,0,0,1,0,1,1,0,1,0,1
pub-21d07aad6c444724a4f9574677900cde.r2.dev,0,0,1,1,0,0,0,1,0,1,1,1,1,0,1,0,1
bafkreiflgtisnynzv6opjdc65xsoh4x5h7ryql564frpdkmszhjdk3ecpi.ipfs.dweb.link,0,0,1,0,0,0,0,0,1,1,1,1,1,1,1,1,1
q-r.to,0,0,0,1,0,0,0,1,0,0,0,1,0,0,1,0,1
tg32wn.info,0,0,0,1,0,0,0,0,1,0,1,1,1,1,1,1,1
qrco.de,0,0,0,1,0,0,0,0,0,1,1,1,1,0,1,0,1
docs.google.com,0,0,1,5,0,0,0,0,0,1,0,1,1,0,1,0,1
delightful-home-526187.framer.app,0,0,0,0,0,0,0,1,0,1,1,1,1,0,1,0,1
claim-acs.netlify.app,0,0,0,0,0,0,0,1,0,1,1,1,1,0,1,0,1
allegro.4892k67.lol,0,0,0,0,0,0,0,0,1,0,1,1,1,1,1,1,1
ledgrstrt.wixstudio.com,0,0,0,1,0,0,0,0,0,1,1,1,1,0,1,0,1
cat.fr3.eu.criteo.com,0,0,1,2,1,0,0,0,0,1,0,1,1,0,1,0,1
bafkreieorgcqnn2xftejyizf77k6hissscnqgok2vc5lzjzc37smtarleu.ipfs.dweb.link,0,0,1,0,0,0,0,0,1,1,1,1,1,1,1,1,1
telegrammz.cc,0,0,0,0,0,0,0,0,0,0,0,0,1,0,1,0,1
business1289768912.web.app,0,0,0,0,0,0,0,0,0,1,1,1,1,0,1,0,1
docs.google.com,0,0,1,5,0,0,0,0,0,1,0,1,1,0,1,0,1
q-r.to,0,0,0,1,0,0,0,1,0,0,0,1,0,0,1,0,1
vk.com,0,0,1,1,0,0,1,0,0,1,0,1,1,1,1,1,1
domappcheckomeg16.firebaseapp.com,0,0,0,0,0,0,0,0,0,1,1,1,1,0,1,0,1
us10.campaign-archive.com,0,0,1,0,0,0,0,1,0,1,0,1,1,0,1,0,1
erhgfjh.com,0,0,0,0,0,0,0,0,0,0,0,1,1,0,1,0,1
docs.google.com,0,0,1,5,0,0,0,0,0,1,0,1,1,0,1,0,1
depoter-550e0.firebaseapp.com,0,0,0,0,0,0,0,1,0,1,1,1,1,0,1,0,1
trexon-cdnapp.wixstudio.com,0,0,0,1,0,0,0,1,0,1,1,1,1,0,1,0,1
btverifyaccount911687.komi.io,0,0,0,0,0,0,0,0,0,1,0,1,0,0,1,0,1
banking-dkb.duckdns.org,0,0,0,0,0,0,0,1,1,1,1,1,1,1,1,1,1
aacreditvnlon-onlne.top,0,0,1,0,0,0,0,1,1,0,1,1,1,1,1,1,1
gravatar.com,0,0,0,1,0,0,0,0,0,1,0,1,1,0,1,0,1
docs.google.com,0,0,1,5,0,0,0,0,0,1,0,1,1,0,1,0,1
new.express.adobe.com,0,0,0,2,0,0,0,0,0,1,0,1,1,0,1,0,1
qrco.de,0,0,0,1,0,0,0,0,0,1,1,1,0,0,1,0,1
forms.office.com,0,0,1,2,0,0,0,0,0,1,0,1,1,0,1,0,1
sp384669.sitebeat.crazydomains.com,0,0,0,0,0,0,0,0,0,1,1,1,1,0,1,0,1
allegro-lokalnie.pl-589198541.lol,0,0,0,0,0,0,0,1,1,0,1,1,1,1,1,1,1
docs.google.com,0,0,1,5,0,0,0,0,0,1,0,1,1,0,1,0,1
q-r.to,0,0,0,1,0,0,0,1,0,0,0,1,0,0,1,0,1
dxdxdxe.web.app,0,0,0,3,0,0,0,0,0,1,1,1,0,0,1,0,1
docs.google.com,0,0,1,5,0,0,0,0,0,1,0,1,1,0,1,0,1
zamorscy.pl,0,0,0,4,0,0,0,0,0,0,0,0,1,0,1,0,1
golden-wealth-471939.framer.app,0,0,0,0,0,0,0,1,0,1,1,1,1,0,1,0,1
prmvdeo-infos.com,0,0,0,0,0,0,0,1,0,0,0,1,1,1,1,1,1
allegrolokalnie.pl-4886781795.shop,0,0,0,0,0,0,0,1,1,0,1,1,1,1,1,1,1
belproxskyfqa.weebly.com,0,0,0,0,0,0,0,0,0,1,0,1,1,0,1,0,1
activeautoservicfr.firebaseapp.com,0,0,0,0,0,0,0,0,0,1,1,1,1,0,1,0,1
comcast-account.weeblysite.com,0,0,0,0,0,0,0,1,0,1,0,1,1,0,1,0,1
btg-hr-portal-vendor-comparison.pages.dev,0,0,0,0,0,0,0,1,1,1,1,1,1,1,1,1,1
mdexpress.graviontech.com,0,0,0,1,0,0,0,0,0,0,0,1,1,1,1,1,1
linkin.bio,0,0,0,1,0,0,0,0,0,1,1,1,1,0,1,0,1
dravoni-gld-zarqumi-r1x3hp74.pages.dev,0,0,0,0,0,0,0,1,0,1,1,1,1,0,1,0,1
pass-cle.com,0,0,0,0,0,0,0,1,1,0,1,1,1,1,1,1,1
docs.google.com,0,0,1,5,0,0,0,0,0,1,0,1,1,0,1,0,1
l.ead.me,0,0,0,1,0,0,0,0,0,1,0,0,0,0,1,0,1
qrco.de,0,0,0,1,0,0,0,0,0,1,1,1,1,0,1,0,1
acessoscenturion.com,0,0,0,0,0,0,0,0,1,0,1,1,1,1,1,1,1
linkin.bio,0,0,0,1,0,0,0,0,0,1,1,1,1,0,1,0,1
qrco.de,0,0,0,1,0,0,0,0,0,1,1,1,0,0,1,0,1
bravera-j1.web.app,0,0,0,0,0,0,0,1,0,1,1,1,1,0,1,0,1
allegrolokalnie.aukcja328716.cfd,0,0,1,3,0,0,0,0,1,0,1,1,1,1,1,1,1
amkpoml.info,0,0,0,1,0,0,0,0,1,0,1,1,1,1,1,1,1
eventchecker-02.netlify.app,0,0,0,0,0,0,0,1,0,1,1,1,1,0,1,0,1
docs.google.com,0,0,1,4,0,0,0,0,0,1,0,1,1,0,1,0,1
allegrolokalnie.oferta238283.icu,0,0,0,0,0,0,0,0,1,0,1,1,1,1,1,1,1
q5kg.trk.elasticemail.com,0,0,1,2,0,0,0,0,0,1,0,1,1,0,1,0,1
qrco.de,0,0,0,1,0,0,0,0,0,1,1,1,1,0,1,0,1
mrelay-mes-calendriers.com,0,0,0,1,0,0,0,1,1,0,1,1,1,1,1,1,1
www-okx-log-in.pro,0,0,0,0,0,0,0,1,1,0,1,1,1,1,1,1,1
management-aruba-iduser2846268619.darwinhire.com.au,0,0,1,1,0,0,0,1,0,0,1,1,1,1,1,1,1
pcn-noticym.top,0,0,0,1,0,0,0,1,1,0,1,1,1,1,1,1,1
docs.google.com,0,0,1,4,0,0,0,0,0,1,0,1,1,0,1,0,1
myfastsmailorg.weebly.com,0,0,0,0,0,0,0,0,0,1,1,1,1,0,1,0,1
byqoq.com,0,0,0,0,0,0,0,0,0,0,0,0,1,1,1,1,1
washingtonstateuniversityoffice365emailverificatio.ukit.me,0,0,1,0,0,0,0,0,0,0,0,0,1,0,1,0,1
bafkreifafrdklmnrf5hr5uvy32tmachrgyygdkosmj6jcadmqai3mexfia.ipfs.dweb.link,0,0,1,0,0,0,0,0,1,1,1,1,1,1,1,1,1
ipfs.best-practice.se,0,0,1,2,0,0,0,1,0,0,0,1,1,0,1,0,1
macaxis.us.cc,0,0,0,2,0,0,0,0,1,1,1,1,1,1,1,1,1
web-protect.pages.dev,0,0,1,0,0,0,0,1,0,1,1,1,1,0,1,0,1
case10095258410510.firebaseapp.com,0,0,0,0,0,0,0,0,0,1,1,1,1,0,1,0,1
docs.google.com,0,0,1,5,0,0,0,0,0,1,0,1,1,0,1,0,1
ys34vnj9l.duckdns.org,0,0,0,0,0,0,0,0,0,1,1,1,1,1,1,1,1
legion-sro.weebly.com,0,0,0,0,0,0,0,1,0,1,0,1,1,0,1,0,1
ecology-desktop.wixstudio.com,0,0,0,1,0,0,0,1,0,1,1,1,1,0,1,0,1
instagramsupportsegurity.github.io,0,0,0,1,0,0,0,0,0,1,1,1,1,0,1,0,1
himbauane.blogspot.com,0,0,0,0,0,0,1,0,0,1,1,1,1,0,1,0,1
drives-work.com,0,0,0,0,0,0,0,1,1,0,1,1,1,1,1,1,1
telekom-privatkunden-de.com,0,0,0,0,0,0,0,1,0,0,0,0,1,0,1,0,1
cemessage-automatiquement2024.start.page,0,0,0,0,0,0,0,1,0,0,1,1,1,0,1,0,1
qrco.de,0,0,0,1,0,0,0,0,0,1,1,1,0,0,1,0,1
caseid10058349573485978.firebaseapp.com,0,0,0,0,0,0,0,0,0,1,1,1,1,0,1,0,1
kmyaltra.weebly.com,0,0,0,0,0,0,0,0,0,1,0,1,1,0,1,0,1
allegrolokainie.pl-l2r3s.sbs,0,0,0,0,0,0,0,1,1,0,1,1,1,1,1,1,1
resolvecenprot.com,0,0,0,0,0,0,1,0,0,0,0,1,1,0,1,0,1
q-r.to,0,0,0,1,0,0,0,1,0,0,0,1,1,0,1,0,1
kleinanzeigen-bestellung.0592yjt.com,0,0,1,1,0,0,1,1,0,0,0,1,1,1,1,1,1
new.express.adobe.com,0,0,0,2,0,0,0,0,0,1,0,1,1,0,1,0,1
share.google,0,0,0,1,0,0,0,0,0,1,1,1,1,0,1,0,1
docs.google.com,0,0,1,5,0,0,0,0,0,1,0,1,1,0,1,0,1
marouan.ext-345064.pro,0,0,0,0,0,0,0,1,0,0,1,1,1,0,1,0,1
allegrolokalnie.pl-oferta-49735.online,0,0,1,3,0,0,0,1,1,0,1,1,1,1,1,1,1
us15.campaign-archive.com,0,0,1,0,0,0,0,1,0,1,0,1,1,0,1,0,1
support-postal.com,0,0,1,1,0,0,0,1,0,0,0,1,1,1,1,1,1
apps-rabbyy.wixstudio.com,0,0,0,1,0,0,0,1,0,1,1,1,1,0,1,0,1
pub-b0555f36bc084cafb2835b68d29fb8c9.r2.dev,0,0,1,1,0,0,0,1,0,1,1,1,1,0,1,0,1
t.co,0,0,0,1,0,0,1,0,0,1,0,1,1,0,1,0,1
umbenchmarking.com,0,0,0,0,0,0,0,0,0,0,0,1,1,0,1,0,1
hub-coinbase-wallet-extn.gitbook.io,0,0,0,0,0,0,0,1,0,1,0,1,1,0,1,0,1
docs.google.com,0,0,1,5,0,0,0,0,0,1,0,1,1,0,1,0,1
console-suitehelp.wixstudio.com,0,0,0,1,0,0,0,1,0,1,1,1,1,0,1,0,1
qrco.de,0,0,0,1,0,0,0,0,0,1,1,1,0,0,1,0,1
zkantonl.com,0,0,0,0,0,0,0,0,1,0,1,1,1,1,1,1,1
w7wehet.lat,0,0,0,3,0,0,0,0,1,0,1,1,1,1,1,1,1
moosendlistofpage.wixsite.com,0,0,0,1,0,0,0,0,0,1,1,1,1,0,1,0,1
l.ead.me,0,0,0,1,0,0,0,0,0,1,0,0,1,0,1,0,1
survey-ppl-acces.com,0,0,0,0,0,0,0,1,1,0,1,1,1,1,1,1,1
info239483.github.io,0,0,0,0,0,0,0,0,0,1,1,1,1,0,1,0,1
marion.bdll845276.pro,0,0,0,1,0,0,0,0,1,0,1,1,1,1,1,1,1
qontomsg08.web.app,0,0,0,0,0,0,0,0,0,1,1,1,1,0,1,0,1
q-r.to,0,0,0,1,0,0,0,1,0,0,0,1,0,0,1,0,1
platform-ledzrcdn.wixstudio.com,0,0,0,1,0,0,0,1,0,1,1,1,1,0,1,0,1
allegrolokalne.pl-oferta7353hd6hd.click,0,0,0,0,0,0,0,1,1,0,1,1,1,1,1,1,1
pub-f9f1a9f3d3834d4c9efd2873e134f51d.r2.dev,0,0,1,1,0,0,0,1,0,1,1,1,1,0,1,0,1
bobablacksheep.gotrackier.com,0,0,1,1,0,0,0,0,0,1,0,1,1,0,1,0,1
mlydqgkftpeda.web.app,0,0,0,0,0,0,0,0,0,1,1,1,1,0,1,0,1
docs.google.com,0,0,1,5,0,0,0,0,0,1,0,1,1,0,1,0,1
ac-dijon-login.weebly.com,0,0,0,0,0,0,0,1,0,1,0,1,1,0,1,0,1
californialstateunivrsitylosangeles.ukit.me,0,0,0,0,0,0,0,0,0,0,0,0,1,0,1,0,1
qrco.de,0,0,0,1,0,0,0,0,0,1,1,1,0,0,1,0,1
bhd-benefici0.webcindario.com,0,0,0,0,0,0,0,1,1,1,1,1,1,1,1,1,1
neat-tangerine-530162.framer.app,0,0,0,0,0,0,0,1,0,1,1,1,1,0,1,0,1
allegro-lokalnie.7454387g47834.baby,0,0,0,0,0,0,0,1,1,0,1,1,1,1,1,1,1
ks-fcu.firebaseapp.com,0,0,0,0,0,0,0,1,0,1,1,1,1,0,1,0,1
andhghtyjdf.firebaseapp.com,0,0,0,0,0,0,0,0,0,1,1,1,1,0,1,0,1
q-r.to,0,0,0,1,0,0,0,1,0,0,0,1,0,0,1,0,1
sd0z5d4.blogspot.com,0,0,0,0,0,0,1,0,0,1,1,1,1,0,1,0,1
themessagingcompany87654567jhgfg87654jhgfdfg.weebly.com,0,0,1,0,0,0,0,0,0,1,0,1,1,0,1,0,1
pcn-noticun.cyou,0,0,0,1,0,0,0,1,1,0,1,1,1,1,1,1,1
orangeeurope89.wixsite.com,0,0,0,1,0,0,0,0,0,1,1,1,1,0,1,0,1
helpmettacase1000.firebaseapp.com,0,0,0,0,0,0,0,0,0,1,1,1,1,0,1,0,1
pub-abfe318648ca4f11b75f1e4dbe846434.r2.dev,0,0,1,1,0,0,0,1,0,1,1,1,1,0,1,0,1
votre-acces-gp.com,0,0,0,0,0,0,0,1,1,0,1,1,1,1,1,1,1
crypto-tax-declaration.com,0,0,0,0,0,0,0,1,1,0,1,1,1,1,1,1,1
cocmb-f9cf1.firebaseapp.com,0,0,0,0,0,0,0,1,0,1,1,1,1,0,1,0,1
docs.google.com,0,0,1,5,0,0,0,0,0,1,0,1,1,0,1,0,1
docs.google.com,0,0,1,4,0,0,0,0,0,1,0,1,1,0,1,0,1
l.ead.me,0,0,0,1,0,0,0,0,0,1,0,0,0,0,1,0,1
qrco.de,0,0,0,1,0,0,0,0,0,1,1,1,0,0,1,0,1
freedeskee.surveysparrow.com,0,0,0,3,0,0,0,0,0,1,0,0,1,0,1,0,1
dtfstr-74056.web.app,0,0,0,0,0,0,0,1,0,1,1,1,1,0,1,0,1
nest-foundation.webflow.io,0,0,1,2,0,0,0,1,0,1,1,1,1,0,1,0,1
anatheorisi.firebaseapp.com,0,0,0,0,0,0,0,0,0,1,1,1,1,0,1,0,1
creditdunord-session.firebaseapp.com,0,0,0,0,0,0,0,1,0,1,1,1,1,0,1,0,1
docs.google.com,0,0,1,5,0,0,0,0,0,1,0,1,1,0,1,0,1
q-r.to,0,0,0,1,0,0,0,1,0,0,0,1,1,0,1,0,1
notariusnetwebmail.weebly.com,0,0,0,0,0,0,0,0,0,1,0,1,1,0,1,0,1
empresahabilitada.kinghost.net,0,0,0,0,0,0,0,0,0,1,1,1,1,0,1,0,1
allegrolokalnie.bezpiecznatransakcja86784.lat,0,0,1,2,0,0,0,0,1,0,1,1,1,1,1,1,1
allegrolokalne.pl-ofertafirmowa746heu6feh.cfd,0,0,0,0,0,0,0,1,1,0,1,1,1,1,1,1,1
bancainternet-ar.webcindario.com,0,0,0,0,0,0,0,1,1,1,1,1,1,1,1,1,1
docs.google.com,0,0,1,5,0,0,0,0,0,1,0,1,1,0,1,0,1
zj1997.eu.cc,0,0,0,1,0,0,0,0,0,1,0,1,1,1,1,1,1
redggjhvgh.firebaseapp.com,0,0,0,0,0,0,0,0,0,1,1,1,1,0,1,0,1
4ueyhe.hair,0,0,0,4,0,0,0,0,1,0,1,1,1,1,1,1,1
yyyy44.wixsite.com,0,0,0,1,0,0,0,0,0,1,1,1,1,0,1,0,1
desertvalleyoralsurgery.com,0,0,1,2,0,0,0,0,0,0,0,1,1,0,1,0,1
sportybetadder-012.weebly.com,0,0,0,0,0,0,0,1,0,1,0,1,0,0,1,0,1
sp12ct-hesval-biz-prondik-zormek.pages.dev,0,0,0,0,0,0,0,1,0,1,1,1,1,0,1,0,1
1l1s.org,0,0,0,1,0,0,0,0,1,0,1,1,1,1,1,1,1
tinyurl.com,0,0,0,1,0,0,1,0,0,1,0,1,1,0,1,0,1
docs.google.com,0,0,1,5,0,0,0,0,0,1,0,1,1,0,1,0,1
q-r.to,0,0,0,1,0,0,0,1,0,0,0,1,0,0,1,0,1
l.ead.me,0,0,0,1,0,0,0,0,0,1,0,0,0,0,1,0,1
my-logacces.com,0,0,0,0,0,0,0,1,0,0,0,1,1,1,1,1,1
sites.google.com,0,0,1,3,0,0,0,0,0,1,0,1,1,0,1,0,1
acceso-ya1.webcindario.com,0,0,0,0,0,0,0,1,1,1,1,1,1,1,1,1,1
eu.jotform.com,0,0,0,2,0,0,0,0,0,1,0,1,1,0,1,0,1
superlogin-pchincha.zya.me,0,0,0,0,0,0,0,1,0,0,0,1,1,1,1,1,1
l.ead.me,0,0,0,1,0,0,0,0,0,1,0,0,1,0,1,0,1
l.ead.me,0,0,0,1,0,0,0,0,0,1,0,0,0,0,1,0,1
allegro.ofeta01339.sbs,0,0,0,0,0,0,0,0,1,0,1,1,1,1,1,1,1
drives-work.com,0,0,1,2,0,0,0,1,1,0,1,1,1,1,1,1,1
pub-c0ec34ba7bb44221bdf1f5fec3a405ae.r2.dev,0,0,1,1,0,0,0,1,0,1,1,1,1,0,1,0,1
bradesco.digitalnetempresa.app,0,0,0,0,0,0,0,0,0,0,1,1,1,0,1,0,1
pub-3d0d2463275146329319b0ae11369bf8.r2.dev,0,0,1,1,0,0,0,1,0,1,1,1,1,0,1,0,1
suite-trrzr.zapier.app,0,0,0,1,0,0,0,1,0,1,1,1,1,0,1,0,1
arizona.gov-bhk.help,0,0,0,0,0,0,0,1,1,0,1,1,1,1,1,1,1
pcn-noticyr.cyou,0,0,0,1,0,0,0,1,1,0,1,1,1,1,1,1,1
iostarted-trezocdn.wixstudio.com,0,0,0,1,0,0,0,1,0,1,1,1,1,0,1,0,1
mail-premiumupdatess.weebly.com,0,0,0,0,0,0,0,1,0,1,0,1,1,0,1,0,1
v0-novaformatgg.vercel.app,0,0,1,0,0,0,0,1,0,1,1,1,0,0,1,0,1
l.ead.me,0,0,0,1,0,0,0,0,0,1,0,0,1,0,1,0,1
did.li,0,0,0,1,0,0,0,0,0,0,1,1,1,0,1,0,1
docs.google.com,0,0,1,5,0,0,0,0,0,1,0,1,1,0,1,0,1
jnhuggvjhbn.plutio.com,0,0,1,3,0,0,0,0,0,0,0,1,1,0,1,0,1
casecu.weebly.com,0,0,0,0,0,0,0,0,0,1,0,1,1,0,1,0,1
docs.google.com,0,0,1,5,0,0,0,0,0,1,0,1,1,0,1,0,1
embodied-economics.ghost.io,0,0,1,1,0,0,0,1,0,1,0,1,0,0,1,0,1
vlodsad.web.app,0,0,0,0,0,0,0,0,0,1,1,1,1,0,1,0,1
sedklourtyhoiu.firebaseapp.com,0,0,0,0,0,0,0,0,0,1,1,1,1,0,1,0,1
messagerieacademiefrance2026.weebly.com,0,0,0,0,0,0,0,0,0,1,0,1,1,0,1,0,1
aretooc.xyz,0,0,0,0,0,0,0,0,1,0,1,1,1,1,1,1,1
pub-cece77dd023d4ffda4d7bb4d3d1f794c.r2.dev,0,0,1,1,0,0,0,1,0,1,1,1,1,0,1,0,1
bit.ly,0,0,0,1,0,0,1,0,0,1,0,1,1,0,1,0,1
kleinanzeigen-deutsch.detrackin396.info,0,0,1,3,0,0,0,1,1,0,1,1,1,1,1,1,1
qrco.de,0,0,0,1,0,0,0,0,0,1,1,1,1,0,1,0,1
ledgurlive.wixstudio.com,0,0,0,1,0,0,0,0,0,1,1,1,1,0,1,0,1
vrivok-gloma-3kp04e-xjygh-6mn783.pages.dev,0,0,0,0,0,0,0,1,0,1,1,1,1,0,1,0,1
us19.campaign-archive.com,0,0,1,0,0,0,0,1,0,1,0,1,1,0,1,0,1
determined-click-845532.framer.app,0,0,0,0,0,0,0,1,0,1,1,1,1,0,1,0,1
docs.google.com,0,0,1,5,0,0,0,0,0,1,0,1,1,0,1,0,1
com-live.framer.media,0,0,0,1,0,0,0,1,0,0,1,1,1,0,1,0,1
new.express.adobe.com,0,0,0,2,0,0,0,0,0,1,0,1,1,0,1,0,1
dmpoilzambisdfdk.web.app,0,0,0,0,0,0,0,0,0,1,1,1,1,0,1,0,1
qrco.de,0,0,0,1,0,0,0,0,0,1,1,1,0,0,1,0,1
xn--c-besncon-pxgf.weebly.com,0,0,0,0,0,0,0,1,0,1,0,1,1,0,1,0,1
allegrolokalnie.zueb2740oferta948.click,0,0,0,0,0,0,0,0,1,0,1,1,1,1,1,1,1
cisco-italy.com,0,0,0,0,0,0,0,1,0,0,0,1,1,0,1,0,1
l.ead.me,0,0,0,1,0,0,0,0,0,1,0,0,1,0,1,0,1
docs.google.com,0,0,1,5,0,0,0,0,0,1,0,1,1,0,1,0,1
l.wl.co,0,0,0,1,1,0,0,0,0,1,0,1,1,0,1,0,1
ledgestarted.framer.media,0,0,0,1,0,0,0,0,0,0,1,1,1,0,1,0,1
l.ead.me,0,0,0,1,0,0,0,0,0,1,0,0,0,0,1,0,1
allegrolokalnie.pl-oferta2894799.click,0,0,0,0,0,0,0,1,1,0,1,1,1,1,1,1,1
pageseuc1.actmkt.com,0,0,1,3,0,0,1,0,0,0,0,1,1,0,1,0,1
vaubefe.com,0,0,0,0,0,0,0,0,1,0,1,1,1,1,1,1,1
registre-des-societes-francaises.pages.dev,0,0,0,0,0,0,0,1,0,1,1,1,1,0,1,0,1
sante-vitalite-aide.com,0,0,0,0,0,0,0,1,0,0,0,1,1,0,1,0,1
ysgdfk37eywsikvcwcsku7-efydoailueyfiw83wes23qw.teemill.com,0,0,1,0,0,0,0,1,0,1,0,1,1,0,1,0,1
sac-terra.paginas.site,0,0,0,0,0,0,0,1,0,0,0,0,0,0,1,0,1
bafybeibhxrbzibzqwm6ldtknrf55uqvgpwmnhte2gk27s3f5tc32dmcsau.ipfs.w3s.link,0,0,1,1,0,0,0,0,0,1,0,1,1,1,1,1,1
l.ead.me,0,0,0,1,0,0,0,0,0,1,0,0,0,0,1,0,1
norway-ship.weeblysite.com,0,0,0,0,0,0,0,1,0,1,0,1,1,0,1,0,1
q-r.to,0,0,0,1,0,0,0,1,0,0,0,1,1,0,1,0,1
new.express.adobe.com,0,0,0,2,0,0,0,0,0,1,0,1,1,0,1,0,1
bafkreig5m7d2gprje4wylkv76xs5d2gzu4v4owu4oa6p4pgfhnfwidgmyy.ipfs.dweb.link,0,0,1,0,0,0,0,0,1,1,1,1,1,1,1,1,1
mytimemakeup.com,0,0,1,3,0,0,0,0,0,0,0,1,1,1,1,1,1
c36c368022d.blogspot.com,0,0,0,0,0,0,1,0,0,1,1,1,1,0,1,0,1
canjepuntosrbac.help,0,0,0,1,0,0,0,0,1,0,1,1,1,1,1,1,1
redtail-d.firebaseapp.com,0,0,0,0,0,0,0,1,0,1,1,1,1,0,1,0,1
dropbox.com,0,0,1,4,0,0,1,0,0,1,0,1,1,0,1,0,1
l.ead.me,0,0,0,1,0,0,0,0,0,1,0,0,1,0,1,0,1
va.permata.bankslemansyariah.co.id,0,0,0,0,0,0,0,0,0,0,1,1,1,0,1,0,1
share.google,0,0,0,1,0,0,0,0,0,1,1,1,1,1,1,1,1
signin-btconnect.w3spaces.com,0,0,0,0,0,0,0,1,0,0,0,0,1,0,1,0,1
connect3rivers-fcu.web.app,0,0,0,0,0,0,0,1,0,1,1,1,1,0,1,0,1
34567duyy8i.ukit.me,0,0,0,0,0,0,0,0,0,0,0,0,1,0,1,0,1
talktalkreloadaccount.weebly.com,0,0,0,0,0,0,0,0,0,1,0,1,1,0,1,0,1
43.156.0.130,1,0,1,3,0,0,0,0,0,0,1,1,1,0,1,0,1
mail.inboxgate-cd28.fr,0,0,0,0,0,0,0,1,0,0,0,1,1,1,1,1,1
attwireless-paymentoptions-update.framer.media,0,0,1,0,0,0,0,1,0,0,1,1,1,0,1,0,1
karatasregulator.com,0,0,0,4,0,0,0,0,0,0,0,1,0,0,1,0,1
vacanthome2000.wixsite.com,0,0,0,1,0,0,0,0,0,1,1,1,1,0,1,0,1
wa.me,0,0,0,1,0,0,0,0,0,1,0,1,1,0,1,0,1
qrco.de,0,0,0,1,0,0,0,0,0,1,1,1,0,0,1,0,1
bit.ly,0,0,0,1,0,0,1,0,0,1,0,1,1,0,1,0,1
ipfs.best-practice.se,0,0,1,2,0,0,0,1,0,0,0,1,1,0,1,0,1
docs.google.com,0,0,1,4,0,0,0,0,0,1,0,1,1,0,1,0,1
hl2-6c24ke-3kdno8-l26fx1.pages.dev,0,0,0,0,0,0,0,1,0,1,1,1,1,0,1,0,1
m.help-coinbase.beer,0,0,0,1,0,0,0,1,0,0,0,1,1,1,1,1,1
bafkreieti7yk7oz2gq3vobxm7wbe42wtgqtkv6ibai4xjudeaisp6neysa.ipfs.dweb.link,0,0,1,0,0,0,0,0,1,1,1,1,1,1,1,1,1
s.pu.go.id,0,0,0,2,0,0,0,0,0,0,1,1,1,1,1,1,1
northwestelwebcom.weebly.com,0,0,0,0,0,0,0,0,0,1,0,1,1,0,1,0,1
tx.govsikd.autos,0,0,0,0,0,0,0,0,1,0,1,1,1,1,1,1,1
engine-desktoplive.wixstudio.com,0,0,0,1,0,0,0,1,0,1,1,1,1,0,1,0,1
my.forms.app,0,0,1,2,0,0,0,0,0,1,1,1,1,0,1,0,1
renouvellement-carte.net,0,0,0,0,0,0,0,1,1,0,1,1,1,1,1,1,1
wordpress-1653414-6577095.cloudwaysapps.com,0,0,1,3,0,0,0,1,1,1,1,1,1,1,1,1,1
bit.ly,0,0,0,1,0,0,1,0,0,1,0,1,1,0,1,0,1
qrco.de,0,0,0,1,0,0,0,0,0,1,1,1,0,0,1,0,1
maxisla.com,0,0,0,1,0,0,0,0,1,0,1,1,1,1,1,1,1
allegro.pl-8665832.sbs,0,0,0,0,0,0,0,1,1,0,1,1,1,1,1,1,1
peaceful-koala-327418.framer.app,0,0,0,0,0,0,0,1,0,1,1,1,1,0,1,0,1
bt-mail-update.daftpage.com,0,0,0,0,0,0,0,1,0,0,0,0,1,0,1,0,1
ssfsrer.weebly.com,0,0,0,0,0,0,0,0,0,1,0,1,1,0,1,0,1
base-page-plhy.w-1vtsfd.workers.dev,0,0,1,0,0,0,0,1,0,1,1,1,1,0,1,0,1
paylink-paypal.com,0,0,0,0,0,0,0,1,0,0,0,1,1,0,1,0,1
docs.google.com,0,0,1,5,0,0,0,0,0,1,0,1,1,0,1,0,1
fide-lltoy.cyou,0,0,0,0,0,0,0,1,1,0,1,1,1,1,1,1,1
paquets-pro.com,0,0,0,1,0,0,0,1,0,0,0,0,1,0,1,0,1
q-r.to,0,0,0,1,0,0,0,1,0,0,0,1,1,0,1,0,1
docs.google.com,0,0,1,5,0,0,0,0,0,1,0,1,1,0,1,0,1
newsacos.netlify.app,0,0,1,0,0,0,0,0,0,1,1,1,1,0,1,0,1
namitjain.com,0,0,1,28,0,0,0,0,0,0,0,0,1,0,1,0,1
dfmvepno.ca6a8b74-32ac-45ea-84f0-fb607b8789ab.click,0,0,1,1,0,0,0,1,1,0,1,1,1,1,1,1,1
docs.google.com,0,0,1,4,0,0,0,0,0,1,0,1,1,0,1,0,1
docs.google.com,0,0,1,4,0,0,0,0,0,1,0,1,0,0,1,0,1
docs.google.com,0,0,1,5,0,0,0,0,0,1,0,1,1,0,1,0,1
qrco.de,0,0,0,1,0,0,0,0,0,1,1,1,1,0,1,0,1
did.li,0,0,0,1,0,0,0,0,0,0,1,1,1,0,1,0,1
amsmkxpl.paperform.co,0,0,0,0,0,0,0,0,0,1,0,1,1,0,1,0,1
bit.ly,0,0,0,1,0,0,1,0,0,1,0,1,1,0,1,0,1
prime-service.info,0,0,0,1,0,0,0,1,0,0,1,1,1,1,1,1,1
ledgerr-log-en.wixstudio.com,0,0,0,1,0,0,0,1,0,1,1,1,1,0,1,0,1
pub-a92b0046bffd456c97472996f7080e8f.r2.dev,0,0,1,1,0,0,0,1,0,1,1,1,1,0,1,0,1
zimbra-225.weebly.com,0,0,0,0,0,0,0,1,0,1,0,1,1,0,1,0,1
sp11ct-lomrek-biz8-zesdor-havnik.pages.dev,0,0,0,0,0,0,0,1,0,1,1,1,1,0,1,0,1
xfinity1234.weebly.com,0,0,0,0,0,0,0,0,0,1,0,1,1,0,1,0,1
gskdvmmxf.firebaseapp.com,0,0,0,0,0,0,0,0,0,1,1,1,1,0,1,0,1
us6.campaign-archive.com,0,0,1,0,0,0,0,1,0,1,0,1,1,0,1,0,1
attyahoomail.urest.org,0,0,0,0,0,0,0,0,0,0,0,1,1,0,1,0,1
tinyurl.com,0,0,0,1,0,0,1,0,0,1,0,1,1,0,1,0,1
formulario-digital-advbna-2026.cr-web.workers.dev,0,0,1,0,0,0,0,1,0,1,1,1,1,0,1,0,1
did.li,0,0,0,1,0,0,0,0,0,0,1,1,1,0,1,0,1
laneder.cilinelknder.online,0,0,0,1,0,0,0,0,1,0,1,1,1,1,1,1,1
prod.stpmexs.com,0,0,1,1,0,0,0,0,1,0,1,1,1,1,1,1,1
zpr.io,0,0,0,1,0,0,0,0,0,0,0,1,1,1,1,1,1
yt8wol.webwave.dev,0,0,0,0,0,0,0,0,0,0,1,1,1,0,1,0,1
bit.ly,0,0,0,1,0,0,1,0,0,1,0,1,1,0,1,0,1
q-r.to,0,0,0,1,0,0,0,1,0,0,0,1,0,0,1,0,1
liveplatform.wixstudio.com,0,0,0,1,0,0,0,0,0,1,1,1,1,0,1,0,1
xghdgf.web.app,0,0,0,0,0,0,0,0,0,1,1,1,1,0,1,0,1
docs.google.com,0,0,1,5,0,0,0,0,0,1,0,1,1,0,1,0,1
sancionesgobhgf.com,0,0,0,1,0,0,0,0,0,0,0,1,1,0,1,0,1
q-r.to,0,0,0,1,0,0,0,1,0,0,0,1,1,0,1,0,1
shawbshgdugfe.weebly.com,0,0,0,0,0,0,0,0,0,1,0,1,1,0,1,0,1
qyt5qykw.cn,0,0,0,1,0,0,0,0,0,0,0,0,1,1,1,1,1
dropbox.com,0,0,1,4,0,0,1,0,0,1,0,1,1,0,1,0,1
novobanco-b.com,0,0,0,0,0,0,0,1,1,0,1,1,1,1,1,1,1
bit.ly,0,0,0,1,0,0,1,0,0,1,0,1,1,0,1,0,1
dfgbrehy435646345.hosted.phplist.com,0,0,0,0,0,0,1,0,0,1,0,1,1,0,1,0,1
flow.page,0,0,0,1,0,0,0,0,0,1,1,1,1,0,1,0,1
q-r.to,0,0,0,1,0,0,0,1,0,0,0,1,0,0,1,0,1
halkacskdjc12k3x123x12.sbs,0,0,0,0,0,0,0,0,1,0,1,1,1,1,1,1,1
bonailspatra.gr,0,0,0,1,0,0,0,0,0,0,1,1,1,0,1,0,1
hancosbsndkdkekkhancosbsndkdkekkdendkndndkk.ttrbru.eu.org,0,0,1,0,0,0,0,0,0,1,1,1,1,0,1,0,1
xz7jw2-y352yc-w56-ma6-03u.pages.dev,0,0,0,0,0,0,0,1,0,1,1,1,1,0,1,0,1
docs.google.com,0,0,1,5,0,0,0,0,0,1,0,1,1,0,1,0,1
facetalkcent.weebly.com,0,0,0,0,0,0,0,0,0,1,0,1,1,0,1,0,1
kucoinieylosginie.godaddysites.com,0,0,0,0,0,0,0,0,0,1,0,1,0,0,1,0,1
pub-549b5fda7bd04200b17c91c72e4850ac.r2.dev,0,0,1,1,0,0,0,1,0,1,1,1,1,0,1,0,1
w70m-7qt-p4i-3w6ywy-id9ax2.pages.dev,0,0,0,0,0,0,0,1,0,1,1,1,1,0,1,0,1
sgenerale.bolt.host,0,0,0,1,0,0,0,0,0,0,0,1,1,0,1,0,1
q-r.to,0,0,0,1,0,0,0,1,0,0,0,1,0,0,1,0,1
rb.gy,0,0,1,1,0,0,0,0,0,1,0,0,1,0,1,0,1
verication-casefb584496.vercel.app,0,0,0,0,0,0,0,1,0,1,1,1,1,0,1,0,1
docs.google.com,0,0,1,5,0,0,0,0,0,1,0,1,1,0,1,0,1
lo-barnechea-6a202.firebaseapp.com,0,0,0,0,0,0,0,1,0,1,1,1,1,0,1,0,1
meinpaypal.apps.gmbh,0,0,0,1,0,0,0,0,0,0,1,1,1,1,1,1,1
begin-globalpage.wixstudio.com,0,0,0,1,0,0,0,1,0,1,1,1,1,0,1,0,1
qrco.de,0,0,0,1,0,0,0,0,0,1,1,1,1,0,1,0,1
bit.ly,0,0,0,1,0,0,1,0,0,1,0,1,1,0,1,0,1
l.ead.me,0,0,0,1,0,0,0,0,0,1,0,0,0,0,1,0,1
choix-jour.net,0,0,0,0,0,0,0,1,0,0,0,0,1,1,1,1,1
l.ead.me,0,0,0,1,0,0,0,0,0,1,0,0,0,0,1,0,1
mobilebt-demo-accessxx.w3spaces.com,0,0,1,1,0,0,0,1,0,0,0,0,1,0,1,0,1
sallybartow.wixstudio.com,0,0,0,1,0,0,0,0,0,1,1,1,1,0,1,0,1
lisajodesign.com,0,0,0,0,0,0,0,0,0,0,0,1,1,0,1,0,1
ledgreapp-started.wixstudio.com,0,0,0,1,0,0,0,1,0,1,1,1,1,0,1,0,1
dpd.qzrvtlnkpm.cfd,0,0,0,1,0,0,0,0,1,0,1,1,1,1,1,1,1
qr-codes.io,0,0,0,1,0,0,0,1,0,0,0,0,1,0,1,0,1
ctrl-9game.com,0,1,1,1,0,0,0,1,1,0,1,1,1,1,1,1,1
wtlbic.webwave.dev,0,0,0,0,0,0,0,0,0,0,1,1,1,0,1,0,1
app.clientepresent.live,0,0,0,0,0,0,0,0,0,0,1,1,1,0,1,0,1
suivre0303w.urge463183.pro,0,0,0,0,0,0,0,0,0,0,1,1,1,0,1,0,1
l.wl.co,0,0,0,1,1,0,0,0,0,1,0,1,1,0,1,0,1
q-r.to,0,0,0,1,0,0,0,1,0,0,0,1,0,0,1,0,1
ionosxxradnasxz.weebly.com,0,0,0,0,0,0,0,0,0,1,0,1,1,0,1,0,1
docs.google.com,0,0,1,4,0,0,0,0,0,1,0,1,1,0,1,0,1
6c0nh-jrdb0k-yob-fcxop-l0i7l4.pages.dev,0,0,0,0,0,0,0,1,0,1,1,1,1,0,1,0,1
docs.google.com,0,0,1,5,0,0,0,0,0,1,0,1,1,0,1,0,1
coourrrielvveb-vidoetrronn-loginpage-vidoetrronn-ca.framer.website,0,0,1,0,0,0,0,1,0,1,0,0,1,0,1,0,1
postoffice-co-za.web.app,0,0,0,0,0,0,0,1,0,1,1,1,1,0,1,0,1
almpsurveyhub.netlify.app,0,0,0,0,0,0,0,0,0,1,1,1,1,0,1,0,1
app.duxavian.online,0,0,0,1,0,0,0,0,0,0,0,0,1,0,1,0,1
polwem.weebly.com,0,0,0,0,0,0,0,0,0,1,0,1,1,0,1,0,1
allegrolokalnie.oferta2649zxrab2949374.shop,0,0,1,2,0,0,0,0,1,0,1,1,1,1,1,1,1
kekurtsh.editorx.io,0,0,0,1,0,0,0,0,0,0,1,1,1,0,1,0,1
qrco.de,0,0,0,1,0,0,0,0,0,1,1,1,0,0,1,0,1
allegrolokainie.pl-92133.click,0,0,0,0,0,0,0,1,1,0,1,1,1,1,1,1,1
cvrnail.weebly.com,0,0,0,0,0,0,0,0,0,1,0,1,1,0,1,0,1
luxurysierranevada.com,0,0,0,0,0,0,0,0,0,0,0,1,1,0,1,0,1
q-r.to,0,0,0,1,0,0,0,1,0,0,0,1,0,0,1,0,1
us3.campaign-archive.com,0,0,1,0,0,0,0,1,0,1,0,1,1,0,1,0,1
xelqumi-gld-zarteni-p6t9kh15.pages.dev,0,0,0,0,0,0,0,1,0,1,1,1,1,0,1,0,1
poormichigan.org,0,0,0,0,0,0,0,0,0,0,0,0,1,0,1,0,1
dropbox.com,0,0,1,4,0,0,1,0,0,1,0,1,1,0,1,0,1
allegrolokalnie.pl-wbsd.shop,0,0,0,1,0,0,0,1,1,0,1,1,1,1,1,1,1
driverreservation.info,0,0,0,1,0,0,0,0,0,0,1,1,1,0,1,0,1
allegrolokalnie.nr-032789432.lol,0,0,0,0,0,0,0,1,1,0,1,1,1,1,1,1,1
nl-c4d.firebaseapp.com,0,0,0,0,0,0,0,1,0,1,1,1,1,0,1,0,1
homes-juppiteer.wixstudio.com,0,0,0,1,0,0,0,1,0,1,1,1,1,0,1,0,1
l.ead.me,0,0,0,1,0,0,0,0,0,1,0,0,1,0,1,0,1
linqapp.com,0,0,0,1,0,0,0,0,0,0,0,1,1,0,1,0,1
weste-consumo--cancelar-6gshkt0re.weebly.com,0,0,0,0,0,0,0,1,0,1,0,1,1,0,1,0,1
webtwvbbnnnbvddhhlk.weebly.com,0,0,0,0,0,0,0,0,0,1,0,1,1,0,1,0,1
tismngqo.com,0,0,0,0,0,0,0,0,1,0,1,1,1,1,1,1,1
q-r.to,0,0,0,1,0,0,0,1,0,0,0,1,0,0,1,0,1
cebjiankb6.web.app,0,0,0,0,0,0,0,0,0,1,1,1,0,0,1,0,1
bafkreicxin6eoncrmchqeupuuds3hev3uyiwsvhejbqtgwunclrk6cnr54.ipfs.dweb.link,0,0,1,0,0,0,0,0,1,1,1,1,1,1,1,1,1
forms.gle,0,0,0,1,0,0,0,0,0,1,1,1,1,0,1,0,1
trenofin.icu,0,0,0,0,0,0,0,0,1,0,1,1,1,1,1,1,1
bit.ly,0,0,0,1,0,0,1,0,0,1,0,1,1,0,1,0,1
us17.campaign-archive.com,0,0,1,0,0,0,0,1,0,1,0,1,1,0,1,0,1
olympiass.co.uk,0,0,0,1,0,0,0,0,0,0,1,1,1,0,1,0,1
docs.google.com,0,0,1,4,0,0,0,0,0,1,0,1,1,0,1,0,1
yftyrw623weuscswstury-tqadfk723we98ugjws.teemill.com,0,0,1,0,0,0,0,1,0,1,0,1,1,0,1,0,1
l.ead.me,0,0,0,1,0,0,0,0,0,1,0,0,0,0,1,0,1
qrco.de,0,0,0,1,0,0,0,0,0,1,1,1,0,0,1,0,1
connectingvodamail.weebly.com,0,0,0,0,0,0,0,0,0,1,0,1,1,0,1,0,1
teamprovide.pro,0,0,0,2,0,0,0,0,1,0,1,1,1,1,1,1,1
did.li,0,0,0,1,0,0,0,0,0,0,1,1,1,0,1,0,1
tinyurl.com,0,0,0,1,0,0,1,0,0,1,0,1,1,0,1,0,1
toaconsulting.com,0,0,0,1,0,0,0,0,0,0,0,0,1,0,1,0,1
bit.ly,0,0,0,2,0,0,1,0,0,1,0,1,1,0,1,0,1
qrco.de,0,0,0,1,0,0,0,0,0,1,1,1,0,0,1,0,1
us8.campaign-archive.com,0,0,1,0,0,0,0,1,0,1,0,1,1,0,1,0,1
us6.campaign-archive.com,0,0,1,0,0,0,0,1,0,1,0,1,1,0,1,0,1
clayterr4986.weebly.com,0,0,0,0,0,0,0,0,0,1,0,1,1,0,1,0,1
qurnora-gld-varmita-a9x2fc75.pages.dev,0,0,0,0,0,0,0,1,0,1,1,1,1,0,1,0,1
sites.google.com,0,0,0,3,0,0,0,0,0,1,0,1,1,0,1,0,1
q-r.to,0,0,0,1,0,0,0,1,0,0,0,1,1,0,1,0,1
newcrm.jpoa.com.hk,0,0,0,1,0,0,0,0,0,0,1,1,1,0,1,0,1
w1oca2c66.urest.org,0,0,0,0,0,0,0,0,0,0,0,1,1,0,1,0,1
olive-peach-872036.framer.app,0,0,0,0,0,0,0,1,0,1,1,1,1,0,1,0,1
mirait.firebaseapp.com,0,0,0,0,0,0,0,0,0,1,1,1,1,0,1,0,1
tivmbra.weebly.com,0,0,0,0,0,0,0,0,0,1,0,1,1,0,1,0,1
qrco.de,0,0,0,1,0,0,0,0,0,1,1,1,0,0,1,0,1
storage.googleapis.com,0,0,1,3,0,0,0,0,0,1,1,1,1,0,1,0,1
pub-7029ca53c7f547c4acc6d6c40e998d89.r2.dev,0,0,1,1,0,0,0,1,0,1,1,1,1,0,1,0,1
hungry-deliberate-652173.framer.app,0,0,0,0,0,0,0,1,0,1,1,1,1,0,1,0,1
andre.hub5724557.pro,0,0,0,1,0,0,0,0,0,0,1,1,1,0,1,0,1
l.ead.me,0,0,0,1,0,0,0,0,0,1,0,0,0,0,1,0,1
bafybeicjl6pg4wp4nvwtm2akg4vzgzu5s7cbi5kqnu4bi6z7l3k4p3f3by.ipfs.w3s.link,0,0,1,0,0,0,0,0,0,1,0,1,1,1,1,1,1
docs.google.com,0,0,1,5,0,0,0,0,0,1,0,1,1,0,1,0,1
ijdgqnywzjp.firebaseapp.com,0,0,0,0,0,0,0,0,0,1,1,1,1,0,1,0,1
dpdlocoys.cyou,0,0,0,1,0,0,0,0,1,0,1,1,1,1,1,1,1
docs.google.com,0,0,1,5,0,0,0,0,0,1,0,1,1,0,1,0,1
forms.visme.co,0,0,0,2,0,0,0,0,0,1,0,1,1,0,1,0,1
sp11ct-lomvek-biz8-tresan-farnix.pages.dev,0,0,0,0,0,0,0,1,0,1,1,1,1,0,1,0,1
baycorp-a.icu,0,0,1,2,0,0,0,1,1,0,1,1,1,1,1,1,1
t-mobile.frtgy.autos,0,0,0,0,0,0,0,1,1,0,1,1,1,1,1,1,1
compruebadatos.webcindario.com,0,0,0,0,0,0,0,0,1,1,1,1,1,1,1,1,1
bafkreihbt5qdq2l3gdk7wjbk6bce2xpot7eypjvb57z5eyv5m7ijlickra.ipfs.dweb.link,0,0,1,0,0,0,0,0,1,1,1,1,1,1,1,1,1
uash0kqrxr8xxctfqn.accompanysummary.my.id,0,0,1,1,0,0,0,0,1,0,1,1,1,1,1,1,1
landing.email,0,0,0,1,0,0,0,0,0,0,1,1,1,0,1,0,1
l.ead.me,0,0,0,1,0,0,0,0,0,1,0,0,0,0,1,0,1
mecalpeshydro.wixsite.com,0,0,0,1,0,0,0,0,0,1,1,1,1,0,1,0,1
credit-metuell.s-host.net,0,0,0,0,0,0,0,1,1,0,1,1,1,1,1,1,1
dekuihuanjing.com,0,0,0,2,0,0,0,0,0,0,0,0,1,1,1,1,1
013-psd2.my-granitnyrt.com,0,0,1,3,0,0,1,1,1,0,1,1,1,1,1,1,1
jupuary-beryl.vercel.app,0,0,0,0,0,0,0,1,0,1,1,1,1,0,1,0,1
forms.office.com,0,0,1,2,0,0,0,0,0,1,0,1,1,0,1,0,1
formdesigner.pro,0,0,0,3,0,0,0,0,0,0,1,1,1,0,1,0,1
bit.ly,0,0,0,1,0,0,1,0,0,1,0,1,1,1,1,1,1
b-tinternetsbmkhj.plutio.com,0,0,1,3,0,0,0,1,0,0,0,1,1,0,1,0,1
caissedepargnesacur.firebaseapp.com,0,0,0,0,0,0,0,0,0,1,1,1,0,0,1,0,1
tcqwfx-o463-sydi-ope8v2-rb1.pages.dev,0,0,0,0,0,0,0,1,0,1,1,1,1,0,1,0,1
ipfs.io,0,0,1,2,0,0,0,0,0,1,0,1,1,0,1,0,1
adrivanimovt.com,0,0,0,2,0,0,1,0,0,0,0,1,1,0,1,0,1
q-r.to,0,0,0,1,0,0,0,1,0,0,0,1,0,0,1,0,1
renegociabrasil.vercel.app,0,0,0,1,0,0,0,0,0,1,1,1,1,0,1,0,1
ur0.jp,0,0,0,1,0,0,0,0,0,0,0,1,1,0,1,0,1
crp1o-w7h4x-e88i8-pnk6j-kql.pages.dev,0,0,0,0,0,0,0,1,0,1,1,1,1,0,1,0,1
l.ead.me,0,0,0,1,0,0,0,0,0,1,0,0,1,0,1,0,1
q-r.to,0,0,0,1,0,0,0,1,0,0,0,1,0,0,1,0,1
q-r.to,0,0,0,1,0,0,0,1,0,0,0,1,1,0,1,0,1
qrco.de,0,0,0,1,0,0,0,0,0,1,1,1,0,0,1,0,1
qrco.de,0,0,0,1,0,0,0,0,0,1,1,1,1,0,1,0,1
sp11ct-norvek-biz8-pleska-torlin.pages.dev,0,0,0,0,0,0,0,1,0,1,1,1,1,0,1,0,1
bbhd.kesug.com,0,0,0,0,0,0,0,0,0,1,0,1,1,0,1,0,1
tephrastratigraphy.cfd,0,0,1,2,0,0,0,0,1,0,1,1,1,1,1,1,1
kern-kapithal.com,0,0,0,0,0,0,0,1,0,0,0,1,0,0,1,0,1
bac-snbvrw.com,0,0,0,1,0,0,0,1,0,0,0,1,1,0,1,0,1
ipfs.best-practice.se,0,0,1,2,0,0,0,1,0,0,0,1,1,0,1,0,1
pub-b0533a4f25fd47429514431d6c1a1d7b.r2.dev,0,0,1,1,0,0,0,1,0,1,1,1,1,0,1,0,1
duccodedao.github.io,0,0,0,1,0,0,0,0,0,1,1,1,1,0,1,0,1
pub-1e5d76a3f07d40fca9aaa348be68acb6.r2.dev,0,0,1,1,0,0,0,1,0,1,1,1,1,0,1,0,1
allegro.lokalna1291292.lol,0,0,0,0,0,0,0,0,1,0,1,1,1,1,1,1,1
homepages-suitecdn.wixstudio.com,0,0,0,1,0,0,0,1,0,1,1,1,1,0,1,0,1
irs.digitalassetcompliancecheck.com,0,0,1,2,0,0,0,0,1,0,1,1,1,1,1,1,1
growfix.weebly.com,0,0,0,0,0,0,0,0,0,1,1,1,1,0,1,0,1
qrco.de,0,0,0,1,0,0,0,0,0,1,1,1,0,0,1,0,1
t.co,0,0,0,1,0,0,1,0,0,1,0,1,1,1,1,1,1
qrco.de,0,0,0,1,0,0,0,0,0,1,1,1,1,1,1,1,1
docs.google.com,0,0,1,5,0,0,0,0,0,1,0,1,1,0,1,0,1
startsuit-enapp.wixstudio.com,0,0,0,1,0,0,0,1,0,1,1,1,1,0,1,0,1
clickallegrolokalnie.pl62557183.click,0,0,0,0,0,0,0,0,1,0,1,1,1,1,1,1,1
eu.jotform.com,0,0,0,2,0,0,0,0,0,1,0,1,1,0,1,0,1
evri.boxsios.cfd,0,0,0,0,0,0,0,0,1,0,1,1,1,1,1,1,1
wf03link.firebaseapp.com,0,0,0,0,0,0,0,0,0,1,1,1,1,0,1,0,1
bafkreidhwu6wffupkh2vnygxioxlr3645bs5g6gx5xxue4rqc2iubvxroq.ipfs.dweb.link,0,0,1,0,0,0,0,0,1,1,1,1,1,1,1,1,1
sites.google.com,0,0,0,3,0,0,0,0,0,1,0,1,1,0,1,0,1
docs.google.com,0,0,1,4,0,0,0,0,0,1,0,1,1,0,1,0,1
startd-ledgrcdnapp.wixstudio.com,0,0,0,1,0,0,0,1,0,1,1,1,1,0,1,0,1
publice-apps.zapier.app,0,0,0,0,0,0,0,1,0,1,1,1,1,0,1,0,1
docs.google.com,0,0,1,5,0,0,0,0,0,1,0,1,1,0,1,0,1
uc-u-c.weebly.com,0,0,0,0,0,0,0,1,0,1,0,1,1,0,1,0,1
qrco.de,0,0,0,1,0,0,0,0,0,1,1,1,0,0,1,0,1
i-wyomingcommunity.firebaseapp.com,0,0,0,0,0,0,0,1,0,1,1,1,1,0,1,0,1
cita-express-gobmxx.com,0,0,0,0,0,0,1,1,1,0,1,1,1,1,1,1,1
bit.ly,0,0,0,1,0,0,1,0,0,1,0,1,1,0,1,0,1
9an4ng9.top,0,0,0,1,0,0,0,0,1,0,1,1,1,1,1,1,1
antai-dossier-1009.com,0,0,0,1,0,0,0,1,0,0,0,1,1,1,1,1,1
docs.google.com,0,0,1,5,0,0,0,0,0,1,0,1,1,0,1,0,1
diagnosticar.addcom.mx,0,0,0,0,0,0,0,0,1,0,1,1,1,1,1,1,1
desktop-en-ledgrs.wixstudio.com,0,0,0,1,0,0,0,1,0,1,1,1,1,0,1,0,1
4pr9wkn.hair,0,0,0,3,0,0,0,0,1,0,1,1,1,1,1,1,1
esacociyu41-cloud.github.io,0,0,0,1,0,0,0,1,0,1,1,1,1,0,1,0,1
mymz.raubwb.top,0,0,0,1,0,0,0,0,1,0,1,1,1,1,1,1,1
allegro.551246.top,0,0,0,0,0,0,0,0,1,0,1,1,1,1,1,1,1
docs.zoom.us,0,0,0,2,0,0,0,0,0,1,0,1,1,0,1,0,1
consulting.wpconsult.co.uk,0,0,0,1,0,0,1,0,0,0,1,1,1,1,1,1,1
allegro.9209288774g.lat,0,0,0,0,0,0,0,0,1,0,1,1,1,1,1,1,1
docs.google.com,0,0,1,5,0,0,0,0,0,1,0,1,1,0,1,0,1
docs.google.com,0,0,1,5,0,0,0,0,0,1,0,1,1,0,1,0,1
hotm.art,0,0,0,1,0,0,0,0,0,0,0,1,1,0,1,0,1
dropbox.com,0,0,1,4,0,0,1,0,0,1,0,1,1,0,1,0,1
arezocolection.vercel.app,0,0,0,0,0,0,0,0,0,1,1,1,1,0,1,0,1
storage.cloud.google.com,0,1,1,2,0,0,0,0,0,1,0,1,1,0,1,0,1
l.ead.me,0,0,0,1,0,0,0,0,0,1,0,0,0,0,1,0,1
q-r.to,0,0,0,1,0,0,0,1,0,0,0,1,0,0,1,0,1
donotreplywaaqq.weebly.com,0,0,0,0,0,0,0,0,0,1,0,1,1,0,1,0,1
aashanteen.firebaseapp.com,0,0,0,0,0,0,0,0,0,1,1,1,1,0,1,0,1
pub-a784a4448830415985f7222bc95939a1.r2.dev,0,0,1,1,0,0,0,1,0,1,1,1,1,0,1,0,1
teamworkspace.weebly.com,0,0,0,0,0,0,0,0,0,1,0,1,1,0,1,0,1
bncrfia.eu.cc,0,0,0,0,0,0,0,0,1,1,1,1,1,1,1,1,1
docs.google.com,0,0,1,5,0,0,0,0,0,1,0,1,1,0,1,0,1
xfinitywer.weebly.com,0,0,0,0,0,0,0,0,0,1,0,1,1,0,1,0,1
docs.google.com,0,0,1,4,0,0,0,0,0,1,0,1,0,0,1,0,1
docs.google.com,0,0,1,5,0,0,0,0,0,1,0,1,1,0,1,0,1
votingonline.co.in,0,0,0,2,0,0,0,0,1,0,1,1,1,1,1,1,1
app.jotform.com,0,0,0,1,0,0,0,0,0,1,0,1,1,0,1,0,1
new.express.adobe.com,0,0,0,2,0,0,0,0,0,1,0,1,1,0,1,0,1
extranet.pb3.duckdns.org,0,0,0,0,0,0,0,0,0,1,1,1,1,1,1,1,1
desinformation00120.firebaseapp.com,0,0,0,0,0,0,0,0,0,1,1,1,1,0,1,0,1
q-r.to,0,0,0,1,0,0,0,1,0,0,0,1,0,0,1,0,1
bit.ly,0,0,0,1,0,0,1,0,0,1,0,1,1,0,1,0,1
allegrolokalnie.oferta-875461.cfd,0,0,1,2,0,0,0,1,1,0,1,1,1,1,1,1,1
q-r.to,0,0,0,1,0,0,0,1,0,0,0,1,0,0,1,0,1
pub-ee3ddc06c1e64c1eaae39d808e0da698.r2.dev,0,0,1,1,0,0,0,1,0,1,1,1,1,0,1,0,1
indd.adobe.com,0,0,1,2,0,0,0,0,0,1,0,1,1,0,1,0,1
florida.gov-yhnj.help,0,0,0,0,0,0,0,1,1,0,1,1,1,1,1,1,1
formsubmit.co,0,1,0,1,0,0,1,0,0,0,0,0,1,0,1,0,1
2fi76b.share-eu1.hsforms.com,0,0,1,1,0,0,0,1,0,1,0,1,1,0,1,0,1
l.wl.co,0,0,0,1,1,0,0,0,0,1,0,1,1,0,1,0,1
qr-codes.io,0,0,0,1,0,0,0,1,0,0,0,0,1,0,1,0,1
ce7169.craftum.io,0,0,0,0,0,0,0,0,0,1,0,1,1,0,1,0,1
fclhjs.com,0,0,0,2,0,0,0,0,0,0,0,0,1,0,1,0,1
forms.office.com,0,0,1,2,0,0,0,0,0,1,0,1,1,0,1,0,1
allegrolokalnie.8027348623547638.shop,0,0,0,0,0,0,0,0,1,0,1,1,1,1,1,1,1
login.nhbkj.com,0,0,1,1,0,0,0,0,0,0,0,1,1,0,1,0,1
detectioncenter-case1000555111.firebaseapp.com,0,0,1,0,0,0,0,1,0,1,1,1,1,0,1,0,1
wasiu.standard.us-east-1.oortstorages.com,0,0,1,1,0,0,0,1,0,0,0,0,1,0,1,0,1
comcastconnect.weebly.com,0,0,0,0,0,0,0,0,0,1,0,1,1,0,1,0,1
rp.mockplus.com,0,0,1,4,0,0,0,0,0,0,0,1,1,0,1,0,1
pay.highcompanyt.shop,0,0,1,1,0,0,0,0,0,0,1,1,1,0,1,0,1
thisguy88.square.site,0,0,0,0,0,0,0,0,0,1,0,1,1,0,1,0,1
is.gd,0,0,0,1,0,0,1,0,1,1,1,1,1,1,1,1,1
action-sante.site,0,0,0,0,0,0,0,1,1,0,1,1,1,1,1,1,1
it-8568f96248.preview.weglot.io,0,0,1,2,1,0,0,1,0,1,0,1,1,0,1,0,1
docs.google.com,0,0,1,5,0,0,0,0,0,1,0,1,1,0,1,0,1
bit.ly,0,0,0,1,0,0,1,0,0,1,0,1,1,0,1,0,1
helpsbussinessment-centerpolicy.pages.dev,0,0,0,0,0,0,0,1,0,1,1,1,1,0,1,0,1
universityofkentuckyedu.ukit.me,0,0,0,0,0,0,0,0,0,0,0,0,1,0,1,0,1
dpd.bmvxtrq.cyou,0,0,0,0,0,0,0,0,1,0,1,1,1,1,1,1,1
gpmpnf.fnjsbkt.cn,0,0,0,2,0,0,0,0,1,0,1,1,1,1,1,1,1
sites.google.com,0,0,1,3,0,0,0,0,0,1,0,1,1,0,1,0,1
agenziaentrateriscossione.cg-938172634.site,0,0,1,2,0,0,0,1,1,0,1,1,1,1,1,1,1
bvnbvvvvnbvbnbbbb.weebly.com,0,0,0,0,0,0,0,0,0,1,0,1,1,0,1,0,1
qrco.de,0,0,0,1,0,0,0,0,0,1,1,1,0,0,1,0,1
noelriverainsurance.com,0,0,0,1,0,0,0,0,0,0,0,1,1,0,1,0,1
dietzens.de,0,0,1,3,0,0,0,0,0,0,1,1,1,0,1,0,1
3u7h4h.hair,0,0,0,3,0,0,0,0,1,0,1,1,1,1,1,1,1
allegro-lokalnie.pl-92113.click,0,0,0,0,0,0,0,1,1,0,1,1,1,1,1,1,1
px34-d443e2-7fv-0pdgm-fr9q.pages.dev,0,0,0,0,0,0,0,1,0,1,1,1,1,0,1,0,1
bonemiv812.wixsite.com,0,0,0,1,0,0,0,0,0,1,1,1,1,0,1,0,1
securce-chasce.vercel.app,0,0,0,0,0,0,0,1,0,1,1,1,1,0,1,0,1
chatty-selfies-379458.framer.app,0,0,0,0,0,0,0,1,0,1,1,1,1,0,1,0,1
l.ead.me,0,0,0,1,0,0,0,0,0,1,0,0,1,0,1,0,1
belickchianileog.gitbook.io,0,0,0,1,0,0,0,0,0,1,0,1,1,0,1,0,1
biprovinciahex.webcindario.com,0,0,0,1,0,0,0,0,1,1,1,1,1,1,1,1,1
app.protecaocompleta.pro,0,0,0,1,0,0,0,0,0,0,1,1,1,0,1,0,1
allegrolokalnie.plx19592361.cfd,0,0,0,0,0,0,0,0,1,0,1,1,1,1,1,1,1
zimbra-vf226.weebly.com,0,0,0,0,0,0,0,1,0,1,0,1,1,0,1,0,1
odeesa.com.mx,0,1,1,6,0,0,0,0,0,0,0,0,1,0,1,0,1
wxtestresolve.pages.dev,0,0,0,0,0,0,0,0,0,1,1,1,1,0,1,0,1
gov-zxd.help,0,0,0,0,0,0,0,1,1,0,1,1,1,1,1,1,1
l.wl.co,0,0,0,1,1,0,0,0,0,1,0,1,1,0,1,0,1
q-r.to,0,0,0,1,0,0,0,1,0,0,0,1,0,0,1,0,1
ilivewpfrsefr.firebaseapp.com,0,0,0,0,0,0,0,0,0,1,1,1,1,0,1,0,1
q-r.to,0,0,0,1,0,0,0,1,0,0,0,1,0,0,1,0,1
seuacesso-empresarial.vidaclear.com.br,0,0,0,0,0,0,0,1,0,0,0,1,1,0,1,0,1
telmita-gld-larquni-r8x3hp26.pages.dev,0,0,0,0,0,0,0,1,0,1,1,1,1,0,1,0,1
ledgger--liveen.wixstudio.com,0,0,0,1,0,0,0,1,0,1,1,1,1,0,1,0,1
powr.io,0,0,0,3,0,0,0,0,0,1,0,0,1,0,1,0,1
docs.google.com,0,0,1,5,0,0,0,0,0,1,0,1,1,0,1,0,1
allegro.12301028g.qpon,0,0,0,0,0,0,0,0,0,0,0,1,1,1,1,1,1
whbfyp.com,0,0,0,0,0,0,0,0,1,0,1,1,1,1,1,1,1
docs.google.com,0,0,1,5,0,0,0,0,0,1,0,1,1,0,1,0,1
inicio.bolsos.skin,0,0,0,0,0,0,0,0,1,0,1,1,1,1,1,1,1
framer.com,0,0,1,1,0,0,0,0,0,1,0,1,1,0,1,0,1
formulario-digital-apjm-2026.cr-web.workers.dev,0,0,1,1,0,0,0,1,0,1,1,1,1,0,1,0,1
us7.campaign-archive.com,0,0,1,0,0,0,0,1,0,1,0,1,1,0,1,0,1
acesso.pjappempresas.click,0,0,0,0,0,0,0,0,0,0,0,1,1,0,1,0,1
allegrolokalne.pl-oferta24533.sbs,0,0,0,0,0,0,0,1,1,0,1,1,1,1,1,1,1
sunpasstollsbill.com,0,0,0,0,0,0,0,0,0,0,0,1,1,0,1,0,1
allegro-lokalnie.pl-58918959124.lol,0,0,0,0,0,0,0,1,1,0,1,1,1,1,1,1,1
us6.campaign-archive.com,0,0,1,0,0,0,0,1,0,1,0,1,1,0,1,0,1
jellyfish-app-eshkj.ondigitalocean.app,0,0,0,0,0,0,0,1,1,1,1,1,1,1,1,1,1
livedesktop-enapp.wixstudio.com,0,0,0,1,0,0,0,1,0,1,1,1,1,0,1,0,1
bafkreigtrfnd54gyvt52xt6ob624ab3traioogbtutnzychb426wyy5dr4.ipfs.dweb.link,0,0,1,0,0,0,0,0,1,1,1,1,1,1,1,1,1
lite.evernote.com,0,0,1,2,0,0,0,0,0,1,0,1,1,0,1,0,1
q-r.to,0,0,0,1,0,0,0,1,0,0,0,1,0,0,1,0,1
lmlbjr.cn,0,0,0,0,0,0,0,0,1,0,1,1,1,1,1,1,1
eu.jotform.com,0,0,0,2,0,0,0,0,0,1,0,1,1,0,1,0,1
us13.campaign-archive.com,0,0,1,0,0,0,0,1,0,1,0,1,1,0,1,0,1
eu.jotform.com,0,0,0,2,0,0,0,0,0,1,0,1,1,0,1,0,1
daaaaaummmmkkkaaako.weebly.com,0,0,0,0,0,0,0,0,0,1,0,1,1,0,1,0,1
l.ead.me,0,0,0,1,0,0,0,0,0,1,0,0,0,0,1,0,1
olipxool-j358.pn1age.casa,0,0,1,3,0,0,0,1,1,0,1,1,1,1,1,1,1
docs.google.com,0,0,1,5,0,0,0,0,0,1,0,1,1,0,1,0,1
allegro.tkr26.top,0,0,0,0,0,0,0,0,1,0,1,1,1,1,1,1,1
qrco.de,0,0,0,1,0,0,0,0,0,1,1,1,0,0,1,0,1
8269sf.com,0,0,0,0,0,0,0,0,1,0,1,1,1,1,1,1,1
allegrolokalnie.ofera-2939.lol,0,0,1,3,0,0,0,1,1,0,1,1,1,1,1,1,1
desktop-device.wixstudio.com,0,0,0,1,0,0,0,1,0,1,1,1,1,0,1,0,1
web.tegmjz.top,0,0,0,0,0,0,0,0,1,0,1,1,1,1,1,1,1
q-r.to,0,0,0,1,0,0,0,1,0,0,0,1,0,0,1,0,1
flow.page,0,0,0,1,0,0,0,0,0,1,1,1,1,0,1,0,1
r7988-8t7jb6-u-1324992141.cos.ap-jakarta.myqcloud.com,0,0,1,1,0,0,0,1,0,1,0,1,1,0,1,0,1
fast-window-402815.framer.app,0,0,0,0,0,0,0,1,0,1,1,1,1,0,1,0,1
danijamsghj.weebly.com,0,0,0,0,0,0,0,0,0,1,0,1,1,0,1,0,1
first-lifecycle-316758.framer.app,0,0,0,0,0,0,0,1,0,1,1,1,1,0,1,0,1
ca-app-938.info,0,0,0,0,0,0,0,1,1,0,1,1,1,1,1,1,1
new.express.adobe.com,0,0,0,2,0,0,0,0,0,1,0,1,1,0,1,0,1
allegrolokalnie.10209j8j8.shop,0,0,0,0,0,0,0,0,1,0,1,1,1,1,1,1,1
docs.google.com,0,0,1,5,0,0,0,0,0,1,0,1,1,0,1,0,1
tujourslaforcedefrappe.firebaseapp.com,0,0,0,0,0,0,0,0,0,1,1,1,1,0,1,0,1
allegrolokalnie.oferta017391937292927.cfd,0,0,0,0,0,0,0,0,1,0,1,1,1,1,1,1,1
venicecanoe.com,0,0,1,1,0,0,0,0,0,0,0,0,1,0,1,0,1
poczta-pl.aggebtn.icu,0,0,1,3,0,0,0,1,1,0,1,1,1,1,1,1,1
q-r.to,0,0,0,1,0,0,0,1,0,0,0,1,0,0,1,0,1
hordeweb.weebly.com,0,0,0,0,0,0,0,0,0,1,0,1,1,0,1,0,1
dolifehome.com,0,0,1,1,0,0,0,0,0,0,0,0,1,0,1,0,1
metamzkloggnn.gitbook.io,0,0,0,1,0,0,0,0,0,1,0,1,1,0,1,0,1
lddger-live-us.wixstudio.com,0,0,0,1,0,0,0,1,0,1,1,1,1,0,1,0,1
quiet-seahorse-393bb9.netlify.app,0,0,1,0,0,0,0,1,0,1,1,1,1,0,1,0,1
prime-video.app,0,0,0,0,0,0,0,1,1,0,1,1,1,1,1,1,1
bit.ly,0,0,0,1,0,0,1,0,0,1,0,1,1,0,1,0,1
new.express.adobe.com,0,0,0,2,0,0,0,0,0,1,0,1,1,0,1,0,1
qrco.de,0,0,0,1,0,0,0,0,0,1,1,1,0,0,1,0,1
allegrolokalnie.pl-oferta9810.lol,0,0,0,0,0,0,0,1,1,0,1,1,1,1,1,1,1
l.ead.me,0,0,0,1,0,0,0,0,0,1,0,0,0,0,1,0,1
logodesiqn.com,0,0,0,2,0,0,0,0,0,0,0,1,1,1,1,1,1
webmailmiseajour2026.weebly.com,0,0,0,0,0,0,0,0,0,1,0,1,1,0,1,0,1
authstart-trezr.wixstudio.com,0,0,0,1,0,0,0,1,0,1,1,1,1,0,1,0,1
docs.google.com,0,0,1,5,0,0,0,0,0,1,0,1,1,0,1,0,1
allegrolokalnie.pl-ogloszenie28573.click,0,0,0,0,0,0,0,1,1,0,1,1,1,1,1,1,1
cg-o2o.com,0,0,0,0,0,0,0,1,1,0,1,1,1,1,1,1,1
us10.campaign-archive.com,0,0,1,0,0,0,0,1,0,1,0,1,1,0,1,0,1
aec-valuations148.top,0,0,0,0,0,0,0,1,1,0,1,1,1,1,1,1,1
warmhearted-gazelle-836856.framer.app,0,0,0,0,0,0,0,1,0,1,1,1,1,0,1,0,1
pub-166c31a8757b4296b35b12825d8c17ca.r2.dev,0,0,1,1,0,0,0,1,0,1,1,1,1,0,1,0,1
bd-venezuelaa-1--tubdvenlinea.replit.app,0,0,0,0,0,0,0,1,0,1,1,1,1,0,1,0,1
verbindunginfo.de,0,0,0,3,0,0,0,0,1,0,1,1,1,1,1,1,1
qrco.de,0,0,0,1,0,0,0,0,0,1,1,1,0,0,1,0,1
ilavor-skrez-1j60be-zrkt-irendal.pages.dev,0,0,0,0,0,0,0,1,0,1,1,1,1,0,1,0,1
ca-secupassinfo.com,0,0,1,4,0,0,0,1,1,0,1,1,1,1,1,1,1
qrco.de,0,0,0,1,0,0,0,0,0,1,1,1,1,0,1,0,1
niceobmen.org,0,0,0,0,0,0,0,0,1,0,1,1,1,1,1,1,1
pub-b74f5a894e6b4cfcbe673b13431786bf.r2.dev,0,0,1,1,0,0,0,1,0,1,1,1,1,0,1,0,1
rearytumnbo.weebly.com,0,0,0,0,0,0,0,0,0,1,0,1,1,0,1,0,1
linkin.bio,0,0,0,1,0,0,0,0,0,1,1,1,1,0,1,0,1
bit.ly,0,0,0,1,0,0,1,0,0,1,0,1,1,0,1,0,1
qrco.de,0,0,0,1,0,0,0,0,0,1,1,1,0,0,1,0,1
sites.google.com,0,0,0,3,0,0,0,0,0,1,0,1,1,0,1,0,1
bradesco.onlinesuportepj.online,0,0,0,0,0,0,0,0,1,0,1,1,1,1,1,1,1
z7p8uccod.duckdns.org,0,0,0,0,0,0,0,0,0,1,1,1,1,1,1,1,1
app-basecoines.zapier.app,0,0,0,0,0,0,0,1,0,1,1,1,1,0,1,0,1
bradesco.segurancanetempresa.live,0,0,0,1,0,0,0,0,0,0,1,1,1,0,1,0,1
dropbox.com,0,0,1,4,0,0,1,0,0,1,0,1,1,0,1,0,1
new.express.adobe.com,0,0,0,2,0,0,0,0,0,1,0,1,1,0,1,0,1
bit.ly,0,0,0,1,0,0,1,0,0,1,0,1,1,1,1,1,1
new.express.adobe.com,0,0,0,2,0,0,0,0,0,1,0,1,1,0,1,0,1
q-r.to,0,0,0,1,0,0,0,1,0,0,0,1,1,0,1,0,1
registrer-user.com,0,0,0,0,0,0,0,1,0,0,0,1,1,1,1,1,1
osagroupmiami.com,0,0,0,1,0,0,0,0,0,0,0,1,1,0,1,0,1
phemayameltahub.site,0,0,0,0,0,0,0,0,1,0,1,1,1,1,1,1,1
did.li,0,0,0,1,0,0,0,0,0,0,1,1,1,0,1,0,1
docs.google.com,0,0,1,5,0,0,0,0,0,1,0,1,1,0,1,0,1
bafkreie4ilqu3mw4oelv7etvvpvxjluxtjpjbfxz7p6auia5pqowm4hwae.ipfs.dweb.link,0,0,1,0,0,0,0,0,1,1,1,1,1,1,1,1,1
kleinanzeigen.nmgdfjd.com,0,0,1,1,0,0,0,0,0,0,0,0,1,0,1,0,1
cadeau-evenement.com,0,0,1,5,0,0,1,1,1,0,1,1,1,1,1,1,1
sites.google.com,0,0,0,3,0,0,0,0,0,1,0,1,1,0,1,0,1
eu.jotform.com,0,0,0,2,0,0,0,0,0,1,0,1,1,0,1,0,1
allegrolokalnie.pl-02739571.click,0,0,0,0,0,0,0,1,1,0,1,1,1,1,1,1,1
us6.campaign-archive.com,0,0,1,0,0,0,0,1,0,1,0,1,1,0,1,0,1
qrco.de,0,0,0,1,0,0,0,0,0,1,1,1,1,0,1,0,1
daokarcdn.cn,0,0,0,2,0,0,0,0,1,0,1,1,1,1,1,1,1
site-xcum5emw8.godaddysites.com,0,0,0,0,0,0,0,1,0,1,0,1,1,0,1,0,1
laclope-40e6a.web.app,0,0,0,0,0,0,0,1,0,1,1,1,1,0,1,0,1
ecuadorayudas--ayudasecu.replit.app,0,0,1,0,0,0,0,1,0,1,1,1,1,0,1,0,1
docs.google.com,0,0,1,5,0,0,0,0,0,1,0,1,1,0,1,0,1
pub-8e7157b0700244e6ade8ab30856d76fe.r2.dev,0,0,1,1,0,0,0,1,0,1,1,1,1,0,1,0,1
filetheboir.com,0,0,0,0,0,0,0,0,0,0,0,1,1,0,1,0,1
fbookhelpsupport.firebaseapp.com,0,0,0,0,0,0,0,0,0,1,1,1,1,0,1,0,1
new.express.adobe.com,0,0,0,2,0,0,0,0,0,1,0,1,1,0,1,0,1
bodoamat.com,0,0,0,0,0,0,1,0,0,0,0,1,1,0,1,0,1
ristek.link,0,0,0,1,0,0,0,0,0,0,0,1,1,1,1,1,1
q-r.to,0,0,0,1,0,0,0,1,0,0,0,1,0,0,1,0,1
qrco.de,0,0,0,1,0,0,0,0,0,1,1,1,1,0,1,0,1
s9coph-8jftw-u9l6gq-dpifo8.pages.dev,0,0,0,0,0,0,0,1,0,1,1,1,1,0,1,0,1
q-r.to,0,0,0,1,0,0,0,1,0,0,0,1,1,0,1,0,1
q-r.to,0,0,0,1,0,0,0,1,0,0,0,1,1,0,1,0,1
emailauthjunosetup.weebly.com,0,0,0,0,0,0,0,0,0,1,0,1,1,0,1,0,1
sites.google.com,0,0,0,2,0,0,0,0,0,1,0,1,1,0,1,0,1
suitecdn-trezenapp.wixstudio.com,0,0,0,1,0,0,0,1,0,1,1,1,1,0,1,0,1
qrco.de,0,0,0,1,0,0,0,0,0,1,1,1,0,0,1,0,1
q-r.to,0,0,0,1,0,0,0,1,0,0,0,1,1,0,1,0,1
pub-abbf00e31c0d4122a6ff9385bb6109dc.r2.dev,0,0,1,1,0,0,0,1,0,1,1,1,1,0,1,0,1
new.express.adobe.com,0,0,0,2,0,0,0,0,0,1,0,1,1,0,1,0,1
cancel-volfed.firebaseapp.com,0,0,0,0,0,0,0,1,0,1,1,1,1,0,1,0,1
q-r.to,0,0,0,1,0,0,0,1,0,0,0,1,1,0,1,0,1
l1z4sn.webwave.dev,0,0,0,0,0,0,0,0,0,0,1,1,1,0,1,0,1
tr.ee,0,0,0,1,0,0,0,0,0,1,0,1,1,0,1,0,1
dropbox.com,0,0,1,4,0,0,1,0,0,1,0,1,1,0,1,0,1
onx.la,0,0,0,1,0,0,0,0,0,0,0,1,1,0,1,0,1
identif-log.ukit.me,0,0,0,0,0,0,0,1,0,0,0,0,1,0,1,0,1
sb0002.blogspot.fr,0,0,0,0,0,0,0,0,0,1,0,0,1,0,1,0,1
q-r.to,0,0,0,1,0,0,0,1,0,0,0,1,0,0,1,0,1
docs.google.com,0,0,1,5,0,0,0,0,0,1,0,1,1,0,1,0,1
chaniago10342.start.page,0,0,0,0,0,0,0,0,0,0,1,1,1,0,1,0,1
8260sf.com,0,0,0,0,0,0,0,0,1,0,1,1,1,1,1,1,1
l.ead.me,0,0,0,1,0,0,0,0,0,1,0,0,0,0,1,0,1
pub-e12a8e3c69af49e99d0c9cc39be1f1b4.r2.dev,0,0,1,1,0,0,0,1,0,1,1,1,1,0,1,0,1
nuagebrun.com,0,0,0,0,0,0,0,0,0,0,0,0,1,1,1,1,1
gmc9qwk47.ukit.me,0,0,0,0,0,0,0,0,0,0,0,0,1,0,1,0,1
opfin-caaf9.web.app,0,0,0,0,0,0,0,1,0,1,1,1,1,1,1,1,1
gov-declarar.com,0,0,0,0,0,0,0,1,0,0,0,1,1,1,1,1,1
dpdlocahb.cyou,0,0,0,1,0,0,0,0,1,0,1,1,1,1,1,1,1
csemizuho.fr,0,0,0,0,0,0,0,0,0,0,0,1,0,0,1,0,1
claim-up.netlify.app,0,0,0,0,0,0,0,1,0,1,1,1,1,0,1,0,1
free-5502058.webadorsite.com,0,0,0,0,0,0,0,1,0,0,1,1,1,0,1,0,1
ndlions.netlify.app,0,0,0,0,0,0,0,0,0,1,1,1,1,0,1,0,1
engineersclubindia.com,0,0,1,0,0,0,0,0,0,0,0,0,0,0,1,0,1
qrco.de,0,0,0,1,0,0,0,0,0,1,1,1,1,0,1,0,1
t.co,0,0,0,1,0,0,1,0,0,1,0,1,1,0,1,0,1
l.ead.me,0,0,0,1,0,0,0,0,0,1,0,0,1,0,1,0,1
nnfems.com,0,0,0,4,0,0,0,0,0,0,0,1,1,0,1,0,1
bit.ly,0,0,0,1,0,0,1,0,0,1,0,1,1,0,1,0,1
q-r.to,0,0,0,1,0,0,0,1,0,0,0,1,0,0,1,0,1
live-pribadi-883.weebly.com,0,0,0,0,0,0,0,1,0,1,0,1,1,0,1,0,1
cnci--seguridad019.replit.app,0,0,0,0,0,0,0,1,0,1,1,1,1,0,1,0,1
docs.google.com,0,0,1,4,0,0,0,0,0,1,0,1,0,0,1,0,1
1pu5c9.info,0,0,0,1,0,0,0,0,1,0,1,1,1,1,1,1,1
qrco.de,0,0,0,1,0,0,0,0,0,1,1,1,1,0,1,0,1
sites.google.com,0,0,0,2,0,0,0,0,0,1,0,1,1,0,1,0,1
l.ead.me,0,0,0,1,0,0,0,0,0,1,0,0,0,0,1,0,1
credito-ecuador.shop,0,0,1,1,0,0,0,1,1,0,1,1,1,1,1,1,1
rachid.acces948207.pro,0,0,0,1,0,0,0,0,1,0,1,1,1,1,1,1,1
quo.m-pages.com,0,0,0,1,0,0,0,1,0,1,0,1,1,0,1,0,1
gunaigute.com,0,0,0,1,0,0,0,0,1,0,1,1,1,1,1,1,1
radios-app.firebaseapp.com,0,0,0,0,0,0,0,1,0,1,1,1,1,0,1,0,1
docs.google.com,0,0,1,5,0,0,0,0,0,1,0,1,1,0,1,0,1
qrco.de,0,0,0,1,0,0,0,0,0,1,1,1,1,0,1,0,1
cmllog.com,0,0,0,1,0,0,0,0,1,0,1,1,1,1,1,1,1
servicevinci.com,0,0,0,0,0,0,0,0,0,0,0,1,1,1,1,1,1
ln.run,0,0,0,1,0,0,0,0,0,1,1,1,1,0,1,0,1
l.ead.me,0,0,0,1,0,0,0,0,0,1,0,0,0,0,1,0,1
joelosteen12645-creator.github.io,0,1,1,1,0,0,0,1,0,1,1,1,1,0,1,0,1
allegrolokalnie.pl-oferta32312.sbs,0,0,0,0,0,0,0,1,1,0,1,1,1,1,1,1,1
maillen.ecolesnourkskemoaus.com,0,0,0,0,0,0,0,0,0,0,0,1,1,1,1,1,1
t-mobile.erdva.click,0,0,0,1,0,0,0,1,1,0,1,1,1,1,1,1,1
q-r.to,0,0,0,1,0,0,0,1,0,0,0,1,0,0,1,0,1
user-logn-ledgr.weebly.com,0,0,0,0,0,0,0,1,0,1,0,1,1,0,1,0,1
lbl76u.csb.app,0,0,0,1,0,0,0,0,0,0,1,1,1,0,1,0,1
sp12ct-pradel-biz-kesrik-lomsar.pages.dev,0,0,0,0,0,0,0,1,0,1,1,1,1,0,1,0,1
sites.google.com,0,0,1,3,0,0,0,0,0,1,0,1,1,0,1,0,1
zitomedia.weebly.com,0,0,0,0,0,0,0,0,0,1,0,1,1,0,1,0,1
allegrolokalnie.3748928.xyz,0,0,0,0,0,0,0,0,1,0,1,1,1,1,1,1,1
cpnsdbcxbmyyf.firebaseapp.com,0,0,0,0,0,0,0,0,0,1,1,1,1,0,1,0,1
dfggdsaserrt.weebly.com,0,0,0,0,0,0,0,0,0,1,0,1,1,0,1,0,1
sp12ct-farnok-biz-heldik-prasor.pages.dev,0,0,0,0,0,0,0,1,0,1,1,1,1,0,1,0,1
heitorferrer.com.br,0,1,1,7,0,0,0,0,0,0,0,1,1,0,1,0,1
odesli.co,0,0,0,1,0,0,0,0,0,1,0,1,1,0,1,0,1
musicplayer-fc659.firebaseapp.com,0,0,0,0,0,0,0,1,0,1,1,1,1,0,1,0,1
anti-robot-3abf.web.app,0,0,0,0,0,0,0,1,0,1,1,1,1,0,1,0,1
kleinanzeigen.0292914.app,0,0,0,1,0,0,0,0,1,0,1,1,1,1,1,1,1
en-suiteapp.framer.media,0,0,0,1,0,0,0,1,0,0,1,1,1,0,1,0,1
t.co,0,0,0,1,0,0,1,0,0,1,0,1,0,0,1,0,1
qrco.de,0,0,0,1,0,0,0,0,0,1,1,1,1,0,1,0,1
docs.google.com,0,0,1,5,0,0,0,0,0,1,0,1,1,0,1,0,1
allegro.031209h58h45.me,0,0,0,0,0,0,0,0,1,0,1,1,1,1,1,1,1
anz-ref7136.firebaseapp.com,0,0,0,0,0,0,0,1,0,1,1,1,1,0,1,0,1
ledgeer-open-live.framer.media,0,0,0,0,0,0,0,1,0,0,1,1,1,0,1,0,1
l.ead.me,0,0,0,1,0,0,0,0,0,1,0,0,0,0,1,0,1
dpd.ch-postl.com,0,0,0,0,0,0,0,1,1,0,1,1,1,1,1,1,1
junocom-101135.weeblysite.com,0,0,0,0,0,0,0,1,0,1,0,1,1,0,1,0,1
myemail.constantcontact.com,0,0,1,1,0,0,1,0,0,1,0,1,1,0,1,0,1
organtransplanttrust.com,0,0,1,1,0,0,1,0,0,0,0,1,1,0,1,0,1
docs.google.com,0,0,1,5,0,0,0,0,0,1,0,1,1,0,1,0,1
qrco.de,0,0,0,1,0,0,0,0,0,1,1,1,0,0,1,0,1
allegrolokalnie.pl-ogloszenia-firmowe-id-332388.sbs,0,0,1,0,0,0,0,1,1,0,1,1,1,1,1,1,1
marwawater.com,0,0,0,0,0,0,0,0,0,0,0,1,1,0,1,0,1
linkin.bio,0,0,0,1,0,0,0,0,0,1,1,1,1,0,1,0,1
q-r.to,0,0,0,1,0,0,0,1,0,0,0,1,0,0,1,0,1
delivery0625f.liv5781408.pro,0,0,0,0,0,0,0,0,0,0,1,1,1,0,1,0,1
google.com,0,0,1,1,0,0,0,0,0,1,0,1,1,0,1,0,1
news-official-c7entertainment.com,0,0,1,0,0,0,1,1,1,0,1,1,1,1,1,1,1
allegrolokalnie.07032.lat,0,0,0,0,0,0,0,0,1,0,1,1,1,1,1,1,1
l.ead.me,0,0,0,1,0,0,0,0,0,1,0,0,1,0,1,0,1
docs.google.com,0,0,1,5,0,0,0,0,0,1,0,1,1,0,1,0,1
magalupromosvips.vercel.app,0,0,1,2,0,0,0,0,0,1,1,1,1,0,1,0,1
nevergoastray.weebly.com,0,0,0,0,0,0,0,0,0,1,0,1,1,0,1,0,1
xtfi231.vercel.app,0,0,0,0,0,0,0,0,0,1,1,1,1,1,1,1,1
qrco.de,0,0,0,1,0,0,0,0,0,1,1,1,0,0,1,0,1
allegro.83248054h238.qpon,0,0,0,0,0,0,0,0,0,0,0,1,1,1,1,1,1
docs.google.com,0,0,1,5,0,0,0,0,0,1,0,1,1,0,1,0,1
new.express.adobe.com,0,0,0,2,0,0,0,0,0,1,0,1,1,0,1,0,1
l.ead.me,0,0,0,1,0,0,0,0,0,1,0,0,0,0,1,0,1
dropbox.com,0,0,1,4,0,0,1,0,0,1,0,1,1,0,1,0,1
linkbgbz.firebaseapp.com,0,0,0,0,0,0,0,0,0,1,1,1,1,0,1,0,1
powr.io,0,0,0,3,0,0,0,0,0,1,0,0,0,0,1,0,1
send.coolchop.live,0,0,0,0,0,0,0,0,1,0,1,1,1,1,1,1,1
www-degelyehuda-org-il.filesusr.com,0,0,1,2,0,0,0,1,0,1,0,1,1,0,1,0,1
protonme1.weebly.com,0,0,0,0,0,0,0,0,0,1,0,1,1,0,1,0,1
malouk.info-804431.pro,0,0,0,1,0,0,0,1,1,0,1,1,1,1,1,1,1
us20.campaign-archive.com,0,0,1,0,0,0,0,1,0,1,0,1,1,0,1,0,1
newo124.weebly.com,0,0,0,0,0,0,0,0,0,1,0,1,1,0,1,0,1
l.ead.me,0,0,0,1,0,0,0,0,0,1,0,0,1,0,1,0,1
docs.google.com,0,0,1,5,0,0,0,0,0,1,0,1,1,0,1,0,1
netflixapp.com,0,0,0,1,0,0,0,0,0,0,0,1,1,1,1,1,1
qvyhszsip.com,0,0,0,0,0,0,0,0,0,0,0,0,1,1,1,1,1
kleinanzeigen-deutsch.de-supsrvc8732367.info,0,0,1,3,0,0,0,1,1,0,1,1,1,1,1,1,1
qrco.de,0,0,0,1,0,0,0,0,0,1,1,1,1,0,1,0,1
allegrolokalnie.pl-aibt8.sbs,0,0,1,2,0,0,0,1,1,0,1,1,1,1,1,1,1
us13.campaign-archive.com,0,0,1,0,0,0,0,1,0,1,0,1,1,0,1,0,1
hsiogqo04.ukit.me,0,0,0,0,0,0,0,0,0,0,0,0,1,0,1,0,1
docs.google.com,0,0,1,4,0,0,0,0,0,1,0,1,1,0,1,0,1
l.wl.co,0,0,1,1,1,0,0,0,0,1,0,1,1,0,1,0,1
docs.google.com,0,0,1,4,0,0,0,0,0,1,0,1,1,0,1,0,1
officeadmin2026.weebly.com,0,0,0,0,0,0,0,0,0,1,0,1,1,0,1,0,1
allegro.9274106913507.click,0,0,0,1,0,0,0,0,1,0,1,1,1,1,1,1,1
qrco.de,0,0,0,1,0,0,0,0,0,1,1,1,0,0,1,0,1
540qkoz4qdqpx-pages-dev.translate.goog,0,0,1,1,0,0,0,1,0,1,1,1,1,0,1,0,1
home-siute.wixstudio.com,0,0,0,1,0,0,0,1,0,1,1,1,1,0,1,0,1
prosperous-breakfast-387603.framer.app,0,0,0,0,0,0,0,1,0,1,1,1,1,0,1,0,1
l.ead.me,0,0,0,1,0,0,0,0,0,1,0,0,0,0,1,0,1
pub-da2262f57160441a948b394c0fbf42ce.r2.dev,0,0,1,1,0,0,0,1,0,1,1,1,1,0,1,0,1
dpd.bmvxtrq.cyou,0,0,0,1,0,0,0,0,1,0,1,1,1,1,1,1,1
bafkreidgiyammo6oxvvlojem4p2rt24uepltfr7bwg2rdcqn24pir4rvne.ipfs.dweb.link,0,0,1,0,0,0,0,0,1,1,1,1,1,1,1,1,1
l.ead.me,0,0,0,1,0,0,0,0,0,1,0,0,0,0,1,0,1
docs.google.com,0,0,1,5,0,0,0,0,0,1,0,1,1,0,1,0,1
roblox.com.bz,0,0,1,3,0,0,1,0,0,0,1,1,0,0,1,0,1
dropbox.com,0,0,1,4,0,0,1,0,0,1,0,1,1,0,1,0,1
qrco.de,0,0,0,1,0,0,0,0,0,1,1,1,1,0,1,0,1
acc-kionlly-io.wixstudio.com,0,0,0,1,0,0,0,1,0,1,1,1,1,0,1,0,1
docs.google.com,0,0,1,4,0,0,0,0,0,1,0,1,0,0,1,0,1
acivitatingmaisl93930.weebly.com,0,0,0,0,0,0,0,0,0,1,0,1,1,0,1,0,1
allegro.ifoert4389712.baby,0,0,0,0,0,0,0,0,1,0,1,1,1,1,1,1,1
bitly.cx,0,0,0,1,0,0,0,0,0,0,0,0,1,0,1,0,1
new.express.adobe.com,0,0,0,2,0,0,0,0,0,1,0,1,1,0,1,0,1
prime-gerer-abonnement.com,0,0,0,0,0,0,1,1,0,0,0,1,1,1,1,1,1
firsttechfedsupport.net,0,0,0,0,0,0,0,0,1,0,1,1,1,1,1,1,1
bhd-card3.webcindario.com,0,0,0,0,0,0,0,1,1,1,1,1,1,1,1,1,1
qrco.de,0,0,0,1,0,0,0,0,0,1,1,1,0,0,1,0,1
qrco.de,0,0,0,1,0,0,0,0,0,1,1,1,0,0,1,0,1
learn-port-trzsuit.github.io,0,0,0,1,0,0,0,1,0,1,1,1,1,0,1,0,1
ledgoernlivewallet.gitbook.io,0,0,0,1,0,0,0,0,0,1,0,1,1,0,1,0,1
surl.li,0,0,0,1,0,0,0,0,0,1,1,1,1,0,1,0,1
2fd86-j7ic3-7s49z5-jkffss.pages.dev,0,0,0,0,0,0,0,1,0,1,1,1,1,0,1,0,1
snip.ly,0,0,0,1,0,0,0,0,0,1,0,1,1,0,1,0,1
new.express.adobe.com,0,0,0,2,0,0,0,0,0,1,0,1,1,0,1,0,1
sdfhjszp.com,0,0,0,2,0,0,0,0,0,0,0,0,1,1,1,1,1
q-r.to,0,0,0,1,0,0,0,1,0,0,0,1,0,0,1,0,1
h5c9jsw71.ukit.me,0,0,0,0,0,0,0,0,0,0,0,0,1,0,1,0,1
us11.campaign-archive.com,0,0,1,0,0,0,0,1,0,1,0,1,1,0,1,0,1
xxxxxxxxshellenergy.weebly.com,0,0,0,0,0,0,0,0,0,1,0,1,1,0,1,0,1
q-r.to,0,0,0,1,0,0,0,1,0,0,0,1,1,0,1,0,1
bit.ly,0,0,0,1,0,0,1,0,0,1,0,1,1,0,1,0,1
qrco.de,0,0,0,1,0,0,0,0,0,1,1,1,1,0,1,0,1
proximus.at,0,0,0,1,0,0,0,0,0,0,1,1,1,1,1,1,1
ingresarbdv2024.webcindario.com,0,0,0,0,0,0,0,0,1,1,1,1,1,1,1,1,1
q-r.to,0,0,0,1,0,0,0,1,0,0,0,1,1,0,1,0,1
comcastverifylogin.weebly.com,0,0,0,0,0,0,0,0,0,1,0,1,1,0,1,0,1
actu729261.pro,0,0,0,0,0,0,0,0,0,0,1,1,1,0,1,0,1
q-r.to,0,0,0,1,0,0,0,1,0,0,0,1,0,0,1,0,1
allegrolokalnie.9625436.cfd,0,0,1,3,0,0,0,0,1,0,1,1,1,1,1,1,1
docs.google.com,0,0,1,4,0,0,0,0,0,1,0,1,1,0,1,0,1
gmxvcv.weebly.com,0,0,0,0,0,0,0,0,0,1,0,1,1,0,1,0,1
docs.google.com,0,0,1,4,0,0,0,0,0,1,0,1,1,0,1,0,1
netinswebmail0765.weebly.com,0,0,0,0,0,0,0,0,0,1,0,1,1,0,1,0,1
bit.ly,0,0,0,1,0,0,1,0,0,1,0,1,1,0,1,0,1
bafkreia7ytkcfrstre243fetqv6bixgvlrrtjalsmx52s6zuyfbglg7ih4.ipfs.dweb.link,0,0,1,0,0,0,0,0,1,1,1,1,1,1,1,1,1
ee-help-account.web.app,0,0,0,0,0,0,0,1,0,1,1,1,1,0,1,0,1
proveedor-2026login.vercel.app,0,0,0,0,0,0,0,1,0,1,1,1,1,0,1,0,1
uploads.strikinglycdn.com,0,0,1,3,0,0,0,0,0,1,0,1,1,0,1,0,1
allegrolokalnie.pl-5878761824523.lol,0,0,1,3,0,0,0,1,1,0,1,1,1,1,1,1,1
allegrolokalnie.pl-fs858y692.sbs,0,0,0,0,0,0,0,1,1,0,1,1,1,1,1,1,1
l.wl.co,0,0,1,1,1,0,0,0,0,1,0,1,1,0,1,0,1
q-r.to,0,0,0,1,0,0,0,1,0,0,0,1,0,0,1,0,1
dac8actifs.com,0,0,0,1,0,0,0,0,1,0,1,1,1,1,1,1,1
monoffre-prime.com,0,1,1,1,0,0,0,1,1,0,1,1,1,1,1,1,1
credi-rapido.webcindario.com,0,0,0,0,0,0,0,1,1,1,1,1,1,1,1,1,1
trustwalletsupport.dev,0,0,0,0,0,0,0,0,0,0,1,1,1,0,1,0,1
allegrolokalnie.oferta-lokalana2849354363.shop,0,0,0,0,0,0,0,1,1,0,1,1,1,1,1,1,1
anahirschle.com.br,0,0,1,3,0,0,0,0,0,0,0,0,1,0,1,0,1
uipacumitylonigne.weebly.com,0,0,0,0,0,0,0,0,0,1,0,1,1,0,1,0,1
myurls.bio,0,0,0,1,0,0,0,0,0,0,1,1,1,1,1,1,1
sso-en-kuccoin.webflow.io,0,0,0,0,0,0,0,1,0,1,1,1,1,0,1,0,1
confirmifitwasyou.web.app,0,0,0,0,0,0,0,0,0,1,1,1,1,0,1,0,1
corre0web.weebly.com,0,0,0,0,0,0,0,0,0,1,0,1,1,0,1,0,1
pub-719f6adb58184ad9a1ed976dcf368604.r2.dev,0,0,1,1,0,0,0,1,0,1,1,1,1,0,1,0,1
bit.ly,0,0,0,1,0,0,1,0,0,1,0,1,1,0,1,0,1
share.hsforms.com,0,0,1,1,0,0,0,0,0,1,0,1,1,0,1,0,1
allegrolokalnie.y-v9-b01.lat,0,0,1,2,0,0,0,1,1,0,1,1,1,1,1,1,1
sp12ct-vormor-biz-hansik-pravsel.pages.dev,0,0,0,0,0,0,0,1,0,1,1,1,1,0,1,0,1
new.express.adobe.com,0,0,0,2,0,0,0,0,0,1,0,1,1,0,1,0,1
vvhatssapp.vip,0,0,0,0,0,0,0,0,1,0,1,1,1,1,1,1,1
l.ead.me,0,0,0,1,0,0,0,0,0,1,0,0,0,0,1,0,1
linkin.bio,0,0,0,1,0,0,0,0,0,1,1,1,1,0,1,0,1
f005.backblazeb2.com,0,0,1,3,0,0,0,0,0,1,0,1,1,0,1,0,1
tunmagakunesine.web.app,0,0,0,0,0,0,0,0,0,1,1,1,1,0,1,0,1
ladmcu.firebaseapp.com,0,0,0,0,0,0,0,0,0,1,1,1,1,0,1,0,1
q-r.to,0,0,0,1,0,0,0,1,0,0,0,1,1,0,1,0,1
us8.campaign-archive.com,0,0,1,0,0,0,0,1,0,1,0,1,1,0,1,0,1
q-r.to,0,0,0,1,0,0,0,1,0,0,0,1,0,0,1,0,1
9digits.info,0,0,0,0,0,0,0,0,1,0,1,1,1,1,1,1,1
l.wl.co,0,0,0,1,1,0,0,0,0,1,0,1,1,0,1,0,1
mmordr.weebly.com,0,0,0,0,0,0,0,0,0,1,0,1,1,0,1,0,1
smart-tweak-118487.framer.app,0,0,0,0,0,0,0,1,0,1,1,1,1,0,1,0,1
q-r.to,0,0,0,1,0,0,0,1,0,0,0,1,0,0,1,0,1
nassab.hub-948161.pro,0,0,0,1,0,0,0,1,1,0,1,1,1,1,1,1,1
q-r.to,0,0,0,1,0,0,0,1,0,0,0,1,0,0,1,0,1
kureshnameshindex.firebaseapp.com,0,0,0,0,0,0,0,0,0,1,1,1,1,0,1,0,1
docs.google.com,0,0,1,5,0,0,0,0,0,1,0,1,1,0,1,0,1
twinvalley-update-server.weeblysite.com,0,0,0,0,0,0,0,1,0,1,0,1,1,0,1,0,1
qrco.de,0,0,0,1,0,0,0,0,0,1,1,1,0,0,1,0,1
us1.campaign-archive.com,0,0,1,0,0,0,0,1,0,1,0,1,1,0,1,0,1
takipcigir.com,0,0,0,1,0,0,0,0,0,0,0,1,1,0,1,0,1
onlinemerco.weebly.com,0,0,0,0,0,0,0,0,0,1,0,1,1,0,1,0,1
bing.com,0,0,1,2,0,0,0,0,0,1,0,0,1,0,1,0,1
qrco.de,0,0,0,1,0,0,0,0,0,1,1,1,0,0,1,0,1
billing-status-check.firebaseapp.com,0,0,0,0,0,0,0,1,0,1,1,1,1,0,1,0,1
ljo1zh.csb.app,0,0,0,0,0,0,0,0,0,0,1,1,1,0,1,0,1
etapedorient.ch,0,0,1,6,0,0,0,0,1,0,1,1,1,1,1,1,1
allegro.oferta7801145pl.click,0,0,0,0,0,0,0,0,0,0,0,1,1,0,1,0,1
eventchecker-io.netlify.app,0,0,0,0,0,0,0,1,0,1,1,1,1,0,1,0,1
co1tact.web.app,0,0,0,0,0,0,0,0,0,1,1,1,1,0,1,0,1
easyprka.com,0,0,0,1,0,0,0,0,0,0,0,1,1,1,1,1,1
docs.zoom.us,0,0,0,2,0,0,0,0,0,1,0,1,1,0,1,0,1
suivi9358h.jpod5781576.pro,0,0,0,0,0,0,0,0,0,0,1,1,1,0,1,0,1
wonderwallperu.com,0,0,1,1,0,0,0,0,0,0,0,1,1,1,1,1,1
alibabacarelogin.weebly.com,0,0,0,0,0,0,0,0,0,1,0,1,1,0,1,0,1
allegrolokalne.aui74391230857j54.shop,0,0,0,0,0,0,0,0,1,0,1,1,1,1,1,1,1
actual348bhd49.yzz.me,0,0,0,0,0,0,0,0,0,0,0,1,1,1,1,1,1
l.ead.me,0,0,0,1,0,0,0,0,0,1,0,0,0,0,1,0,1
ajdyga.cn,0,0,0,3,0,0,0,0,1,0,1,1,1,1,1,1,1
l.ead.me,0,0,0,1,0,0,0,0,0,1,0,0,0,0,1,0,1
new.express.adobe.com,0,0,0,2,0,0,0,0,0,1,0,1,1,0,1,0,1
mx-flow.de,0,0,0,2,0,0,0,1,0,0,1,1,1,0,1,0,1
qrco.de,0,0,0,1,0,0,0,0,0,1,1,1,0,0,1,0,1
form.platoforms.com,0,0,0,1,0,0,0,0,0,0,0,1,1,0,1,0,1
copnb--cz.weebly.com,0,0,0,0,0,0,0,1,0,1,0,1,1,0,1,0,1
google.com,0,0,1,1,0,0,0,0,0,1,0,1,1,0,1,0,1
gov-nazs.help,0,0,0,0,0,0,0,1,1,0,1,1,1,1,1,1,1
expressil-15323.firebaseapp.com,0,0,0,0,0,0,0,1,0,1,1,1,1,0,1,0,1
mwregularizacaofacil.weebly.com,0,0,1,0,0,0,0,0,0,1,0,1,1,0,1,0,1
domappcheckomeg30.firebaseapp.com,0,0,0,0,0,0,0,0,0,1,1,1,1,0,1,0,1
q-r.to,0,0,0,1,0,0,0,1,0,0,0,1,0,0,1,0,1
flow.page,0,0,0,1,0,0,0,0,0,1,1,1,1,0,1,0,1
patagonia.fiinanzas.blog,0,0,1,0,0,0,0,0,0,0,0,1,1,0,1,0,1
q-r.to,0,0,0,1,0,0,0,1,0,0,0,1,1,0,1,0,1
q-r.to,0,0,0,1,0,0,0,1,0,0,0,1,0,0,1,0,1
prime-service.info,0,0,0,0,0,0,0,1,0,0,1,1,1,1,1,1,1
bayarpilihan.shop,0,0,0,2,0,0,0,0,1,0,1,1,1,1,1,1,1
spwzhg.com,0,0,0,1,0,0,0,0,0,0,0,0,1,0,1,0,1
dkqe1vfjgjkwds0jqwsfbn-ctfvygiuksvkwysdvjc7vsh.teemill.com,0,0,1,0,0,0,0,1,0,1,0,1,1,0,1,0,1
l.ead.me,0,0,0,1,0,0,0,0,0,1,0,0,0,0,1,0,1
short-panda-123267.framer.app,0,0,0,0,0,0,0,1,0,1,1,1,1,0,1,0,1
acir.postofficeweb.com,0,0,1,2,0,0,0,0,0,0,0,0,0,0,1,0,1
connectwebpage.wixstudio.com,0,0,0,1,0,0,0,0,0,1,1,1,1,0,1,0,1
docs.google.com,0,0,1,5,0,0,0,0,0,1,0,1,1,0,1,0,1
docs.google.com,0,0,1,5,0,0,0,0,0,1,0,1,1,0,1,0,1
docs.google.com,0,0,1,5,0,0,0,0,0,1,0,1,1,0,1,0,1
23486428-pinksfamily0-g20jz.sitebeat.crazydomains.com,0,0,1,0,0,0,0,1,0,1,0,1,1,0,1,0,1
docs.google.com,0,0,1,5,0,0,0,0,0,1,0,1,1,0,1,0,1
chinkotemple.github.io,0,0,0,1,0,0,0,0,0,1,1,1,1,0,1,0,1
nuloraca.com,0,0,1,1,0,0,0,0,0,0,0,1,1,0,1,0,1
pub-5129c5d81f084db8bec88b6bbafdc82f.r2.dev,0,0,1,1,0,0,0,1,0,1,1,1,1,0,1,0,1
gomezmunisanisidro.weebly.com,0,0,0,0,0,0,0,0,0,1,0,1,1,0,1,0,1
qrco.de,0,0,0,1,0,0,0,0,0,1,1,1,0,0,1,0,1
pub-b6f53deca31e45c7a6bcb2534d071e1c.r2.dev,0,0,1,1,0,0,0,1,0,1,1,1,1,0,1,0,1
home-app-trexor.wixstudio.com,0,0,0,1,0,0,0,1,0,1,1,1,1,0,1,0,1
docs.google.com,0,0,1,5,0,0,0,0,0,1,0,1,1,0,1,0,1
qrco.de,0,0,0,1,0,0,0,0,0,1,1,1,1,0,1,0,1
api.crmgrow.com,0,0,1,1,1,0,0,0,0,0,0,0,1,0,1,0,1
657545647y4567876575.blogspot.com,0,0,0,0,0,0,1,0,0,1,1,1,1,0,1,0,1
docs.google.com,0,0,1,5,0,0,0,0,0,1,0,1,1,0,1,0,1
l.ead.me,0,0,0,1,0,0,0,0,0,1,0,0,0,0,1,0,1
docs.google.com,0,0,1,5,0,0,0,0,0,1,0,1,1,0,1,0,1
hergzomei.web.app,0,0,0,0,0,0,0,0,0,1,1,1,1,0,1,0,1
new.express.adobe.com,0,0,0,2,0,0,0,0,0,1,0,1,1,0,1,0,1
4zpns5.info,0,0,0,1,0,0,0,0,1,0,1,1,1,1,1,1,1
gn33.fr,0,0,0,1,0,0,0,0,0,0,0,1,1,0,1,1,1
web.tegzkr.top,0,0,0,0,0,0,0,0,1,0,1,1,1,1,1,1,1
allegro.12300hhbbcc.study,0,0,1,1,0,0,0,0,1,0,1,1,1,1,1,1,1
sbcglobal-sign-in-b8c22f.webflow.io,0,0,0,0,0,0,0,1,0,1,1,1,1,0,1,0,1
ky.gov-pzq.help,0,0,0,0,0,0,0,1,1,0,1,1,1,1,1,1,1
btemailauthh.weebly.com,0,0,0,0,0,0,0,0,0,1,0,1,1,0,1,0,1
aictec-access-request-portal.web.app,0,0,0,0,0,0,0,1,0,1,1,1,1,0,1,0,1
de-20303.web.app,0,0,0,0,0,0,0,1,0,1,1,1,1,0,1,0,1
login-interne.framer.website,0,0,0,0,0,0,0,1,0,1,0,0,1,0,1,0,1
portaldiscover19.web.app,0,0,0,0,0,0,0,0,0,1,1,1,1,0,1,0,1
doxc.dedhgaj.com,0,0,0,1,0,0,0,0,0,0,0,0,1,0,1,0,1
mailupdate.glide.page,0,0,0,2,0,0,0,0,0,0,1,1,1,0,1,0,1
qrco.de,0,0,0,1,0,0,0,0,0,1,1,1,0,0,1,0,1
eventlog.netcentrum.cz,0,0,1,1,1,0,0,0,0,0,0,0,1,1,1,1,1
l.ead.me,0,0,0,1,0,0,0,0,0,1,0,0,0,0,1,0,1
docs.google.com,0,0,1,5,0,0,0,0,0,1,0,1,1,0,1,0,1
cabanasuspedeal.ro,0,0,1,5,0,0,0,0,0,0,1,1,1,0,1,0,1
claim-t8.netlify.app,0,0,0,0,0,0,0,1,0,1,1,1,1,0,1,0,1
bafkreierwdxxasjwdyirxe5glkoxaw225eeoqkmfaxvuwkbre2pjpozgkq.ipfs.dweb.link,0,0,1,0,0,0,0,0,1,1,1,1,1,1,1,1,1
ambitious-manager-454206.framer.app,0,0,0,0,0,0,0,1,0,1,1,1,1,0,1,0,1
q-r.to,0,0,0,1,0,0,0,1,0,0,0,1,0,0,1,0,1
racspace12.weebly.com,0,0,0,0,0,0,0,0,0,1,0,1,1,0,1,0,1
fr-mirabelles-89d18.web.app,0,0,0,0,0,0,0,1,0,1,1,1,1,0,1,0,1
l.ead.me,0,0,0,1,0,0,0,0,0,1,0,0,0,0,1,0,1
lhub.to,0,0,0,1,0,0,0,0,0,0,0,1,1,0,1,0,1
click.meetwo.de,0,0,1,5,0,0,0,0,0,0,1,1,1,0,1,0,1
q-r.to,0,0,0,1,0,0,0,1,0,0,0,1,0,0,1,0,1
sc.link,0,0,0,1,0,0,0,0,0,0,0,1,1,0,1,0,1
l.wl.co,0,0,0,1,1,0,0,0,0,1,0,1,1,0,1,0,1
bityl.co,0,0,0,1,0,0,0,0,0,0,0,1,1,0,1,0,1
credito-pichinch2026.lovable.app,0,0,0,0,0,0,0,1,0,1,1,1,1,0,1,0,1
security-server-page--aj5582185.replit.app,0,0,0,0,0,0,0,1,0,1,1,1,1,0,1,0,1
q-r.to,0,0,0,1,0,0,0,1,0,0,0,1,0,0,1,0,1
docs.google.com,0,0,1,5,0,0,0,0,0,1,0,1,1,0,1,0,1
bafkreihcmttkpfww6gzkmqknzz6tni7itfsponvkn4p7gbzey7pg7ngjxi.ipfs.dweb.link,0,0,1,0,0,0,0,0,1,1,1,1,1,1,1,1,1
aweiomertial.weebly.com,0,0,0,0,0,0,0,0,0,1,0,1,1,0,1,0,1
ln.run,0,0,0,1,0,0,0,0,0,1,1,1,1,0,1,0,1
authsusngwd0c34748dhbdr673hndy73if5revssharepoint.cscllccmo.com,0,0,1,0,0,0,0,0,0,0,0,1,1,1,1,1,1
l.ead.me,0,0,0,1,0,0,0,0,0,1,0,0,0,0,1,0,1
new.express.adobe.com,0,0,0,2,0,0,0,0,0,1,0,1,1,0,1,0,1
qrco.de,0,0,0,1,0,0,0,0,0,1,1,1,1,0,1,0,1
docs.google.com,0,0,1,5,0,0,0,0,0,1,0,1,1,0,1,0,1
webappsecurekjlyhsdkjhsdg.ftgkirtyhdrtodrtfhgfd.com,0,0,1,0,0,0,0,0,0,0,0,0,1,1,1,1,1
kxifaoz.info,0,0,0,1,0,0,0,0,1,0,1,1,1,1,1,1,1
qrco.de,0,0,0,1,0,0,0,0,0,1,1,1,0,0,1,0,1
docs.google.com,0,0,1,4,0,0,0,0,0,1,0,1,1,0,1,0,1
allegrolokalnie.pl-oferta20172841.lol,0,0,0,0,0,0,0,1,1,0,1,1,1,1,1,1,1
docs.google.com,0,0,1,5,0,0,0,0,0,1,0,1,1,0,1,0,1
j4uh4-owrpo-ioqpi7-1ji-e3d.pages.dev,0,0,0,0,0,0,0,1,0,1,1,1,1,0,1,0,1
allegrolokalnie.pl-oferta4jdfj4s.click,0,0,0,0,0,0,0,1,1,0,1,1,1,1,1,1,1
njbp7-7m4vn4-2wg-4hnj-pldu.pages.dev,0,0,0,0,0,0,0,1,0,1,1,1,1,0,1,0,1
secure-iomoonpy.wixstudio.com,0,0,0,1,0,0,0,1,0,1,1,1,1,0,1,0,1
l.ead.me,0,0,0,1,0,0,0,0,0,1,0,0,1,0,1,0,1
byfidelity.webflow.io,0,0,0,0,0,0,0,0,0,1,1,1,1,0,1,0,1
ky.gov-pzp.help,0,0,0,1,0,0,0,1,1,0,1,1,1,1,1,1,1
yousifhimself-peep.github.io,0,0,1,1,0,0,0,1,0,1,1,1,1,0,1,0,1
l.ead.me,0,0,0,1,0,0,0,0,0,1,0,0,1,0,1,0,1
docs.google.com,0,0,1,5,0,0,0,0,0,1,0,1,1,0,1,0,1
p58d34.info,0,0,0,1,0,0,0,0,1,0,1,1,1,1,1,1,1
ricfra.de,0,0,0,1,0,0,0,0,1,0,1,1,1,1,1,1,1
brt.amiety.help,0,0,0,2,0,0,0,0,1,0,1,1,1,1,1,1,1
templetalorr-bot.github.io,0,0,0,1,0,0,0,1,0,1,1,1,1,0,1,0,1
atualizacaoparanetempresas.digital,0,0,0,0,0,0,0,0,0,0,1,1,1,0,1,0,1
fedtel-webmail-info.weeblysite.com,0,0,0,0,0,0,0,1,0,1,0,1,1,0,1,0,1
crazy-critters.netlify.app,0,0,0,0,0,0,0,1,0,1,1,1,1,0,1,0,1
pcn-noticef.top,0,0,0,1,0,0,0,1,1,0,1,1,1,1,1,1,1
diplomatic-amount-100586.framer.app,0,0,0,0,0,0,0,1,0,1,1,1,1,0,1,0,1
grenoblealpflll.weebly.com,0,0,0,0,0,0,0,0,0,1,0,1,1,0,1,0,1
q-r.to,0,0,0,1,0,0,0,1,0,0,0,1,1,0,1,0,1
webwebmailcothemessagginggbilling.weebly.com,0,0,0,0,0,0,0,0,0,1,0,1,1,0,1,0,1
29046175.xyz,0,0,0,3,0,0,0,0,1,0,1,1,1,1,1,1,1
preview.studio.site,0,0,0,3,0,0,0,0,0,1,0,0,1,0,1,0,1
portserv.s-drc2.cloud.gcore.lu,0,0,1,4,0,0,0,1,0,0,1,1,1,0,1,0,1
g12f2tg.ink,0,0,0,3,0,0,0,0,1,0,1,1,1,1,1,1,1
sp12ct-pronsar-biz-zarmek-holdik.pages.dev,0,0,0,0,0,0,0,1,0,1,1,1,1,0,1,0,1
qrco.de,0,0,0,1,0,0,0,0,0,1,1,1,1,0,1,0,1
pichincha-com-co.webcindario.com,0,0,0,0,0,0,0,1,1,1,1,1,1,1,1,1,1
eri0-dreayi.vercel.app,0,0,0,0,0,0,0,1,0,1,1,1,1,0,1,0,1
q-r.to,0,0,0,1,0,0,0,1,0,0,0,1,0,0,1,0,1
public-trezer-suite-app.typedream.app,0,0,0,0,0,0,0,1,0,0,1,1,1,0,1,0,1
q-r.to,0,0,0,1,0,0,0,1,0,0,0,1,1,0,1,0,1
ukkiw.ukit.me,0,0,0,0,0,0,0,0,0,0,0,0,1,0,1,0,1
treertx.autos,0,0,0,1,0,0,0,0,1,0,1,1,1,1,1,1,1
jotform.com,0,0,0,2,0,0,0,0,0,1,0,1,1,0,1,0,1
ndx-us.wixstudio.com,0,0,0,1,0,0,0,1,0,1,1,1,1,0,1,0,1
6e8y4k.hair,0,0,0,3,0,0,0,0,1,0,1,1,1,1,1,1,1
webogram.org,0,0,0,1,0,0,0,0,0,0,0,1,1,0,1,0,1
ln.run,0,0,0,1,0,0,0,0,0,1,1,1,1,0,1,0,1
softmicro.s3-website-us-east-1.amazonaws.com,0,0,0,0,0,0,0,1,0,1,0,0,1,0,1,0,1
qrco.de,0,0,0,1,0,0,0,0,0,1,1,1,0,0,1,0,1
docs.google.com,0,0,1,5,0,0,0,0,0,1,0,1,1,0,1,0,1
docs.google.com,0,0,1,5,0,0,0,0,0,1,0,1,1,0,1,0,1
bit.ly,0,0,0,1,0,0,1,0,0,1,0,1,1,0,1,0,1
idt.lonos-cpanel-sesion-cuenta-enabled.docksideboatrentals.com,0,0,1,1,0,0,0,1,1,0,1,1,1,1,1,1,1
tinyurl.com,0,0,0,1,0,0,1,0,0,1,0,1,1,0,1,0,1
qrco.de,0,0,0,1,0,0,0,0,0,1,1,1,0,0,1,0,1
yxj6lj9pxd14do2r.click.mailersend.net,0,0,1,3,0,0,0,0,0,0,0,1,1,0,1,0,1
livestarted.wixstudio.com,0,0,0,1,0,0,0,0,0,1,1,1,1,0,1,0,1
bit.ly,0,0,0,1,0,0,1,0,0,1,0,1,1,1,1,1,1
allegrolokalnie.0989lh6534f1.shop,0,0,0,0,0,0,0,0,1,0,1,1,1,1,1,1,1
farmerssbnk.weebly.com,0,0,0,0,0,0,0,0,0,1,0,1,1,0,1,0,1
atreuod.web.app,0,0,0,0,0,0,0,0,0,1,1,1,1,0,1,0,1
bit.ly,0,0,0,1,0,0,1,0,0,1,0,1,1,0,1,0,1
massive-tests-246349.framer.app,0,0,0,0,0,0,0,1,0,1,1,1,1,0,1,0,1
docs.google.com,0,0,1,5,0,0,0,0,0,1,0,1,1,0,1,0,1
signon1-mail-posteo-authid-oauth2onepass-ou3bvgrrhrw0qd1.weebly.com,0,0,1,0,0,0,0,1,0,1,0,1,1,0,1,0,1
programbibbantuanibubersalin.weebly.com,0,0,0,0,0,0,0,0,0,1,0,1,1,0,1,0,1
docs.google.com,0,0,1,5,0,0,0,0,0,1,0,1,1,0,1,0,1
ipfs.best-practice.se,0,0,1,3,0,0,0,1,0,0,0,1,1,0,1,0,1
sites.google.com,0,0,0,3,0,0,0,0,0,1,0,1,1,0,1,0,1
pub-76926b15ba344a7b814330c83cca1f62.r2.dev,0,0,1,2,0,0,0,1,0,1,1,1,1,0,1,0,1
r2wt8pk.hair,0,0,0,3,0,0,0,0,1,0,1,1,1,1,1,1,1
qrco.de,0,0,0,1,0,0,0,0,0,1,1,1,0,0,1,0,1
ulu.so,0,0,0,0,0,0,0,0,0,0,0,1,1,0,1,0,1
iurequestcancellationform.weebly.com,0,0,0,0,0,0,0,0,0,1,0,1,1,0,1,0,1
speitssc.org,0,0,1,5,0,0,0,0,0,0,0,0,1,0,1,0,1
us6.campaign-archive.com,0,0,1,0,0,0,0,1,0,1,0,1,1,0,1,0,1
mwiqoal.weebly.com,0,0,0,0,0,0,0,0,0,1,0,1,1,0,1,0,1
sp11ct-horlin-biz8-cravex-norzil.pages.dev,0,0,0,0,0,0,0,1,0,1,1,1,1,0,1,0,1
8r5hh6.info,0,0,0,1,0,0,0,0,0,0,1,1,1,1,1,1,1
us13.campaign-archive.com,0,0,1,0,0,0,0,1,0,1,0,1,1,0,1,0,1
2x2landgarage.jp,0,0,0,1,0,0,0,0,1,0,1,1,1,1,1,1,1
primeamzabo035.pro,0,0,0,0,0,0,0,0,1,0,1,1,1,1,1,1,1
qrco.de,0,0,0,1,0,0,0,0,0,1,1,1,0,0,1,0,1
6jxv49-wj.myshopify.com,0,0,1,2,0,0,0,1,0,1,1,1,1,1,1,1,1
l.ead.me,0,0,0,1,0,0,0,0,0,1,0,0,1,0,1,0,1
toki2006-vercel.vercel.app,0,0,0,0,0,0,0,1,0,1,1,1,1,0,1,0,1
miseenjourespaceclientele.web.app,0,0,0,0,0,0,0,0,0,1,1,1,1,0,1,0,1
qrco.de,0,0,0,1,0,0,0,0,0,1,1,1,1,0,1,0,1
esspace-lcients.firebaseapp.com,0,0,0,0,0,0,0,1,0,1,1,1,1,0,1,0,1
qrco.de,0,0,0,1,0,0,0,0,0,1,1,1,0,0,1,0,1
amaaddictionfree.com,0,0,0,1,0,0,0,0,0,0,0,1,1,0,1,0,1
biemadepur.firebaseapp.com,0,0,0,0,0,0,0,0,0,1,1,1,1,0,1,0,1
q-r.to,0,0,0,1,0,0,0,1,0,0,0,1,0,0,1,0,1
p3k8z1m6q9v2.cfd,0,0,0,0,0,0,0,0,1,0,1,1,1,1,1,1,1
qrco.de,0,0,0,1,0,0,0,0,0,1,1,1,1,0,1,0,1
app-na1.hubspotdocuments.com,0,0,1,4,0,0,0,1,0,0,0,1,1,0,1,0,1
btinternettttttbtjjjjjjj.weebly.com,0,0,0,0,0,0,0,0,0,1,0,1,1,0,1,0,1
q-r.to,0,0,0,1,0,0,0,1,0,0,0,1,0,0,1,0,1
allegrolokalnie.6393728.xyz,0,0,0,0,0,0,0,0,1,0,1,1,1,1,1,1,1
docs.google.com,0,0,1,4,0,0,0,0,0,1,0,1,1,0,1,0,1
qrco.de,0,0,0,1,0,0,0,0,0,1,1,1,0,0,1,0,1
jotform.com,0,0,0,2,0,0,0,0,0,1,0,1,1,0,1,0,1
indd.adobe.com,0,0,1,2,0,0,0,0,0,1,0,1,1,0,1,0,1
glad-experience-481547.framer.app,0,0,0,0,0,0,0,1,0,1,1,1,1,0,1,0,1
b6w-sxrh-c38k6-n79d-jve8k5.pages.dev,0,0,0,0,0,0,0,1,0,1,1,1,1,0,1,0,1
activate-moneypak.com,0,0,0,0,0,0,0,1,1,0,1,1,1,1,1,1,1
sites.google.com,0,0,0,2,0,0,0,0,0,1,0,1,1,0,1,0,1
a2byw4.info,0,0,0,1,0,0,0,0,1,0,1,1,1,1,1,1,1
dreamrunners090.top,0,0,0,0,0,0,0,0,1,0,1,1,1,1,1,1,1
ln.run,0,0,0,1,0,0,0,0,0,1,1,1,1,0,1,0,1
vonils.weebly.com,0,0,0,0,0,0,0,0,0,1,0,1,1,0,1,0,1
splash-blue.de,0,0,0,3,0,0,0,1,0,0,1,1,1,0,1,0,1
login.dividendnoob.com,0,0,1,1,0,0,0,0,1,0,1,1,1,1,1,1,1
yasdroumenhouna.web.app,0,0,0,0,0,0,0,0,0,1,1,1,1,0,1,0,1
bn359u-x9s9-jue9zl-tvl-bmhlq.pages.dev,0,0,0,0,0,0,0,1,0,1,1,1,1,0,1,0,1
pub-5fb125bd62074567b4ce16bb12f078bf.r2.dev,0,0,1,1,0,0,0,1,0,1,1,1,1,0,1,0,1
bellwaypayonlinebill.netlify.app,0,0,0,0,0,0,0,0,0,1,1,1,1,0,1,0,1
qrco.de,0,0,0,1,0,0,0,0,0,1,1,1,0,0,1,0,1
docs.google.com,0,0,1,5,0,0,0,0,0,1,0,1,1,0,1,0,1
ppl-help-register.com,0,0,0,0,0,0,0,1,0,0,0,1,1,0,1,0,1
activation-pass.com,0,0,0,0,0,0,0,1,0,0,0,1,1,1,1,1,1
new.express.adobe.com,0,0,0,2,0,0,0,0,0,1,0,1,1,0,1,0,1
en-ledgir-starts.wixstudio.com,0,0,0,1,0,0,0,1,0,1,1,1,1,0,1,0,1
emailld-att-mail.pory.app,0,0,0,0,0,0,0,1,0,0,1,1,1,0,1,0,1
qrco.de,0,0,0,1,0,0,0,0,0,1,1,1,0,0,1,0,1
true-states-838063.framer.app,0,0,0,0,0,0,0,1,0,1,1,1,1,0,1,0,1
sites.google.com,0,0,1,3,0,0,0,0,0,1,0,1,1,0,1,0,1
cjslakesidegrill.com,0,0,0,0,0,0,0,0,0,0,0,1,1,0,1,0,1
view.campanhasbradesco.com.br,0,0,1,0,0,0,0,0,0,0,0,1,1,0,1,0,1
qrco.de,0,0,0,1,0,0,0,0,0,1,1,1,0,0,1,0,1
glistening-faun-2c8c86.netlify.app,0,0,0,0,0,0,0,1,0,1,1,1,1,0,1,0,1
qrco.de,0,0,0,1,0,0,0,0,0,1,1,1,0,0,1,0,1
amu-box.weebly.com,0,0,0,0,0,0,0,1,0,1,0,1,1,0,1,0,1
apps-chnagelly.wixstudio.com,0,0,0,1,0,0,0,1,0,1,1,1,1,0,1,0,1
sg-secupassinfo.com,0,0,0,0,0,0,0,1,1,0,1,1,1,1,1,1,1
ffcu-31959.firebaseapp.com,0,0,0,0,0,0,0,1,0,1,1,1,1,0,1,0,1
l.wl.co,0,0,1,1,1,0,0,0,0,1,0,1,1,0,1,0,1
y4vtvy-rcg-qry-cfdl95-cwy7do.pages.dev,0,0,0,0,0,0,0,1,0,1,1,1,1,0,1,0,1
qrco.de,0,0,0,1,0,0,0,0,0,1,1,1,1,0,1,0,1
bradesco.chatdeatualizacao.site,0,0,0,0,0,0,0,0,1,0,1,1,1,1,1,1,1
cobig99.github.io,0,0,0,1,0,0,0,0,0,1,1,1,1,0,1,0,1
q-r.to,0,0,0,1,0,0,0,1,0,0,0,1,0,0,1,0,1
nav-cyrptocdn.wixstudio.com,0,0,0,1,0,0,0,1,0,1,1,1,1,0,1,0,1
qrco.de,0,0,0,1,0,0,0,0,0,1,1,1,1,0,1,0,1
share-eu1.hsforms.com,0,0,1,1,0,0,0,1,0,1,0,1,1,0,1,0,1
49930514000135-dot-default-dot-sodexo-bf-front.appspot.com,0,0,1,1,0,0,1,1,0,1,1,1,0,0,1,0,1
dazzlefruit.world,0,0,0,0,0,0,0,0,1,0,1,1,1,1,1,1,1
bit.ly,0,0,0,1,0,0,1,0,0,1,0,1,1,0,1,0,1
fr.wix.com,0,0,0,0,0,0,1,0,0,1,0,1,1,0,1,0,1
myssoappcomstart.wixstudio.com,0,0,0,1,0,0,0,0,0,1,1,1,1,0,1,0,1
btconectupgradewirelessvoicemail017.weebly.com,0,0,1,0,0,0,0,0,0,1,0,1,1,0,1,0,1
sites.google.com,0,0,0,3,0,0,0,0,0,1,0,1,1,0,1,0,1
docs.google.com,0,0,1,5,0,0,0,0,0,1,0,1,1,0,1,0,1
docs.google.com,0,0,1,5,0,0,0,0,0,1,0,1,1,0,1,0,1
oklahoma.gov-zce.help,0,0,0,0,0,0,0,1,1,0,1,1,1,1,1,1,1
carousell.paynow-sg.sale,0,0,1,4,0,0,0,1,1,0,1,1,1,1,1,1,1
mailupdateauthserverr.weebly.com,0,0,0,0,0,0,0,0,0,1,0,1,1,0,1,0,1
review-filedocument.myportfolio.com,0,0,0,0,0,0,0,1,0,1,0,1,1,0,1,0,1
sites.google.com,0,0,0,3,0,0,0,0,0,1,0,1,0,0,1,0,1
docs.google.com,0,0,1,5,0,0,0,0,0,1,0,1,1,0,1,0,1
docs.google.com,0,0,1,4,0,0,0,0,0,1,0,1,1,0,1,0,1
bit.ly,0,0,0,1,0,0,1,0,0,1,0,1,1,1,1,1,1
londonfribasecoi.s3.us-east-1.amazonaws.com,0,0,1,1,0,0,0,1,0,1,0,0,1,0,1,0,1
vdhcfg545cvcdfd.weebly.com,0,0,0,0,0,0,0,0,0,1,0,1,1,0,1,0,1
tinyurl.com,0,0,0,1,0,0,1,0,0,1,0,1,1,0,1,0,1
q-r.to,0,0,0,1,0,0,0,1,0,0,0,1,1,0,1,0,1
sognfr.firebaseapp.com,0,0,0,0,0,0,0,0,0,1,1,1,1,0,1,0,1
bit.ly,0,0,0,1,0,0,1,0,0,1,0,1,1,0,1,0,1
globalarubapro.pages.dev,0,0,1,0,0,0,0,0,0,1,1,1,1,0,1,0,1
sklsksskksk.weebly.com,0,0,0,0,0,0,0,0,0,1,0,1,1,0,1,0,1
snakesinyourwallet.xyz,0,0,0,0,0,0,0,0,1,0,1,1,1,1,1,1,1
qrco.de,0,0,0,1,0,0,0,0,0,1,1,1,0,0,1,0,1
suitapp-trezo.wixstudio.com,0,0,0,1,0,0,0,1,0,1,1,1,1,0,1,0,1
soat-mundia.vercel.app,0,0,0,0,0,0,0,1,0,1,1,1,1,0,1,0,1
a0omer.webwave.dev,0,0,0,0,0,0,0,0,0,0,1,1,1,0,1,0,1
allegrolokalnie.lokalna-oferta59190.shop,0,0,0,0,0,0,0,1,1,0,1,1,1,1,1,1,1
x-fy.weebly.com,0,0,0,0,0,0,0,1,0,1,0,1,1,0,1,0,1
wehejidevdasteamwor4e0d1.myclickfunnels.com,0,0,1,1,0,0,0,0,0,1,0,0,1,0,1,0,1
oklahoma.gov-xvy.help,0,0,0,0,0,0,0,1,1,0,1,1,1,1,1,1,1
qrco.de,0,0,0,1,0,0,0,0,0,1,1,1,0,0,1,0,1
outlook-87c692.webflow.io,0,0,0,0,0,0,0,1,0,1,1,1,1,0,1,0,1
docs.google.com,0,0,1,4,0,0,0,0,0,1,0,1,1,0,1,0,1
sites.google.com,0,0,1,3,0,0,0,0,0,1,0,1,1,0,1,0,1
myaccmensualy.com,0,0,0,0,0,0,0,0,0,0,0,1,1,1,1,1,1
dropbox.com,0,0,1,4,0,0,1,0,0,1,0,1,1,0,1,0,1
tinyurl.com,0,0,0,1,0,0,1,0,0,1,0,1,1,0,1,0,1
new.express.adobe.com,0,0,0,2,0,0,0,0,0,1,0,1,1,0,1,0,1
njbp7-7m4vn4-2wg-4hnj-pldu.pages.dev,0,0,0,0,0,0,0,1,0,1,1,1,1,0,1,0,1
raffaellabrutto.com,0,0,0,0,0,0,0,0,0,0,0,1,1,1,1,1,1
louuiscahuf.com,0,0,0,1,0,0,0,0,1,0,1,1,1,1,1,1,1
go-to-links.firebaseapp.com,0,0,0,0,0,0,0,1,0,1,1,1,1,0,1,0,1
allegrolokalnie.kup-teraz-transakcja0315794327.space,0,0,1,0,0,0,0,1,1,0,1,1,1,1,1,1,1
middlesexcareselfonlinehtmm.weebly.com,0,0,0,0,0,0,0,0,0,1,0,1,1,0,1,0,1
maconsoedfetmoi.com,0,0,0,1,0,0,0,0,0,0,0,1,1,1,1,1,1
btcplaying.com,0,0,0,2,0,0,0,0,1,0,1,1,1,1,1,1,1
qrco.de,0,0,0,1,0,0,0,0,0,1,1,1,0,0,1,0,1
ledgre-startapps.wixstudio.com,0,0,0,1,0,0,0,1,0,1,1,1,1,0,1,0,1
l.ead.me,0,0,0,1,0,0,0,0,0,1,0,0,1,0,1,0,1
lionsruntalya.com,0,0,0,1,0,0,0,0,0,0,0,0,1,0,1,0,1
berqumi-gld-felmora-p7t5hp84.pages.dev,0,0,0,0,0,0,0,1,0,1,1,1,1,0,1,0,1
sites.google.com,0,0,0,3,0,0,0,0,0,1,0,1,1,0,1,0,1
dikmentekstil.com,0,0,0,3,0,0,0,0,0,0,0,1,1,0,1,0,1
exodwlet.wixstudio.com,0,0,0,1,0,0,0,0,0,1,1,1,1,0,1,0,1
att-indexmembers.firebaseapp.com,0,0,0,0,0,0,0,1,0,1,1,1,1,0,1,0,1
en-desktop-ldgre.wixstudio.com,0,0,0,1,0,0,0,1,0,1,1,1,1,0,1,0,1
aganetic.iragift.com,0,1,1,2,0,0,1,0,0,0,0,1,1,1,1,1,1
panel.standard.us-east-1.oortstorages.com,0,0,1,1,0,0,0,1,0,0,0,0,0,0,1,0,1
fsdsf.w3spaces.com,0,0,0,1,0,0,0,0,0,0,0,0,1,0,1,0,1
teamworkbab.github.io,0,0,0,2,0,0,0,0,0,1,1,1,1,0,1,0,1
verifyxfinityconnect.weebly.com,0,0,0,0,0,0,0,0,0,1,0,1,1,0,1,0,1
attwireless-customersupport.framer.website,0,0,0,0,0,0,0,1,0,1,0,0,1,0,1,0,1
q-r.to,0,0,0,1,0,0,0,1,0,0,0,1,1,0,1,0,1
4178xqa.hair,0,0,0,3,0,0,0,0,1,0,1,1,1,1,1,1,1
wellsfraudsupport.com,0,0,0,0,0,0,1,0,1,0,1,1,1,1,1,1,1
allegrolokalne.pl-oferta836hdhye3.click,0,0,0,0,0,0,0,1,0,0,0,1,1,0,1,0,1
appstrzosuite.wixstudio.com,0,0,0,1,0,0,0,0,0,1,1,1,1,0,1,0,1
xlxyxf.com,0,0,0,1,0,0,0,0,0,0,0,1,1,0,1,0,1
bridgesstrted.wixstudio.com,0,0,0,1,0,0,0,0,0,1,1,1,1,0,1,0,1
seapupdate.weebly.com,0,0,0,0,0,0,0,0,0,1,0,1,1,0,1,0,1
app.jotform.com,0,0,0,1,0,0,0,0,0,1,0,1,1,0,1,0,1
btiinternetttttt.weebly.com,0,0,0,0,0,0,0,0,0,1,0,1,1,0,1,0,1
mondiairelay-be.com,0,0,0,0,0,0,0,1,1,0,1,1,1,1,1,1,1
docs.google.com,0,0,1,5,0,0,0,0,0,1,0,1,1,0,1,0,1
bafkreigmovrloj7elfuoow4a3forltr5lgerce3cisq7l5fccwugaks6ue.ipfs.dweb.link,0,0,1,0,0,0,0,0,1,1,1,1,1,1,1,1,1
l.ead.me,0,0,0,1,0,0,0,0,0,1,0,0,0,0,1,0,1
app.jotform.com,0,0,0,1,0,0,0,0,0,1,0,1,1,0,1,0,1
app-captchav2.pages.dev,0,0,1,0,0,0,0,1,0,1,1,1,1,0,1,0,1
l.ead.me,0,0,0,1,0,0,0,0,0,1,0,0,0,0,1,0,1
home-iostart-trxzr.wixstudio.com,0,0,0,1,0,0,0,1,0,1,1,1,1,0,1,0,1
docs.google.com,0,0,1,5,0,0,0,0,0,1,0,1,1,0,1,0,1
9ogikd.info,0,0,0,1,0,0,0,0,0,0,1,1,1,1,1,1,1
appstarts-exudos.wixstudio.com,0,0,0,1,0,0,0,1,0,1,1,1,1,0,1,0,1
l.ead.me,0,0,0,1,0,0,0,0,0,1,0,0,0,0,1,0,1
ci-app294.info,0,0,0,0,0,0,0,1,1,0,1,1,1,1,1,1,1
cscecjd.com,0,0,0,0,0,0,0,0,1,0,1,1,1,1,1,1,1
new.express.adobe.com,0,0,0,2,0,0,0,0,0,1,0,1,1,0,1,0,1
fqrs2y.web.app,0,0,0,0,0,0,0,0,0,1,1,1,1,0,1,0,1
q-r.to,0,0,0,1,0,0,0,1,0,0,0,1,1,0,1,0,1
l.ead.me,0,0,0,1,0,0,0,0,0,1,0,0,0,0,1,0,1
klelnanzeigen-deutch.bellaslechon.com,0,0,1,1,0,0,0,1,1,0,1,1,1,1,1,1,1
eventchecker-s5.netlify.app,0,0,0,0,0,0,0,1,0,1,1,1,1,0,1,0,1
rp.mockplus.com,0,0,0,2,0,0,0,0,0,0,0,1,1,0,1,0,1
hafddarmm.blogspot.com,0,0,0,0,0,0,1,0,0,1,1,1,1,0,1,0,1
site-3ancsxizu.godaddysites.com,0,0,0,0,0,0,0,1,0,1,0,1,1,0,1,0,1
ilkalcoopbank.com,0,0,0,0,0,0,0,0,0,0,0,0,1,0,1,0,1
weipengjun.com,0,0,0,1,0,0,0,0,0,0,0,1,1,0,1,0,1
bafkreidpnvihctiujh7mkepr3blr3ymfhvty2jpoqohsxtog6jnzposehu.ipfs.dweb.link,0,0,1,0,0,0,0,0,1,1,1,1,1,1,1,1,1
fenixgeneral.systeme.io,0,0,0,1,0,0,0,0,0,1,0,1,1,0,1,0,1
share-na2.hsforms.com,0,0,1,1,0,0,0,1,0,1,0,1,1,0,1,0,1
lookerstudio.google.com,0,0,1,2,0,0,0,0,0,1,0,1,1,0,1,1,1
solflare-extension.pages.dev,0,0,0,1,0,0,0,1,0,1,1,1,1,0,1,0,1
gmxdhfdkjf.weebly.com,0,0,0,0,0,0,0,0,0,1,0,1,1,0,1,0,1
docs.google.com,0,0,1,5,0,0,0,0,0,1,0,1,1,0,1,0,1
dqp8wqxj.r.us-east-1.awstrack.me,0,0,1,5,0,0,1,1,0,1,0,1,1,0,1,0,1
qrco.de,0,0,0,1,0,0,0,0,0,1,1,1,0,0,1,0,1
l.ead.me,0,0,0,1,0,0,0,0,0,1,0,0,0,0,1,0,1
ecupich1nchi.webcindario.com,0,0,0,0,0,0,0,0,1,1,1,1,1,1,1,1,1
t.co,0,0,0,1,0,0,1,0,0,1,0,1,1,0,1,0,1
tame-share-631844.framer.app,0,0,0,0,0,0,0,1,0,1,1,1,1,0,1,0,1
tr.ee,0,0,0,1,0,0,0,0,0,1,0,1,1,1,1,1,1
qrco.de,0,0,0,1,0,0,0,0,0,1,1,1,0,0,1,0,1
qr-codes.io,0,0,0,1,0,0,0,1,0,0,0,0,1,0,1,0,1
cancel-volfed.web.app,0,0,0,0,0,0,0,1,0,1,1,1,1,0,1,0,1
los-libertadorese-helpdesk.weebly.com,0,0,0,0,0,0,0,1,0,1,0,1,1,0,1,0,1
bit.ly,0,0,0,1,0,0,1,0,0,1,0,1,1,0,1,0,1
google.com,0,0,0,4,0,0,0,0,0,1,0,1,1,0,1,0,1
stationnement-antai-gouv-infractions.ukrootsfm.net,0,0,1,6,0,0,0,1,0,0,0,0,1,0,1,0,1
grupo-promerica.webcindario.com,0,0,0,0,0,0,0,1,1,1,1,1,1,1,1,1,1
webbcpbob.webcindario.com,0,0,0,0,0,0,0,0,1,1,1,1,1,1,1,1,1
dropbox.com,0,0,1,4,0,0,1,0,0,1,0,1,1,0,1,0,1
allegrolokalnie.lokalna-443.sbs,0,0,0,0,0,0,0,1,1,0,1,1,1,1,1,1,1
mailling.dossiecolefranc.com,0,0,0,0,0,0,0,0,0,0,0,1,1,1,1,1,1
confirm-hcucoopdata.firebaseapp.com,0,0,0,0,0,0,0,1,0,1,1,1,1,0,1,0,1
bradesco.auditoriatalao.com,0,0,0,1,0,0,0,0,0,0,0,1,1,0,1,0,1
restore-shaike.weebly.com,0,0,0,0,0,0,0,1,0,1,0,1,1,0,1,0,1
eblagheee.xlphp.net,0,0,0,0,0,0,0,0,0,0,0,1,1,0,1,0,1
rp.mockplus.com,0,0,1,4,0,0,0,0,0,0,0,1,1,0,1,0,1
assets-desktop.wixstudio.com,0,0,0,1,0,0,0,1,0,1,1,1,1,0,1,0,1
bafkreif5zal757uuluf3ltbdsrrtl4ita2za5e23f6fmesj7j6jocefw3u.ipfs.dweb.link,0,0,1,0,0,0,0,0,1,1,1,1,1,1,1,1,1
quidestv-47d5a.firebaseapp.com,0,0,0,0,0,0,0,1,0,1,1,1,1,0,1,0,1
app.jotform.com,0,0,0,1,0,0,0,0,0,1,0,1,1,0,1,0,1
vfyvikingbnk.weebly.com,0,0,0,0,0,0,0,0,0,1,0,1,1,0,1,0,1
pub-02c7a38666214a48b43a1c1fc544e582.r2.dev,0,0,1,1,0,0,0,1,0,1,1,1,1,0,1,0,1
l.ead.me,0,0,0,1,0,0,0,0,0,1,0,0,1,0,1,0,1
l.wl.co,0,0,0,1,1,0,0,0,0,1,0,1,1,0,1,0,1
netcare-healthos.vercel.app,0,0,0,0,0,0,0,1,0,1,1,1,1,0,1,0,1
tinyurl.com,0,0,0,1,0,0,1,0,0,1,0,1,1,0,1,0,1
sk-39498.web.app,0,0,0,0,0,0,0,1,0,1,1,1,1,0,1,0,1
sp29ct-lorqik-biz-femtor-varnel.pages.dev,0,0,0,0,0,0,0,1,0,1,1,1,1,0,1,0,1
enchanting-report-972970.framer.app,0,0,0,0,0,0,0,1,0,1,1,1,1,0,1,0,1
l.ead.me,0,0,0,1,0,0,0,0,0,1,0,0,0,0,1,0,1
orangefrvousidentifie.ukit.me,0,0,0,0,0,0,0,0,0,0,0,0,1,0,1,0,1
workspace-drive-login.com,0,0,0,0,0,0,0,1,1,0,1,1,1,1,1,1,1
uphold-en.zapier.app,0,0,0,0,0,0,0,1,0,1,1,1,1,0,1,0,1
zpr.io,0,0,0,1,0,0,0,0,0,0,0,1,1,0,1,0,1
allegrolokalnie.pl-984523.sbs,0,0,0,0,0,0,0,1,1,0,1,1,1,1,1,1,1
berqumi-gld-lartemi-p3t9hk15.pages.dev,0,0,0,0,0,0,0,1,0,1,1,1,1,0,1,0,1
home-iostart-trxzr.wixstudio.com,0,0,0,1,0,0,0,1,0,1,1,1,1,0,1,0,1
pestomatoes-4da91.firebaseapp.com,0,0,0,0,0,0,0,1,0,1,1,1,1,0,1,0,1
sleepy-architecture-741731.framer.app,0,0,0,0,0,0,0,1,0,1,1,1,1,0,1,0,1
fix-error-page.web.app,0,0,0,0,0,0,0,1,0,1,1,1,1,0,1,0,1
l.ead.me,0,0,0,1,0,0,0,0,0,1,0,0,1,0,1,0,1
us1.campaign-archive.com,0,0,1,0,0,0,0,1,0,1,0,1,1,0,1,0,1
login.8238pk.com,0,0,0,0,0,0,0,0,1,0,1,1,1,1,1,1,1
edavki-depozit.firebaseapp.com,0,0,0,0,0,0,0,1,0,1,1,1,1,0,1,0,1
jm1yq-22w83k-9h5rsm-hs0-1m10.pages.dev,0,0,0,0,0,0,0,1,0,1,1,1,1,0,1,0,1
q-r.to,0,0,0,1,0,0,0,1,0,0,0,1,0,0,1,0,1
ecsite010.top,0,0,0,0,0,0,0,0,1,0,1,1,1,1,1,1,1
5wr53ye.top,0,0,0,3,0,0,0,0,1,0,1,1,1,1,1,1,1
58a7ddae-21f6-4ee1-a5ca-e64c61c5328f-00-390kk3w8oxca8.spock.replit.dev,0,0,1,0,0,0,0,1,1,1,1,1,1,1,1,1,1
webmail-earthlink-net-newmessage.framer.website,0,0,1,0,0,0,0,1,0,1,0,0,1,0,1,0,1
home-trezen-apps.wixstudio.com,0,0,0,1,0,0,0,1,0,1,1,1,1,0,1,0,1
l.ead.me,0,0,0,1,0,0,0,0,0,1,0,0,0,0,1,0,1
priyankasandokar1606.github.io,0,0,0,0,0,0,0,0,0,1,1,1,1,0,1,0,1
kaharaerad.web.app,0,0,0,0,0,0,0,0,0,1,1,1,1,0,1,0,1
oceanic-ibis-7383.dataplicity.io,0,0,0,1,0,0,0,1,0,0,0,1,1,0,1,0,1
sites.google.com,0,0,0,3,0,0,0,0,0,1,0,1,1,0,1,0,1
forms.office.com,0,0,1,2,0,0,0,0,0,1,0,1,1,0,1,0,1
docs.google.com,0,0,1,5,0,0,0,0,0,1,0,1,1,0,1,0,1
qrco.de,0,0,1,1,0,0,0,0,0,1,1,1,1,0,1,0,1
zimbauthentic.weebly.com,0,0,0,0,0,0,0,0,0,1,0,1,1,0,1,0,1
livedesktopp.wixstudio.com,0,0,0,1,0,0,0,0,0,1,1,1,1,0,1,0,1
ek7n2cbxnbvngz-pages-dev.translate.goog,0,0,1,1,0,0,0,1,0,1,1,1,1,0,1,0,1
kiiuytfer.firebaseapp.com,0,0,0,0,0,0,0,0,0,1,1,1,1,0,1,0,1
docs.google.com,0,0,1,4,0,0,0,0,0,1,0,1,1,0,1,0,1
docs.google.com,0,0,1,5,0,0,0,0,0,1,0,1,1,0,1,0,1
online-secured-access-webmail-confi.vercel.app,0,0,1,0,0,0,0,1,0,1,1,1,0,0,1,0,1
share-eu1.hsforms.com,0,0,1,1,0,0,0,1,0,1,0,1,1,0,1,0,1
new.express.adobe.com,0,0,0,2,0,0,0,0,0,1,0,1,1,0,1,0,1
allegrolokalnie.ido489588.top,0,0,0,0,0,0,0,0,1,0,1,1,1,1,1,1,1
metafb-27zrain.web.app,0,0,0,0,0,0,0,1,0,1,1,1,1,0,1,0,1
linkin.bio,0,0,0,1,0,0,0,0,0,1,1,1,1,0,1,0,1
allegro.551246.top,0,0,0,0,0,0,0,0,1,0,1,1,1,1,1,1,1
l.ead.me,0,0,0,1,0,0,0,0,0,1,0,0,0,0,1,0,1
pub-7afbc87b8c2a4462a2c820d8a75b3f3c.r2.dev,0,0,1,1,0,0,0,1,0,1,1,1,1,0,1,0,1
qrco.de,0,0,0,1,0,0,0,0,0,1,1,1,0,0,1,0,1
l.ead.me,0,0,0,1,0,0,0,0,0,1,0,0,0,0,1,0,1
docs.google.com,0,0,1,5,0,0,0,0,0,1,0,1,1,0,1,0,1
surproductionlift.firebaseapp.com,0,0,0,0,0,0,0,0,0,1,1,1,1,0,1,0,1
len2xo.lat,0,0,0,3,0,0,0,0,1,0,1,1,1,1,1,1,1
mymontlhmem.com,0,0,0,1,0,0,0,0,1,0,1,1,1,1,1,1,1
v0-pagar-pendencias-ser.vercel.app,0,0,0,0,0,0,0,1,0,1,1,1,1,0,1,0,1
iostart-ledgeapps.wixstudio.com,0,0,0,1,0,0,0,1,0,1,1,1,1,0,1,0,1
tx.cvvbdcd.cyou,0,0,0,0,0,0,0,0,1,0,1,1,1,1,1,1,1
allegro-lokalnie.65433y434.surf,0,0,0,0,0,0,0,1,0,0,0,1,1,1,1,1,1
attupdateinfo.pory.app,0,0,0,0,0,0,0,0,0,0,1,1,1,0,1,0,1
allegrolokainie.prywatne32532865.xyz,0,0,0,0,0,0,0,0,1,0,1,1,1,1,1,1,1
docs.google.com,0,0,1,5,0,0,0,0,0,1,0,1,1,0,1,0,1
qrco.de,0,0,0,1,0,0,0,0,0,1,1,1,1,0,1,0,1
us15.campaign-archive.com,0,0,1,0,0,0,0,1,0,1,0,1,1,0,1,0,1
innodoanythingoty.weebly.com,0,0,0,0,0,0,0,0,0,1,0,1,1,0,1,0,1
docs.google.com,0,0,1,5,0,0,0,0,0,1,0,1,1,0,1,0,1
klelnanzeigen-deutch.saonong.com,0,0,1,1,0,0,0,1,1,0,1,1,1,1,1,1,1
wallopku.vercel.app,0,0,0,0,0,0,0,0,0,1,1,1,0,0,1,0,1
boringone.page,0,0,0,1,0,0,0,0,0,0,1,1,1,0,1,0,1
allegrolokalnie.voferta.lat,0,0,1,2,0,0,0,0,1,0,1,1,1,1,1,1,1
connection-being-fixed-now.web.app,0,0,0,0,0,0,0,1,0,1,1,1,1,0,1,0,1
q-r.to,0,0,0,1,0,0,0,1,0,0,0,1,0,0,1,0,1
bafkreihuwsmynlll4to4pzv7dq2ke76huvkbcni7eh4khw5ids3wt4x5su.ipfs.dweb.link,0,0,1,0,0,0,0,0,1,1,1,1,1,1,1,1,1
bit.ly,0,0,0,1,0,0,1,0,0,1,0,1,1,0,1,0,1
docs.google.com,0,0,1,5,0,0,0,0,0,1,0,1,1,0,1,0,1
cebjiankb11.firebaseapp.com,0,0,0,0,0,0,0,0,0,1,1,1,0,0,1,0,1
utl00k-0wasapp.web.app,0,0,0,0,0,0,0,1,0,1,1,1,1,0,1,0,1
global-ledgr.ghost.io,0,0,0,1,0,0,0,1,0,1,0,1,1,0,1,0,1
sites.google.com,0,0,1,3,0,0,0,0,0,1,0,1,1,0,1,0,1
hutoknepper.de,0,0,0,0,0,0,0,0,0,0,1,1,1,0,1,0,1
qrco.de,0,0,0,1,0,0,0,0,0,1,1,1,0,0,1,0,1
apps-startts-trecon.wixstudio.com,0,0,0,1,0,0,0,1,0,1,1,1,1,0,1,0,1
hub464708.pro,0,0,0,0,0,0,0,0,1,0,1,1,1,1,1,1,1
qrco.de,0,0,0,1,0,0,0,0,0,1,1,1,0,0,1,0,1
allegrolokalnie.p89oferta2946sye289.forum,0,0,0,0,0,0,0,0,1,0,1,1,1,1,1,1,1
docs.google.com,0,0,1,5,0,0,0,0,0,1,0,1,1,0,1,0,1
web.tegcea.top,0,0,0,0,0,0,0,0,1,0,1,1,1,1,1,1,1
us2.campaign-archive.com,0,0,1,0,0,0,0,1,0,1,0,1,1,0,1,0,1
pub-5d1d09422a8943feb7a44328a1b6e78c.r2.dev,0,0,1,1,0,0,0,1,0,1,1,1,1,0,1,0,1
q-r.to,0,0,0,1,0,0,0,1,0,0,0,1,0,0,1,0,1
ncgnhe1muqs4vvi4hz0csz5cyugqblfm7otkbtnvwvjrgxfl.teemill.com,0,0,1,0,0,0,0,0,0,1,0,1,1,0,1,0,1
live-legeren.wixstudio.com,0,0,0,1,0,0,0,1,0,1,1,1,1,0,1,0,1
78346814685683465454367653.blogspot.com,0,0,0,0,0,0,1,0,0,1,1,1,1,0,1,0,1
l.ead.me,0,0,0,1,0,0,0,0,0,1,0,0,1,0,1,0,1
hgabaaljanak.blogspot.com,0,0,0,0,0,0,1,0,0,1,1,1,1,0,1,0,1
viapo.it,0,0,0,3,0,0,0,0,0,0,0,1,1,0,1,0,1
pub-d85936a61b694753a8b489011149f7b5.r2.dev,0,0,1,1,0,0,0,1,0,1,1,1,1,0,1,0,1
mandtromainthus.wasmer.app,0,0,0,0,0,0,0,0,0,1,1,1,1,0,1,0,1
hbgpk41kzp-wxlng84mvr-9d2c6f-sjy17p.pages.dev,0,0,0,0,0,0,0,1,0,1,1,1,1,0,1,0,1
mailauthenticationteam.weebly.com,0,0,0,0,0,0,0,0,0,1,0,1,1,0,1,0,1
bit.ly,0,0,0,1,0,0,1,0,0,1,0,1,1,0,1,0,1
instagrams.free.nf,0,0,0,0,0,0,0,0,0,1,0,1,1,0,1,0,1
sites.google.com,0,0,0,2,0,0,0,0,0,1,0,1,1,0,1,0,1
xxx565xx90-9.weebly.com,0,0,0,0,0,0,0,1,0,1,0,1,1,0,1,0,1
bit.ly,0,0,0,2,0,0,1,0,0,1,0,1,1,0,1,0,1
leedgr-live-hub.weebly.com,0,0,0,0,0,0,0,1,0,1,0,1,1,0,1,0,1
facturealo153.top,0,0,0,0,0,0,0,0,1,0,1,1,1,1,1,1,1
qrco.de,0,0,0,1,0,0,0,0,0,1,1,1,1,0,1,0,1
l.ead.me,0,0,0,1,0,0,0,0,0,1,0,0,0,0,1,0,1
probncoec.webcindario.com,0,0,0,0,0,0,0,0,1,1,1,1,1,1,1,1,1
vkontakte.ru,0,0,1,1,0,0,0,0,0,1,0,0,1,0,1,1,1
xfinitybills.weebly.com,0,0,0,0,0,0,0,0,0,1,0,1,1,0,1,0,1
cacheddocs.appspot.com,0,0,1,5,0,0,1,0,0,1,1,1,1,0,1,0,1
dekbsk2thsp.typeform.com,0,0,0,2,0,0,0,0,0,1,0,1,0,0,1,0,1
ya6a-azyu6-686-761w-n9t-vkh.pages.dev,0,0,0,0,0,0,0,1,0,1,1,1,1,0,1,0,1
q-r.to,0,0,0,1,0,0,0,1,0,0,0,1,0,0,1,0,1
q-r.to,0,0,0,1,0,0,0,1,0,0,0,1,1,0,1,0,1
myautopark.wpenginepowered.com,0,0,0,2,0,0,0,0,0,1,1,1,1,0,1,0,1
qrco.de,0,0,0,1,0,0,0,0,0,1,1,1,0,0,1,0,1
pub-1f2372b56d8240a2af409d646bc18243.r2.dev,0,0,1,1,0,0,0,1,0,1,1,1,1,0,1,0,1
epistroffi-forou.web.app,0,0,0,0,0,0,0,1,0,1,1,1,1,0,1,0,1
docs.google.com,0,0,1,4,0,0,0,0,0,1,0,1,1,0,1,0,1
ctech8.info,0,0,0,1,0,0,0,0,1,0,1,1,1,1,1,1,1
bit.ly,0,0,0,1,0,0,1,0,0,1,0,1,1,0,1,0,1
darrkeay.github.io,0,0,1,1,0,0,0,0,0,1,1,1,1,0,1,0,1
bluepeaks.weebly.com,0,0,0,0,0,0,0,0,0,1,0,1,1,0,1,0,1
q-r.to,0,0,0,1,0,0,0,1,0,0,0,1,0,0,1,0,1
begin-suitetrzor.wixstudio.com,0,0,0,1,0,0,0,1,0,1,1,1,1,0,1,0,1
docs.google.com,0,0,1,5,0,0,0,0,0,1,0,1,1,0,1,0,1
pichinchaing.webcindario.com,0,0,1,2,0,0,0,0,1,1,1,1,1,1,1,1,1
n1ck6t.xyz,0,0,0,3,0,0,0,0,1,0,1,1,1,1,1,1,1
portal-bhd-welcome.lovable.app,0,0,0,0,0,0,0,1,0,1,1,1,1,0,1,0,1
us1.campaign-archive.com,0,0,1,0,0,0,0,1,0,1,0,1,1,0,1,0,1
docs.google.com,0,0,1,5,0,0,0,0,0,1,0,1,1,0,1,0,1
helpcenter-businesscommunity.pages.dev,0,0,0,0,0,0,0,1,0,1,1,1,1,0,1,0,1
lpost-sa72.shop,0,0,1,3,0,0,0,1,1,0,1,1,1,1,1,1,1
l.ead.me,0,0,0,1,0,0,0,0,0,1,0,0,0,0,1,0,1
o-ne-o-n-l-i-n-e26-one-adm.lechante.co.za,0,0,1,3,0,0,0,1,0,0,0,1,1,0,1,0,1
l.ead.me,0,0,0,1,0,0,0,0,0,1,0,0,0,0,1,0,1
share.hsforms.com,0,0,1,1,0,0,0,0,0,1,0,1,1,0,1,0,1
mjaffee.myportfolio.com,0,0,0,0,0,0,0,0,0,1,0,1,1,0,1,0,1
wwxhajudjgwjklckvzgs11.web.app,0,0,0,0,0,0,0,0,0,1,1,1,0,0,1,0,1
bradesco.netempresarialonline.com,0,0,0,0,0,0,0,0,0,0,0,1,1,0,1,0,1
yfjvrlkp3qf7plngthgafb5avdthojxenrq4sjghbrd4g2vdlozq.ario3.arweave.io.vn,0,0,1,1,0,0,0,0,0,0,1,1,0,0,1,0,1
mobile-connect.pages.dev,0,0,1,0,0,0,0,1,0,1,1,1,1,0,1,0,1
mntamasklogen.gitbook.io,0,0,0,1,0,0,0,0,0,1,0,1,1,0,1,0,1
docs.google.com,0,0,1,5,0,0,0,0,0,1,0,1,1,0,1,0,1
2fk8ln.share-eu1.hsforms.com,0,0,1,1,0,0,0,1,0,1,0,1,1,0,1,0,1
enirvod.web.app,0,0,0,0,0,0,0,0,0,1,1,1,1,0,1,0,1
qrco.de,0,0,0,1,0,0,0,0,0,1,1,1,1,0,1,0,1
produ-promerica.webcindario.com,0,0,0,0,0,0,0,1,1,1,1,1,1,1,1,1,1
allegrolokalnie.pl-831249.lol,0,0,1,3,0,0,0,1,1,0,1,1,1,1,1,1,1
allegro.52300t92g3223.qpon,0,0,0,0,0,0,0,0,0,0,0,1,1,1,1,1,1
login.xclfood.com,0,0,0,0,0,0,0,0,1,0,1,1,1,1,1,1,1
qrco.de,0,0,0,1,0,0,0,0,0,1,1,1,0,0,1,0,1
inform-01.web.app,0,0,0,0,0,0,0,1,0,1,1,1,1,0,1,0,1
pas58-et3-gl8-cji0-rh2-21n5.pages.dev,0,0,0,0,0,0,0,1,0,1,1,1,1,0,1,0,1
docs.google.com,0,0,1,5,0,0,0,0,0,1,0,1,1,0,1,0,1
q-r.to,0,0,0,1,0,0,0,1,0,0,0,1,1,0,1,0,1
new.express.adobe.com,0,0,0,2,0,0,0,0,0,1,0,1,1,0,1,0,1
docs.google.com,0,0,1,4,0,0,0,0,0,1,0,1,1,0,1,0,1
partner-console.credit-agency-meta.com,0,0,0,0,0,0,0,1,1,0,1,1,1,1,1,1,1
caseid100358973500346573.firebaseapp.com,0,0,0,0,0,0,0,0,0,1,1,1,1,0,1,0,1
home-bitbauy.wixstudio.com,0,0,0,1,0,0,0,1,0,1,1,1,1,0,1,0,1
alsdvds.com,0,0,0,1,0,0,0,0,1,0,1,1,1,1,1,1,1
pub-f5ae22f51e044b9488d7040a1856ea0f.r2.dev,0,0,1,1,0,0,0,1,0,1,1,1,1,0,1,0,1
aptos-names-mainnet-temp.netlify.app,0,0,0,0,0,0,0,1,0,1,1,1,1,0,1,0,1
docs.google.com,0,0,1,5,0,0,0,0,0,1,0,1,1,0,1,0,1
q-r.to,0,0,0,1,0,0,0,1,0,0,0,1,1,0,1,0,1
manx-100343.weeblysite.com,0,0,0,0,0,0,0,1,0,1,0,1,1,0,1,0,1
l.ead.me,0,0,0,1,0,0,0,0,0,1,0,0,0,0,1,0,1
allegrolokalnie.lokalna-oferta12.ink,0,0,0,0,0,0,0,1,1,0,1,1,1,1,1,1,1
ycju26.webwave.dev,0,0,0,0,0,0,0,0,0,0,1,1,1,0,1,0,1
claim-qcx.netlify.app,0,0,0,0,0,0,0,1,0,1,1,1,1,0,1,0,1
qrco.de,0,0,0,1,0,0,0,0,0,1,1,1,1,0,1,0,1
moonshot-listing-ken.netlify.app,0,0,0,0,0,0,0,1,0,1,1,1,1,0,1,0,1
banbif-com-pe.fortimailcloud.com,0,0,0,0,0,0,0,1,0,1,0,1,1,0,1,0,1
bit.ly,0,0,0,1,0,0,1,0,0,1,0,1,1,0,1,0,1
q-r.to,0,0,0,1,0,0,0,1,0,0,0,1,1,0,1,0,1
ver1fi3cat1on459.start.page,0,0,0,0,0,0,0,0,0,0,1,1,1,0,1,0,1
l.ead.me,0,0,0,1,0,0,0,0,0,1,0,0,1,0,1,0,1
gov-ymb.help,0,0,0,0,0,0,0,1,1,0,1,1,1,1,1,1,1
trustedadviser.co.nz,0,0,0,0,0,0,0,0,0,0,1,1,1,0,1,0,1
bngitc.cc,0,0,0,1,0,0,0,0,1,0,1,1,1,1,1,1,1
bafkreicsvj22az77byzgzdhxwo5mtxrqssc23rejknqz27kwaoj34ia2yy.ipfs.dweb.link,0,0,1,0,0,0,0,0,1,1,1,1,1,1,1,1,1
q-r.to,0,0,0,1,0,0,0,1,0,0,0,1,1,0,1,0,1
filomeides.com,0,0,0,3,0,0,0,0,0,0,0,0,1,0,1,0,1
217651.8b.io,0,0,0,0,0,0,0,0,0,1,0,1,1,0,1,0,1
q-r.to,0,0,0,1,0,0,0,1,0,0,0,1,1,0,1,0,1
docs.google.com,0,0,1,5,0,0,0,0,0,1,0,1,1,0,1,0,1
contrbhdacctua893.iceiy.com,0,0,0,0,0,0,0,0,0,0,0,0,1,0,1,0,1
bernard.ext5723518.pro,0,0,0,1,0,0,0,0,0,0,1,1,1,0,1,0,1
sites.google.com,0,0,0,3,0,0,0,0,0,1,0,1,1,0,1,0,1
dpdlocotz.shop,0,0,0,1,0,0,0,0,1,0,1,1,1,1,1,1,1
nitha-4i2-w7ni-ya675-sv4f.pages.dev,0,0,0,0,0,0,0,1,0,1,1,1,1,0,1,0,1
allegrolokalnie.pl-436762.sbs,0,0,0,0,0,0,0,1,1,0,1,1,1,1,1,1,1
dropbox.com,0,0,1,4,0,0,1,0,0,1,0,1,1,0,1,0,1
pub-e38edf1e0cf64bba9a76712180ec194f.r2.dev,0,0,1,1,0,0,0,1,0,1,1,1,1,0,1,0,1
acedisco.co.jp,0,0,0,2,0,0,0,0,0,0,1,1,1,0,1,0,1
docs.google.com,0,0,1,4,0,0,0,0,0,1,0,1,1,0,1,0,1
ecarte-actualisations.com,0,0,0,1,0,0,0,1,0,0,0,1,1,1,1,1,1
ipfs.best-practice.se,0,0,1,2,0,0,0,1,0,0,0,1,1,0,1,0,1
allegrolokalnie.oferta963254.cfd,0,0,1,3,0,0,0,0,1,0,1,1,1,1,1,1,1
allegro-lokalnie.8300347793247.shop,0,0,0,0,0,0,0,1,1,0,1,1,1,1,1,1,1
ksjkhgjunomailjkdgvbjkg26.weebly.com,0,0,0,0,0,0,0,0,0,1,0,1,1,0,1,0,1
docs.google.com,0,0,1,5,0,0,0,0,0,1,0,1,1,0,1,0,1
pub-f9ad45997431472ca227bc95b1a65c06.r2.dev,0,0,1,1,0,0,0,1,0,1,1,1,1,0,1,0,1
scanned.page,0,0,0,1,0,0,0,0,0,1,1,1,1,0,1,0,1
docs.google.com,0,0,1,5,0,0,0,0,0,1,0,1,1,0,1,0,1
docs.google.com,0,0,1,5,0,0,0,0,0,1,0,1,1,0,1,0,1
finedropmultilub.com,0,0,0,0,0,0,0,0,0,0,0,1,0,0,1,0,1
us16.campaign-archive.com,0,0,1,0,0,0,0,1,0,1,0,1,1,0,1,0,1
momseafreshfish.com,0,1,1,2,0,0,0,0,1,0,1,1,1,1,1,1,1
frosttreasury.pages.dev,0,0,0,0,0,0,0,0,0,1,1,1,1,0,1,0,1
docs.google.com,0,0,1,5,0,0,0,0,0,1,0,1,1,0,1,0,1
oorth.bablisly.click,0,1,1,2,0,0,0,0,0,0,0,1,1,0,1,0,1
bridgetrrzra.wixstudio.com,0,0,0,1,0,0,0,0,0,1,1,1,1,0,1,0,1
mibc-fr-02.mailinblack.com,0,0,1,2,1,0,1,1,0,1,0,1,1,0,1,0,1
wiomnufrytsdfe.weebly.com,0,0,0,0,0,0,0,0,0,1,0,1,1,0,1,0,1
pub-4768a5c939994ed2974419af3d97953d.r2.dev,0,0,1,1,0,0,0,1,0,1,1,1,1,0,1,0,1
arplanning.com.au,0,0,0,2,0,0,0,0,0,0,1,1,1,0,1,0,1
ipfs.best-practice.se,0,0,1,2,0,0,0,1,0,0,0,1,1,0,1,0,1
8af6d683-4e46-486c-b026-daaf00318548-00-l4t8jpdbxi8k.janeway.replit.dev,0,0,1,0,0,0,0,1,1,1,1,1,1,1,1,1,1
form.asana.com,0,0,1,0,0,0,0,0,0,1,0,0,1,0,1,0,1
docs.google.com,0,0,1,5,0,0,0,0,0,1,0,1,1,0,1,0,1
qrco.de,0,0,0,1,0,0,0,0,0,1,1,1,1,0,1,0,1
qrco.de,0,0,0,1,0,0,0,0,0,1,1,1,0,0,1,0,1
q-r.to,0,0,0,1,0,0,0,1,0,0,0,1,1,0,1,0,1
mail.nova-0a5a.fr,0,0,0,0,0,0,0,1,0,0,0,1,1,1,1,1,1
vk.com,0,0,1,1,1,0,0,0,0,1,0,1,1,0,1,0,1
sites.google.com,0,0,0,3,0,0,0,0,0,1,0,1,1,0,1,0,1
docs.google.com,0,0,1,5,0,0,0,0,0,1,0,1,1,0,1,0,1
surl.li,0,0,0,1,0,0,0,0,0,1,1,1,1,0,1,0,1
parkwhiz.com,0,0,1,1,0,0,0,0,0,1,0,1,1,0,1,0,1
ipfs.io,0,0,1,2,0,0,0,0,0,1,0,1,1,0,1,0,1
site-v9tsl3tl6.godaddysites.com,0,0,0,0,0,0,0,1,0,1,0,1,1,0,1,0,1
bafkreifv3tupjkm733ox7qbvk5daylfb5rqppzbk34n7xdavx74odkt2va.ipfs.dweb.link,0,0,1,0,0,0,0,0,1,1,1,1,1,1,1,1,1
dpd.zqplrvbnk.club,0,0,0,0,0,0,0,0,1,0,1,1,1,1,1,1,1
dotzbr-prod.mirakl.net,0,0,1,3,0,0,0,1,0,1,0,0,1,0,1,1,1
dropbox.com,0,0,1,4,0,0,1,0,0,1,0,1,1,0,1,0,1
forms.zohopublic.com,0,0,1,5,0,0,0,0,0,1,0,0,1,0,1,0,1
docs.google.com,0,0,1,5,0,0,0,0,0,1,0,1,1,0,1,0,1
user-download.wixstudio.com,0,0,0,1,0,0,0,1,0,1,1,1,1,0,1,0,1
sms-verif-2755.shop,0,0,1,3,0,0,0,1,1,0,1,1,1,1,1,1,1
fahoi-trilo.duckdns.org,0,0,0,1,0,0,0,1,1,1,1,1,1,1,1,1,1
suitetrezor.framer.media,0,0,0,1,0,0,0,0,0,0,1,1,1,0,1,0,1
l.ead.me,0,0,0,1,0,0,0,0,0,1,0,0,0,0,1,0,1
fill-form-here-for-blue.surge.sh,0,0,0,0,0,0,0,1,0,1,0,1,1,0,1,0,1
cakeresume.com,0,0,1,2,0,0,0,0,0,1,0,1,0,0,1,0,1
flowto.it,0,0,0,1,0,0,0,0,0,0,0,0,1,0,1,1,1
allegrolokalnie.oferta-na-lato-2026-o35kgkrv.sbs,0,0,1,3,0,0,0,1,1,0,1,1,1,1,1,1,1
allegrolokalnie.ofertaa643289412876.cfd,0,0,0,0,0,0,0,0,1,0,1,1,1,1,1,1,1
suivre0303w.urge463183.pro,0,0,0,1,0,0,0,0,0,0,1,1,1,0,1,0,1
llantasdelpacifico.co.cr,0,0,1,3,0,0,0,0,0,0,0,1,1,0,1,0,1
gartechnology.tech,0,0,0,1,0,0,0,0,0,0,0,0,1,1,1,1,1
xn--2o2b95ym2ar8p32c02g.weebly.com,0,0,0,0,0,0,0,1,0,1,0,1,1,0,1,0,1
meilin-paper.com,0,0,0,1,0,0,0,1,1,0,1,1,1,1,1,1,1
new.express.adobe.com,0,0,0,2,0,0,0,0,0,1,0,1,1,0,1,0,1
tr.ee,0,0,0,1,0,0,0,0,0,1,0,1,1,0,1,0,1
5wv8qpr.skin,0,0,0,3,0,0,0,0,1,0,1,1,1,1,1,1,1
allegrolokalnie.pl-534234394.icu,0,0,1,2,0,0,0,1,1,0,1,1,1,1,1,1,1
docs.google.com,0,0,1,5,0,0,0,0,0,1,0,1,1,0,1,0,1
docs.google.com,0,0,1,5,0,0,0,0,0,1,0,1,1,0,1,0,1
new.express.adobe.com,0,0,0,2,0,0,0,0,0,1,0,1,1,0,1,0,1
tr.ee,0,0,0,1,0,0,0,0,0,1,0,1,1,1,1,1,1
klrkbi.com,0,0,0,4,0,0,0,0,0,0,0,0,1,1,1,1,1
facturealo155.top,0,0,0,0,0,0,0,0,1,0,1,1,1,1,1,1,1
l.ead.me,0,0,0,1,0,0,0,0,0,1,0,0,0,0,1,0,1
q-r.to,0,0,0,1,0,0,0,1,0,0,0,1,0,0,1,0,1
grupo-davivienda.webcindario.com,0,0,0,0,0,0,0,1,1,1,1,1,1,1,1,1,1
ctr45-mttbb66.firebaseapp.com,0,0,0,0,0,0,0,1,0,1,1,1,1,0,1,0,1
iztnetzerocomstartwebmaildocfwwcdocredir32tur1p50vid3r.weebly.com,0,0,1,0,0,0,0,0,0,1,0,1,1,0,1,0,1
pub-5836438f6ec241b0a61df27487738e46.r2.dev,0,0,1,1,0,0,0,1,0,1,1,1,1,0,1,0,1
allegrolokalnie.pl-54325.click,0,0,1,3,0,0,0,1,1,0,1,1,1,1,1,1,1
pub-9e2030303d9b43ffaedcde988f24645c.r2.dev,0,0,1,1,0,0,0,1,0,1,1,1,1,0,1,0,1
allegro-lokalnie.asjfy313u7.cyou,0,0,0,0,0,0,0,1,1,0,1,1,1,1,1,1,1
docs.google.com,0,0,1,5,0,0,0,0,0,1,0,1,1,0,1,0,1
uphllxdlogin.gitbook.io,0,0,0,1,0,0,0,0,0,1,0,1,1,0,1,0,1
app.jotform.com,0,0,0,1,0,0,0,0,0,1,0,1,1,0,1,0,1
l.ead.me,0,0,0,1,0,0,0,0,0,1,0,0,0,0,1,0,1
elton.journ12708.pro,0,0,0,1,0,0,0,0,0,0,1,1,1,0,1,0,1
certificadosoftwarecrcontrataciones-cr.webnode.es,0,0,1,1,0,0,0,1,0,1,1,1,1,0,1,0,1
bafybeiawvbxwvvxt5ua3jkio2njx2m4jgkfihoiorfx4detu2pjlqj3o7a.ipfs.dweb.link,0,0,1,0,0,0,0,0,1,1,1,1,1,1,1,1,1
yuoulkndftra.firebaseapp.com,0,0,0,0,0,0,0,0,0,1,1,1,1,0,1,0,1
flowto.it,0,0,0,1,0,0,0,0,0,0,0,0,1,0,1,1,1
2fpg12.share-eu1.hsforms.com,0,0,1,1,0,0,0,1,0,1,0,1,1,0,1,0,1
robiox.com.py,0,0,0,3,0,0,1,0,0,0,1,1,1,1,1,1,1
qrco.de,0,0,0,1,0,0,0,0,0,1,1,1,1,0,1,0,1
bristolcountysavingsip.com,0,0,0,1,0,0,0,0,0,0,0,1,1,0,1,0,1
mo.iuyopl.cam,0,0,0,0,0,0,0,0,1,0,1,1,1,1,1,1,1
pub-8046cc04b8024cff9a5b7324139129c3.r2.dev,0,0,1,1,0,0,0,1,0,1,1,1,1,0,1,0,1
docs.google.com,0,0,1,4,0,0,0,0,0,1,0,1,0,0,1,0,1
sites.google.com,0,0,1,2,0,0,0,0,0,1,0,1,1,0,1,0,1
docs.google.com,0,0,1,5,0,0,0,0,0,1,0,1,1,0,1,0,1
linkin.bio,0,0,0,1,0,0,0,0,0,1,1,1,1,0,1,0,1
dioragames.firebaseapp.com,0,0,0,0,0,0,0,0,0,1,1,1,0,0,1,0,1
qrco.de,0,0,0,1,0,0,0,0,0,1,1,1,1,0,1,0,1
l.wl.co,0,0,0,1,1,0,0,0,0,1,0,1,1,0,1,0,1
q-r.to,0,0,0,1,0,0,0,1,0,0,0,1,1,0,1,0,1
kifortequimica.com.br,0,0,0,1,0,0,0,0,0,0,0,1,1,0,1,0,1
docs.google.com,0,0,1,4,0,0,0,0,0,1,0,1,1,0,1,0,1
docs.google.com,0,0,1,5,0,0,0,0,0,1,0,1,1,0,1,0,1
bit.ly,0,0,0,1,0,0,1,0,0,1,0,1,1,0,1,0,1
expertisap.com.br,0,1,1,2,0,0,0,0,0,0,0,1,1,0,1,0,1
allegrolokalnie.pl-oferta168.shop,0,0,0,0,0,0,0,1,1,0,1,1,1,1,1,1,1
dpdlocazr.shop,0,0,0,1,0,0,0,0,1,0,1,1,1,1,1,1,1
outlookweb006.weebly.com,0,0,0,0,0,0,0,0,0,1,0,1,1,0,1,0,1
qrco.de,0,0,0,1,0,0,0,0,0,1,1,1,0,0,1,0,1
dropbox.com,0,0,1,5,0,0,1,0,0,1,0,1,1,0,1,0,1
ansomedils.firebaseapp.com,0,0,0,0,0,0,0,0,0,1,1,1,1,0,1,0,1
l.ead.me,0,0,0,1,0,0,0,0,0,1,0,0,0,0,1,0,1
my-egov.ca,0,0,0,0,0,0,0,1,0,0,0,1,1,1,1,1,1
sp11ct-dravon-biz8-kelsor-mazvik.pages.dev,0,0,0,0,0,0,0,1,0,1,1,1,1,0,1,0,1
vodka1r.weebly.com,0,0,0,0,0,0,0,0,0,1,0,1,1,0,1,0,1
l.ead.me,0,0,0,1,0,0,0,0,0,1,0,0,1,0,1,0,1
jotform.com,0,0,0,2,0,0,0,0,0,1,0,1,1,0,1,0,1
new.express.adobe.com,0,0,0,2,0,0,0,0,0,1,0,1,1,0,1,0,1
apps-starts-trezon.wixstudio.com,0,0,0,1,0,0,0,1,0,1,1,1,1,0,1,0,1
ufblrestffsv.top,0,0,1,0,0,0,0,0,1,0,1,1,1,1,1,1,1
live-en-ledaegr.wixstudio.com,0,0,0,1,0,0,0,1,0,1,1,1,1,0,1,0,1
bioevhealthcare.com,0,1,1,1,0,0,0,0,1,0,1,1,1,1,1,1,1
sp12ct-kavsor-biz-londik-pramel.pages.dev,0,0,0,0,0,0,0,1,0,1,1,1,1,0,1,0,1
authorizedfixednode.vercel.app,0,0,0,0,0,0,0,0,0,1,1,1,1,0,1,0,1
docs.google.com,0,0,1,5,0,0,0,0,0,1,0,1,1,0,1,0,1
c24hdp.webwave.dev,0,0,0,0,0,0,0,0,0,0,1,1,1,0,1,0,1
filontebe.web.app,0,0,0,0,0,0,0,0,0,1,1,1,1,0,1,0,1
twalkerff31.myportfolio.com,0,0,0,0,0,0,0,0,0,1,0,1,1,0,1,0,1
allegrolokalnie.pl-id74892939.cam,0,0,0,0,0,0,0,1,1,0,1,1,1,1,1,1,1
docs.google.com,0,0,1,5,0,0,0,0,0,1,0,1,1,0,1,0,1
videotronxwvtron.weebly.com,0,0,0,0,0,0,0,0,0,1,0,1,1,0,1,0,1
klgyanq.hosted.phplist.com,0,0,0,0,0,0,1,0,0,1,0,1,1,0,1,0,1
docs.google.com,0,0,1,5,0,0,0,0,0,1,0,1,1,0,1,0,1
nizotchauffage.bilty.be,0,0,0,2,0,0,0,0,0,0,1,1,1,0,1,0,1
kleinanzeigen.nmgdfjd.com,0,0,1,1,0,0,0,0,0,0,0,0,1,0,1,0,1
nnfems.com,0,0,0,4,0,0,0,0,0,0,0,1,1,0,1,0,1
beternuipouli.web.app,0,0,0,0,0,0,0,0,0,1,1,1,1,0,1,0,1
bit.ly,0,0,0,1,0,0,1,0,0,1,0,1,1,0,1,0,1
l.ead.me,0,0,0,1,0,0,0,0,0,1,0,0,0,0,1,0,1
bit.ly,0,0,0,1,0,0,1,0,0,1,0,1,1,0,1,0,1
qrco.de,0,0,0,1,0,0,0,0,0,1,1,1,0,0,1,0,1
eppxqghubp.firebaseapp.com,0,0,0,0,0,0,0,0,0,1,1,1,1,0,1,0,1
qrco.de,0,0,0,1,0,0,0,0,0,1,1,1,0,0,1,0,1
ow.ly,0,0,0,1,0,0,1,0,0,1,0,1,0,0,1,0,1
l.ead.me,0,0,0,1,0,0,0,0,0,1,0,0,0,0,1,0,1
bit.ly,0,0,0,1,0,0,1,0,0,1,0,1,1,0,1,0,1
sp12ct-pravlor-biz-hazsel-kersik.pages.dev,0,0,0,0,0,0,0,1,0,1,1,1,1,0,1,0,1
heartwarming-notes-259621.framer.app,0,0,0,0,0,0,0,1,0,1,1,1,1,0,1,0,1
failed-recipient-add.firebaseapp.com,0,0,0,0,0,0,0,1,0,1,1,1,1,0,1,0,1
qrco.de,0,0,0,1,0,0,0,0,0,1,1,1,0,0,1,0,1
live-legr-us.wixstudio.com,0,0,0,1,0,0,0,1,0,1,1,1,1,0,1,0,1
aliorncescv.xyz,0,0,1,0,0,0,0,0,1,0,1,1,1,1,1,1,1
hipolink.net,0,0,0,1,0,0,0,0,0,0,0,1,0,0,1,0,1
02d772vb82.webcindario.com,0,0,0,0,0,0,0,0,1,1,1,1,1,1,1,1,1
t.co,0,0,0,1,0,0,1,0,0,1,0,1,1,0,1,0,1
qrco.de,0,0,0,1,0,0,0,0,0,1,1,1,0,0,1,0,1
api.xn--le-registre-societes-franaises-7vc.fr,0,0,1,2,0,0,0,1,1,0,1,1,1,1,1,1,1
q-r.to,0,0,0,1,0,0,0,1,0,0,0,1,0,0,1,0,1
qrco.de,0,0,0,1,0,0,0,0,0,1,1,1,1,0,1,0,1
dropbox.com,0,0,1,4,0,0,1,0,0,1,0,1,1,0,1,0,1
nv.ftvgh.cam,0,0,0,0,0,0,0,0,0,0,0,1,1,1,1,1,1
unesa.me,0,0,0,1,0,0,0,0,0,0,0,1,1,0,1,0,1
aacredltvnlan-online.top,0,0,1,0,0,0,0,1,1,0,1,1,1,1,1,1,1
amazon.csi-prime.com,0,0,0,1,0,0,0,1,1,0,1,1,1,1,1,1,1
qrco.de,0,0,0,1,0,0,0,0,0,1,1,1,1,0,1,0,1
vdhedheb-etws.vercel.app,0,0,0,0,0,0,0,1,0,1,1,1,1,0,1,0,1
dayon.kdense.com,0,0,1,5,0,0,0,0,1,0,1,1,1,1,1,1,1
linqapp.com,0,0,0,1,0,0,0,0,0,0,0,1,1,0,1,0,1
bit.ly,0,0,0,1,0,0,1,0,0,1,0,1,1,0,1,0,1
allegro.lokalna-638424.sbs,0,0,0,0,0,0,0,1,1,0,1,1,1,1,1,1,1
qrco.de,0,0,0,1,0,0,0,0,0,1,1,1,1,0,1,0,1
docs.google.com,0,0,1,5,0,0,0,0,0,1,0,1,1,0,1,0,1
bafkreibmug6xh6rpqj4dci22h2canog7x3p66ytdzhfbgt4sd5z5pymhyy.ipfs.dweb.link,0,0,1,0,0,0,0,0,1,1,1,1,1,1,1,1,1
comsync.lijit.com,0,0,1,3,0,0,1,0,0,1,0,1,1,0,1,0,1
support-aboplusinfo.help,0,0,0,0,0,0,0,1,0,0,0,1,1,1,1,1,1
allegrolokalnie.oferta-423486.cfd,0,0,1,3,0,0,0,1,1,0,1,1,1,1,1,1,1
pub-78727057140540a199a7e00bf238a392.r2.dev,0,0,1,1,0,0,0,1,0,1,1,1,1,0,1,0,1
8307999.fls.doubleclick.net,0,0,1,11,0,0,0,0,0,1,0,0,1,0,1,0,1
bit.ly,0,0,0,1,0,0,1,0,0,1,0,1,1,0,1,0,1
app.jotform.com,0,0,0,1,0,0,0,0,0,1,0,1,1,0,1,0,1
sites.google.com,0,0,0,3,0,0,0,0,0,1,0,1,1,0,1,0,1
l.ead.me,0,0,0,1,0,0,0,0,0,1,0,0,0,0,1,0,1
bafkreid62mwynkxod6z572khttbzs62aljvp6qiac35nllmpzqamslp27u.ipfs.dweb.link,0,0,1,0,0,0,0,0,1,1,1,1,1,1,1,1,1
docs.google.com,0,0,1,5,0,0,0,0,0,1,0,1,1,0,1,0,1
xn--ministeriodeeducacinpblica-jtc2r.weebly.com,0,0,1,0,0,0,0,1,0,1,0,1,1,0,1,0,1
dojoker.duckdns.org,0,0,0,0,0,0,0,0,0,1,1,1,1,1,1,1,1
qrfy.io,0,0,0,2,0,0,0,0,0,1,0,1,1,0,1,0,1
server-103534.square.site,0,0,0,0,0,0,0,1,0,1,0,1,1,0,1,0,1
prime-videosfrance.com,0,0,0,1,0,0,0,1,0,0,0,1,1,1,1,1,1
currently5637.weebly.com,0,0,0,0,0,0,0,0,0,1,0,1,1,0,1,0,1
pub-079ea3924e1746848c053e441f4c209c.r2.dev,0,0,1,1,0,0,0,1,0,1,1,1,1,0,1,0,1
online.forms.app,0,0,0,2,0,0,0,0,0,1,1,1,1,0,1,0,1
sites.google.com,0,0,0,2,0,0,0,0,0,1,0,1,1,0,1,0,1
fr-mercun.firebaseapp.com,0,0,0,0,0,0,0,1,0,1,1,1,1,0,1,0,1
chavez.serv5780315.pro,0,0,0,0,0,0,0,0,1,0,1,1,1,1,1,1,1
chagllye-change.wixstudio.com,0,0,0,1,0,0,0,1,0,1,1,1,1,0,1,0,1
att-logs.ukit.me,0,0,0,0,0,0,0,1,0,0,0,0,1,0,1,0,1
serbasi1.blogspot.com,0,0,0,0,0,0,1,0,0,1,1,1,1,0,1,0,1
aacreditvnlon-onllne.top,0,0,1,0,0,0,0,1,1,0,1,1,1,1,1,1,1
sp12ct-hersik-biz-pramel-vondor.pages.dev,0,0,0,0,0,0,0,1,0,1,1,1,1,0,1,0,1
new.express.adobe.com,0,0,0,2,0,0,0,0,0,1,0,1,1,0,1,0,1
ecsite046.top,0,0,0,0,0,0,0,0,1,0,1,1,1,1,1,1,1
tokibasv3urdumunnngeldi.xyz,0,0,0,1,0,0,0,0,1,0,1,1,1,1,1,1,1
l.ead.me,0,0,0,1,0,0,0,0,0,1,0,0,0,0,1,0,1
q-r.to,0,0,0,1,0,0,0,1,0,0,0,1,0,0,1,0,1
forms.office.com,0,0,1,2,0,0,0,0,0,1,0,1,1,0,1,0,1
qrco.de,0,0,0,1,0,0,0,0,0,1,1,1,0,0,1,0,1
docs.google.com,0,0,1,5,0,0,0,0,0,1,0,1,1,0,1,0,1
validacionconfir.webcindario.com,0,0,0,0,0,0,0,0,1,1,1,1,1,1,1,1,1
dashboard-browser.com,0,0,0,0,0,0,0,1,1,0,1,1,1,1,1,1,1
docs.google.com,0,0,1,4,0,0,0,0,0,1,0,1,1,0,1,0,1
l.ead.me,0,0,0,1,0,0,0,0,0,1,0,0,0,0,1,0,1
raviral.com,0,0,0,1,0,0,0,0,0,0,0,0,1,0,1,0,1
bobodoumentsoigne.web.app,0,0,0,0,0,0,0,0,0,1,1,1,1,0,1,0,1
docs.google.com,0,0,1,5,0,0,0,0,0,1,0,1,1,0,1,0,1
new.express.adobe.com,0,0,0,2,0,0,0,0,0,1,0,1,1,0,1,0,1
nnfems.com,0,0,0,4,0,0,0,0,0,0,0,1,1,0,1,0,1
pub-15d6153a5f90476bbd5f8548e0621522.r2.dev,0,0,1,1,0,0,0,1,0,1,1,1,1,0,1,0,1
q-r.to,0,0,0,1,0,0,0,1,0,0,0,1,1,0,1,0,1
docs.google.com,0,0,1,4,0,0,0,0,0,1,0,1,1,0,1,0,1
er7qfi.casa,0,0,1,3,0,0,0,0,1,0,1,1,1,1,1,1,1
particular-united-760731.framer.app,0,0,0,0,0,0,0,1,0,1,1,1,1,0,1,0,1
did.li,0,0,0,1,0,0,0,0,0,0,1,1,1,0,1,0,1
l.ead.me,0,0,0,1,0,0,0,0,0,1,0,0,0,0,1,0,1
docs.google.com,0,0,1,5,0,0,0,0,0,1,0,1,1,0,1,0,1
qrco.de,0,0,0,1,0,0,0,0,0,1,1,1,0,0,1,0,1
docs.google.com,0,0,1,5,0,0,0,0,0,1,0,1,1,0,1,0,1
qrco.de,0,0,0,1,0,0,0,0,0,1,1,1,1,0,1,0,1
klelnanzeigen-deutch.de-srvc9301.info,0,0,1,3,0,0,0,1,1,0,1,1,1,1,1,1,1
pub-69d55c69b7254cd598556ce950182c14.r2.dev,0,0,1,1,0,0,0,1,0,1,1,1,1,0,1,0,1
allegrolokalnie.45834.top,0,0,0,0,0,0,0,0,1,0,1,1,1,1,1,1,1
docs.google.com,0,0,1,5,0,0,0,0,0,1,0,1,1,0,1,0,1
beautiful-context-878555.framer.app,0,0,0,0,0,0,0,1,0,1,1,1,1,0,1,0,1
cmkgracedvne.web.app,0,0,0,0,0,0,0,0,0,1,1,1,1,0,1,0,1
zodubagasa.z7.web.core.windows.net,0,0,1,1,0,0,0,0,1,1,1,1,1,1,1,1,1
linktr.ee,0,0,0,1,0,0,0,0,0,1,0,0,1,0,1,0,1
qrco.de,0,0,0,1,0,0,0,0,0,1,1,1,0,0,1,0,1
docs.google.com,0,0,1,5,0,0,0,0,0,1,0,1,1,0,1,0,1
imxprs.com,0,0,0,3,0,0,0,0,0,0,0,1,1,0,1,0,1
pub-fbcc9cd30d2f4f4793500c39a15307b1.r2.dev,0,0,1,1,0,0,0,1,0,1,1,1,1,0,1,0,1
zpr.io,0,0,0,1,0,0,0,0,0,0,0,1,1,0,1,0,1
qrco.de,0,0,0,1,0,0,0,0,0,1,1,1,1,0,1,0,1
bacpuntosdigital.lat,0,0,0,1,0,0,0,0,1,0,1,1,1,1,1,1,1
docs.google.com,0,0,1,5,0,0,0,0,0,1,0,1,1,0,1,0,1
biahjaimosteamworkspace.myclickfunnels.com,0,0,1,1,0,0,0,0,0,1,0,0,1,0,1,0,1
qrco.de,0,0,0,1,0,0,0,0,0,1,1,1,0,0,1,0,1
shield-bridge.wixstudio.com,0,0,0,1,0,0,0,1,0,1,1,1,1,0,1,0,1
docs.google.com,0,0,1,5,0,0,0,0,0,1,0,1,1,0,1,0,1
allegrolokalnie.lokalna-ofeta0182.sbs,0,0,0,0,0,0,0,1,1,0,1,1,1,1,1,1,1
secure-strato.webflow.io,0,0,0,0,0,0,0,1,0,1,1,1,1,0,1,0,1
sp11ct-ralvek-biz8-kormel-dasvik.pages.dev,0,0,0,0,0,0,0,1,0,1,1,1,1,0,1,0,1
docs.google.com,0,0,1,5,0,0,0,0,0,1,0,1,1,0,1,0,1
randomdistribution.com,0,0,1,2,0,0,0,0,0,0,0,1,1,1,1,1,1
qrco.de,0,0,0,1,0,0,0,0,0,1,1,1,0,0,1,0,1
share-eu1.hsforms.com,0,0,1,1,0,0,0,1,0,1,0,1,1,0,1,0,1
onedrive-cdn.res.taibai.icu,0,0,0,0,0,0,0,1,1,0,1,1,1,1,1,1,1
rebrand.ly,0,0,0,1,0,0,0,0,0,1,0,1,1,0,1,0,1
q-r.to,0,0,0,1,0,0,0,1,0,0,0,1,0,0,1,0,1
tokyosanno.com,0,0,1,4,0,0,0,0,0,0,0,0,1,0,1,0,1
qr-codes.io,0,0,0,1,0,0,0,1,0,0,0,0,1,0,1,0,1
dancing-raindrop-014955.netlify.app,0,0,0,0,0,0,0,1,0,1,1,1,1,0,1,0,1
wallet-token-fix.web.app,0,0,0,0,0,0,0,1,0,1,1,1,1,0,1,0,1
eternal-acknowledge-946842.framer.app,0,0,0,0,0,0,0,1,0,1,1,1,1,0,1,0,1
q-r.to,0,0,0,1,0,0,0,1,0,0,0,1,0,0,1,0,1
outprint.pt,0,0,0,1,0,0,0,0,0,0,1,1,1,0,1,0,1
share-eu1.hsforms.com,0,0,1,1,0,0,0,1,0,1,0,1,1,0,1,0,1
vainc-c4377.firebaseapp.com,0,0,0,0,0,0,0,1,0,1,1,1,1,0,1,0,1
loriane.bdll457877.pro,0,0,0,0,0,0,0,0,1,0,1,1,1,1,1,1,1
flowcode.com,0,0,0,2,0,0,0,0,0,1,0,1,1,0,1,1,1
gofile.io,0,0,0,2,0,0,0,0,0,1,0,0,1,0,1,0,1
docs.google.com,0,0,1,5,0,0,0,0,0,1,0,1,1,0,1,0,1
startio-trezr-io.framer.media,0,0,0,0,0,0,0,1,0,0,1,1,1,0,1,0,1
qrco.de,0,0,0,1,0,0,0,0,0,1,1,1,1,0,1,0,1
bafkreibf6ygozpljkxcfdqix2gwpxzkm6ynmhdnv4aqoh5llxyavmanhy4.ipfs.inbrowser.link,0,0,1,0,0,0,0,0,0,0,0,1,1,0,1,0,1
haciehelp.weebly.com,0,0,0,0,0,0,0,0,0,1,0,1,1,0,1,0,1
0ft5w98vp.duckdns.org,0,0,0,0,0,0,0,0,0,1,1,1,1,1,1,1,1
secure.abiea.shop,0,0,0,0,0,0,0,0,1,0,1,1,1,1,1,1,1
gov-ycj.help,0,0,0,0,0,0,0,1,1,0,1,1,1,1,1,1,1
sp12ct-kramel-biz-fesnik-lovsar.pages.dev,0,0,0,0,0,0,0,1,0,1,1,1,1,0,1,0,1
setup-live-desktop.wixstudio.com,0,0,0,1,0,0,0,1,0,1,1,1,1,0,1,0,1
bazecoin-extnsn.framer.ai,0,0,0,0,0,0,0,1,0,0,1,1,1,0,1,0,1
ilinoisiltirenils.web.app,0,0,0,0,0,0,0,0,0,1,1,1,1,0,1,0,1
sfinney-totelcsi.formaloo.co,0,0,0,1,0,0,0,1,0,0,0,1,1,0,1,0,1
docs.google.com,0,0,1,5,0,0,0,0,0,1,0,1,1,0,1,0,1
web-kundenservice-website343.weebly.com,0,0,0,0,0,0,0,1,0,1,0,1,1,0,1,0,1
unlockon.com,0,0,0,4,0,0,0,0,0,0,0,1,1,0,1,0,1
tmallsinger.com,0,0,0,2,0,0,0,0,1,0,1,1,1,1,1,1,1
docs.google.com,0,0,1,5,0,0,0,0,0,1,0,1,1,0,1,0,1
zvscfbeid.web.app,0,0,0,0,0,0,0,0,0,1,1,1,1,0,1,0,1
q-r.to,0,0,0,1,0,0,0,1,0,0,0,1,0,0,1,0,1
docs.google.com,0,0,1,5,0,0,0,0,0,1,0,1,1,0,1,0,1
alabama1ccuu.weebly.com,0,0,0,0,0,0,0,0,0,1,0,1,1,0,1,0,1
flowto.it,0,0,0,1,0,0,0,0,0,0,0,0,1,0,1,1,1
high-prototyper-051858.framer.app,0,0,0,0,0,0,0,1,0,1,1,1,1,0,1,0,1
national-filing-service.com,0,0,0,0,0,0,0,1,0,0,0,0,1,0,1,0,1
aacredltvmlan.icu,0,0,1,0,0,0,0,0,1,0,1,1,1,1,1,1,1
qr-codes.io,0,0,0,1,0,0,0,1,0,0,0,0,1,0,1,0,1
en-suite-pages.wixstudio.com,0,0,0,1,0,0,0,1,0,1,1,1,1,0,1,0,1
bit.ly,0,0,0,1,0,0,1,0,0,1,0,1,1,0,1,0,1
schweizdzz.blogspot.it,0,0,0,0,0,0,0,0,0,1,0,1,1,0,1,0,1
1ad-i2h-riy-9ry-idi-x6lt8n.pages.dev,0,0,0,0,0,0,0,1,0,1,1,1,1,0,1,0,1
l.ead.me,0,0,0,1,0,0,0,0,0,1,0,0,0,0,1,0,1
dossiers-revocations.com,0,0,0,1,0,0,0,1,0,0,0,1,1,1,1,1,1
flatmountain.co.za,0,1,1,3,0,0,0,0,0,0,0,1,0,0,1,0,1
rbxgenr.netlify.app,0,0,0,0,0,0,0,0,0,1,1,1,1,0,1,0,1
l.ead.me,0,0,0,1,0,0,0,0,0,1,0,0,0,0,1,0,1
onlineugyintezes-ugyfelszolgalat.com,0,0,1,2,0,0,1,1,1,0,1,1,1,1,1,1,1
new.express.adobe.com,0,0,0,2,0,0,0,0,0,1,0,1,1,0,1,0,1
allegro-lokalnie.pl-92133.click,0,0,0,0,0,0,0,1,1,0,1,1,1,1,1,1,1
limitlessdubai-dp8oxsl60kva.edgeone.dev,0,0,0,0,0,0,0,1,0,0,1,1,0,0,1,0,1
tether-sync.vercel.app,0,0,0,0,0,0,0,1,0,1,1,1,1,0,1,0,1
login.dk12361.com,0,0,0,0,0,0,0,0,1,0,1,1,1,1,1,1,1
pub-a28a824001f14aba9fa67e5897db5905.r2.dev,0,0,1,1,0,0,0,1,0,1,1,1,1,0,1,0,1
sp25ct7-kernox-biz-solta-femrik.pages.dev,0,0,0,0,0,0,0,1,0,1,1,1,1,0,1,0,1
328315906745954326.weebly.com,0,0,0,0,0,0,0,0,0,1,0,1,1,0,1,0,1
qrco.de,0,0,0,1,0,0,0,0,0,1,1,1,0,0,1,0,1
flowcv.me,0,0,0,1,0,0,0,0,0,0,0,1,1,0,1,0,1
cin-lorane.firebaseapp.com,0,0,0,0,0,0,0,1,0,1,1,1,1,0,1,0,1
dropbox.com,0,0,1,4,0,0,1,0,0,1,0,1,1,0,1,0,1
aws.dev,0,0,0,0,0,0,0,0,1,1,1,1,1,1,1,1,0
yccdn.ru,0,0,0,0,0,0,0,0,1,1,1,1,1,1,1,1,0
office365.com,0,0,0,0,0,0,0,0,0,1,0,1,1,0,1,0,0
b-cdn.net,0,0,0,0,0,0,0,1,0,1,0,1,1,0,1,0,0
nic.ru,0,0,0,0,0,0,0,0,0,1,0,0,1,0,1,0,0
google-analytics.com,0,0,0,0,0,0,0,1,0,1,0,1,0,0,1,0,0
outlook.com,0,0,0,0,0,0,0,0,0,1,0,1,1,0,1,0,0
afternic.com,0,0,0,0,0,0,0,0,0,1,0,0,1,1,1,1,0
registrar-servers.com,0,0,0,0,0,0,0,1,0,1,0,0,1,0,1,0,0
github.io,0,0,0,0,0,0,0,0,0,1,0,0,1,0,1,0,0
app-analytics-services.com,0,0,0,0,0,0,0,1,0,1,0,0,1,0,1,0,0
cdn77.org,0,0,0,0,0,0,0,0,1,1,1,1,1,1,1,1,0
okcdn.ru,0,0,0,0,0,0,0,0,0,1,0,0,1,0,1,0,0
amazonvideo.com,0,0,0,0,0,0,0,0,0,1,0,1,1,0,1,0,0
app-measurement.com,0,0,0,0,0,0,1,1,0,1,0,1,1,0,1,0,0
apache.org,0,0,0,0,0,0,0,0,0,1,0,1,1,0,1,0,0
snapchat.com,0,0,0,0,0,0,1,0,0,1,0,1,1,0,1,0,0
amazon.dev,0,0,0,0,0,0,0,0,1,1,1,1,1,1,1,1,0
unity3d.com,0,0,0,0,0,0,0,0,0,1,0,1,1,0,1,0,0
dnsowl.com,0,0,0,0,0,0,0,0,1,1,1,1,1,1,1,1,0
dns.google,0,0,0,0,0,0,0,0,0,1,1,1,1,0,1,0,0
trbcdn.net,0,0,0,0,0,0,0,0,0,1,0,1,1,1,1,1,0
vkuserphoto.ru,0,0,0,0,0,0,0,0,0,1,0,0,1,0,1,0,0
amazon-adsystem.com,0,0,0,0,0,0,0,1,0,1,0,1,1,1,1,1,0
msftncsi.com,0,0,0,0,0,0,0,0,1,1,1,1,1,1,1,1,0
iiko.it,0,0,0,0,0,0,0,0,1,1,1,1,1,1,1,1,0
miit.gov.cn,0,0,0,0,0,0,0,0,1,1,1,1,1,1,1,1,0
static.microsoft,0,0,0,0,0,0,0,0,1,1,1,1,1,1,1,1,0
kaspersky.com,0,0,0,0,0,0,0,0,0,1,0,0,0,0,1,0,0
criteo.com,0,0,0,0,0,0,0,0,0,1,0,1,1,0,1,0,0
intuit.com,0,0,0,0,0,0,1,0,0,1,0,0,1,0,1,0,0
azurefd.net,0,0,0,0,0,0,0,0,1,1,1,1,1,1,1,1,0
reg.ru,0,0,0,0,0,0,0,0,0,1,0,0,1,0,1,0,0
epicgames.com,0,0,0,0,0,0,0,0,0,1,0,1,1,0,1,0,0
steamserver.net,0,0,0,0,0,0,0,0,1,1,1,1,1,1,1,1,0
discord.gg,0,0,0,0,0,0,0,0,0,1,1,1,1,0,1,0,0
godaddy.com,0,0,0,0,0,0,0,0,0,1,0,1,1,0,1,0,0
nih.gov,0,0,0,0,0,0,0,0,0,1,0,1,1,0,1,0,0
xiaomi.com,0,0,0,0,0,0,0,0,0,1,0,1,0,0,1,0,0
msftconnecttest.com,0,0,0,0,0,0,1,0,1,1,1,1,1,1,1,1,0
nytimes.com,0,0,0,0,0,0,0,0,0,1,0,0,0,0,1,0,0
dns-parking.com,0,0,0,0,0,0,0,1,1,1,1,1,1,1,1,1,0
vedcdnlb.com,0,0,0,0,0,0,0,0,1,1,1,1,1,1,1,1,0
jomodns.com,0,0,0,0,0,0,0,0,1,1,1,1,1,1,1,1,0
tumblr.com,0,0,0,0,0,0,0,0,0,1,0,1,1,0,1,0,0
aliyuncs.com,0,0,0,0,0,0,0,0,0,1,0,1,1,0,1,0,0
discord.com,0,0,0,0,0,0,0,0,0,1,0,1,1,0,1,0,0
one.one,0,0,0,0,0,0,0,0,0,1,0,1,1,0,1,0,0
triplinkintl.com,0,0,0,0,0,0,0,0,0,1,0,1,1,0,1,0,0
applovin.com,0,0,0,0,0,0,0,0,0,1,0,1,1,0,1,0,0
tm-azurefd.net,0,0,0,0,0,0,0,1,1,1,1,1,1,1,1,1,0
3gppnetwork.org,0,0,0,0,0,0,0,0,1,1,1,1,1,1,1,1,0
ggpht.com,0,0,0,0,0,0,1,0,1,1,1,1,1,1,1,1,0
adtrafficquality.google,0,0,0,0,0,0,0,0,0,1,1,1,0,0,1,0,0
ax-msedge.net,0,0,0,0,0,0,0,1,1,1,1,1,1,1,1,1,0
example.com,0,0,0,0,0,0,0,0,0,1,0,1,1,0,1,0,0
webex.com,0,0,0,0,0,0,1,0,0,1,0,0,1,0,1,0,0
azurewebsites.net,0,0,0,0,0,0,0,0,1,1,1,1,1,1,1,1,0
vk.ru,0,0,0,0,0,0,0,0,0,1,0,1,1,0,1,0,0
namebrightdns.com,0,0,0,0,0,0,0,0,1,1,1,1,1,1,1,1,0
shopify.com,0,0,0,0,0,0,0,0,0,1,0,0,1,0,1,0,0
paypal.com,0,0,0,0,0,0,0,0,0,1,0,1,0,0,1,0,0
adobe.io,0,0,0,0,0,0,0,0,0,1,0,0,1,0,1,0,0
cdn-apple.com,0,0,0,0,0,0,0,1,1,1,1,1,1,1,1,1,0
flickr.com,0,0,0,0,0,0,0,0,0,1,0,0,1,0,1,0,0
googleadservices.com,0,0,0,0,0,0,0,0,0,1,0,1,1,0,1,0,0
w3.org,0,0,0,0,0,0,0,0,0,1,0,1,1,0,1,0,0
macromedia.com,0,0,0,0,0,0,0,0,0,1,0,1,1,1,1,1,0
bytefcdn-oversea.com,0,0,0,0,0,0,0,1,1,1,1,1,1,1,1,1,0
nflxso.net,0,0,0,0,0,0,0,0,1,1,1,1,1,1,1,1,0
hichina.com,0,0,0,0,0,0,0,0,1,1,1,1,1,1,1,1,0
telekom.net,0,0,0,0,0,0,0,0,0,1,0,1,1,0,1,0,0
rubiconproject.com,0,0,0,0,0,0,1,0,0,1,0,1,1,0,1,0,0
soundcloud.com,0,0,0,0,0,0,0,0,0,1,0,1,1,0,1,0,0
creativecommons.org,0,0,0,0,0,0,0,0,0,1,0,1,1,0,1,0,0
lencr.org,0,0,0,0,0,0,0,0,0,1,0,1,0,0,1,0,0
vungle.com,0,0,0,0,0,0,0,0,0,1,0,0,1,0,1,0,0
mts.ru,0,0,0,0,0,0,0,0,0,1,0,0,1,0,1,0,0
cnn.com,0,0,0,0,0,0,0,0,0,1,0,1,0,0,1,0,0
theguardian.com,0,0,0,0,0,0,0,0,0,1,0,1,1,0,1,0,0
ttdns2.com,0,0,0,0,0,0,0,0,1,1,1,1,1,1,1,1,0
adsafeprotected.com,0,0,0,0,0,0,0,0,0,1,0,1,1,0,1,0,0
oracle.com,0,0,0,0,0,0,0,0,0,1,0,0,1,0,1,0,0
lsrelayaccess.com,0,0,0,0,0,0,0,0,0,1,0,1,1,1,1,1,0
t-online.de,0,0,0,0,0,0,0,1,0,1,1,1,1,0,1,0,0
playstation.net,0,0,0,0,0,0,0,0,1,1,1,1,1,1,1,1,0
sfx.ms,0,0,0,0,0,0,0,0,1,1,1,1,1,1,1,1,0
doi.org,0,0,0,0,0,0,0,0,0,1,0,1,1,0,1,0,0
miui.com,0,0,0,0,0,0,0,0,0,1,0,0,1,0,1,0,0
pages.dev,0,0,0,0,0,0,0,0,0,1,1,1,1,0,1,0,0
ksyuncdn.com,0,0,0,0,0,0,0,0,1,1,1,1,1,1,1,1,0
forbes.com,0,0,0,0,0,0,0,0,0,1,0,1,1,0,1,0,0
youtube-nocookie.com,0,0,0,0,0,0,0,1,0,1,0,0,1,1,1,1,0
ack.de,0,0,0,0,0,0,0,0,0,1,1,1,1,0,1,0,0
shifen.com,0,0,0,0,0,0,0,0,0,1,0,1,1,1,1,1,0
mit.edu,0,0,0,0,0,0,0,0,0,1,0,1,0,0,1,0,0
duckdns.org,0,0,0,0,0,0,0,0,0,1,0,1,1,0,1,0,0
sciencedirect.com,0,0,0,0,0,0,1,0,0,1,0,1,1,0,1,0,0
gmail.com,0,0,0,0,0,0,0,0,0,1,0,1,1,0,1,1,0
bbc.com,0,0,0,0,0,0,0,0,0,1,0,1,1,0,1,0,0
fastly-edge.com,0,0,0,0,0,0,0,1,1,1,1,1,1,1,1,1,0
akamaized.net,0,0,0,0,0,0,0,0,1,1,1,1,1,1,1,1,0
pki.goog,0,0,0,0,0,0,0,0,0,1,1,1,0,0,1,0,0
researchgate.net,0,0,0,0,0,0,0,0,0,1,0,0,1,0,1,0,0
ebay.com,0,0,0,0,0,0,0,0,0,1,0,1,1,0,1,0,0
twitch.tv,0,0,0,0,0,0,0,0,0,1,0,1,1,0,1,0,0
bbc.co.uk,0,0,0,0,0,0,0,0,0,1,1,1,1,0,1,0,0
nist.gov,0,0,0,0,0,0,0,0,0,1,0,1,0,0,1,0,0
ozon.ru,0,0,0,0,0,0,0,0,0,1,0,0,1,0,1,0,0
nr-data.net,0,0,0,0,0,0,0,1,1,1,1,1,1,1,1,1,0
azureedge.net,0,0,0,0,0,0,0,0,1,1,1,1,1,1,1,1,0
userapi.com,0,0,0,0,0,0,0,0,0,1,0,0,1,1,1,1,0
cdngslb.com,0,0,0,0,0,0,0,0,0,1,0,1,1,1,1,1,0
ubuntu.com,0,0,0,0,0,0,0,0,0,1,0,1,0,0,1,0,0
etsy.com,0,0,0,0,0,0,0,0,0,1,0,0,1,0,1,0,0
prodregistryv2.org,0,0,0,0,0,0,0,0,0,1,0,1,1,0,1,0,0
stripe.com,0,0,0,0,0,0,0,0,0,1,0,1,1,0,1,0,0
wsdvs.com,0,0,0,0,0,0,0,0,1,1,1,1,1,1,1,1,0
rbxcdn.com,0,0,0,0,0,0,0,0,1,1,1,1,1,1,1,1,0
pubmatic.com,0,0,0,0,0,0,0,0,0,1,0,1,1,0,1,0,0
imcmdb.net,0,0,0,0,0,0,0,0,0,1,0,0,1,1,1,1,0
android.com,0,0,0,0,0,0,0,0,0,1,0,1,0,0,1,0,0
telegram.org,0,0,0,0,0,0,0,0,0,1,0,1,1,0,1,0,0
cpanel.net,0,0,0,0,0,0,0,0,0,1,0,1,0,0,1,0,0
ripn.net,0,0,0,0,0,0,0,0,1,1,1,1,1,1,1,1,0
omtrdc.net,0,0,0,0,0,0,0,0,1,1,1,1,1,1,1,1,0
meraki.com,0,0,0,0,0,0,0,0,0,1,0,1,1,0,1,0,0
name-services.com,0,0,0,0,0,0,0,1,1,1,1,1,1,1,1,1,0
comcast.net,0,0,0,0,0,0,0,0,0,1,0,0,1,0,1,0,0
canva.com,0,0,0,0,0,0,0,0,0,1,0,1,1,0,1,0,0
cisco.com,0,0,0,0,0,0,0,0,0,1,0,1,1,0,1,0,0
adsrvr.org,0,0,0,0,0,0,0,0,0,1,0,1,1,0,1,0,0
hcaptcha.com,0,0,0,0,0,0,0,0,0,1,0,1,1,0,1,0,0
wikimedia.org,0,0,0,0,0,0,0,0,0,1,0,1,1,0,1,0,0
booking.com,0,0,0,0,0,0,0,0,0,1,0,1,1,0,1,0,0
hubspot.com,0,0,0,0,0,0,1,0,0,1,0,0,1,0,1,0,0
alibabadns.com,0,0,0,0,0,0,0,0,1,1,1,1,1,1,1,1,0
who.int,0,0,0,0,0,0,0,0,0,1,1,1,0,0,1,0,0
capcutapi.com,0,0,0,0,0,0,0,0,1,1,1,1,1,1,1,1,0
imdb.com,0,0,0,0,0,0,0,0,0,1,0,0,1,0,1,0,0
adnxs.com,0,0,0,0,0,0,0,0,0,1,0,1,1,0,1,0,0
launchpad.net,0,0,0,0,0,0,0,0,0,1,0,1,1,0,1,0,0
scorecardresearch.com,0,0,0,0,0,0,0,0,0,1,0,0,0,0,1,0,0
wixsite.com,0,0,0,0,0,0,0,0,1,1,1,1,1,1,1,1,0
ttvnw.net,0,0,0,0,0,0,0,0,1,1,1,1,1,1,1,1,0
telecid.ru,0,0,0,0,0,0,0,0,0,1,0,1,1,1,1,1,0
roku.com,0,0,0,0,0,0,0,0,0,1,0,1,0,0,1,0,0
alidns.com,0,0,0,0,0,0,0,0,0,1,0,1,1,0,1,0,0
ailawandorder.com,0,0,0,0,0,0,0,0,0,1,0,1,1,1,1,1,0
ibm.com,0,0,0,0,0,0,0,0,0,1,0,1,0,0,1,0,0
facebook.net,0,0,0,0,0,0,0,0,1,1,1,1,1,1,1,1,0
arubanetworks.com,0,0,0,0,0,0,0,0,0,1,0,1,1,1,1,1,0
reuters.com,0,0,0,0,0,0,0,0,0,1,0,1,1,0,1,0,0
mangosip.ru,0,0,0,0,0,0,0,0,0,1,0,1,1,1,1,1,0
yandexcloud.net,0,0,0,0,0,0,0,0,1,1,1,1,1,1,1,1,0
spov-msedge.net,0,0,0,0,0,0,0,1,1,1,1,1,1,1,1,1,0
2mdn.net,0,0,0,0,0,0,0,0,1,1,1,1,1,1,1,1,0
aliyuncsslbintl.com,0,0,0,0,0,0,0,0,1,1,1,1,1,1,1,1,0
springer.com,0,0,0,0,0,0,0,0,0,1,0,1,1,0,1,0,0
msedge.net,0,0,0,0,0,0,0,0,0,1,0,1,1,1,1,1,0
amplitude.com,0,0,0,0,0,0,0,0,0,1,0,0,0,0,1,0,0
telegram.me,0,0,0,0,0,0,0,0,0,1,0,0,1,0,1,0,0
forter.com,0,0,0,0,0,0,0,0,0,1,0,0,1,0,1,0,0
dnsmadeeasy.com,0,0,0,0,0,0,0,0,0,1,0,0,1,0,1,0,0
media-amazon.com,0,0,0,0,0,0,0,1,1,1,1,1,1,1,1,1,0
amon.tech,0,0,0,0,0,0,0,0,0,1,0,1,1,1,1,1,0
byteoversea.net,0,0,0,0,0,0,0,0,1,1,1,1,1,1,1,1,0
crpt.ru,0,0,0,0,0,0,0,0,0,1,0,1,1,0,1,0,0
mozilla.com,0,0,0,0,0,0,0,0,0,1,0,1,1,0,1,0,0
appsflyer.com,0,0,0,0,0,0,0,0,0,1,0,1,0,0,1,0,0
drom.ru,0,0,0,0,0,0,0,0,0,1,0,0,1,0,1,0,0
tiktokcdn-us.com,0,0,0,0,0,0,0,1,1,1,1,1,1,1,1,1,0
hp.com,0,0,0,0,0,0,0,0,0,1,0,0,0,0,1,1,0
mzstatic.com,0,0,0,0,0,0,0,0,0,1,0,1,1,0,1,0,0
gov.uk,0,0,0,0,0,0,0,0,0,0,1,1,1,0,1,0,0
inmobi.com,0,0,0,0,0,0,0,0,0,1,0,1,0,0,1,0,0
steampowered.com,0,0,0,0,0,0,0,0,0,1,0,1,1,0,1,0,0
nature.com,0,0,0,0,0,0,0,0,0,1,0,1,1,0,1,1,0
harvard.edu,0,0,0,0,0,0,0,0,0,1,0,1,0,0,1,0,0
jsdelivr.net,0,0,0,0,0,0,0,0,0,1,0,1,1,1,1,1,0
weibo.com,0,0,0,0,0,0,0,0,0,1,0,1,1,1,1,1,0
clarity.ms,0,0,0,0,0,0,0,0,0,1,0,1,1,1,1,1,0
debian.org,0,0,0,0,0,0,0,0,0,1,0,0,1,0,1,0,0
alibaba.com,0,0,0,0,0,0,0,0,0,1,0,1,1,0,1,0,0
avast.com,0,0,0,0,0,0,1,0,0,1,0,1,1,0,1,0,0
samsungcloud.com,0,0,0,0,0,0,0,0,0,1,0,1,1,0,1,0,0
ok.ru,0,0,0,0,0,0,0,0,0,1,0,0,1,1,1,1,0
autodesk.com,0,0,0,0,0,0,0,0,0,1,0,1,1,0,1,0,0
wac-msedge.net,0,0,0,0,0,0,0,1,1,1,1,1,1,1,1,1,0
datadoghq.com,0,0,0,0,0,0,0,0,0,1,0,1,0,0,1,0,0
vecdnlb.com,0,0,0,0,0,0,0,0,1,1,1,1,1,1,1,1,0
mtgglobals.com,0,0,0,0,0,0,0,0,1,1,1,1,1,1,1,1,0
wiley.com,0,0,0,0,0,0,0,0,0,1,0,1,1,0,1,0,0
heytapmobile.com,0,0,0,0,0,0,0,0,1,1,1,1,1,1,1,1,0
samsungqbe.com,0,0,0,0,0,0,0,0,1,1,1,1,1,1,1,1,0
weather.com,0,0,0,0,0,0,0,0,0,1,0,0,1,0,1,0,0
salesforce.com,0,0,0,0,0,0,0,0,0,1,0,0,1,0,1,1,0
ea.com,0,0,0,0,0,0,0,0,0,1,0,1,0,0,1,0,0
shalltry.com,0,0,0,0,0,0,0,0,0,1,0,1,1,0,1,0,0
php.net,0,0,0,0,0,0,0,0,0,1,0,1,1,0,1,0,0
douyincdn.com,0,0,0,0,0,0,0,0,1,1,1,1,1,1,1,1,0
amazon.co.uk,0,0,0,0,0,0,0,0,0,1,1,1,1,0,1,0,0
myshopify.com,0,0,0,0,0,0,0,0,0,1,0,1,1,0,1,0,0
googleblog.com,0,0,0,0,0,0,0,0,0,1,0,1,0,0,1,0,0
hostinger.com,0,0,0,0,0,0,0,0,0,1,0,1,1,0,1,0,0
virginm.net,0,0,0,0,0,0,0,0,1,1,1,1,1,1,1,1,0
akamaihd.net,0,0,0,0,0,0,0,0,1,1,1,1,1,1,1,1,0
name.com,0,0,0,0,0,0,0,0,0,1,0,1,0,0,1,0,0
aliyun.com,0,0,0,0,0,0,0,0,0,1,0,1,1,0,1,0,0
worldnic.com,0,0,0,0,0,0,0,0,0,1,0,1,1,1,1,1,0
hostgator.com,0,0,0,0,0,0,0,0,0,1,0,1,1,0,1,0,0
gnu.org,0,0,0,0,0,0,0,0,0,1,0,0,1,0,1,0,0
namecheap.com,0,0,0,0,0,0,0,0,0,1,0,1,1,0,1,0,0
smartadserver.com,0,0,0,0,0,0,0,0,0,1,0,1,0,0,1,0,0
crashlytics.com,0,0,0,0,0,0,0,0,0,1,0,0,1,0,1,0,0
dell.com,0,0,0,0,0,0,0,0,0,1,0,0,1,0,1,0,0
trueconf.net,0,0,0,0,0,0,0,0,0,1,0,0,1,1,1,1,0
edgcdn.net,0,0,0,0,0,0,0,0,1,1,1,1,1,1,1,1,0
bilibili.com,0,0,0,0,0,0,0,0,0,1,0,1,1,0,1,0,0
wildberries.ru,0,0,0,0,0,0,0,0,0,1,0,1,1,0,1,0,0
awswaf.com,0,0,0,0,0,0,0,0,1,1,1,1,1,1,1,1,0
tbcache.com,0,0,0,0,0,0,0,0,0,1,0,1,1,1,1,1,0
doubleverify.com,0,0,0,0,0,0,0,0,0,1,0,1,1,0,1,0,0
shiabank.com,0,0,0,0,0,0,0,0,0,1,0,0,1,1,1,1,0
checkpoint.com,0,0,0,0,0,0,1,0,0,1,0,1,0,0,1,0,0
inner-active.mobi,0,0,0,0,0,0,0,1,0,1,1,1,1,1,1,1,0
cdc.gov,0,0,0,0,0,0,0,0,0,1,0,1,1,0,1,0,0
un.org,0,0,0,0,0,0,0,0,0,1,0,1,0,0,1,0,0
slack.com,0,0,0,0,0,0,0,0,0,1,0,1,1,0,1,0,0
naver.com,0,0,0,0,0,0,0,0,0,1,0,1,1,0,1,0,0
trustpilot.com,0,0,0,0,0,0,1,0,0,1,0,1,1,0,1,0,0
allawnos.com,0,0,0,0,0,0,0,0,1,1,1,1,1,1,1,1,0
dotaplabs.net,0,0,0,0,0,0,0,0,1,1,1,1,1,1,1,1,0
opendns.com,0,0,0,0,0,0,0,0,0,1,0,1,1,0,1,0,0
spaceweb.pro,0,0,0,0,0,0,0,0,0,1,1,1,1,1,1,1,0
weebly.com,0,0,0,0,0,0,0,0,0,1,0,1,1,0,1,0,0
tradingview.com,0,0,0,0,0,0,0,0,0,1,0,1,1,0,1,0,0
media.net,0,0,0,0,0,0,0,0,0,1,0,1,0,0,1,0,0
issuu.com,0,0,0,0,0,0,0,0,0,1,0,1,1,0,1,0,0
mobile.de,0,0,0,0,0,0,0,0,0,1,1,1,1,0,1,0,0
netflix.net,0,0,0,0,0,0,0,0,0,1,0,1,1,0,1,0,0
indeed.com,0,0,0,0,0,0,0,0,0,1,0,1,1,0,1,0,0
launchdarkly.com,0,0,0,0,0,0,0,0,0,1,0,1,1,0,1,0,0
nvidia.com,0,0,0,0,0,0,0,0,0,1,0,1,1,0,1,0,0
selectel.ru,0,0,0,0,0,0,0,0,0,1,0,1,1,0,1,0,0
google.cn,0,0,0,0,0,0,0,0,0,1,0,1,1,0,1,0,0
stanford.edu,0,0,0,0,0,0,0,0,0,1,0,1,0,0,1,0,0
washingtonpost.com,0,0,0,0,0,0,1,0,0,1,0,0,1,1,1,1,0
wsj.com,0,0,0,0,0,0,0,0,0,1,0,1,1,0,1,0,0
bloomberg.com,0,0,0,0,0,0,0,0,0,1,0,0,1,0,1,0,0
samsungcloudsolution.com,0,0,0,0,0,0,0,0,1,1,1,1,1,1,1,1,0
live-video.net,0,0,0,0,0,0,0,1,0,1,0,1,1,0,1,0,0
cookiedatabase.org,0,0,0,0,0,0,0,0,0,1,0,0,1,0,1,0,0
calendly.com,0,0,0,0,0,0,0,0,0,1,0,0,0,0,1,0,0
zendesk.com,0,0,0,0,0,0,0,0,0,1,0,1,0,0,1,0,0
tiktokv.us,0,0,0,0,0,0,0,0,1,1,1,1,1,1,1,1,0
cdnbuild.net,0,0,0,0,0,0,0,0,1,1,1,1,1,1,1,1,0
mynetname.net,0,0,0,0,0,0,0,0,1,1,1,1,1,1,1,1,0
amazon.de,0,0,0,0,0,0,0,0,0,1,1,1,1,0,1,0,0
ip-api.com,0,0,0,0,0,0,0,1,0,1,0,1,1,0,1,0,0
volcfcdndvs.com,0,0,0,0,0,0,0,0,1,1,1,1,1,1,1,1,0
ioref.io,0,0,0,0,0,0,0,0,1,1,1,1,1,1,1,1,0
plesk.com,0,0,0,0,0,0,0,0,0,1,0,1,1,0,1,0,0
amazontrust.com,0,0,0,0,0,0,1,0,0,1,0,1,1,0,1,0,0
quickconnect.to,0,0,0,0,0,0,0,0,0,1,0,1,1,0,1,0,0
yandex.com,0,0,0,0,0,0,1,0,0,1,0,0,1,0,1,0,0
rocket-cdn.com,0,0,0,0,0,0,0,1,1,1,1,1,1,1,1,1,0
ibyteimg.com,0,0,0,0,0,0,0,0,1,1,1,1,1,1,1,1,0
walmart.com,0,0,0,0,0,0,1,0,0,1,0,0,1,0,1,0,0
newrelic.com,0,0,0,0,0,0,0,0,0,1,0,1,1,0,1,0,0
bsky.app,0,0,0,0,0,0,0,0,0,1,1,1,1,0,1,0,0
kwai-pro.com,0,0,0,0,0,0,0,1,1,1,1,1,1,1,1,1,0
paloaltonetworks.com,0,0,0,0,0,0,0,0,0,1,0,1,1,0,1,0,0
casalemedia.com,0,0,0,0,0,0,0,0,0,1,0,1,0,0,1,0,0
ezvizlife.com,0,0,0,0,0,0,0,0,0,1,0,1,1,0,1,0,0
demdex.net,0,0,0,0,0,0,0,0,1,1,1,1,1,1,1,1,0
gandi-ns.fr,0,0,0,0,0,0,0,1,1,1,1,1,1,1,1,1,0
shopifysvc.com,0,0,0,0,0,0,0,0,1,1,1,1,1,1,1,1,0
vivoglobal.com,0,0,0,0,0,0,0,0,0,1,0,1,1,0,1,0,0
gitlab.com,0,0,0,0,0,0,0,0,0,1,0,0,1,0,1,0,0
tp-link.com,0,0,0,0,0,0,0,1,0,1,0,1,0,0,1,0,0
dnspod.net,0,0,0,0,0,0,0,0,0,1,0,1,1,1,1,1,0
online-metrix.net,0,0,0,0,0,0,0,1,1,1,1,1,1,1,1,1,0
netangels.ru,0,0,0,0,0,0,0,0,0,1,0,0,1,0,1,0,0
statsigapi.net,0,0,0,0,0,0,0,0,0,1,0,1,1,0,1,0,0
nasa.gov,0,0,0,0,0,0,0,0,0,1,0,1,0,0,1,0,0
licdn.com,0,0,0,0,0,0,0,0,1,1,1,1,1,1,1,1,0
onelink.me,0,0,0,0,0,0,0,0,0,1,0,1,0,0,1,0,0
heytapdl.com,0,0,0,0,0,0,0,0,1,1,1,1,1,1,1,1,0
aliexpress.com,0,0,0,0,0,0,0,0,0,1,0,1,1,1,1,1,0
ipify.org,0,0,0,0,0,0,0,0,0,1,0,1,1,0,1,0,0
163.com,0,0,0,0,0,0,0,0,0,1,0,1,1,1,1,1,0
nflxvideo.net,0,0,0,0,0,0,0,0,0,1,0,1,1,1,1,1,0
tiktokv.eu,0,0,0,0,0,0,0,0,1,1,1,1,1,1,1,1,0
bluehost.com,0,0,0,0,0,0,1,0,0,1,0,1,1,0,1,0,0
brave.com,0,0,0,0,0,0,0,0,0,1,0,1,1,0,1,0,0
line.me,0,0,0,0,0,0,0,0,0,1,0,1,0,0,1,0,0
unsplash.com,0,0,0,0,0,0,0,0,0,1,0,1,1,0,1,0,0
espn.com,0,0,0,0,0,0,0,0,0,1,0,1,1,0,1,0,0
globo.com,0,0,0,0,0,0,0,0,0,1,0,0,1,0,1,0,0
tiktokcdn-eu.com,0,0,0,0,0,0,0,1,1,1,1,1,1,1,1,1,0
spo-msedge.net,0,0,0,0,0,0,0,1,1,1,1,1,1,1,1,1,0
beian.gov.cn,0,0,0,0,0,0,0,0,1,1,1,1,1,1,1,1,0
expireddomains.com,0,0,0,0,0,0,0,0,0,1,0,1,1,0,1,0,0
dailymotion.com,0,0,0,0,0,0,0,0,0,1,0,1,1,0,1,0,0
pangle.io,0,0,0,0,0,0,0,0,1,1,1,1,1,1,1,1,0
avcdn.net,0,0,0,0,0,0,0,0,1,1,1,1,1,1,1,1,0
amazonalexa.com,0,0,0,0,0,0,0,0,0,1,0,1,0,0,1,0,0
enacdn.net,0,0,0,0,0,0,0,0,1,1,1,1,1,1,1,1,0
kaspersky-labs.com,0,0,0,0,0,0,0,1,0,1,0,1,1,1,1,1,0
supercell.com,0,0,0,0,0,0,0,0,0,1,0,1,1,0,1,0,0
claude.ai,0,0,0,0,0,0,0,0,0,1,0,1,1,0,1,0,0
kwaipros.com,0,0,0,0,0,0,0,0,1,1,1,1,1,1,1,1,0
temu.com,0,0,0,0,0,0,0,0,0,1,0,1,1,0,1,0,0
xcal.tv,0,0,0,0,0,0,0,0,1,1,1,1,1,1,1,1,0
huawei.com,0,0,0,0,0,0,0,0,0,1,0,1,1,1,1,1,0
mi.com,0,0,0,0,0,0,0,0,0,1,0,1,0,0,1,0,0
dropcatch.com,0,0,0,0,0,0,0,0,0,1,0,1,1,0,1,0,0
vkuser.net,0,0,0,0,0,0,0,0,0,1,0,1,1,1,1,1,0
goodreads.com,0,0,0,0,0,0,0,0,0,1,0,0,1,0,1,0,0
awsglobalaccelerator.com,0,0,0,0,0,0,0,0,1,1,1,1,1,1,1,1,0
intel.com,0,0,0,0,0,0,0,0,0,1,0,1,1,0,1,0,0
businessinsider.com,0,0,0,0,0,0,0,0,0,1,0,1,0,0,1,0,0
substack.com,0,0,0,0,0,0,0,0,0,1,0,1,1,0,1,0,0
cloudns.net,0,0,0,0,0,0,0,0,0,1,0,1,1,0,1,0,0
ipinfo.io,0,0,0,0,0,0,0,0,0,1,0,1,1,0,1,0,0
taobao.com,0,0,0,0,0,0,0,0,0,1,0,1,1,1,1,1,0
netease.com,0,0,0,0,0,0,0,0,0,1,0,1,1,1,1,1,0
chinamobile.com,0,0,0,0,0,0,0,0,0,1,0,1,1,1,1,1,0
wp.com,0,0,0,0,0,0,0,0,0,1,0,1,1,0,1,0,0
myqcloud.com,0,0,0,0,0,0,0,0,1,1,1,1,1,1,1,1,0
yahoo.co.jp,0,0,0,0,0,0,0,0,0,1,1,1,0,0,1,0,0
sina.com.cn,0,0,0,0,0,0,0,0,0,1,0,1,1,1,1,1,0
byteglb.com,0,0,0,0,0,0,0,0,1,1,1,1,1,1,1,1,0
pixabay.com,0,0,0,0,0,0,0,0,0,1,0,1,1,0,1,0,0
g.page,0,0,0,0,0,0,0,0,0,1,1,1,1,0,1,1,0
go.com,0,0,0,0,0,0,0,0,0,1,0,0,1,0,1,0,0
sohu.com,0,0,0,0,0,0,0,0,0,1,0,1,1,0,1,0,0
adobe.net,0,0,0,0,0,0,0,0,0,1,0,0,1,1,1,1,0
skyhigh.cloud,0,0,0,0,0,0,0,0,0,1,0,0,1,0,1,0,0
amazon.co.za,0,0,0,0,0,0,0,0,0,1,0,0,1,0,1,0,0
wbx2.com,0,0,0,0,0,0,0,0,0,1,0,1,1,1,1,1,0
gamepass.com,0,0,0,0,0,0,0,0,0,1,0,1,1,1,1,1,0
eye4.cn,0,0,0,0,0,0,0,0,0,1,0,1,1,0,1,0,0
speedtest.net,0,0,0,0,0,0,0,0,0,1,0,1,1,0,1,0,0
cloudflareinsights.com,0,0,0,0,0,0,0,0,0,1,0,1,1,0,1,0,0
edgecdn.ru,0,0,0,0,0,0,0,0,0,1,0,0,1,1,1,1,0
mikrotik.com,0,0,0,0,0,0,0,0,0,1,0,0,1,0,1,0,0
timeweb.ru,0,0,0,0,0,0,0,0,0,1,0,1,0,0,1,0,0
avsxappcaptiveportal.com,0,0,0,0,0,0,0,0,0,1,0,1,1,1,1,1,0
tencent-cloud.net,0,0,0,0,0,0,0,1,1,1,1,1,1,1,1,1,0
cnbc.com,0,0,0,0,0,0,0,0,0,1,0,1,1,0,1,0,0
duolingo.com,0,0,0,0,0,0,0,0,0,1,0,0,0,0,1,0,0
nflximg.com,0,0,0,0,0,0,0,0,0,1,0,1,1,1,1,1,0
list-manage.com,0,0,0,0,0,0,0,1,0,1,0,1,1,1,1,1,0
arxiv.org,0,0,0,0,0,0,0,0,0,1,0,1,1,0,1,0,0
twc.com,0,0,0,0,0,0,0,0,0,1,0,1,1,1,1,1,0
nease.net,0,0,0,0,0,0,0,0,0,1,0,1,1,1,1,1,0
bdydns.com,0,0,0,0,0,0,0,0,1,1,1,1,1,1,1,1,0
dual-s-msedge.net,0,0,0,0,0,0,0,1,1,1,1,1,1,1,1,1,0
statista.com,0,0,0,0,0,0,0,0,0,1,0,0,0,0,1,0,0
oxylabs.io,0,0,0,0,0,0,0,0,0,1,0,1,1,0,1,0,0
ietf.org,0,0,0,0,0,0,0,0,0,1,0,1,1,0,1,0,0
adriver.ru,0,0,0,0,0,0,0,0,0,1,0,0,1,0,1,0,0
libp2p.direct,0,0,0,0,0,0,0,0,1,1,1,1,1,1,1,1,0
sc-gw.com,0,0,0,0,0,0,0,1,1,1,1,1,1,1,1,1,0
addtoany.com,0,0,0,0,0,0,0,0,0,1,0,0,1,0,1,0,0
kwai.net,0,0,0,0,0,0,0,0,0,1,0,1,1,1,1,1,0
vercel-dns-016.com,0,0,0,0,0,0,0,1,1,1,1,1,1,1,1,1,0
markmonitor.com,0,0,0,0,0,0,0,0,0,1,0,1,1,0,1,0,0
gcdn.co,0,0,0,0,0,0,0,0,0,1,0,1,1,1,1,1,0
aol.com,0,0,0,0,0,0,0,0,0,1,0,1,1,0,1,0,0
amazon.co.jp,0,0,0,0,0,0,0,0,0,1,1,1,1,0,1,0,0
firetvcaptiveportal.com,0,0,0,0,0,0,0,0,0,1,0,0,1,1,1,1,0
npr.org,0,0,0,0,0,0,0,0,0,1,0,1,0,0,1,0,0
docker.com,0,0,0,0,0,0,0,0,0,1,0,0,0,0,1,0,0
ivi.ru,0,0,0,0,0,0,0,0,0,1,0,0,0,0,1,0,0
quora.com,0,0,0,0,0,0,0,0,0,1,0,1,1,0,1,0,0
mediatek.com,0,0,0,0,0,0,0,0,0,1,0,1,0,0,1,0,0
scribd.com,0,0,0,0,0,0,0,0,0,1,0,1,0,0,1,0,0
impervadns.net,0,0,0,0,0,0,0,0,1,1,1,1,1,1,1,1,0
atlassian.net,0,0,0,0,0,0,0,0,0,1,0,1,1,0,1,0,0
ampproject.org,0,0,0,0,0,0,0,0,0,1,0,1,1,0,1,0,0
mysql.com,0,0,0,0,0,0,0,0,0,1,0,0,1,0,1,0,0
att.com,0,0,0,0,0,0,1,0,0,1,0,1,1,0,1,0,0
eventbrite.com,0,0,0,0,0,0,0,0,0,1,0,0,1,0,1,0,0
mcafee.com,0,0,0,0,0,0,0,0,0,1,0,1,1,0,1,0,0
myhuaweicloud.com,0,0,0,0,0,0,0,0,1,1,1,1,1,1,1,1,0
okta.com,0,0,0,0,0,0,0,0,0,1,0,1,0,0,1,0,0
shein.com,0,0,0,0,0,0,0,0,0,1,0,1,1,1,1,1,0
google.de,0,0,0,0,0,0,0,0,0,1,1,1,1,0,1,0,0
behance.net,0,0,0,0,0,0,0,0,0,1,0,0,1,0,1,0,0
exp-tas.com,0,0,0,0,0,0,0,1,1,1,1,1,1,1,1,1,0
run.app,0,0,0,0,0,0,0,0,0,1,1,1,1,0,1,0,0
ui-dns.com,0,0,0,0,0,0,0,1,1,1,1,1,1,1,1,1,0
foxnews.com,0,0,0,0,0,0,0,0,0,1,0,1,1,0,1,0,0
amzn.to,0,0,0,0,0,0,0,0,0,1,0,1,1,0,1,0,0
dynatrace.com,0,0,0,0,0,0,0,0,0,1,0,0,0,0,1,0,0
indiatimes.com,0,0,0,0,0,0,0,0,0,1,0,0,1,0,1,0,0
ft.com,0,0,0,0,0,0,1,0,0,1,0,0,1,0,1,0,0
squarespacedns.com,0,0,0,0,0,0,0,0,1,1,1,1,1,1,1,1,0
discord.media,0,0,0,0,0,0,0,0,0,1,1,1,1,0,1,0,0
slideshare.net,0,0,0,0,0,0,0,0,0,1,0,1,1,0,1,0,0
trendmicro.com,0,0,0,0,0,0,0,0,0,1,0,1,1,0,1,0,0
blogger.com,0,0,0,0,0,0,0,0,0,1,0,1,1,0,1,1,0
ngenix.net,0,0,0,0,0,0,0,0,0,1,0,1,1,0,1,0,0
adobedtm.com,0,0,0,0,0,0,0,0,1,1,1,1,1,1,1,1,0
gosuslugi.ru,0,0,0,0,0,0,0,0,0,1,0,1,1,1,1,1,0
fandom.com,0,0,0,0,0,0,0,0,0,1,0,0,1,0,1,0,0
ipv4only.arpa,0,0,0,0,0,0,0,0,0,1,1,1,1,1,1,1,0
openx.net,0,0,0,0,0,0,0,0,0,1,0,0,1,0,1,0,0
tplinkcloud.com,0,0,0,0,0,0,0,0,0,1,0,1,1,0,1,0,0
visualstudio.com,0,0,0,0,0,0,0,0,0,1,0,1,1,0,1,0,0
firefox.com,0,0,0,0,0,0,1,0,0,1,0,1,1,0,1,0,0
supertms.com,0,0,0,0,0,0,0,0,1,1,1,1,1,1,1,1,0
patreon.com,0,0,0,0,0,0,0,0,0,1,0,0,1,0,1,0,0
capcut.com,0,0,0,0,0,0,1,0,0,1,0,1,1,0,1,0,0
e2ro.com,0,0,0,0,0,0,0,0,1,1,1,1,1,1,1,1,0
on.aws,0,0,0,0,0,0,0,0,1,1,1,1,1,1,1,1,0
featureassets.org,0,0,0,0,0,0,0,0,0,1,0,1,1,0,1,0,0
xboxlive.com,0,0,0,0,0,0,0,0,0,1,0,0,1,1,1,1,0
jquery.com,0,0,0,0,0,0,0,0,0,1,0,0,1,0,1,0,0
hicloud.com,0,0,0,0,0,0,0,0,1,1,1,1,1,1,1,1,0
wired.com,0,0,0,0,0,0,0,0,0,1,0,1,0,0,1,0,0
oup.com,0,0,0,0,0,0,0,0,0,1,0,0,1,0,1,0,0
palmplaystore.com,0,0,0,0,0,0,0,0,0,1,0,0,1,0,1,0,0
icloud-content.com,0,0,0,0,0,0,1,1,0,1,0,0,1,0,1,0,0
live.net,0,0,0,0,0,0,0,0,1,1,1,1,1,1,1,1,0
fast.com,0,0,0,0,0,0,1,0,0,1,0,1,1,0,1,0,0
vidaahub.com,0,0,0,0,0,0,0,0,1,1,1,1,1,1,1,1,0
time.com,0,0,0,0,0,0,0,0,0,1,0,0,1,0,1,0,0
translate.goog,0,0,0,0,0,0,0,0,0,1,1,1,1,0,1,0,0
tandfonline.com,0,0,0,0,0,0,0,0,0,1,0,1,1,0,1,0,0
svc.ms,0,0,0,0,0,0,0,0,1,1,1,1,1,1,1,1,0
360yield.com,0,0,0,0,0,0,0,0,0,1,0,1,1,0,1,0,0
cornell.edu,0,0,0,0,0,0,0,0,0,1,0,1,0,0,1,0,0
noaa.gov,0,0,0,0,0,0,0,0,0,1,0,1,1,0,1,0,0
deviantart.com,0,0,0,0,0,0,1,0,0,1,0,1,1,0,1,0,0
adobedc.net,0,0,0,0,0,0,0,0,1,1,1,1,1,1,1,1,0
pushy.io,0,0,0,0,0,0,0,0,0,1,0,0,1,0,1,0,0
eset.com,0,0,0,0,0,0,1,0,0,1,0,1,0,0,1,0,0
azure-dns.com,0,0,0,0,0,0,0,1,1,1,1,1,1,1,1,1,0
elasticbeanstalk.com,0,0,0,0,0,0,0,0,0,1,0,0,1,1,1,1,0
grammarly.com,0,0,0,0,0,0,0,0,0,1,0,1,0,0,1,0,0
uol.com.br,0,0,0,0,0,0,0,0,0,1,0,1,1,1,1,1,0
qlivecdn.com,0,0,0,0,0,0,0,0,1,1,1,1,1,1,1,1,0
usatoday.com,0,0,0,0,0,0,0,0,0,1,0,1,1,0,1,0,0
oraclecloud.com,0,0,0,0,0,0,0,0,0,1,0,0,1,0,1,0,0
rakuten.co.jp,0,0,0,0,0,0,0,0,0,1,1,1,1,1,1,1,0
tripadvisor.com,0,0,0,0,0,0,0,0,0,1,0,1,1,0,1,0,0
nstld.com,0,0,0,0,0,0,0,0,1,1,1,1,1,1,1,1,0
geobasket.ru,0,0,0,0,0,0,0,0,1,1,1,1,1,1,1,1,0
yahoodns.net,0,0,0,0,0,0,0,0,1,1,1,1,1,1,1,1,0
easebar.com,0,0,0,0,0,0,0,0,1,1,1,1,1,1,1,1,0
my.com,0,0,0,0,0,0,0,0,1,1,1,1,1,1,1,1,0
t-msedge.net,0,0,0,0,0,0,0,1,1,1,1,1,1,1,1,1,0
aboutads.info,0,0,0,0,0,0,0,0,0,1,1,1,1,0,1,0,0
rlcdn.com,0,0,0,0,0,0,0,0,1,1,1,1,1,1,1,1,0
target.com,0,0,0,0,0,0,1,0,0,1,0,1,1,0,1,0,0
teamviewer.com,0,0,0,0,0,0,0,0,0,1,0,0,1,0,1,0,0
3lift.com,0,0,0,0,0,0,1,0,0,1,0,0,1,0,1,0,0
berkeley.edu,0,0,0,0,0,0,0,0,0,1,0,1,1,0,1,0,0
cookielaw.org,0,0,0,0,0,0,0,0,0,1,0,1,1,0,1,0,0
dreamhost.com,0,0,0,0,0,0,1,0,0,1,0,1,0,0,1,0,0
klaviyo.com,0,0,0,0,0,0,0,0,0,1,0,1,1,0,1,0,0
ieee.org,0,0,0,0,0,0,0,0,0,1,0,1,1,0,1,0,0
digitalocean.com,0,0,0,0,0,0,0,0,0,1,0,1,1,0,1,0,0
ca.gov,0,0,0,0,0,0,0,0,0,1,0,1,1,0,1,0,0
avito.ru,0,0,0,0,0,0,0,0,0,1,0,1,1,0,1,0,0
telegraph.co.uk,0,0,0,0,0,0,0,0,0,1,1,1,1,0,1,0,0
shop.app,0,0,0,0,0,0,0,0,0,1,1,1,1,1,1,1,0
hotjar.com,0,0,0,0,0,0,0,0,0,1,0,0,0,0,1,0,0
braze.com,0,0,0,0,0,0,0,0,0,1,0,1,0,0,1,0,0
cdn20.com,0,0,0,0,0,0,0,0,1,1,1,1,1,1,1,1,0
imgsmail.ru,0,0,0,0,0,0,0,0,0,1,0,0,1,0,1,1,0
xiaomi.net,0,0,0,0,0,0,0,0,0,1,0,1,1,1,1,1,0
samsungapps.com,0,0,0,0,0,0,0,0,0,1,0,1,1,1,1,1,0
mdpi.com,0,0,0,0,0,0,0,0,0,1,0,1,1,0,1,0,0
playstation.com,0,0,0,0,0,0,0,0,0,1,0,0,0,0,1,0,0
amazon.fr,0,0,0,0,0,0,0,0,0,1,0,1,1,0,1,0,0
force.com,0,0,0,0,0,0,0,0,0,1,0,1,1,0,1,0,0
bx-msedge.net,0,0,0,0,0,0,0,1,1,1,1,1,1,1,1,1,0
bitrix24.ru,0,0,0,0,0,0,0,0,0,1,0,0,0,0,1,0,0
atlassian.com,0,0,0,0,0,0,0,0,0,1,0,1,1,0,1,0,0
wix.com,0,0,0,0,0,0,1,0,0,1,0,1,1,0,1,0,0
cdnvideo.ru,0,0,0,0,0,0,0,0,0,1,0,1,1,0,1,0,0
anthropic.com,0,0,0,0,0,0,0,0,0,1,0,1,1,0,1,0,0
vercel-dns-3.com,0,0,0,0,0,0,0,1,1,1,1,1,1,1,1,1,0
wswebcdn.com,0,0,0,0,0,0,0,0,1,1,1,1,1,1,1,1,0
whecloud.com,0,0,0,0,0,0,0,0,1,1,1,1,1,1,1,1,0
threads.com,0,0,0,0,0,0,0,0,0,1,0,1,1,0,1,0,0
accuweather.com,0,0,0,0,0,0,0,0,0,1,0,1,1,0,1,0,0
free.fr,0,0,0,0,0,0,0,0,0,1,0,1,1,1,1,1,0
sharethrough.com,0,0,0,0,0,0,0,0,0,1,0,0,0,0,1,0,0
withgoogle.com,0,0,0,0,0,0,0,0,0,1,0,0,1,0,1,0,0
2gis.com,0,0,0,0,0,0,0,0,0,1,0,1,1,0,1,0,0
unesco.org,0,0,0,0,0,0,0,0,0,1,0,1,1,0,1,0,0
onetrust.com,0,0,0,0,0,0,1,0,0,1,0,0,1,0,1,0,0
alicdn.com,0,0,0,0,0,0,0,0,0,1,0,1,1,1,1,1,0
ikea.com,0,0,0,0,0,0,0,0,0,1,0,1,1,0,1,0,0
googleapis.com,0,0,0,0,0,0,0,0,0,1,0,0,1,0,1,0,0
microsoft.com,0,0,0,0,0,0,1,0,0,1,0,1,1,0,1,0,0
akamai.net,0,0,0,0,0,0,0,0,1,1,1,1,1,1,1,1,0
gstatic.com,0,0,0,0,0,0,0,0,0,1,0,0,1,0,1,0,0
cloudflare.com,0,0,0,0,0,0,0,0,0,1,0,1,1,0,1,0,0
facebook.com,0,0,0,0,0,0,0,0,0,1,0,1,1,0,1,0,0
ezviz7.com,0,0,0,0,0,0,0,0,1,1,1,1,1,1,1,1,0
apple.com,0,0,0,0,0,0,0,0,0,1,0,0,1,0,1,0,0
amazonaws.com,0,0,0,0,0,0,0,0,0,1,0,0,1,0,1,0,0
youtube.com,0,0,0,0,0,0,0,0,0,1,0,0,0,0,1,0,0
linkedin.com,0,0,0,0,0,0,0,0,0,1,0,0,1,0,1,0,0
googlevideo.com,0,0,0,0,0,0,0,0,0,1,0,1,1,1,1,1,0
hicloudcam.com,0,0,0,0,0,0,0,0,1,1,1,1,1,1,1,1,0
fbcdn.net,0,0,0,0,0,0,0,0,0,1,0,1,1,0,1,0,0
googletagmanager.com,0,0,0,0,0,0,0,0,0,1,0,0,1,0,1,0,0
dzen.ru,0,0,0,0,0,0,0,0,0,1,0,1,1,0,1,0,0
akamaiedge.net,0,0,0,0,0,0,0,0,1,1,1,1,1,1,1,1,0
mail.ru,0,0,0,0,0,0,0,0,0,1,0,1,1,0,1,0,0
gtld-servers.net,0,0,0,0,0,0,0,1,1,1,1,1,1,1,1,1,0
akadns.net,0,0,0,0,0,0,0,0,1,1,1,1,1,1,1,1,0
domaincontrol.com,0,0,0,0,0,0,0,0,0,1,0,1,1,1,1,1,0
live.com,0,0,0,0,0,0,0,0,0,1,0,0,1,0,1,0,0
office.com,0,0,0,0,0,0,0,0,0,1,0,1,1,0,1,0,0
amazon.com,0,0,0,0,0,0,0,0,0,1,0,1,1,0,1,0,0
apple-dns.net,0,0,0,0,0,0,0,1,1,1,1,1,1,1,1,1,0
github.com,0,0,0,0,0,0,0,0,0,1,0,1,1,0,1,0,0
googleusercontent.com,0,0,0,0,0,0,1,0,0,1,0,0,1,0,1,0,0
wikipedia.org,0,0,0,0,0,0,0,0,0,1,0,0,1,0,1,0,0
appsflyersdk.com,0,0,0,0,0,0,0,0,0,1,0,1,1,0,1,0,0
aaplimg.com,0,0,0,0,0,0,0,0,1,1,1,1,1,1,1,1,0
microsoftonline.com,0,0,0,0,0,0,0,0,1,1,1,1,1,1,1,1,0
whatsapp.net,0,0,0,0,0,0,0,0,0,1,0,1,1,0,1,0,0
office.net,0,0,0,0,0,0,0,0,1,1,1,1,1,1,1,1,0
trafficmanager.net,0,0,0,0,0,0,0,0,1,1,1,1,1,1,1,1,0
fastly.net,0,0,0,0,0,0,0,0,0,1,0,1,0,0,1,0,0
doubleclick.net,0,0,0,0,0,0,0,0,0,1,0,0,0,0,1,0,0
youtu.be,0,0,0,0,0,0,0,0,0,1,1,1,0,0,1,0,0
sharepoint.com,0,0,0,0,0,0,1,0,0,1,0,1,1,0,1,1,0
digicert.com,0,0,0,0,0,0,1,0,0,1,0,1,0,0,1,0,0
netflix.com,0,0,0,0,0,0,1,0,0,1,0,1,1,0,1,0,0
x.com,0,0,0,0,0,0,1,0,0,1,0,1,1,0,1,0,0
cloud.microsoft,0,0,0,0,0,0,0,0,0,1,1,1,1,0,1,0,0
cloudfront.net,0,0,0,0,0,0,0,0,1,1,1,1,1,1,1,1,0
azure.com,0,0,0,0,0,0,0,0,0,1,0,0,1,1,1,1,0
skype.com,0,0,0,0,0,0,0,0,0,1,0,1,1,0,1,0,0
icloud.com,0,0,0,0,0,0,0,0,0,1,0,0,1,0,1,0,0
goo.gl,0,0,0,0,0,0,1,0,0,1,0,0,1,0,1,0,0
whatsapp.com,0,0,0,0,0,0,0,0,0,1,0,1,1,0,1,0,0
gandi.net,0,0,0,0,0,0,0,0,0,1,0,1,1,1,1,1,0
tiktok.com,0,0,0,0,0,0,0,0,0,1,0,1,1,1,1,1,0
cloudflare.net,0,0,0,0,0,0,0,0,0,1,0,1,1,0,1,0,0
windowsupdate.com,0,0,0,0,0,0,0,0,1,1,1,1,1,1,1,1,0
gvt1.com,0,0,0,0,0,0,0,0,1,1,1,1,1,1,1,1,0
googlesyndication.com,0,0,0,0,0,0,0,0,0,1,0,0,1,0,1,0,0
googledomains.com,0,0,0,0,0,0,0,0,0,1,0,1,1,0,1,0,0
pv-cdn.net,0,0,0,0,0,0,0,1,1,1,1,1,1,1,1,1,0
yahoo.com,0,0,0,0,0,0,0,0,0,1,0,0,1,0,1,0,0
roblox.com,0,0,0,0,0,0,1,0,0,1,0,0,1,0,1,0,0
windows.net,0,0,0,0,0,0,0,0,0,1,0,1,1,1,1,1,0
spotify.com,0,0,0,0,0,0,0,0,0,1,0,1,1,0,1,0,0
nginx.org,0,0,0,0,0,0,0,0,0,1,0,0,1,0,1,0,0
msn.com,0,0,0,0,0,0,0,0,0,1,0,1,1,0,1,0,0
akam.net,0,0,0,0,0,0,0,0,1,1,1,1,1,1,1,1,0
cdninstagram.com,0,0,0,0,0,0,0,0,1,1,1,1,1,1,1,1,0
cloudflare-dns.com,0,0,0,0,0,0,0,1,0,1,0,1,1,0,1,0,0
myfritz.net,0,0,0,0,0,0,0,0,0,1,0,0,1,0,1,0,0
chatgpt.com,0,0,0,0,0,0,1,0,0,1,0,0,1,0,1,0,0
ntp.org,0,0,0,0,0,0,0,0,0,1,0,1,1,0,1,0,0
workers.dev,0,0,0,0,0,0,0,0,0,1,1,1,1,0,1,0,0
zoom.us,0,0,0,0,0,0,0,0,0,1,0,1,0,0,1,0,0
root-servers.net,0,0,0,0,0,0,0,1,1,1,1,1,1,1,1,1,0
edgekey.net,0,0,0,0,0,0,0,0,1,1,1,1,1,1,1,1,0
gwfb.net,0,0,0,0,0,0,0,0,1,1,1,1,1,1,1,1,0
adobe.com,0,0,0,0,0,0,0,0,0,1,0,1,1,1,1,1,0
vimeo.com,0,0,0,0,0,0,0,0,0,1,0,0,0,0,1,0,0
gvt2.com,0,0,0,0,0,0,0,0,1,1,1,1,1,1,1,1,0
openai.com,0,0,0,0,0,0,0,0,0,1,0,1,1,0,1,0,0
yandex.net,0,0,0,0,0,0,0,0,0,1,0,1,1,0,1,0,0
ytimg.com,0,0,0,0,0,0,0,0,1,1,1,1,1,1,1,1,0
tiktokcdn.com,0,0,0,0,0,0,0,0,0,1,0,1,1,1,1,1,0
tiktokv.com,0,0,0,0,0,0,0,0,0,1,0,1,1,1,1,1,0
qq.com,0,0,0,0,0,0,0,0,0,1,0,1,1,1,1,1,0
baidu.com,0,0,0,0,0,0,0,0,0,1,0,1,1,1,1,1,0
samsung.com,0,0,0,0,0,0,0,0,0,1,0,0,0,0,1,0,0
opera.com,0,0,0,0,0,0,0,0,0,1,0,1,0,0,1,0,0
edgesuite.net,0,0,0,0,0,0,0,0,1,1,1,1,1,1,1,1,0
wordpress.com,0,0,0,0,0,0,0,0,0,1,0,1,1,0,1,0,0
nginx.com,0,0,0,0,0,0,1,0,0,1,0,0,1,0,1,0,0
sentry.io,0,0,0,0,0,0,0,0,0,1,0,1,1,0,1,0,0
blogspot.com,0,0,0,0,0,0,1,0,0,1,0,1,1,0,1,1,0
capgemini.com,0,0,0,0,0,0,0,0,0,1,0,0,0,0,1,0,0
mozilla.org,0,0,0,0,0,0,0,0,0,1,0,0,1,0,1,0,0
windows.com,0,0,0,0,0,0,0,0,0,1,0,1,1,1,1,1,0
ui.com,0,0,0,0,0,0,0,0,0,1,0,1,1,0,1,0,0
a2z.com,0,0,0,0,0,0,0,0,1,1,1,1,1,1,1,1,0
achmea.nl,0,0,0,0,0,0,0,0,0,1,1,1,1,1,1,1,0
f5.com,0,0,0,0,0,0,0,0,0,1,0,1,1,0,1,0,0
reddit.com,0,0,0,0,0,0,1,0,0,1,0,1,1,0,1,0,0
yandex.ru,0,0,0,0,0,0,0,0,0,1,0,0,1,0,1,0,0
actify.nl,0,0,0,0,0,0,0,0,0,1,1,1,1,1,1,1,0
mhverifier.ru,0,0,0,0,0,0,0,0,0,1,0,1,1,1,1,1,0
gov.uk,0,0,0,0,0,0,0,0,0,0,1,1,1,0,1,0,0
footprintdns.com,0,0,0,0,0,0,0,0,1,1,1,1,1,1,1,1,0
msidentity.com,0,0,0,0,0,0,0,0,1,1,1,1,1,1,1,1,0
loc.gov,0,0,0,0,0,0,0,0,0,1,0,1,1,0,1,0,0
dyndns.org,0,0,0,0,0,0,0,0,0,1,0,0,1,0,1,0,0
sagepub.com,0,0,0,0,0,0,0,0,0,1,0,1,0,0,1,0,0
tencent.com,0,0,0,0,0,0,1,0,0,1,0,1,1,1,1,1,0
amazon.ca,0,0,0,0,0,0,0,0,0,1,0,1,1,0,1,0,0
uk.com,0,0,0,0,0,0,0,0,1,1,1,1,1,1,1,1,0
shopee.com.br,0,0,0,0,0,0,0,0,0,1,0,0,0,0,1,0,0
surveymonkey.com,0,0,0,0,0,0,0,0,0,1,0,0,1,0,1,0,0
mega.co.nz,0,0,0,0,0,0,0,0,0,1,1,1,1,0,1,0,0
googletagservices.com,0,0,0,0,0,0,0,0,1,1,1,1,1,1,1,1,0
bidswitch.net,0,0,0,0,0,0,0,0,1,1,1,1,1,1,1,1,0
vedsalb.com,0,0,0,0,0,0,0,0,1,1,1,1,1,1,1,1,0
branch.io,0,0,0,0,0,0,0,0,0,1,0,0,1,0,1,0,0
nintendo.com,0,0,0,0,0,0,0,0,0,1,0,1,1,0,1,0,0
nike.com,0,0,0,0,0,0,0,0,0,1,0,1,1,0,1,1,0
bytedns1.com,0,0,0,0,0,0,0,0,1,1,1,1,1,1,1,1,0
hstgr.net,0,0,0,0,0,0,0,0,0,1,0,1,1,1,1,1,0
yelp.com,0,0,0,0,0,0,0,0,0,1,0,1,1,0,1,0,0
redhat.com,0,0,0,0,0,0,1,0,0,1,0,1,1,0,1,0,0
service.gov.uk,0,0,0,0,0,0,0,0,0,1,1,1,1,0,1,0,0
cmediahub.ru,0,0,0,0,0,0,0,0,1,1,1,1,1,1,1,1,0
ovh.net,0,0,0,0,0,0,0,0,0,1,0,1,1,0,1,0,0
elpais.com,0,0,0,0,0,0,0,0,0,1,0,0,1,0,1,0,0
imgur.com,0,0,0,0,0,0,0,0,0,1,0,1,0,0,1,0,0
vercel.app,0,0,0,0,0,0,0,0,0,1,1,1,1,0,1,0,0
resolver.arpa,0,0,0,0,0,0,0,0,1,1,1,1,1,1,1,1,0
ups.com,0,0,0,0,0,0,0,0,0,1,0,1,1,0,1,0,0
britannica.com,0,0,0,0,0,0,0,0,0,1,0,1,1,0,1,0,0
primevideo.com,0,0,0,0,0,0,0,0,0,1,0,1,1,0,1,0,0
webempresa.eu,0,0,0,0,0,0,0,0,0,1,1,1,1,1,1,0,0
cambridge.org,0,0,0,0,0,0,0,0,0,1,0,0,1,0,1,0,0
googlezip.net,0,0,0,0,0,0,0,0,1,1,1,1,1,1,1,1,0
openstreetmap.org,0,0,0,0,0,0,0,0,0,1,0,1,1,0,1,0,0
pvp.net,0,0,0,0,0,0,0,0,1,1,1,1,1,1,1,1,0
dailymail.co.uk,0,0,0,0,0,0,0,0,0,1,1,1,1,1,1,1,0
anydesk.com,0,0,0,0,0,0,0,0,0,1,0,0,1,0,1,0,0
viber.com,0,0,0,0,0,0,0,0,0,1,0,1,0,0,1,0,0
vercel-dns-017.com,0,0,0,0,0,0,0,1,1,1,1,1,1,1,1,1,0
cdnhwc1.com,0,0,0,0,0,0,0,0,1,1,1,1,1,1,1,1,0
amazon.in,0,0,0,0,0,0,0,0,0,1,0,0,1,0,1,0,0
ks-cdn.com,0,0,0,0,0,0,0,1,1,1,1,1,1,1,1,1,0
telephony.goog,0,0,0,0,0,0,0,0,0,1,1,1,1,1,1,1,0
stackadapt.com,0,0,0,0,0,0,1,0,0,1,0,1,0,0,1,0,0
intercom.io,0,0,0,0,0,0,0,0,0,1,0,1,1,0,1,0,0
verisign.com,0,0,0,0,0,0,0,0,0,1,0,1,1,0,1,0,0
comcast.com,0,0,0,0,0,0,1,0,0,1,0,1,1,1,1,1,0
twimg.com,0,0,0,0,0,0,0,0,1,1,1,1,1,1,1,1,0
perplexity.ai,0,0,0,0,0,0,0,0,0,1,0,1,1,0,1,0,0
optimizely.com,0,0,0,0,0,0,0,0,0,1,0,0,1,0,1,0,0
hihonorcloud.com,0,0,0,0,0,0,0,0,0,1,0,1,1,0,1,0,0
cbsnews.com,0,0,0,0,0,0,0,0,0,1,0,1,1,0,1,0,0
outbrain.com,0,0,0,0,0,0,0,0,0,1,0,1,0,0,1,0,0
360.cn,0,0,0,0,0,0,0,0,0,1,0,1,1,0,1,0,0
hostgator.com.br,0,0,0,0,0,0,0,0,0,1,0,1,1,0,1,0,0
beyondwickedmapping.org,0,0,0,0,0,0,0,0,0,1,0,1,1,0,1,0,0
fontawesome.com,0,0,0,0,0,0,0,0,0,1,0,0,1,0,1,0,0
dotomi.com,0,0,0,0,0,0,0,0,0,1,0,0,0,0,1,0,0
consultant.ru,0,0,0,0,0,0,0,0,0,1,0,0,1,0,1,0,0
lemonde.fr,0,0,0,0,0,0,0,0,0,1,0,1,0,0,1,0,0
wps.com,0,0,0,0,0,0,0,0,0,1,0,1,1,0,1,0,0
seznam.cz,0,0,0,0,0,0,0,0,0,1,0,0,1,0,1,0,0
typekit.net,0,0,0,0,0,0,0,0,0,1,0,1,1,1,1,1,0
spiegel.de,0,0,0,0,0,0,0,0,0,1,1,1,0,0,1,0,0
dailymail.com,0,0,0,0,0,0,0,0,0,1,0,1,1,1,1,1,0
id5-sync.com,0,0,0,0,0,0,0,1,0,1,0,0,1,0,1,0,0
blackhub.team,0,0,0,0,0,0,0,0,0,1,1,1,1,0,1,0,0
fb.com,0,0,0,0,0,0,0,0,0,1,0,1,1,0,1,0,0
pinimg.com,0,0,0,0,0,0,0,0,0,1,0,1,1,0,1,0,0
nel.goog,0,0,0,0,0,0,0,0,1,1,1,1,1,1,1,1,0
wp.pl,0,0,0,0,0,0,0,0,0,1,0,1,1,0,1,0,0
kick.com,0,0,0,0,0,0,0,0,0,1,0,1,1,0,1,0,0
independent.co.uk,0,0,0,0,0,0,1,0,0,1,1,1,0,0,1,0,0
samsungacr.com,0,0,0,0,0,0,0,0,1,1,1,1,1,1,1,1,0
amazon.es,0,0,0,0,0,0,0,0,0,1,1,1,1,0,1,0,0
iso.org,0,0,0,0,0,0,0,0,0,1,0,1,1,0,1,0,0
dbankcloud.com,0,0,0,0,0,0,0,0,1,1,1,1,1,1,1,1,0
marriott.com,0,0,0,0,0,0,1,0,0,1,0,0,1,0,1,0,0
cnet.com,0,0,0,0,0,0,1,0,0,1,0,1,0,0,1,0,0
amazon.it,0,0,0,0,0,0,0,0,0,1,0,0,1,0,1,0,0
bunnyinfra.net,0,0,0,0,0,0,0,0,1,1,1,1,1,1,1,1,0
ya.ru,0,0,0,0,0,0,0,0,0,1,0,1,1,0,1,0,0
alipaydns.com,0,0,0,0,0,0,0,0,0,1,0,1,1,1,1,1,0
sophos.com,0,0,0,0,0,0,0,0,0,1,0,0,1,1,1,1,0
mailchimp.com,0,0,0,0,0,0,0,0,0,1,0,1,1,0,1,0,0
linode.com,0,0,0,0,0,0,0,0,0,1,0,0,1,0,1,0,0
quantserve.com,0,0,0,0,0,0,0,0,0,1,0,1,1,0,1,0,0
wpguardian.io,0,0,0,0,0,0,0,0,0,1,0,1,0,0,1,0,0
ring.com,0,0,0,0,0,0,0,0,0,1,0,1,0,0,1,0,0
globalsign.com,0,0,0,0,0,0,0,0,0,1,0,1,0,0,1,1,0
g.co,0,0,0,0,0,0,0,0,0,1,0,1,1,0,1,0,0
eeroup.com,0,0,0,0,0,0,0,0,0,1,0,1,1,0,1,0,0
uber.com,0,0,0,0,0,0,0,0,0,1,0,1,1,0,1,0,0
share-dns.com,0,0,0,0,0,0,0,1,1,1,1,1,1,1,1,1,0
asus.com,0,0,0,0,0,0,0,0,0,1,0,1,1,0,1,0,0
fifa.com,0,0,0,0,0,0,0,0,0,1,0,1,1,0,1,0,0
itch.io,0,0,0,0,0,0,0,0,0,1,0,1,1,0,1,0,0
agkn.com,0,0,0,0,0,0,0,0,1,1,1,1,1,1,1,1,0
creativecdn.com,0,0,0,0,0,0,0,0,0,1,0,1,1,0,1,0,0
1rx.io,0,0,0,0,0,0,0,0,1,1,1,1,1,1,1,1,0
githubusercontent.com,0,0,0,0,0,0,1,0,1,1,1,1,1,1,1,1,0
browser-intake-datadoghq.com,0,0,0,0,0,0,0,1,0,1,0,1,1,0,1,0,0
bamgrid.com,0,0,0,0,0,0,0,0,1,1,1,1,1,1,1,1,0
mlb.com,0,0,0,0,0,0,0,0,0,1,0,0,1,0,1,0,0
parklogic.com,0,0,0,0,0,0,0,0,0,1,0,1,1,0,1,0,0
cursor.sh,0,0,0,0,0,0,0,0,0,1,0,1,0,0,1,0,0
zillow.com,0,0,0,0,0,0,0,0,0,1,0,1,1,0,1,0,0
google.co.uk,0,0,0,0,0,0,0,0,0,1,1,1,1,0,1,0,0
bandcamp.com,0,0,0,0,0,0,0,0,0,1,0,0,1,0,1,0,0
bidr.io,0,0,0,0,0,0,0,0,1,1,1,1,1,1,1,1,0
python.org,0,0,0,0,0,0,0,0,0,1,0,1,1,0,1,0,0
imrworldwide.com,0,0,0,0,0,0,0,0,1,1,1,1,1,1,1,1,0
stripchat.com,0,0,0,0,0,0,1,0,0,1,0,1,1,1,1,1,0
wpguardian.com,0,0,0,0,0,0,0,0,0,1,0,0,0,0,1,0,0
shopee.co.id,0,0,0,0,0,0,0,0,0,1,1,1,0,0,1,0,0
abovedomains.com,0,0,0,0,0,0,0,0,0,1,0,0,1,0,1,0,0
bestbuy.com,0,0,0,0,0,0,0,0,0,1,0,1,1,1,1,1,0
lijit.com,0,0,0,0,0,0,1,0,0,1,0,1,1,0,1,0,0
safebrowsing.apple,0,0,0,0,0,0,0,0,1,1,1,1,1,1,1,1,0
wattpad.com,0,0,0,0,0,0,0,0,0,1,0,1,1,1,1,1,0
curseforge.com,0,0,0,0,0,0,0,0,0,1,0,1,1,0,1,0,0
criteo.net,0,0,0,0,0,0,0,0,1,1,1,1,1,1,1,1,0
steamstatic.com,0,0,0,0,0,0,0,0,1,1,1,1,1,1,1,1,0
grammarly.io,0,0,0,0,0,0,0,0,1,1,1,1,1,1,1,1,0
mediafire.com,0,0,0,0,0,0,0,0,0,1,0,1,0,0,1,0,0
sedo.com,0,0,0,0,0,0,0,0,0,1,0,1,1,0,1,0,0
homedepot.com,0,0,0,0,0,0,1,0,0,1,0,1,1,0,1,0,0
gumgum.com,0,0,0,0,0,0,0,0,0,1,0,1,1,0,1,0,0
bild.de,0,0,0,0,0,0,0,0,0,1,1,1,1,0,1,0,0
ted.com,0,0,0,0,0,0,0,0,0,1,0,0,1,0,1,0,0
bugsnag.com,0,0,0,0,0,0,0,0,0,1,0,1,0,0,1,0,0
nmrodam.com,0,0,0,0,0,0,0,0,1,1,1,1,1,1,1,1,0
box.com,0,0,0,0,0,0,1,0,0,1,0,0,0,0,1,0,0
fda.gov,0,0,0,0,0,0,0,0,0,1,0,1,1,0,1,0,0
airbnb.com,0,0,0,0,0,0,0,0,0,1,0,1,1,0,1,0,0
allaboutcookies.org,0,0,0,0,0,0,0,0,0,1,0,1,1,0,1,0,0
ad-tech.ru,0,0,0,0,0,0,0,1,0,1,0,0,1,1,1,1,0
expedia.com,0,0,0,0,0,0,0,0,0,1,0,0,1,0,1,0,0
h264.io,0,0,0,0,0,0,0,0,1,1,1,1,1,1,1,1,0
appcenter.ms,0,0,0,0,0,0,0,0,0,1,0,1,1,0,1,0,0
ovscdns.com,0,0,0,0,0,0,0,0,1,1,1,1,1,1,1,1,0
nikkei.com,0,0,0,0,0,0,0,0,0,1,0,1,1,0,1,0,0
singular.net,0,0,0,0,0,0,0,0,0,1,0,1,1,0,1,0,0
crwdcntrl.net,0,0,0,0,0,0,0,0,0,1,0,1,1,1,1,1,0
ddnss.de,0,0,0,0,0,0,0,0,1,1,1,1,1,1,1,1,0
bitdefender.net,0,0,0,0,0,0,0,0,0,1,0,0,0,0,1,0,0
mckinsey.com,0,0,0,0,0,0,0,0,0,1,0,1,1,1,1,1,0
wcdnga.com,0,0,0,0,0,0,0,0,1,1,1,1,1,1,1,1,0
adjust.com,0,0,0,0,0,0,1,0,0,1,0,0,1,0,1,0,0
fiverr.com,0,0,0,0,0,0,0,0,0,1,0,0,1,0,1,0,0
herokudns.com,0,0,0,0,0,0,0,0,1,1,1,1,1,1,1,1,0
visma.com,0,0,0,0,0,0,0,0,0,1,0,1,0,0,1,0,0
apnews.com,0,0,0,0,0,0,0,0,0,1,0,1,1,0,1,0,0
usgovcloudapi.net,0,0,0,0,0,0,0,0,1,1,1,1,1,1,1,1,0
mobolize.com,0,0,0,0,0,0,0,0,0,1,0,1,1,0,1,0,0
mercadolivre.com.br,0,0,0,0,0,0,0,0,0,1,0,1,1,0,1,0,0
orderbox-dns.com,0,0,0,0,0,0,0,1,1,1,1,1,1,1,1,1,0
sc-cdn.net,0,0,0,0,0,0,0,1,1,1,1,1,1,1,1,1,0
liadm.com,0,0,0,0,0,0,0,0,1,1,1,1,1,1,1,1,0
shopeemobile.com,0,0,0,0,0,0,0,0,0,1,0,1,1,1,1,1,0
adform.net,0,0,0,0,0,0,0,0,0,1,0,1,1,0,1,0,0
networkadvertising.org,0,0,0,0,0,0,0,0,0,1,0,0,1,0,1,0,0
welt.de,0,0,0,0,0,0,0,0,0,1,1,1,1,0,1,0,0
wb.ru,0,0,0,0,0,0,0,0,0,1,0,1,1,0,1,0,0
meta.com,0,0,0,0,0,0,0,0,0,1,0,1,1,0,1,0,0
rt.ru,0,0,0,0,0,0,0,0,0,1,0,0,1,0,1,0,0
people.com,0,0,0,0,0,0,0,0,0,1,0,1,1,0,1,0,0
porkbun.com,0,0,0,0,0,0,0,0,0,1,0,1,1,0,1,0,0
recaptcha.net,0,0,0,0,0,0,0,0,0,1,0,0,1,0,1,0,0
google.com.br,0,0,0,0,0,0,0,0,0,1,0,1,1,0,1,0,0
zoho.com,0,0,0,0,0,0,0,0,0,1,0,1,1,0,1,0,0
craigslist.org,0,0,0,0,0,0,0,0,0,1,0,1,0,0,1,1,0
mixpanel.com,0,0,0,0,0,0,0,0,0,1,0,0,1,0,1,0,0
no-ip.com,0,0,0,0,0,0,0,1,0,1,0,1,0,0,1,0,0
ozone.ru,0,0,0,0,0,0,0,0,0,1,0,0,1,1,1,1,0
daum.net,0,0,0,0,0,0,0,0,0,1,0,0,1,0,1,0,0
rakuten.com,0,0,0,0,0,0,0,0,0,1,0,1,1,0,1,0,0
academia.edu,0,0,0,0,0,0,0,0,0,1,0,1,1,0,1,0,0
disneyplus.com,0,0,0,0,0,0,0,0,0,1,0,1,0,0,1,0,0
erome.com,0,0,0,0,0,0,0,0,0,1,0,1,1,1,1,1,0
teads.tv,0,0,0,0,0,0,0,0,0,1,0,1,1,0,1,0,0
a-mo.net,0,0,0,0,0,0,0,1,0,1,0,1,1,0,1,0,0
akamaitech.net,0,0,0,0,0,0,0,0,1,1,1,1,1,1,1,1,0
unpkg.com,0,0,0,0,0,0,0,0,0,1,0,0,1,0,1,0,0
moloco.com,0,0,0,0,0,0,0,0,0,1,0,1,0,0,1,0,0
discordapp.com,0,0,0,0,0,0,0,0,0,1,0,0,1,0,1,0,0
prnewswire.com,0,0,0,0,0,0,0,0,0,1,0,1,1,0,1,0,0
xbox.com,0,0,0,0,0,0,1,0,0,1,0,0,1,0,1,0,0
33across.com,0,0,0,0,0,0,0,0,0,1,0,0,1,0,1,0,0
cloudsink.net,0,0,0,0,0,0,0,0,1,1,1,1,1,1,1,1,0
queniuaa.com,0,0,0,0,0,0,0,0,1,1,1,1,1,1,1,1,0
zpath.net,0,0,0,0,0,0,0,0,1,1,1,1,1,1,1,1,0
blackberry.com,0,0,0,0,0,0,0,0,0,1,0,0,1,0,1,1,0
vivo.com.cn,0,0,0,0,0,0,0,0,0,1,0,1,1,0,1,0,0
deepl.com,0,0,0,0,0,0,0,0,0,1,0,1,1,0,1,0,0
usps.com,0,0,0,0,0,0,0,0,0,1,0,1,0,0,1,0,0
liftoff.io,0,0,0,0,0,0,0,0,0,1,0,0,1,0,1,0,0
turn.com,0,0,0,0,0,0,0,0,1,1,1,1,1,1,1,1,0
focus.de,0,0,0,0,0,0,0,0,0,1,1,1,0,0,1,0,0
buydomains.com,0,0,0,0,0,0,0,0,0,1,0,1,1,1,1,1,0
theverge.com,0,0,0,0,0,0,0,0,0,1,0,0,1,0,1,0,0
lefigaro.fr,0,0,0,0,0,0,0,0,0,1,0,0,0,0,1,0,0
goskope.com,0,0,0,0,0,0,0,0,1,1,1,1,1,1,1,1,0
lgtvcommon.com,0,0,0,0,0,0,0,0,1,1,1,1,1,1,1,1,0
a-msedge.net,0,0,0,0,0,0,0,1,1,1,1,1,1,1,1,1,0
me.com,0,0,0,0,0,0,0,0,0,1,0,1,1,0,1,0,0
scdn.co,0,0,0,0,0,0,0,0,1,1,1,1,1,1,1,1,0
keenetic.io,0,0,0,0,0,0,0,0,1,1,1,1,1,1,1,1,0
zoom.com,0,0,0,0,0,0,0,0,0,1,0,1,0,0,1,0,0
livejournal.com,0,0,0,0,0,0,0,0,0,1,0,1,1,0,1,0,0
auvik.com,0,0,0,0,0,0,0,0,0,1,0,0,1,0,1,0,0
usda.gov,0,0,0,0,0,0,0,0,0,1,0,1,1,0,1,0,0
washington.edu,0,0,0,0,0,0,0,0,0,1,0,1,0,0,1,0,0
onlyfans.com,0,0,0,0,0,0,0,0,0,1,0,1,1,0,1,0,0
odoo.com,0,0,0,0,0,0,0,0,0,1,0,1,1,0,1,0,0
amazon.com.br,0,0,0,0,0,0,0,0,0,1,0,0,1,0,1,0,0
discogs.com,0,0,0,0,0,0,0,0,0,1,0,1,1,0,1,0,0
att.net,0,0,0,0,0,0,0,0,0,1,0,0,1,0,1,1,0
it.com,0,0,0,0,0,0,1,0,0,1,0,1,1,0,1,0,0
hbr.org,0,0,0,0,0,0,0,0,0,1,0,1,1,0,1,0,0
agoda.com,0,0,0,0,0,0,0,0,0,1,0,1,1,0,1,0,0
ebay.co.uk,0,0,0,0,0,0,0,0,0,1,1,1,1,0,1,0,0
onetag-sys.com,0,0,0,0,0,0,0,1,0,1,0,1,1,0,1,0,0
adgrx.com,0,0,0,0,0,0,1,0,1,1,1,1,1,1,1,1,0
amazon.com.au,0,0,0,0,0,0,0,0,0,1,1,1,1,0,1,0,0
lg.com,0,0,0,0,0,0,0,0,0,1,0,1,1,0,1,0,0
appspot.com,0,0,0,0,0,0,1,0,0,1,0,0,1,0,1,1,0
jetbrains.com,0,0,0,0,0,0,0,0,0,1,0,1,0,0,1,0,0
xvideos.com,0,0,0,0,0,0,0,0,0,1,0,1,1,1,1,1,0
figma.com,0,0,0,0,0,0,0,0,0,1,0,1,1,0,1,0,0
yellowblue.io,0,0,0,0,0,0,0,0,1,1,1,1,1,1,1,1,0
nbcnews.com,0,0,0,0,0,0,0,0,0,1,0,1,1,0,1,0,0
chess.com,0,0,0,0,0,0,0,0,0,1,0,1,1,0,1,0,0
disqus.com,0,0,0,0,0,0,0,0,0,1,0,0,0,0,1,0,0
fbsbx.com,0,0,0,0,0,0,1,0,0,1,0,1,1,0,1,0,0
t-s1-msedge.net,0,0,0,0,0,0,0,1,1,1,1,1,1,1,1,1,0
frontiersin.org,0,0,0,0,0,0,0,0,0,1,0,0,0,0,1,0,0
mayoclinic.org,0,0,0,0,0,0,0,0,0,1,0,1,1,0,1,0,0
azure-devices.net,0,0,0,0,0,0,0,1,1,1,1,1,1,1,1,1,0
synology.com,0,0,0,0,0,0,0,0,0,1,0,1,1,0,1,0,0
spotifycdn.com,0,0,0,0,0,0,0,0,1,1,1,1,1,1,1,1,0
ebay.de,0,0,0,0,0,0,0,0,0,1,1,1,1,0,1,0,0
ssl-images-amazon.com,0,0,0,0,0,0,0,1,1,1,1,1,1,1,1,1,0
pexels.com,0,0,0,0,0,0,0,0,0,1,0,1,1,0,1,0,0
princeton.edu,0,0,0,0,0,0,0,0,0,1,0,1,1,0,1,0,0
gov.br,0,0,0,0,0,0,0,0,0,0,1,1,0,0,1,0,0
hilton.com,0,0,0,0,0,0,0,0,0,1,0,0,1,1,1,1,0
usercontent.goog,0,0,0,0,0,0,0,0,0,1,1,1,1,0,1,0,0
biblegateway.com,0,0,0,0,0,0,0,0,0,1,0,1,1,0,1,0,0
arcgis.com,0,0,0,0,0,0,0,0,0,1,0,1,1,0,1,0,0
life360.com,0,0,0,0,0,0,0,0,0,1,0,0,1,0,1,0,0
ryanair.com,0,0,0,0,0,0,0,0,0,1,0,1,1,0,1,0,0
msftauth.net,0,0,0,0,0,0,0,0,1,1,1,1,1,1,1,1,0
readthedocs.io,0,0,0,0,0,0,0,0,0,1,0,1,1,0,1,1,0
dbankcloud.ru,0,0,0,0,0,0,0,0,1,1,1,1,1,1,1,1,0
worldbank.org,0,0,0,0,0,0,0,0,0,1,0,1,1,0,1,0,0
ys7.com,0,0,0,0,0,0,0,0,0,1,0,1,1,0,1,0,0
wyzecam.com,0,0,0,0,0,0,0,0,0,1,0,1,1,0,1,0,0
kleinanzeigen.de,0,0,0,0,0,0,0,0,0,1,1,1,1,0,1,0,0
bankofamerica.com,0,0,0,0,0,0,0,0,0,1,0,0,1,0,1,0,0
agora.io,0,0,0,0,0,0,0,0,0,1,0,1,0,0,1,0,0
herokuapp.com,0,0,0,0,0,0,0,0,0,1,0,1,1,1,1,1,0
360safe.com,0,0,0,0,0,0,0,0,0,1,0,1,1,1,1,1,0
pornhub.com,0,0,0,0,0,0,0,0,0,1,0,1,1,1,1,1,0
coupang.com,0,0,0,0,0,0,0,0,0,1,0,1,1,0,1,0,0
nintendo.net,0,0,0,0,0,0,0,0,1,1,1,1,1,1,1,1,0
latimes.com,0,0,0,0,0,0,0,0,0,1,0,1,1,0,1,0,0
dv.tech,0,0,0,0,0,0,0,0,0,1,0,1,1,1,1,1,0
lwsdns.com,0,0,0,0,0,0,0,0,0,1,0,0,1,0,1,0,0
pendo.io,0,0,0,0,0,0,0,0,0,1,0,1,0,0,1,0,0
samsungiotcloud.com,0,0,0,0,0,0,0,0,1,1,1,1,1,1,1,1,0
dnse0.com,0,0,0,0,0,0,0,0,1,1,1,1,1,1,1,1,0
tiktokw.us,0,0,0,0,0,0,0,0,1,1,1,1,1,1,1,1,0
qualtrics.com,0,0,0,0,0,0,0,0,0,1,0,1,0,0,1,0,0
starlink.com,0,0,0,0,0,0,0,0,0,1,0,1,1,0,1,0,0
fwmrm.net,0,0,0,0,0,0,0,0,0,1,0,1,1,0,1,0,0
eu-1-id5-sync.com,0,0,0,0,0,0,0,1,0,1,0,1,1,1,1,1,0
samsungosp.com,0,0,0,0,0,0,0,0,1,1,1,1,1,1,1,1,0
paramountplus.com,0,0,0,0,0,0,0,0,0,1,0,0,1,0,1,0,0
seedtag.com,0,0,0,0,0,0,0,0,0,1,0,1,1,0,1,0,0
smartthings.com,0,0,0,0,0,0,0,0,0,1,0,1,1,0,1,0,0
aiv-delivery.net,0,0,0,0,0,0,0,1,1,1,1,1,1,1,1,1,0
epa.gov,0,0,0,0,0,0,0,0,0,1,0,1,0,0,1,0,0
go-mpulse.net,0,0,0,0,0,0,0,1,1,1,1,1,1,1,1,1,0
flashtalking.com,0,0,0,0,0,0,0,0,0,1,0,0,1,1,1,1,0
epam.com,0,0,0,0,0,0,0,0,0,1,0,1,1,0,1,0,0
playrix.com,0,0,0,0,0,0,1,0,0,1,0,1,0,0,1,0,0
deloitte.com,0,0,0,0,0,0,0,0,0,1,0,1,1,0,1,0,0
docker.io,0,0,0,0,0,0,0,0,0,1,0,0,0,0,1,0,0
webmd.com,0,0,0,0,0,0,0,0,0,1,0,1,1,0,1,0,0
tbank.ru,0,0,0,0,0,0,0,0,0,1,0,0,1,0,1,0,0
one.com,0,0,0,0,0,0,0,0,0,1,0,1,1,0,1,0,0
miwifi.com,0,0,0,0,0,0,0,0,0,1,0,0,1,1,1,1,0
zenecn.net,0,0,0,0,0,0,0,0,1,1,1,1,1,1,1,1,0
youku.com,0,0,0,0,0,0,0,0,0,1,0,0,1,1,1,1,0
state.gov,0,0,0,0,0,0,0,0,0,1,0,1,1,0,1,0,0
opera-api2.com,0,0,0,0,0,0,0,1,0,1,0,0,1,1,1,1,0
volcgslb.com,0,0,0,0,0,0,0,0,1,1,1,1,1,1,1,1,0
bytefcdn.com,0,0,0,0,0,0,0,0,1,1,1,1,1,1,1,1,0
magnit.ru,0,0,0,0,0,0,0,0,0,1,0,0,1,0,1,0,0
sentinelone.net,0,0,0,0,0,0,0,0,0,1,0,1,1,1,1,1,0
mailchi.mp,0,0,0,0,0,0,0,0,0,1,1,1,1,0,1,0,0
pccc.com,0,0,0,0,0,0,0,0,0,1,0,0,1,0,1,0,0
netlify.app,0,0,0,0,0,0,0,0,0,1,1,1,0,0,1,0,0
character.ai,0,0,0,0,0,0,0,0,0,1,0,1,1,0,1,0,0
eporner.com,0,0,0,0,0,0,0,0,0,1,0,1,1,1,1,1,0
lowes.com,0,0,0,0,0,0,0,0,0,1,0,1,1,0,1,0,0
leiniao.com,0,0,0,0,0,0,0,0,0,1,0,1,1,1,1,1,0
investopedia.com,0,0,0,0,0,0,0,0,0,1,0,1,1,0,1,0,0
onet.pl,0,0,0,0,0,0,0,0,0,1,0,0,0,0,1,0,0
kunluncan.com,0,0,0,0,0,0,0,0,0,1,0,1,1,1,1,1,0
tailscale.com,0,0,0,0,0,0,0,0,0,1,0,1,1,0,1,0,0
immedia-semi.com,0,0,0,0,0,0,0,1,1,1,1,1,1,1,1,1,0
mercadolibre.com.ar,0,0,0,0,0,0,0,0,0,1,0,1,1,0,1,0,0
hm.com,0,0,0,0,0,0,0,0,0,1,0,1,1,0,1,0,0
ubnt.com,0,0,0,0,0,0,1,0,0,1,0,1,1,0,1,0,0
repubblica.it,0,0,0,0,0,0,0,0,0,1,0,0,1,0,1,0,0
change.org,0,0,0,0,0,0,0,0,0,1,0,1,1,0,1,0,0
note.com,0,0,0,0,0,0,0,0,0,1,0,1,1,0,1,0,0
internetwarriors.net,0,0,0,0,0,0,0,0,0,1,0,0,1,0,1,0,0
jd.com,0,0,0,0,0,0,0,0,0,1,0,1,1,0,1,0,0
thenai.org,0,0,0,0,0,0,0,0,0,1,0,1,1,0,1,0,0
webhostbox.net,0,0,0,0,0,0,0,0,1,1,1,1,1,1,1,1,0
ubi.com,0,0,0,0,0,0,0,0,0,1,0,1,1,0,1,1,0
ancestry.com,0,0,0,0,0,0,0,0,0,1,0,1,1,0,1,0,0
fidelity.com,0,0,0,0,0,0,0,0,0,1,0,1,1,0,1,0,0
ln-msedge.net,0,0,0,0,0,0,0,1,1,1,1,1,1,1,1,1,0
dnse2.com,0,0,0,0,0,0,0,0,1,1,1,1,1,1,1,1,0
nexusmods.com,0,0,0,0,0,0,0,0,0,1,0,1,1,0,1,0,0
tsyndicate.com,0,0,0,0,0,0,0,0,0,1,0,1,1,0,1,0,0
xhamster46.desi,0,0,0,0,0,0,0,0,0,1,1,1,1,0,1,0,0
corriere.it,0,0,0,0,0,0,0,0,0,1,0,1,1,0,1,0,0
t-mobile.com,0,0,0,0,0,0,0,1,0,1,0,0,1,1,1,1,0
4dex.io,0,0,0,0,0,0,0,0,1,1,1,1,1,1,1,1,0
healthline.com,0,0,0,0,0,0,0,0,0,1,0,1,0,0,1,0,0
xerox.com,0,0,0,0,0,0,1,0,0,1,0,0,0,0,1,0,0
tplinknbu.com,0,0,0,0,0,0,0,0,1,1,1,1,1,1,1,1,0
nationalgeographic.com,0,0,0,0,0,0,0,0,0,1,0,1,1,0,1,0,0
weforum.org,0,0,0,0,0,0,0,0,0,1,0,0,1,0,1,0,0
btloader.com,0,0,0,0,0,0,0,0,0,1,0,1,1,0,1,0,0
xnxx.com,0,0,0,0,0,0,1,0,0,1,0,1,1,1,1,1,0
segment.io,0,0,0,0,0,0,0,0,0,1,0,1,0,0,1,0,0
otto.de,0,0,0,0,0,0,0,0,0,1,1,1,1,0,1,0,0
pixiv.net,0,0,0,0,0,0,0,0,0,1,0,1,0,0,1,0,0
presage.io,0,0,0,0,0,0,0,0,0,1,0,1,1,1,1,1,0
kwai.com,0,0,0,0,0,0,0,0,0,1,0,1,1,1,1,1,0
ddns.net,0,0,0,0,0,0,0,0,0,1,0,1,1,1,1,1,0
transsion-os.com,0,0,0,0,0,0,0,1,1,1,1,1,1,1,1,1,0
sofascore.com,0,0,0,0,0,0,0,0,0,1,0,1,1,0,1,0,0
stbid.ru,0,0,0,0,0,0,0,0,0,1,0,0,1,1,1,1,0
cdn-vk.ru,0,0,0,0,0,0,0,1,1,1,1,1,1,1,1,1,0
mybluehost.me,0,0,0,0,0,0,0,0,0,1,0,1,1,1,1,1,0
bytefcdn-ttpus.com,0,0,0,0,0,0,0,1,1,1,1,1,1,1,1,1,0
amagi.tv,0,0,0,0,0,0,0,0,0,1,0,1,1,1,1,1,0
bol.com,0,0,0,0,0,0,0,0,0,1,0,0,1,0,1,0,0
xhcdn.com,0,0,0,0,0,0,0,0,0,1,0,1,1,0,1,0,0
app-ads-services.com,0,0,0,0,0,0,0,1,0,1,0,0,1,0,1,0,0
eu.com,0,0,0,0,0,0,0,0,1,1,1,1,1,1,1,1,0
nextlgsdp.com,0,0,0,0,0,0,0,0,1,1,1,1,1,1,1,1,0
archiveofourown.org,0,0,0,0,0,0,0,0,0,1,0,1,1,0,1,0,0
trendyol.com,0,0,0,0,0,0,0,0,0,1,0,1,1,0,1,0,0
faphouse.com,0,0,0,0,0,0,0,0,0,1,0,1,1,1,1,1,0
opera-api.com,0,0,0,0,0,0,0,1,0,1,0,1,1,1,1,1,0
b-msedge.net,0,0,0,0,0,0,0,1,1,1,1,1,1,1,1,1,0
binance.com,0,0,0,0,0,0,0,0,0,1,0,1,1,0,1,0,0
flipkart.com,0,0,0,0,0,0,1,0,0,1,0,1,1,0,1,0,0
ox.ac.uk,0,0,0,0,0,0,0,0,0,1,1,1,1,0,1,0,0
onesignal.com,0,0,0,0,0,0,0,0,0,1,0,1,0,0,1,0,0
heytapmobi.com,0,0,0,0,0,0,0,0,0,1,0,1,0,0,1,0,0
tiktokpangle.us,0,0,0,0,0,0,0,0,1,1,1,1,1,1,1,1,0
umich.edu,0,0,0,0,0,0,0,0,0,1,0,1,1,0,1,0,0
xing.com,0,0,0,0,0,0,0,0,0,1,0,1,1,0,1,0,0
theatlantic.com,0,0,0,0,0,0,0,0,0,1,0,1,1,0,1,0,0
elmundo.es,0,0,0,0,0,0,0,0,0,1,1,1,1,0,1,0,0
whitehouse.gov,0,0,0,0,0,0,0,0,0,1,0,1,0,0,1,0,0
freepik.com,0,0,0,0,0,0,0,0,0,1,0,1,1,0,1,0,0
ltwebstatic.com,0,0,0,0,0,0,0,0,0,1,0,1,1,0,1,0,0
kwcdn.com,0,0,0,0,0,0,0,0,1,1,1,1,1,1,1,1,0
youronlinechoices.com,0,0,0,0,0,0,0,0,0,1,0,0,1,0,1,0,0
flightradar24.com,0,0,0,0,0,0,0,0,0,1,0,0,1,0,1,0,0
cdnhwc2.com,0,0,0,0,0,0,0,0,1,1,1,1,1,1,1,1,0
ecosia.org,0,0,0,0,0,0,0,0,0,1,0,1,1,0,1,0,0
nextcloud.com,0,0,0,0,0,0,0,0,0,1,0,0,1,0,1,0,0
letterboxd.com,0,0,0,0,0,0,0,0,0,1,0,1,1,0,1,0,0
vk-analytics.ru,0,0,0,0,0,0,0,1,1,1,1,1,1,1,1,1,0
columbia.edu,0,0,0,0,0,0,0,0,0,1,0,1,1,0,1,0,0
spamhaus.org,0,0,0,0,0,0,0,0,0,1,0,1,0,0,1,0,0
infobae.com,0,0,0,0,0,0,0,0,0,1,0,1,0,0,1,0,0
incapdns.net,0,0,0,0,0,0,0,0,1,1,1,1,1,1,1,1,0
docomo.ne.jp,0,0,0,0,0,0,0,0,0,1,1,1,1,0,1,0,0
costco.com,0,0,0,0,0,0,0,0,0,1,0,1,1,0,1,0,0
bidmachine.io,0,0,0,0,0,0,0,0,0,1,0,0,1,0,1,0,0
zhihu.com,0,0,0,0,0,0,0,0,0,1,0,1,1,0,1,0,0
amemv.com,0,0,0,0,0,0,0,0,0,1,0,1,1,0,1,0,0
interia.pl,0,0,0,0,0,0,0,0,0,1,0,1,0,0,1,0,0
kontur.ru,0,0,0,0,0,0,0,0,0,1,0,0,1,1,1,1,0
garmin.com,0,0,0,0,0,0,0,0,0,1,0,1,1,0,1,1,0
nexthink.cloud,0,0,0,0,0,0,0,0,1,1,1,1,1,1,1,1,0
tesla.com,0,0,0,0,0,0,0,0,0,1,0,0,1,0,1,0,0
pbs.org,0,0,0,0,0,0,0,0,0,1,0,1,1,0,1,0,0
olx.com.br,0,0,0,0,0,0,1,0,0,1,0,1,1,0,1,0,0
amazon.com.mx,0,0,0,0,0,0,0,0,0,1,0,0,1,0,1,0,0
conviva.com,0,0,0,0,0,0,0,0,0,1,0,1,1,0,1,0,0
moneycontrol.com,0,0,0,0,0,0,0,0,0,1,0,1,0,0,1,0,0
singtelchina.cn,0,0,0,0,0,0,0,0,1,1,1,1,1,1,1,1,0
wise.com,0,0,0,0,0,0,0,0,0,1,0,1,0,0,1,0,0
samsungcloudsolution.net,0,0,0,0,0,0,0,0,1,1,1,1,1,1,1,1,0
epicgames.dev,0,0,0,0,0,0,0,0,0,1,1,1,1,0,1,0,0
shopee.ph,0,0,0,0,0,0,0,0,0,1,1,1,0,0,1,0,0
app-analytics-services-att.com,0,0,0,0,0,0,1,1,0,1,0,0,1,0,1,0,0
rtve.es,0,0,0,0,0,0,0,0,0,1,1,1,1,0,1,0,0
flashscore.com,0,0,0,0,0,0,0,0,0,1,0,1,1,0,1,0,0
poki.com,0,0,0,0,0,0,0,0,0,1,0,1,1,0,1,0,0
redfin.com,0,0,0,0,0,0,0,0,0,1,0,1,1,0,1,0,0
cloudinary.com,0,0,0,0,0,0,0,0,0,1,0,1,0,0,1,0,0
n-tv.de,0,0,0,0,0,0,0,1,0,1,1,1,0,0,1,0,0
gtm-a2b2.com,0,0,0,0,0,0,0,1,0,1,0,1,1,1,1,1,0
tiktokrow-cdn.com,0,0,0,0,0,0,0,1,1,1,1,1,1,1,1,1,0
i18n-pglstatp.com,0,0,0,0,0,0,0,1,1,1,1,1,1,1,1,1,0
statuspage.io,0,0,0,0,0,0,0,0,0,1,0,1,1,0,1,0,0
theconversation.com,0,0,0,0,0,0,0,0,0,1,0,1,1,0,1,0,0
xhamster.desi,0,0,0,0,0,0,0,0,0,1,1,1,1,1,1,1,0
as.com,0,0,0,0,0,0,0,0,0,1,0,0,1,0,1,0,0
huffpost.com,0,0,0,0,0,0,1,0,0,1,0,1,1,0,1,0,0
netgear.com,0,0,0,0,0,0,0,0,0,1,0,0,1,0,1,0,0
alphonso.tv,0,0,0,0,0,0,0,0,0,1,0,0,1,0,1,0,0
ouest-france.fr,0,0,0,0,0,0,0,1,0,1,0,1,1,1,1,1,0
adblockplus.org,0,0,0,0,0,0,0,0,0,1,0,1,1,0,1,0,0
kslawin.com,0,0,0,0,0,0,0,0,1,1,1,1,1,1,1,1,0
leparisien.fr,0,0,0,0,0,0,0,0,0,1,0,1,1,0,1,0,0
kohls.com,0,0,0,0,0,0,0,0,0,1,0,1,1,0,1,0,0
bund.de,0,0,0,0,0,0,0,0,0,1,1,1,1,0,1,0,0
marca.com,0,0,0,0,0,0,0,0,0,1,0,1,1,0,1,0,0
digitaloceanspaces.com,0,0,0,0,0,0,0,0,0,1,0,1,1,0,1,0,0
douyinvod.com,0,0,0,0,0,0,0,0,1,1,1,1,1,1,1,1,0
bfmtv.com,0,0,0,0,0,0,0,0,0,1,0,0,1,0,1,0,0
plex.direct,0,0,0,0,0,0,0,0,1,1,1,1,1,1,1,1,0
ovscdns.net,0,0,0,0,0,0,0,0,1,1,1,1,1,1,1,1,0
riotgames.com,0,0,0,0,0,0,0,0,0,1,0,0,0,0,1,0,0
skroutz.gr,0,0,0,0,0,0,0,0,0,1,1,1,1,0,1,0,0
ameba.jp,0,0,0,0,0,0,0,0,0,1,0,1,0,0,1,1,0
google.fr,0,0,0,0,0,0,0,0,0,1,0,0,1,0,1,0,0
ilovepdf.com,0,0,0,0,0,0,0,0,0,1,0,1,1,0,1,0,0
linkis.ru,0,0,0,0,0,0,0,0,0,1,0,1,1,0,1,0,0
netcraze.io,0,0,0,0,0,0,0,0,0,1,0,1,1,0,1,0,0
superhosting.bg,0,0,0,0,0,0,0,0,0,1,1,1,1,1,1,1,0
goal.com,0,0,0,0,0,0,0,0,0,1,0,1,1,1,1,1,0
mi-img.com,0,0,0,0,0,0,0,1,1,1,1,1,1,1,1,1,0
crazygames.com,0,0,0,0,0,0,0,0,0,1,0,1,1,0,1,0,0
ultimate-guitar.com,0,0,0,0,0,0,0,1,0,1,0,1,1,0,1,0,0
google.ca,0,0,0,0,0,0,0,0,0,1,0,1,1,0,1,0,0
idnes.cz,0,0,0,0,0,0,0,0,0,1,0,0,0,0,1,0,0
tabelog.com,0,0,0,0,0,0,0,0,0,1,0,0,0,0,1,0,0
wbbasket.ru,0,0,0,0,0,0,0,0,1,1,1,1,1,1,1,1,0
franceinfo.fr,0,0,0,0,0,0,0,0,0,1,0,0,0,0,1,0,0
aparat.com,0,0,0,0,0,0,1,0,0,1,0,1,1,0,1,0,0
inkuai.com,0,0,0,0,0,0,0,0,1,1,1,1,1,1,1,1,0
oecd.org,0,0,0,0,0,0,0,0,0,1,0,1,1,1,1,1,0
kickstarter.com,0,0,0,0,0,0,0,0,0,1,0,1,1,0,1,0,0
mps.gov.cn,0,0,0,0,0,0,0,0,1,1,1,1,1,1,1,1,0
terra.com.br,0,0,0,0,0,0,0,0,0,1,0,1,1,0,1,0,0
wetteronline.de,0,0,0,0,0,0,0,0,0,1,1,1,1,0,1,0,0
finn.no,0,0,0,0,0,0,0,0,0,1,1,1,0,0,1,0,0
skysports.com,0,0,0,0,0,0,0,0,0,1,0,1,1,0,1,0,0
lge.com,0,0,0,0,0,0,0,0,0,1,0,0,1,0,1,0,0
jimdo.com,0,0,0,0,0,0,0,0,0,1,0,0,1,0,1,0,0
zijieapi.com,0,0,0,0,0,0,0,0,1,1,1,1,1,1,1,1,0
rbc.ru,0,0,0,0,0,0,0,0,0,1,0,1,1,0,1,0,0
mythad.com,0,0,0,0,0,0,0,0,1,1,1,1,1,1,1,1,0
gsmarena.com,0,0,0,0,0,0,0,0,0,1,0,1,1,0,1,0,0
typeform.com,0,0,0,0,0,0,0,0,0,1,0,1,0,0,1,0,0
xhaccess.com,0,0,0,0,0,0,0,0,0,1,0,0,1,0,1,0,0
gofundme.com,0,0,0,0,0,0,0,0,0,1,0,1,0,0,1,0,0
usercentrics.eu,0,0,0,0,0,0,0,0,0,1,1,1,1,0,1,0,0
dnse1.com,0,0,0,0,0,0,0,0,1,1,1,1,1,1,1,1,0
tnaflix.com,0,0,0,0,0,0,1,0,0,1,0,1,1,1,1,1,0
contentsquare.net,0,0,0,0,0,0,0,0,1,1,1,1,1,1,1,1,0
lanacion.com.ar,0,0,0,0,0,0,0,0,0,1,0,0,0,0,1,0,0
hltv.org,0,0,0,0,0,0,0,0,0,1,0,1,1,0,1,0,0
maricopa.gov,0,0,0,0,0,0,0,0,0,1,0,1,0,0,1,0,0
safety.google,0,0,0,0,0,0,0,0,0,1,1,1,0,0,1,0,0
company-target.com,0,0,0,0,0,0,1,1,0,1,0,1,1,1,1,1,0
vivo.com,0,0,0,0,0,0,0,0,0,1,0,1,1,0,1,0,0
byteoversea.com,0,0,0,0,0,0,0,0,1,1,1,1,1,1,1,1,0
us.com,0,0,0,0,0,0,0,0,1,1,1,1,1,1,1,1,0
apa.org,0,0,0,0,0,0,0,0,0,1,0,1,1,0,1,0,0
samsungcloud.tv,0,0,0,0,0,0,0,0,1,1,1,1,1,1,1,1,0
amd.com,0,0,0,0,0,0,0,0,0,1,0,1,1,0,1,0,0
tubi.io,0,0,0,0,0,0,0,0,1,1,1,1,1,1,1,1,0
mercadolibre.com.mx,0,0,0,0,0,0,0,0,0,1,0,1,1,0,1,0,0
he.net,0,0,0,0,0,0,0,0,0,1,0,1,1,0,1,0,0
tinkoff.ru,0,0,0,0,0,0,0,0,0,1,0,1,1,1,1,1,0
wscvip.cn,0,0,0,0,0,0,0,0,1,1,1,1,1,1,1,1,0
azure.net,0,0,0,0,0,0,0,0,0,1,0,0,1,0,1,0,0
alipay.com,0,0,0,0,0,0,0,0,0,1,0,1,1,1,1,1,0
meethue.com,0,0,0,0,0,0,0,0,0,1,0,1,1,0,1,0,0
xiaohongshu.com,0,0,0,0,0,0,0,0,0,1,0,1,1,1,1,1,0
letsencrypt.org,0,0,0,0,0,0,0,0,0,1,0,1,0,0,1,0,0
cspserver.net,0,0,0,0,0,0,0,0,0,1,0,0,1,0,1,0,0
clarin.com,0,0,0,0,0,0,0,0,0,1,0,1,0,0,1,0,0
namecheaphosting.com,0,0,0,0,0,0,0,0,0,1,0,1,1,1,1,1,0
supabase.co,0,0,0,0,0,0,0,0,0,1,0,0,1,0,1,0,0
inven.co.kr,0,0,0,0,0,0,0,0,0,1,0,1,0,0,1,0,0
hotpepper.jp,0,0,0,0,0,0,0,0,0,1,0,0,1,0,1,0,0
huggingface.co,0,0,0,0,0,0,0,0,0,1,0,1,1,0,1,0,0
economist.com,0,0,0,0,0,0,1,0,0,1,0,1,1,0,1,0,0
pimpbunny.com,0,0,0,0,0,0,0,0,0,1,0,1,0,0,1,0,0
t-bank-app.ru,0,0,0,0,0,0,0,1,0,1,0,1,1,1,1,1,0
susercontent.com,0,0,0,0,0,0,1,0,1,1,1,1,1,1,1,1,0
yale.edu,0,0,0,0,0,0,0,0,0,1,0,1,0,0,1,0,0
dns.eu,0,0,0,0,0,0,0,0,1,1,1,1,1,1,1,1,0
adguard-vpn.online,0,0,0,0,0,0,0,1,1,1,1,1,1,1,1,1,0
msauth.net,0,0,0,0,0,0,0,0,1,1,1,1,1,1,1,1,0
warnerbros.com,0,0,0,0,0,0,0,0,0,1,0,1,0,0,1,0,0
yastatic.net,0,0,0,0,0,0,0,0,0,1,0,0,1,0,1,1,0
plos.org,0,0,0,0,0,0,0,0,0,1,0,1,1,0,1,0,0
xhname.com,0,0,0,0,0,0,0,0,0,1,0,1,1,1,1,1,0
cbc.ca,0,0,0,0,0,0,0,0,0,1,0,0,1,0,1,0,0
wetter.com,0,0,0,0,0,0,0,0,0,1,0,1,1,0,1,0,0
gismeteo.ru,0,0,0,0,0,0,0,0,0,1,0,0,1,0,1,0,0
dafont.com,0,0,0,0,0,0,1,0,0,1,0,1,0,0,1,0,0
tabor.ru,0,0,0,0,0,0,0,0,0,1,0,0,1,0,1,0,0
nsone.net,0,0,0,0,0,0,0,0,0,1,0,1,1,0,1,0,0
jw.org,0,0,0,0,0,0,0,0,0,1,0,0,1,0,1,0,0
tbs.co.jp,0,0,0,0,0,0,0,0,0,1,1,1,1,0,1,0,0
megafon.ru,0,0,0,0,0,0,0,0,0,1,0,1,1,1,1,1,0
waze.com,0,0,0,0,0,0,0,0,0,1,0,1,0,0,1,0,0
leboncoin.fr,0,0,0,0,0,0,0,0,0,1,0,0,1,0,1,0,0
aftonbladet.se,0,0,0,0,0,0,0,0,0,1,0,1,0,0,1,0,0
xhamster2.com,0,0,0,0,0,0,0,0,0,1,0,1,1,1,1,1,0
nrk.no,0,0,0,0,0,0,0,0,0,1,1,1,1,0,1,0,0
itmedia.co.jp,0,0,0,0,0,0,0,0,0,1,1,1,1,0,1,0,0
magnific.com,0,0,0,0,0,0,0,0,0,1,0,1,1,0,1,0,0
ad.nl,0,0,0,0,0,0,0,0,0,1,1,1,1,0,1,0,0
icanhazip.com,0,0,0,0,0,0,0,0,0,1,0,1,1,0,1,0,0
sahibinden.com,0,0,0,0,0,0,0,0,0,1,0,0,1,0,1,0,0
dmm.co.jp,0,0,0,0,0,0,0,0,0,1,1,1,0,0,1,1,0
privacy-mgmt.com,0,0,0,0,0,0,1,1,1,1,1,1,1,1,1,1,0
akahost.net,0,0,0,0,0,0,0,0,1,1,1,1,1,1,1,1,0
elster.de,0,0,0,0,0,0,0,0,0,1,1,1,1,0,1,1,0
nu.nl,0,0,0,0,0,0,0,0,0,1,1,1,1,0,1,0,0
coursera.org,0,0,0,0,0,0,0,0,0,1,0,0,1,0,1,0,0
indiamart.com,0,0,0,0,0,0,1,0,0,1,0,1,1,0,1,0,0
rule34.xxx,0,0,0,0,0,0,0,0,0,1,0,1,1,0,1,0,0
verify.hn,0,0,0,0,0,0,0,0,0,1,0,0,1,1,1,1,0
elconfidencial.com,0,0,0,0,0,0,0,0,0,1,0,1,1,0,1,0,0
donga.com,0,0,0,0,0,0,0,0,0,1,0,1,1,0,1,0,0
yr.no,0,0,0,0,0,0,0,0,0,1,1,1,1,0,1,0,0
fb.me,0,0,0,0,0,0,0,0,0,1,0,1,1,0,1,0,0
rightmove.co.uk,0,0,0,0,0,0,0,0,0,1,1,1,0,0,1,0,0
yieldmo.com,0,0,0,0,0,0,0,0,0,1,0,1,1,0,1,0,0
janitorai.com,0,0,0,0,0,0,0,0,0,1,0,1,1,0,1,0,0
dcinside.com,0,0,0,0,0,0,0,0,0,1,0,1,1,1,1,1,0
smaato.net,0,0,0,0,0,0,0,0,1,1,1,1,1,1,1,1,0
pornpics.com,0,0,0,0,0,0,0,0,0,1,0,1,1,1,1,1,0
phncdn.com,0,0,0,0,0,0,0,0,1,1,1,1,1,1,1,1,0
rocketmoney.dev,0,0,0,0,0,0,0,0,0,1,1,1,1,0,1,0,0
admin.ch,0,0,0,0,0,0,0,0,0,1,1,1,1,0,1,0,0
lequipe.fr,0,0,0,0,0,0,0,0,0,1,0,0,1,0,1,0,0
fmkorea.com,0,0,0,0,0,0,0,0,0,1,0,1,0,0,1,0,0
vg.no,0,0,0,0,0,0,0,0,0,1,1,1,1,0,1,0,0
service-now.com,0,0,0,0,0,0,0,1,0,1,0,1,1,1,1,1,0
siemens.com,0,0,0,0,0,0,0,0,0,1,0,0,1,0,1,1,0
sectigo.com,0,0,0,0,0,0,0,0,0,1,0,1,0,0,1,0,0
marktplaats.nl,0,0,0,0,0,0,0,0,0,1,1,1,1,0,1,0,0
upenn.edu,0,0,0,0,0,0,0,0,0,1,0,1,0,0,1,0,0
dyingbirds.com,0,0,0,0,0,0,0,0,1,1,1,1,1,1,1,1,0
xhamster19.com,0,0,0,0,0,0,0,0,0,1,0,0,1,1,1,1,0
xhspot.com,0,0,0,0,0,0,1,0,0,1,0,0,1,1,1,1,0
acesso.gov.br,0,0,0,0,0,0,0,0,0,1,1,1,1,0,1,0,0
meesho.com,0,0,0,0,0,0,0,0,0,1,0,1,1,0,1,0,0
remove.bg,0,0,0,0,0,0,0,0,0,1,1,1,1,0,1,0,0
lichess.org,0,0,0,0,0,0,0,0,0,1,0,1,1,0,1,0,0
psychologytoday.com,0,0,0,0,0,0,0,0,0,1,0,1,0,0,1,1,0
namu.wiki,0,0,0,0,0,0,0,0,0,1,0,1,1,0,1,0,0
myntra.com,0,0,0,0,0,0,0,0,0,1,0,1,0,0,1,0,0
kernel.org,0,0,0,0,0,0,0,0,0,1,0,0,1,0,1,0,0
websitewelcome.com,0,0,0,0,0,0,0,0,0,1,0,1,1,1,1,1,0
cricinfo.com,0,0,0,0,0,0,0,0,0,1,0,0,1,0,1,0,0
rutube.ru,0,0,0,0,0,0,0,0,0,1,0,0,1,0,1,0,0
kakao.com,0,0,0,0,0,0,0,0,0,1,0,0,0,0,1,0,0
boyfriendtv.com,0,0,0,0,0,0,0,0,0,1,0,1,1,1,1,1,0
ynet.co.il,0,0,0,0,0,0,1,0,0,1,1,1,0,0,1,0,0
tradplusad.com,0,0,0,0,0,0,0,0,0,1,0,0,1,0,1,0,0
dlsite.com,0,0,0,0,0,0,0,0,0,1,0,1,0,0,1,0,0
vscode-cdn.net,0,0,0,0,0,0,0,1,1,1,1,1,1,1,1,1,0
xhopen.com,0,0,0,0,0,0,0,0,0,1,0,1,1,1,1,1,0
gazzetta.it,0,0,0,0,0,0,0,0,0,1,0,1,0,0,1,0,0
tendawifi.com,0,0,0,0,0,0,0,0,1,1,1,1,1,1,1,1,0
adaether.com,0,0,0,0,0,0,0,0,1,1,1,1,1,1,1,1,0
pandora.com,0,0,0,0,0,0,0,0,0,1,0,0,1,0,1,0,0
blackberry.net,0,0,0,0,0,0,0,0,0,1,0,1,1,0,1,0,0
furaffinity.net,0,0,0,0,0,0,0,0,0,1,0,0,1,0,1,0,0
divar.ir,0,0,0,0,0,0,0,0,0,1,1,1,0,0,1,0,0
auth0.com,0,0,0,0,0,0,0,0,0,1,0,1,0,0,1,0,0
savefrom.net,0,0,0,0,0,0,0,0,0,1,0,1,1,1,1,1,0
xhtotal.com,0,0,0,0,0,0,0,0,0,1,0,0,1,1,1,1,0
futbin.com,0,0,0,0,0,0,0,0,0,1,0,1,1,0,1,0,0
argos.co.uk,0,0,0,0,0,0,0,0,0,1,1,1,1,0,1,0,0
adfuse-ssp.com,0,0,0,0,0,0,0,1,0,1,0,1,1,0,1,0,0
fetlife.com,0,0,0,0,0,0,0,0,0,1,0,1,1,1,1,1,0
idealista.com,0,0,0,0,0,0,0,0,0,1,0,1,1,0,1,0,0
rings.solutions,0,0,0,0,0,0,0,0,1,1,1,1,1,1,1,1,0
hln.be,0,0,0,0,0,0,0,0,0,1,1,1,1,0,1,0,0
google.co.jp,0,0,0,0,0,0,0,0,0,1,1,1,1,0,1,0,0
zalando.de,0,0,0,0,0,0,0,0,0,1,1,1,1,1,1,1,0
biomedcentral.com,0,0,0,0,0,0,0,0,0,1,0,1,1,0,1,0,0
litnet.com,0,0,0,0,0,0,1,0,0,1,0,1,0,0,1,0,0
jusbrasil.com.br,0,0,0,0,0,0,0,0,0,1,0,1,1,0,1,0,0
mundodeportivo.com,0,0,0,0,0,0,0,0,0,1,0,1,0,0,1,0,0
poste.it,0,0,0,0,0,0,0,0,0,1,0,1,1,0,1,0,0
ap4r.com,0,0,0,0,0,0,0,0,1,1,1,1,1,1,1,1,0
xhamster1.desi,0,0,0,0,0,0,0,0,0,1,1,1,1,1,1,1,0
postgresql.org,0,0,0,0,0,0,0,0,0,1,0,1,1,0,1,0,0
wshifen.com,0,0,0,0,0,0,0,0,1,1,1,1,1,1,1,1,0
labs.google,0,0,0,0,0,0,0,0,0,1,1,1,0,0,1,0,0
amap.com,0,0,0,0,0,0,0,0,0,1,0,1,1,0,1,0,0
makemytrip.com,0,0,0,0,0,0,0,0,0,1,0,1,1,1,1,1,0
ay267.com,0,0,0,0,0,0,0,0,0,1,0,1,1,0,1,0,0
xhsocial.com,0,0,0,0,0,0,0,0,0,1,0,1,1,1,1,1,0
fanfiction.net,0,0,0,0,0,0,0,0,0,1,0,1,1,1,1,1,0
donmai.us,0,0,0,0,0,0,0,0,0,1,0,0,1,0,1,0,0
youporn.com,0,0,0,0,0,0,0,0,0,1,0,1,1,1,1,1,0
livescore.com,0,0,0,0,0,0,0,0,0,1,0,1,1,0,1,0,0
ladepeche.fr,0,0,0,0,0,0,0,0,0,1,0,1,0,0,1,0,0
abc.net.au,0,0,0,0,0,0,0,0,0,1,1,1,0,0,1,0,0
naukri.com,0,0,0,0,0,0,0,0,0,1,0,1,0,0,1,0,0
bmj.com,0,0,0,0,0,0,0,0,0,1,0,0,1,0,1,0,0
mercadolibre.com,0,0,0,0,0,0,0,0,0,1,0,1,1,0,1,0,0
cricbuzz.com,0,0,0,0,0,0,0,0,0,1,0,1,1,0,1,0,0
zee5.com,0,0,0,0,0,0,0,0,0,1,0,1,1,0,1,0,0
id.me,0,0,0,0,0,0,0,0,0,1,0,1,1,0,1,0,0
psu.edu,0,0,0,0,0,0,0,0,0,1,0,1,1,0,1,0,0
canada.ca,0,0,0,0,0,0,0,0,0,1,0,0,1,1,1,1,0
googleapis.cn,0,0,0,0,0,0,0,0,1,1,1,1,1,1,1,1,0
polybuzz.ai,0,0,0,0,0,0,0,0,0,1,0,1,0,0,1,0,0
actu.fr,0,0,0,0,0,0,0,0,0,1,0,1,1,0,1,0,0
rustdesk.com,0,0,0,0,0,0,0,0,0,1,0,1,1,0,1,0,0
hugedomains.com,0,0,0,0,0,0,0,0,0,1,0,1,1,0,1,0,0
emag.ro,0,0,0,0,0,0,0,0,0,1,1,1,0,0,1,0,0
beboo.ru,0,0,0,0,0,0,0,0,0,1,0,1,1,0,1,0,0
noodlemagazine.com,0,0,0,0,0,0,0,0,0,1,0,1,1,1,1,1,0
wswebpic.com,0,0,0,0,0,0,0,0,1,1,1,1,1,1,1,1,0
vietnam.vn,0,0,0,0,0,0,0,0,0,1,1,1,1,0,1,0,0
cdiscount.com,0,0,0,0,0,0,1,0,0,1,0,1,1,0,1,0,0
vercel-dns.com,0,0,0,0,0,0,0,1,0,1,0,1,1,0,1,0,0
mmechocaptiveportal.com,0,0,0,0,0,0,0,0,0,1,0,1,1,1,1,1,0
xham.live,0,0,0,0,0,0,0,0,0,1,1,1,1,0,1,0,0
suumo.jp,0,0,0,0,0,0,0,0,0,1,0,1,1,0,1,0,0
deepseek.com,0,0,0,0,0,0,0,0,0,1,0,1,1,0,1,0,0
f95zone.to,0,0,0,0,0,0,0,0,0,1,0,1,0,0,1,0,0
justdial.com,0,0,0,0,0,0,0,0,0,1,0,1,0,0,1,0,0
faphouse2.com,0,0,0,0,0,0,0,0,0,1,0,1,0,0,1,0,0
funpay.com,0,0,0,0,0,0,0,0,0,1,0,1,1,0,1,0,0
jstor.org,0,0,0,0,0,0,0,0,0,1,0,1,0,0,1,0,0
oneme.ru,0,0,0,0,0,0,0,0,1,1,1,1,1,1,1,1,0
ilfattoquotidiano.it,0,0,0,0,0,0,0,0,0,1,0,1,0,0,1,0,0
digikala.com,0,0,0,0,0,0,0,0,0,1,0,1,1,0,1,0,0
xvideos-cdn.com,0,0,0,0,0,0,0,1,0,1,0,1,1,1,1,1,0
bbb.org,0,0,0,0,0,0,0,0,0,1,0,1,1,0,1,0,0
ctdns.cn,0,0,0,0,0,0,0,0,1,1,1,1,1,1,1,1,0
aternos.org,0,0,0,0,0,0,0,0,0,1,0,1,1,0,1,0,0
playhop.com,0,0,0,0,0,0,0,0,0,1,0,1,1,0,1,0,0
youm7.com,0,0,0,0,0,0,0,0,0,1,0,1,0,0,1,0,0
datadome.co,0,0,0,0,0,0,0,0,0,1,0,1,1,0,1,0,0
sotwe.com,0,0,0,0,0,0,0,0,0,1,0,1,1,1,1,1,0
livedoor.com,0,0,0,0,0,0,0,0,0,1,0,0,0,0,1,0,0
meteofrance.com,0,0,0,0,0,0,0,0,0,1,0,0,0,0,1,0,0
mydramalist.com,0,0,0,0,0,0,1,0,0,1,0,1,1,0,1,0,0
calculator.net,0,0,0,0,0,0,0,0,0,1,0,0,1,0,1,0,0
bilibili.tv,0,0,0,0,0,0,0,0,0,1,0,1,1,1,1,1,0
wiktionary.org,0,0,0,0,0,0,0,0,0,1,0,0,1,0,1,0,0
pornone.com,0,0,0,0,0,0,0,0,0,1,0,1,1,1,1,1,0
redtube.com,0,0,0,0,0,0,0,0,0,1,0,0,1,1,1,1,0
lookmovie2.to,0,0,0,0,0,0,0,0,0,1,0,1,1,1,1,1,0
navitime.co.jp,0,0,0,0,0,0,0,0,0,1,1,1,1,0,1,0,0
xxxbp.tv,0,0,0,0,0,0,0,0,0,1,0,1,1,1,1,1,0
publicnode.com,0,0,0,0,0,0,0,0,0,1,0,1,1,0,1,0,0
netkeiba.com,0,0,0,0,0,0,0,0,0,1,0,1,0,0,1,0,0
youjizz.com,0,0,0,0,0,0,0,0,0,1,0,1,1,1,1,1,0
tgju.org,0,0,0,0,0,0,0,0,0,1,0,1,0,0,1,0,0
charter.net,0,0,0,0,0,0,0,0,0,1,0,1,1,0,1,0,0
huffingtonpost.com,0,0,0,0,0,0,1,0,0,1,0,1,1,0,1,0,0
ruliweb.com,0,0,0,0,0,0,0,0,0,1,0,1,1,0,1,0,0
rambler.ru,0,0,0,0,0,0,0,0,0,1,0,1,1,0,1,0,0
split.io,0,0,0,0,0,0,0,0,0,1,0,1,0,0,1,0,0
hollywoodbets.net,0,0,0,0,0,0,0,0,0,1,0,0,1,1,1,1,0
gst.gov.in,0,0,0,0,0,0,0,0,0,1,0,0,1,0,1,0,0
subito.it,0,0,0,0,0,0,0,0,0,1,0,0,1,0,1,0,0
arca.live,0,0,0,0,0,0,0,0,0,1,1,1,1,0,1,0,0
cam.ac.uk,0,0,0,0,0,0,0,0,0,1,1,1,0,0,1,0,0
instructure.com,0,0,0,0,0,0,0,0,0,1,0,0,0,0,1,0,0
e621.net,0,0,0,0,0,0,0,0,0,1,0,1,1,0,1,0,0
thisvid.com,0,0,0,0,0,0,0,0,0,1,0,1,1,1,1,1,0
mediaexpert.pl,0,0,0,0,0,0,0,0,0,1,0,1,1,0,1,0,0
jalan.net,0,0,0,0,0,0,0,0,0,1,0,0,1,1,1,1,0
businesswire.com,0,0,0,0,0,0,0,0,0,1,0,0,1,1,1,1,0
riotcdn.net,0,0,0,0,0,0,0,0,1,1,1,1,1,1,1,1,0
amp-endpoint2.com,0,0,0,0,0,0,0,1,1,1,1,1,1,1,1,1,0
asurascans.com,0,0,0,0,0,0,0,0,0,1,0,1,1,0,1,0,0
karnataka.gov.in,0,0,0,0,0,0,0,0,0,1,0,1,1,0,1,0,0
turkiye.gov.tr,0,0,0,0,0,0,0,0,0,1,0,1,1,1,1,1,0
fdown.net,0,0,0,0,0,0,0,0,0,1,0,1,1,0,1,0,0
hai8g.com,0,0,0,0,0,0,0,0,0,1,0,1,1,0,1,0,0
irs.gov,0,0,0,0,0,0,0,0,0,1,0,1,1,1,1,1,0
locaweb.com.br,0,0,0,0,0,0,0,0,0,1,0,0,1,0,1,0,0
aznude.com,0,0,0,0,0,0,0,0,0,1,0,1,1,1,1,1,0
sport.es,0,0,0,0,0,0,0,0,0,1,1,1,1,1,1,1,0
xhchannel.com,0,0,0,0,0,0,0,0,0,1,0,0,1,1,1,1,0
leroymerlin.fr,0,0,0,0,0,0,0,0,0,1,0,0,1,0,1,0,0
pornhub.org,0,0,0,0,0,0,0,0,0,1,0,1,1,1,1,1,0
comix.to,0,0,0,0,0,0,0,0,0,1,0,1,1,0,1,0,0
e-hentai.org,0,0,0,0,0,0,0,1,0,1,0,1,1,1,1,0,0
missav.ws,0,0,0,0,0,0,0,0,0,1,1,1,1,0,1,0,0
sexvid.xxx,0,0,0,0,0,0,0,0,0,1,0,1,1,1,1,1,0
tapad.com,0,0,0,0,0,0,0,0,0,1,0,1,1,0,1,0,0
alikunlun.com,0,0,0,0,0,0,0,0,0,1,0,1,1,1,1,1,0
sex-studentki.team,0,0,0,0,0,0,0,1,0,1,1,1,1,0,1,0,0
rule34video.com,0,0,0,0,0,0,0,0,0,1,0,0,0,0,1,0,0
tori.fi,0,0,0,0,0,0,0,0,0,1,0,0,0,0,1,0,0
platorelay.com,0,0,0,0,0,0,0,0,1,1,1,1,1,1,1,1,0
bookmyshow.com,0,0,0,0,0,0,0,0,0,1,0,1,1,0,1,0,0
dw.com,0,0,0,0,0,0,0,0,0,1,0,1,1,0,1,0,0
sportybet.com,0,0,0,0,0,0,1,0,0,1,0,1,1,0,1,0,0
mbga.jp,0,0,0,0,0,0,0,0,0,1,0,0,0,0,1,0,0
nesine.com,0,0,0,0,0,0,0,0,0,1,0,1,0,0,1,0,0
novinky.cz,0,0,0,0,0,0,0,0,0,1,0,1,0,0,1,0,0
nikkansports.com,0,0,0,0,0,0,0,0,0,1,0,1,0,0,1,0,0
ilmeteo.it,0,0,0,0,0,0,0,0,0,1,0,1,0,0,1,0,0
varzesh3.com,0,0,0,0,0,0,0,0,0,1,0,1,0,0,1,0,0
dagbladet.no,0,0,0,0,0,0,0,0,0,1,1,1,1,0,1,0,0
hostpoint.ch,0,0,0,0,0,0,0,0,0,1,1,1,0,0,1,0,0
9ffyu1g9c.com,0,0,0,0,0,0,0,0,1,1,1,1,1,1,1,1,0
cardgames.io,0,0,0,0,0,0,0,0,0,1,0,1,1,0,1,0,0
idealista.it,0,0,0,0,0,0,0,0,0,1,0,1,1,0,1,0,0
moe.video,0,0,0,0,0,0,0,0,0,1,1,1,1,0,1,0,0
grow.google,0,0,0,0,0,0,0,0,0,1,1,1,0,0,1,0,0
mangabuff.ru,0,0,0,0,0,0,0,0,0,1,0,0,1,0,1,0,0
rfc-editor.org,0,0,0,0,0,0,0,1,0,1,0,1,1,0,1,0,0
nosv.org,0,0,0,0,0,0,0,0,0,1,0,1,1,0,1,0,0
okdiario.com,0,0,0,0,0,0,0,0,0,1,0,1,1,0,1,0,0
xhtv.today,0,0,0,0,0,0,0,0,0,1,1,1,1,1,1,1,0
tenki.jp,0,0,0,0,0,0,0,0,0,1,0,1,0,0,1,0,0
uidai.gov.in,0,0,0,0,0,0,0,0,0,1,0,1,0,0,1,0,0
action.com,0,0,0,0,0,0,0,0,0,1,0,1,1,0,1,0,0
txnhh.com,0,0,0,0,0,0,0,0,0,1,0,1,1,0,1,0,0
ixxx.com,0,0,0,0,0,0,1,0,0,1,1,1,1,1,1,1,0
rajasthan.gov.in,0,0,0,0,0,0,0,0,0,1,0,1,1,0,1,0,0
edna.ru,0,0,0,0,0,0,0,0,0,1,0,1,1,0,1,0,0
zedge.net,0,0,0,0,0,0,0,0,0,1,0,0,1,0,1,0,0
cronista.com,0,0,0,0,0,0,0,0,0,1,0,1,0,0,1,0,0
google.co.in,0,0,0,0,0,0,0,0,0,1,0,1,1,0,1,0,0
xnxx.tv,0,0,0,0,0,0,0,0,0,1,0,0,1,1,1,1,0
inps.it,0,0,0,0,0,0,0,0,0,1,0,0,1,0,1,0,0
iporntv.net,0,0,0,0,0,0,0,0,0,1,0,1,0,0,1,0,0
ukdevilz.com,0,0,0,0,0,0,0,0,0,1,0,0,1,1,1,1,0
hik-connect.com,0,0,0,0,0,0,1,1,1,1,1,1,1,1,1,1,0
xvv1deos.com,0,0,0,0,0,0,0,0,0,1,0,1,1,0,1,0,0
iltalehti.fi,0,0,0,0,0,0,0,0,0,1,0,1,1,0,1,0,0
luugy.com,0,0,0,0,0,0,0,0,0,1,0,1,1,0,1,0,0
porno365.golf,0,0,0,0,0,0,0,0,0,1,1,1,1,1,1,1,0
property24.com,0,0,0,0,0,0,0,0,0,1,0,1,1,0,1,0,0
aljazeera.com,0,0,0,0,0,0,0,0,0,1,0,1,1,0,1,0,0
admanmedia.com,0,0,0,0,0,0,0,0,0,1,0,1,1,0,1,0,0
inleed.net,0,0,0,0,0,0,0,0,0,1,0,1,1,0,1,0,0
protothema.gr,0,0,0,0,0,0,0,0,0,1,1,1,0,0,1,0,0
sozcu.com.tr,0,0,0,0,0,0,0,0,0,1,0,1,1,0,1,0,0
jutarnji.hr,0,0,0,0,0,0,0,0,0,1,0,1,0,0,1,0,0
fapello.com,0,0,0,0,0,0,0,0,0,1,0,1,1,1,1,1,0
index.hr,0,0,0,0,0,0,0,0,0,1,0,1,1,0,1,0,0
archive.is,0,0,0,0,0,0,0,0,0,1,0,1,1,0,1,0,0
24h.com.vn,0,0,0,0,0,0,0,0,0,1,1,1,0,0,1,0,0
betway.co.za,0,0,0,0,0,0,0,0,0,1,0,1,1,1,1,1,0
ultradns.com,0,0,0,0,0,0,0,0,0,1,0,1,0,0,1,0,0
3bmeteo.com,0,0,0,0,0,0,0,0,0,1,0,1,1,0,1,0,0
omg10.com,0,0,0,0,0,0,0,0,0,1,0,1,1,0,1,0,0
blic.rs,0,0,0,0,0,0,0,0,0,1,0,1,0,0,1,0,0
spankbang.party,0,0,0,0,0,0,0,0,0,1,0,1,1,1,1,1,0
technorail.com,0,0,0,0,0,0,0,0,0,1,0,1,1,1,1,1,0
cardmarket.com,0,0,0,0,0,0,1,0,0,1,0,0,1,0,1,0,0
gamewith.jp,0,0,0,0,0,0,0,0,0,1,0,1,0,0,1,0,0
ovhcloud.com,0,0,0,0,0,0,0,0,0,1,0,1,0,0,1,0,0
gcash.com,0,0,0,0,0,0,0,0,0,1,0,1,0,0,1,0,0
ssstik.io,0,0,0,0,0,0,0,0,0,1,0,1,0,0,1,0,0
jagran.com,0,0,0,0,0,0,0,0,0,1,0,1,0,0,1,0,0
elsevier.com,0,0,0,0,0,0,0,0,0,1,0,1,1,0,1,0,0
imagefap.com,0,0,0,0,0,0,0,0,0,1,0,1,1,1,1,1,0
iana.org,0,0,0,0,0,0,0,0,0,1,0,1,1,0,1,0,0
hitomi.la,0,0,0,0,0,0,0,0,0,1,0,1,1,0,1,0,0
bihar.gov.in,0,0,0,0,0,0,0,0,1,1,1,1,1,1,1,1,0
pussyspace.com,0,0,0,0,0,0,0,0,0,1,0,1,1,0,1,0,0
ficbook.net,0,0,0,0,0,0,0,0,0,1,0,1,1,0,1,0,0
luxuretv.com,0,0,0,0,0,0,0,0,0,1,0,1,1,0,1,0,0
ppomppu.co.kr,0,0,0,0,0,0,0,0,0,1,0,1,1,0,1,0,0
fpo.xxx,0,0,0,0,0,0,0,0,0,1,0,0,1,1,1,1,0
torob.com,0,0,0,0,0,0,0,0,0,1,0,1,1,0,1,0,0
carsensor.net,0,0,0,0,0,0,0,0,0,1,0,0,0,0,1,0,0
jable.tv,0,0,0,0,0,0,0,0,0,1,0,1,1,0,1,0,0
hdporncomics.com,0,0,0,0,0,0,0,0,0,1,0,1,1,0,1,0,0
inxxx.com,0,0,0,0,0,0,1,0,0,1,0,1,1,0,1,0,0
crn77.com,0,0,0,0,0,0,0,0,0,1,0,0,1,0,1,0,0
superporn.com,0,0,0,0,0,0,0,0,0,1,0,0,1,0,1,0,0
letsporn.com,0,0,0,0,0,0,0,0,0,1,0,1,0,0,1,0,0
klikbca.com,0,0,0,0,0,0,0,0,0,1,0,0,1,0,1,0,0
leroymerlin.es,0,0,0,0,0,0,0,0,0,1,1,1,1,0,1,0,0
xvideos2.com,0,0,0,0,0,0,0,0,0,1,0,0,1,1,1,1,0
fedoraproject.org,0,0,0,0,0,0,0,0,0,1,0,1,1,0,1,0,0
theblowers.com,0,0,0,0,0,0,0,0,0,1,0,1,1,0,1,0,0
kooora.com,0,0,0,0,0,0,0,0,0,1,0,1,1,0,1,0,0
nfse.gov.br,0,0,0,0,0,0,0,0,1,1,1,1,1,1,1,1,0
mp.gov.in,0,0,0,0,0,0,0,0,0,1,0,1,1,1,1,1,0
ekstrabladet.dk,0,0,0,0,0,0,0,0,0,1,0,0,1,0,1,0,0
liteapks.com,0,0,0,0,0,0,0,0,0,1,0,1,1,0,1,0,0
hdtube.porn,0,0,0,0,0,0,0,0,0,1,0,1,0,0,1,0,0
archive.ph,0,0,0,0,0,0,0,0,0,1,1,1,1,0,1,0,0
wisc.edu,0,0,0,0,0,0,0,0,0,1,0,1,0,0,1,0,0
bblaa.com,0,0,0,0,0,0,0,0,0,1,0,1,1,0,1,0,0
toyhou.se,0,0,0,0,0,0,0,0,0,1,0,1,1,0,1,0,0
sxyprn.com,0,0,0,0,0,0,0,0,0,1,0,1,1,0,1,0,0
footmercato.net,0,0,0,0,0,0,0,0,0,1,0,1,0,0,1,0,0
eci.gov.in,0,0,0,0,0,0,0,0,0,1,0,0,1,0,1,0,0
rat.xxx,0,0,0,0,0,0,0,0,0,1,0,1,0,0,1,0,0
markt.de,0,0,0,0,0,0,0,0,0,1,1,1,1,1,1,1,0
testbook.com,0,0,0,0,0,0,0,0,0,1,0,1,0,0,1,0,0
dogdrip.net,0,0,0,0,0,0,0,0,0,1,0,1,1,0,1,0,0
mangago.me,0,0,0,0,0,0,0,0,0,1,0,1,1,0,1,0,0
xnxx.health,0,0,0,0,0,0,0,0,0,1,1,1,1,0,1,0,0
epfindia.gov.in,0,0,0,0,0,0,0,0,0,1,0,0,1,1,1,1,0
xvideos.es,0,0,0,0,0,0,0,0,0,1,1,1,1,1,1,1,0
ucla.edu,0,0,0,0,0,0,0,0,0,1,0,1,0,0,1,0,0
oricon.co.jp,0,0,0,0,0,0,0,0,0,1,1,1,0,0,1,0,0
simpcity.cr,0,0,0,0,0,0,0,0,0,1,0,1,1,0,1,0,0
bookmark.xxx,0,0,0,0,0,0,0,0,0,1,0,1,1,1,1,1,0
ioh.co.id,0,0,0,0,0,0,0,0,0,1,1,1,1,0,1,0,0
missav.live,0,0,0,0,0,0,0,0,0,1,1,1,1,0,1,0,0
kaspi.kz,0,0,0,0,0,0,0,0,0,1,1,1,1,0,1,0,0
wpastra.com,0,0,0,0,0,0,0,0,0,1,0,1,0,0,1,0,0
xnxx.es,0,0,0,0,0,0,0,0,0,1,1,1,1,1,1,1,0
immobiliare.it,0,0,0,0,0,0,0,0,0,1,0,1,1,0,1,0,0
myinstants.com,0,0,0,0,0,0,0,0,0,1,0,1,1,0,1,0,0
xnxx2.com,0,0,0,0,0,0,0,0,0,1,0,1,1,1,1,1,0
utorrent.com,0,0,0,0,0,0,1,0,0,1,0,1,0,0,1,0,0
incometax.gov.in,0,0,0,0,0,0,0,0,1,1,1,1,1,1,1,1,0
xnxx-arabic.com,0,0,0,0,0,0,0,1,0,1,0,1,1,0,1,0,0
cityheaven.net,0,0,0,0,0,0,0,0,0,1,0,1,1,0,1,0,0
wb.gov.in,0,0,0,0,0,0,0,0,0,1,0,0,1,1,1,1,0
xhwide.com,0,0,0,0,0,0,0,0,0,1,0,1,1,1,1,1,0
missav.ai,0,0,0,0,0,0,0,0,0,1,0,1,1,0,1,0,0
playfabapi.com,0,0,0,0,0,0,0,0,1,1,1,1,1,1,1,1,0
ptt.cc,0,0,0,0,0,0,0,0,0,1,0,0,1,1,1,1,0
joyclub.de,0,0,0,0,0,0,0,0,0,1,1,1,1,0,1,0,0
fatalmodel.com,0,0,0,0,0,0,0,0,0,1,0,1,1,0,1,0,0
exhentai.org,0,0,0,0,0,0,0,0,0,1,0,1,1,0,1,1,0
18comic.vip,0,0,0,0,0,0,0,0,0,1,0,1,1,0,1,0,0
missav123.com,0,0,0,0,0,0,0,0,0,1,0,0,1,0,1,0,0
255md.com,0,0,0,0,0,0,0,0,0,1,0,1,1,0,1,0,0
hanime1.me,0,0,0,0,0,0,0,0,0,1,0,1,1,0,1,0,0
iau.ir,0,0,0,0,0,0,0,0,0,1,1,1,1,0,1,0,0
programme-tv.net,0,0,0,0,0,0,0,1,0,1,0,0,1,0,1,0,0
cmoa.jp,0,0,0,0,0,0,0,0,1,1,1,1,1,1,1,1,0
akamaitechnologies.com,0,0,0,0,0,0,0,0,1,1,1,1,1,1,1,1,0
sondakika.com,0,0,0,0,0,0,0,0,0,1,0,1,1,0,1,0,0
bt.dk,0,0,0,0,0,0,0,0,0,1,0,0,1,0,1,0,0
merriam-webster.com,0,0,0,0,0,0,0,1,0,1,0,0,1,0,1,0,0
musicdel.ir,0,0,0,0,0,0,0,0,0,1,1,1,1,0,1,0,0
usnews.com,0,0,0,0,0,0,0,0,0,1,0,1,1,1,1,1,0
buzzfeed.com,0,0,0,0,0,0,0,0,0,1,0,1,1,0,1,0,0
umn.edu,0,0,0,0,0,0,0,0,0,1,0,1,1,1,1,1,0
letour.fr,0,0,0,0,0,0,0,0,0,1,0,0,0,0,1,0,0
shahvani.com,0,0,0,0,0,0,0,0,0,1,0,0,1,0,1,0,0
aajtak.in,0,0,0,0,0,0,0,0,0,1,0,1,0,0,1,0,0
casinoplus.com.ph,0,0,0,0,0,0,0,0,0,1,1,1,1,0,1,0,0
fuq.com,0,0,0,0,0,0,0,0,0,1,0,1,1,1,1,1,0
goodreturns.in,0,0,0,0,0,0,0,0,0,1,0,1,0,0,1,0,0
tokyomotion.net,0,0,0,0,0,0,0,0,0,1,0,1,1,0,1,0,0
indianrail.gov.in,0,0,0,0,0,0,0,0,0,1,0,0,1,0,1,0,0
twpornstars.com,0,0,0,0,0,0,0,0,0,1,0,1,1,0,1,0,0
czbooks.net,0,0,0,0,0,0,0,0,0,1,0,1,1,0,1,0,0
sapo.pt,0,0,0,0,0,0,0,0,0,1,1,1,0,0,1,0,0
rakuten-sec.co.jp,0,0,0,0,0,0,0,1,0,1,1,1,1,0,1,0,0
listcrawler.eu,0,0,0,0,0,0,0,0,0,1,1,1,1,0,1,0,0
mgslb.com,0,0,0,0,0,0,0,0,0,1,0,1,1,1,1,1,0
wnacg.com,0,0,0,0,0,0,0,0,0,1,0,1,1,0,1,0,0
jennymovies.com,0,0,0,0,0,0,0,0,0,1,0,0,1,0,1,0,0
almasryalyoum.com,0,0,0,0,0,0,0,0,0,1,0,0,0,0,1,0,0
parivahan.gov.in,0,0,0,0,0,0,0,0,0,1,0,1,1,0,1,0,0
croxyproxy.com,0,0,0,0,0,0,0,0,0,1,0,0,1,1,1,1,0
qorno.com,0,0,0,0,0,0,0,0,0,1,0,1,1,0,1,0,0
snaptik.app,0,0,0,0,0,0,0,0,0,1,1,1,1,0,1,0,0
sinoptik.ua,0,0,0,0,0,0,0,0,0,1,0,1,1,1,1,1,0
namasha.com,0,0,0,0,0,0,0,0,0,1,0,1,1,0,1,0,0
absher.sa,0,0,0,0,0,0,0,0,1,1,1,1,1,1,1,1,0
tvazteca.com,0,0,0,0,0,0,0,0,0,1,0,0,1,0,1,0,0
vivox.com,0,0,0,0,0,0,1,0,0,1,0,0,1,0,1,0,0
kakuyomu.jp,0,0,0,0,0,0,0,0,0,1,0,0,1,0,1,0,0
mat6tube.com,0,0,0,0,0,0,0,0,0,1,0,1,1,1,1,1,0
luticlip.com,0,0,0,0,0,0,0,0,0,1,0,0,1,0,1,0,0
